[
 {
  "line": 1,
  "left": 12,
  "end": 379,
  "height": 48,
  "top": 7,
  "ayah": 1,
  "page": 289,
  "width": 367,
  "verse_pos": 0
 },
 {
  "line": 2,
  "left": 133,
  "end": 379,
  "height": 42,
  "top": 55,
  "ayah": 1,
  "page": 289,
  "width": 246,
  "verse_pos": 0
 },
 {
  "line": 2,
  "left": 12,
  "end": 132,
  "height": 42,
  "top": 55,
  "ayah": 2,
  "page": 289,
  "width": 120,
  "verse_pos": 1
 },
 {
  "line": 3,
  "left": 12,
  "end": 379,
  "height": 44,
  "top": 97,
  "ayah": 2,
  "page": 289,
  "width": 367,
  "verse_pos": 1
 },
 {
  "line": 4,
  "left": 277,
  "end": 379,
  "height": 37,
  "top": 141,
  "ayah": 2,
  "page": 289,
  "width": 102,
  "verse_pos": 1
 },
 {
  "line": 4,
  "left": 12,
  "end": 276,
  "height": 37,
  "top": 141,
  "ayah": 3,
  "page": 289,
  "width": 264,
  "verse_pos": 2
 },
 {
  "line": 5,
  "left": 12,
  "end": 379,
  "height": 48,
  "top": 178,
  "ayah": 3,
  "page": 289,
  "width": 367,
  "verse_pos": 2
 },
 {
  "line": 6,
  "left": 219,
  "end": 379,
  "height": 43,
  "top": 226,
  "ayah": 3,
  "page": 289,
  "width": 160,
  "verse_pos": 2
 },
 {
  "line": 6,
  "left": 12,
  "end": 218,
  "height": 43,
  "top": 226,
  "ayah": 4,
  "page": 289,
  "width": 206,
  "verse_pos": 3
 },
 {
  "line": 7,
  "left": 12,
  "end": 379,
  "height": 42,
  "top": 269,
  "ayah": 4,
  "page": 289,
  "width": 367,
  "verse_pos": 3
 },
 {
  "line": 8,
  "left": 159,
  "end": 379,
  "height": 41,
  "top": 311,
  "ayah": 4,
  "page": 289,
  "width": 220,
  "verse_pos": 3
 },
 {
  "line": 8,
  "left": 12,
  "end": 158,
  "height": 41,
  "top": 311,
  "ayah": 5,
  "page": 289,
  "width": 146,
  "verse_pos": 4
 },
 {
  "line": 9,
  "left": 12,
  "end": 379,
  "height": 47,
  "top": 352,
  "ayah": 5,
  "page": 289,
  "width": 367,
  "verse_pos": 4
 },
 {
  "line": 10,
  "left": 137,
  "end": 379,
  "height": 40,
  "top": 399,
  "ayah": 5,
  "page": 289,
  "width": 242,
  "verse_pos": 4
 },
 {
  "line": 10,
  "left": 12,
  "end": 136,
  "height": 40,
  "top": 399,
  "ayah": 6,
  "page": 289,
  "width": 124,
  "verse_pos": 5
 },
 {
  "line": 11,
  "left": 97,
  "end": 379,
  "height": 41,
  "top": 439,
  "ayah": 6,
  "page": 289,
  "width": 282,
  "verse_pos": 5
 },
 {
  "line": 11,
  "left": 12,
  "end": 96,
  "height": 41,
  "top": 439,
  "ayah": 7,
  "page": 289,
  "width": 84,
  "verse_pos": 6
 },
 {
  "line": 12,
  "left": 12,
  "end": 379,
  "height": 46,
  "top": 480,
  "ayah": 7,
  "page": 289,
  "width": 367,
  "verse_pos": 6
 },
 {
  "line": 13,
  "left": 188,
  "end": 379,
  "height": 44,
  "top": 526,
  "ayah": 7,
  "page": 289,
  "width": 191,
  "verse_pos": 6
 },
 {
  "line": 13,
  "left": 12,
  "end": 187,
  "height": 44,
  "top": 526,
  "ayah": 8,
  "page": 289,
  "width": 175,
  "verse_pos": 7
 },
 {
  "line": 14,
  "left": 162,
  "end": 379,
  "height": 44,
  "top": 570,
  "ayah": 8,
  "page": 289,
  "width": 217,
  "verse_pos": 7
 },
 {
  "line": 14,
  "left": 12,
  "end": 161,
  "height": 44,
  "top": 570,
  "ayah": 9,
  "page": 289,
  "width": 149,
  "verse_pos": 8
 },
 {
  "line": 15,
  "left": 12,
  "end": 379,
  "height": 42,
  "top": 614,
  "ayah": 9,
  "page": 289,
  "width": 367,
  "verse_pos": 8
 }
]