[
 {
  "line": 1,
  "left": 179,
  "end": 380,
  "height": 41,
  "top": 7,
  "ayah": 1,
  "page": 577,
  "width": 201,
  "verse_pos": 0
 },
 {
  "line": 1,
  "left": 10,
  "end": 178,
  "height": 41,
  "top": 7,
  "ayah": 2,
  "page": 577,
  "width": 168,
  "verse_pos": 1
 },
 {
  "line": 2,
  "left": 343,
  "end": 380,
  "height": 40,
  "top": 48,
  "ayah": 2,
  "page": 577,
  "width": 37,
  "verse_pos": 1
 },
 {
  "line": 2,
  "left": 187,
  "end": 343,
  "height": 40,
  "top": 48,
  "ayah": 3,
  "page": 577,
  "width": 156,
  "verse_pos": 2
 },
 {
  "line": 2,
  "left": 63,
  "end": 186,
  "height": 40,
  "top": 48,
  "ayah": 4,
  "page": 577,
  "width": 123,
  "verse_pos": 3
 },
 {
  "line": 2,
  "left": 10,
  "end": 62,
  "height": 40,
  "top": 48,
  "ayah": 5,
  "page": 577,
  "width": 52,
  "verse_pos": 4
 },
 {
  "line": 3,
  "left": 128,
  "end": 380,
  "height": 48,
  "top": 88,
  "ayah": 5,
  "page": 577,
  "width": 252,
  "verse_pos": 4
 },
 {
  "line": 3,
  "left": 10,
  "end": 128,
  "height": 48,
  "top": 88,
  "ayah": 6,
  "page": 577,
  "width": 118,
  "verse_pos": 5
 },
 {
  "line": 4,
  "left": 294,
  "end": 380,
  "height": 39,
  "top": 136,
  "ayah": 6,
  "page": 577,
  "width": 86,
  "verse_pos": 5
 },
 {
  "line": 4,
  "left": 155,
  "end": 293,
  "height": 39,
  "top": 136,
  "ayah": 7,
  "page": 577,
  "width": 138,
  "verse_pos": 6
 },
 {
  "line": 4,
  "left": 10,
  "end": 154,
  "height": 39,
  "top": 136,
  "ayah": 8,
  "page": 577,
  "width": 144,
  "verse_pos": 7
 },
 {
  "line": 5,
  "left": 10,
  "end": 380,
  "height": 40,
  "top": 175,
  "ayah": 9,
  "page": 577,
  "width": 370,
  "verse_pos": 8
 },
 {
  "line": 6,
  "left": 227,
  "end": 380,
  "height": 43,
  "top": 306,
  "ayah": 11,
  "page": 577,
  "width": 153,
  "verse_pos": 10
 },
 {
  "line": 6,
  "left": 62,
  "end": 227,
  "height": 43,
  "top": 306,
  "ayah": 12,
  "page": 577,
  "width": 165,
  "verse_pos": 11
 },
 {
  "line": 6,
  "left": 10,
  "end": 62,
  "height": 43,
  "top": 306,
  "ayah": 13,
  "page": 577,
  "width": 52,
  "verse_pos": 12
 },
 {
  "line": 7,
  "left": 215,
  "end": 380,
  "height": 44,
  "top": 349,
  "ayah": 13,
  "page": 577,
  "width": 165,
  "verse_pos": 12
 },
 {
  "line": 7,
  "left": 31,
  "end": 214,
  "height": 44,
  "top": 349,
  "ayah": 14,
  "page": 577,
  "width": 183,
  "verse_pos": 13
 },
 {
  "line": 7,
  "left": 10,
  "end": 30,
  "height": 44,
  "top": 349,
  "ayah": 15,
  "page": 577,
  "width": 20,
  "verse_pos": 14
 },
 {
  "line": 8,
  "left": 213,
  "end": 380,
  "height": 43,
  "top": 393,
  "ayah": 15,
  "page": 577,
  "width": 167,
  "verse_pos": 14
 },
 {
  "line": 8,
  "left": 81,
  "end": 213,
  "height": 43,
  "top": 393,
  "ayah": 16,
  "page": 577,
  "width": 132,
  "verse_pos": 15
 },
 {
  "line": 8,
  "left": 10,
  "end": 80,
  "height": 43,
  "top": 393,
  "ayah": 17,
  "page": 577,
  "width": 70,
  "verse_pos": 16
 },
 {
  "line": 9,
  "left": 344,
  "end": 380,
  "height": 43,
  "top": 436,
  "ayah": 17,
  "page": 577,
  "width": 36,
  "verse_pos": 16
 },
 {
  "line": 9,
  "left": 237,
  "end": 344,
  "height": 43,
  "top": 436,
  "ayah": 18,
  "page": 577,
  "width": 107,
  "verse_pos": 17
 },
 {
  "line": 9,
  "left": 106,
  "end": 236,
  "height": 43,
  "top": 436,
  "ayah": 19,
  "page": 577,
  "width": 130,
  "verse_pos": 18
 },
 {
  "line": 9,
  "left": 10,
  "end": 105,
  "height": 43,
  "top": 436,
  "ayah": 20,
  "page": 577,
  "width": 95,
  "verse_pos": 19
 },
 {
  "line": 10,
  "left": 302,
  "end": 380,
  "height": 43,
  "top": 479,
  "ayah": 20,
  "page": 577,
  "width": 78,
  "verse_pos": 19
 },
 {
  "line": 10,
  "left": 214,
  "end": 302,
  "height": 43,
  "top": 479,
  "ayah": 21,
  "page": 577,
  "width": 88,
  "verse_pos": 20
 },
 {
  "line": 10,
  "left": 75,
  "end": 214,
  "height": 43,
  "top": 479,
  "ayah": 22,
  "page": 577,
  "width": 139,
  "verse_pos": 21
 },
 {
  "line": 10,
  "left": 10,
  "end": 75,
  "height": 43,
  "top": 479,
  "ayah": 23,
  "page": 577,
  "width": 65,
  "verse_pos": 22
 },
 {
  "line": 11,
  "left": 238,
  "end": 380,
  "height": 43,
  "top": 522,
  "ayah": 23,
  "page": 577,
  "width": 142,
  "verse_pos": 22
 },
 {
  "line": 11,
  "left": 60,
  "end": 237,
  "height": 43,
  "top": 522,
  "ayah": 24,
  "page": 577,
  "width": 177,
  "verse_pos": 23
 },
 {
  "line": 11,
  "left": 10,
  "end": 59,
  "height": 43,
  "top": 522,
  "ayah": 25,
  "page": 577,
  "width": 49,
  "verse_pos": 24
 },
 {
  "line": 12,
  "left": 296,
  "end": 380,
  "height": 43,
  "top": 565,
  "ayah": 25,
  "page": 577,
  "width": 84,
  "verse_pos": 24
 },
 {
  "line": 12,
  "left": 99,
  "end": 296,
  "height": 43,
  "top": 565,
  "ayah": 26,
  "page": 577,
  "width": 197,
  "verse_pos": 25
 },
 {
  "line": 12,
  "left": 10,
  "end": 99,
  "height": 43,
  "top": 565,
  "ayah": 27,
  "page": 577,
  "width": 89,
  "verse_pos": 26
 },
 {
  "line": 13,
  "left": 298,
  "end": 380,
  "height": 42,
  "top": 608,
  "ayah": 27,
  "page": 577,
  "width": 82,
  "verse_pos": 26
 },
 {
  "line": 13,
  "left": 146,
  "end": 298,
  "height": 42,
  "top": 608,
  "ayah": 28,
  "page": 577,
  "width": 152,
  "verse_pos": 27
 },
 {
  "line": 13,
  "left": 10,
  "end": 145,
  "height": 42,
  "top": 608,
  "ayah": 29,
  "page": 577,
  "width": 135,
  "verse_pos": 28
 }
]