[
 {
  "line": 1,
  "left": 131,
  "end": 375,
  "height": 39,
  "top": 7,
  "ayah": 1,
  "page": 348,
  "width": 244,
  "verse_pos": 0
 },
 {
  "line": 1,
  "left": 14,
  "end": 130,
  "height": 39,
  "top": 7,
  "ayah": 2,
  "page": 348,
  "width": 116,
  "verse_pos": 1
 },
 {
  "line": 2,
  "left": 14,
  "end": 375,
  "height": 49,
  "top": 46,
  "ayah": 2,
  "page": 348,
  "width": 361,
  "verse_pos": 1
 },
 {
  "line": 3,
  "left": 54,
  "end": 375,
  "height": 42,
  "top": 95,
  "ayah": 2,
  "page": 348,
  "width": 321,
  "verse_pos": 1
 },
 {
  "line": 3,
  "left": 14,
  "end": 53,
  "height": 42,
  "top": 95,
  "ayah": 3,
  "page": 348,
  "width": 39,
  "verse_pos": 2
 },
 {
  "line": 4,
  "left": 67,
  "end": 375,
  "height": 42,
  "top": 137,
  "ayah": 3,
  "page": 348,
  "width": 308,
  "verse_pos": 2
 },
 {
  "line": 4,
  "left": 14,
  "end": 66,
  "height": 42,
  "top": 137,
  "ayah": 4,
  "page": 348,
  "width": 52,
  "verse_pos": 3
 },
 {
  "line": 5,
  "left": 200,
  "end": 375,
  "height": 44,
  "top": 179,
  "ayah": 4,
  "page": 348,
  "width": 175,
  "verse_pos": 3
 },
 {
  "line": 5,
  "left": 14,
  "end": 199,
  "height": 44,
  "top": 179,
  "ayah": 5,
  "page": 348,
  "width": 185,
  "verse_pos": 4
 },
 {
  "line": 6,
  "left": 274,
  "end": 375,
  "height": 40,
  "top": 223,
  "ayah": 5,
  "page": 348,
  "width": 101,
  "verse_pos": 4
 },
 {
  "line": 6,
  "left": 14,
  "end": 273,
  "height": 40,
  "top": 223,
  "ayah": 6,
  "page": 348,
  "width": 259,
  "verse_pos": 5
 },
 {
  "line": 7,
  "left": 14,
  "end": 375,
  "height": 45,
  "top": 263,
  "ayah": 7,
  "page": 348,
  "width": 361,
  "verse_pos": 6
 },
 {
  "line": 8,
  "left": 91,
  "end": 375,
  "height": 42,
  "top": 308,
  "ayah": 8,
  "page": 348,
  "width": 284,
  "verse_pos": 7
 },
 {
  "line": 8,
  "left": 14,
  "end": 90,
  "height": 42,
  "top": 308,
  "ayah": 9,
  "page": 348,
  "width": 76,
  "verse_pos": 8
 },
 {
  "line": 9,
  "left": 235,
  "end": 375,
  "height": 41,
  "top": 350,
  "ayah": 9,
  "page": 348,
  "width": 140,
  "verse_pos": 8
 },
 {
  "line": 9,
  "left": 14,
  "end": 234,
  "height": 41,
  "top": 350,
  "ayah": 10,
  "page": 348,
  "width": 220,
  "verse_pos": 9
 },
 {
  "line": 10,
  "left": 288,
  "end": 375,
  "height": 44,
  "top": 391,
  "ayah": 10,
  "page": 348,
  "width": 87,
  "verse_pos": 9
 },
 {
  "line": 10,
  "left": 14,
  "end": 287,
  "height": 44,
  "top": 391,
  "ayah": 11,
  "page": 348,
  "width": 273,
  "verse_pos": 10
 },
 {
  "line": 11,
  "left": 75,
  "end": 375,
  "height": 45,
  "top": 435,
  "ayah": 11,
  "page": 348,
  "width": 300,
  "verse_pos": 10
 },
 {
  "line": 11,
  "left": 14,
  "end": 74,
  "height": 45,
  "top": 435,
  "ayah": 12,
  "page": 348,
  "width": 60,
  "verse_pos": 11
 },
 {
  "line": 12,
  "left": 14,
  "end": 375,
  "height": 41,
  "top": 480,
  "ayah": 12,
  "page": 348,
  "width": 361,
  "verse_pos": 11
 },
 {
  "line": 13,
  "left": 59,
  "end": 375,
  "height": 43,
  "top": 521,
  "ayah": 13,
  "page": 348,
  "width": 316,
  "verse_pos": 12
 },
 {
  "line": 13,
  "left": 14,
  "end": 58,
  "height": 43,
  "top": 521,
  "ayah": 14,
  "page": 348,
  "width": 44,
  "verse_pos": 13
 },
 {
  "line": 14,
  "left": 14,
  "end": 375,
  "height": 45,
  "top": 564,
  "ayah": 14,
  "page": 348,
  "width": 361,
  "verse_pos": 13
 },
 {
  "line": 15,
  "left": 283,
  "end": 375,
  "height": 42,
  "top": 609,
  "ayah": 14,
  "page": 348,
  "width": 92,
  "verse_pos": 13
 },
 {
  "line": 15,
  "left": 14,
  "end": 282,
  "height": 42,
  "top": 609,
  "ayah": 15,
  "page": 348,
  "width": 268,
  "verse_pos": 14
 }
]