[
 {
  "line": 1,
  "left": 15,
  "end": 372,
  "height": 40,
  "top": 6,
  "ayah": 1,
  "page": 467,
  "width": 357,
  "verse_pos": 0
 },
 {
  "line": 2,
  "left": 15,
  "end": 372,
  "height": 40,
  "top": 46,
  "ayah": 1,
  "page": 467,
  "width": 357,
  "verse_pos": 0
 },
 {
  "line": 3,
  "left": 307,
  "end": 372,
  "height": 41,
  "top": 176,
  "ayah": 3,
  "page": 467,
  "width": 65,
  "verse_pos": 2
 },
 {
  "line": 3,
  "left": 54,
  "end": 306,
  "height": 41,
  "top": 176,
  "ayah": 4,
  "page": 467,
  "width": 252,
  "verse_pos": 3
 },
 {
  "line": 3,
  "left": 15,
  "end": 53,
  "height": 41,
  "top": 176,
  "ayah": 5,
  "page": 467,
  "width": 38,
  "verse_pos": 4
 },
 {
  "line": 4,
  "left": 15,
  "end": 372,
  "height": 45,
  "top": 217,
  "ayah": 5,
  "page": 467,
  "width": 357,
  "verse_pos": 4
 },
 {
  "line": 5,
  "left": 253,
  "end": 372,
  "height": 41,
  "top": 262,
  "ayah": 5,
  "page": 467,
  "width": 119,
  "verse_pos": 4
 },
 {
  "line": 5,
  "left": 15,
  "end": 252,
  "height": 41,
  "top": 262,
  "ayah": 6,
  "page": 467,
  "width": 237,
  "verse_pos": 5
 },
 {
  "line": 6,
  "left": 168,
  "end": 372,
  "height": 44,
  "top": 303,
  "ayah": 6,
  "page": 467,
  "width": 204,
  "verse_pos": 5
 },
 {
  "line": 6,
  "left": 15,
  "end": 168,
  "height": 44,
  "top": 303,
  "ayah": 7,
  "page": 467,
  "width": 153,
  "verse_pos": 6
 },
 {
  "line": 7,
  "left": 15,
  "end": 372,
  "height": 41,
  "top": 347,
  "ayah": 7,
  "page": 467,
  "width": 357,
  "verse_pos": 6
 },
 {
  "line": 8,
  "left": 15,
  "end": 372,
  "height": 47,
  "top": 388,
  "ayah": 7,
  "page": 467,
  "width": 357,
  "verse_pos": 6
 },
 {
  "line": 9,
  "left": 224,
  "end": 372,
  "height": 41,
  "top": 435,
  "ayah": 7,
  "page": 467,
  "width": 148,
  "verse_pos": 6
 },
 {
  "line": 9,
  "left": 15,
  "end": 223,
  "height": 41,
  "top": 435,
  "ayah": 8,
  "page": 467,
  "width": 208,
  "verse_pos": 7
 },
 {
  "line": 10,
  "left": 135,
  "end": 372,
  "height": 46,
  "top": 476,
  "ayah": 8,
  "page": 467,
  "width": 237,
  "verse_pos": 7
 },
 {
  "line": 10,
  "left": 15,
  "end": 135,
  "height": 46,
  "top": 476,
  "ayah": 9,
  "page": 467,
  "width": 120,
  "verse_pos": 8
 },
 {
  "line": 11,
  "left": 15,
  "end": 372,
  "height": 42,
  "top": 522,
  "ayah": 9,
  "page": 467,
  "width": 357,
  "verse_pos": 8
 },
 {
  "line": 12,
  "left": 15,
  "end": 372,
  "height": 39,
  "top": 564,
  "ayah": 9,
  "page": 467,
  "width": 357,
  "verse_pos": 8
 },
 {
  "line": 13,
  "left": 15,
  "end": 372,
  "height": 46,
  "top": 603,
  "ayah": 9,
  "page": 467,
  "width": 357,
  "verse_pos": 8
 }
]