[
 {
  "line": 1,
  "left": 15,
  "end": 372,
  "height": 40,
  "top": 7,
  "ayah": 1,
  "page": 358,
  "width": 357,
  "verse_pos": 0
 },
 {
  "line": 2,
  "left": 15,
  "end": 372,
  "height": 46,
  "top": 47,
  "ayah": 1,
  "page": 358,
  "width": 357,
  "verse_pos": 0
 },
 {
  "line": 3,
  "left": 226,
  "end": 372,
  "height": 42,
  "top": 93,
  "ayah": 1,
  "page": 358,
  "width": 146,
  "verse_pos": 0
 },
 {
  "line": 3,
  "left": 15,
  "end": 225,
  "height": 42,
  "top": 93,
  "ayah": 2,
  "page": 358,
  "width": 210,
  "verse_pos": 1
 },
 {
  "line": 4,
  "left": 15,
  "end": 372,
  "height": 43,
  "top": 135,
  "ayah": 2,
  "page": 358,
  "width": 357,
  "verse_pos": 1
 },
 {
  "line": 5,
  "left": 15,
  "end": 372,
  "height": 43,
  "top": 178,
  "ayah": 2,
  "page": 358,
  "width": 357,
  "verse_pos": 1
 },
 {
  "line": 6,
  "left": 255,
  "end": 372,
  "height": 43,
  "top": 221,
  "ayah": 2,
  "page": 358,
  "width": 117,
  "verse_pos": 1
 },
 {
  "line": 6,
  "left": 15,
  "end": 254,
  "height": 43,
  "top": 221,
  "ayah": 3,
  "page": 358,
  "width": 239,
  "verse_pos": 2
 },
 {
  "line": 7,
  "left": 15,
  "end": 372,
  "height": 43,
  "top": 264,
  "ayah": 3,
  "page": 358,
  "width": 357,
  "verse_pos": 2
 },
 {
  "line": 8,
  "left": 15,
  "end": 372,
  "height": 45,
  "top": 307,
  "ayah": 3,
  "page": 358,
  "width": 357,
  "verse_pos": 2
 },
 {
  "line": 9,
  "left": 15,
  "end": 372,
  "height": 41,
  "top": 352,
  "ayah": 3,
  "page": 358,
  "width": 357,
  "verse_pos": 2
 },
 {
  "line": 10,
  "left": 15,
  "end": 372,
  "height": 44,
  "top": 393,
  "ayah": 3,
  "page": 358,
  "width": 357,
  "verse_pos": 2
 },
 {
  "line": 11,
  "left": 15,
  "end": 372,
  "height": 39,
  "top": 437,
  "ayah": 3,
  "page": 358,
  "width": 357,
  "verse_pos": 2
 },
 {
  "line": 12,
  "left": 15,
  "end": 372,
  "height": 44,
  "top": 476,
  "ayah": 3,
  "page": 358,
  "width": 357,
  "verse_pos": 2
 },
 {
  "line": 13,
  "left": 15,
  "end": 372,
  "height": 40,
  "top": 520,
  "ayah": 3,
  "page": 358,
  "width": 357,
  "verse_pos": 2
 },
 {
  "line": 14,
  "left": 15,
  "end": 372,
  "height": 47,
  "top": 560,
  "ayah": 3,
  "page": 358,
  "width": 357,
  "verse_pos": 2
 },
 {
  "line": 15,
  "left": 15,
  "end": 372,
  "height": 42,
  "top": 607,
  "ayah": 3,
  "page": 358,
  "width": 357,
  "verse_pos": 2
 }
]