[
    {
          "line": 1,
          "left": 16,
          "end": 372,
          "height": 43,
          "top": 6,
          "ayah": 1,
          "page": 12,
          "width": 356,
          "verse_pos": 0
        },
      {
            "line": 2,
            "left": 16,
            "end": 372,
            "height": 42,
            "top": 49,
            "ayah": 2,
            "page": 12,
            "width": 356,
            "verse_pos": 1
      },
      {
            "line": 3,
            "left": 262,
            "end": 372,
            "height": 42,
            "top": 91,
            "ayah": 2,
            "page": 12,
            "width": 110,
            "verse_pos": 1
      },
      {
            "line": 3,
            "left": 16,
            "end": 262,
            "height": 42,
            "top": 91,
            "ayah": 3,
            "page": 12,
            "width": 246,
            "verse_pos": 2
      },
      {
            "line": 4,
            "left": 16,
            "end": 372,
            "height": 44,
            "top": 133,
            "ayah": 3,
            "page": 12,
            "width": 356,
            "verse_pos": 2
      },
      {
            "line": 5,
            "left": 16,
            "end": 372,
            "height": 39,
            "top": 177,
            "ayah": 3,
            "page": 12,
            "width": 356,
            "verse_pos": 2
      },
      {
            "line": 6,
            "left": 336,
            "end": 372,
            "height": 44,
            "top": 216,
            "ayah": 3,
            "page": 12,
            "width": 36,
            "verse_pos": 2
      },
      {
            "line": 6,
            "left": 16,
            "end": 335,
            "height": 44,
            "top": 216,
            "ayah": 4,
            "page": 12,
            "width": 319,
            "verse_pos": 3
      },
      {
            "line": 7,
            "left": 16,
            "end": 372,
            "height": 47,
            "top": 260,
            "ayah": 4,
            "page": 12,
            "width": 356,
            "verse_pos": 3
      },
      {
            "line": 8,
            "left": 170,
            "end": 372,
            "height": 39,
            "top": 307,
            "ayah": 4,
            "page": 12,
            "width": 202,
            "verse_pos": 3
      },
      {
            "line": 8,
            "left": 16,
            "end": 169,
            "height": 39,
            "top": 307,
            "ayah": 5,
            "page": 12,
            "width": 153,
            "verse_pos": 4
      },
      {
            "line": 9,
            "left": 16,
            "end": 372,
            "height": 45,
            "top": 346,
            "ayah": 5,
            "page": 12,
            "width": 356,
            "verse_pos": 4
      },
      {
            "line": 10,
            "left": 241,
            "end": 372,
            "height": 45,
            "top": 391,
            "ayah": 5,
            "page": 12,
            "width": 131,
            "verse_pos": 4
      },
      {
            "line": 10,
            "left": 16,
            "end": 240,
            "height": 45,
            "top": 391,
            "ayah": 6,
            "page": 12,
            "width": 224,
            "verse_pos": 5
      },
      {
            "line": 11,
            "left": 46,
            "end": 372,
            "height": 41,
            "top": 436,
            "ayah": 6,
            "page": 12,
            "width": 326,
            "verse_pos": 5
      },
      {
            "line": 11,
            "left": 16,
            "end": 45,
            "height": 41,
            "top": 436,
            "ayah": 7,
            "page": 12,
            "width": 29,
            "verse_pos": 6
      },
      {
            "line": 12,
            "left": 16,
            "end": 372,
            "height": 46,
            "top": 477,
            "ayah": 7,
            "page": 12,
            "width": 356,
            "verse_pos": 6
      },
      {
            "line": 13,
            "left": 16,
            "end": 372,
            "height": 39,
            "top": 523,
            "ayah": 7,
            "page": 12,
            "width": 356,
            "verse_pos": 6
      },
      {
            "line": 14,
            "left": 16,
            "end": 372,
            "height": 44,
            "top": 562,
            "ayah": 7,
            "page": 12,
            "width": 356,
            "verse_pos": 6
      },
      {
            "line": 15,
            "left": 16,
            "end": 372,
            "height": 46,
            "top": 606,
            "ayah": 7,
            "page": 12,
            "width": 356,
            "verse_pos": 6
      }
]
