[
 {
  "line": 1,
  "left": 196,
  "end": 374,
  "height": 36,
  "top": 7,
  "ayah": 1,
  "page": 165,
  "width": 178,
  "verse_pos": 0
 },
 {
  "line": 1,
  "left": 43,
  "end": 195,
  "height": 36,
  "top": 7,
  "ayah": 2,
  "page": 165,
  "width": 152,
  "verse_pos": 1
 },
 {
  "line": 1,
  "left": 13,
  "end": 42,
  "height": 36,
  "top": 7,
  "ayah": 3,
  "page": 165,
  "width": 29,
  "verse_pos": 2
 },
 {
  "line": 2,
  "left": 13,
  "end": 374,
  "height": 46,
  "top": 43,
  "ayah": 3,
  "page": 165,
  "width": 361,
  "verse_pos": 2
 },
 {
  "line": 3,
  "left": 66,
  "end": 374,
  "height": 42,
  "top": 89,
  "ayah": 3,
  "page": 165,
  "width": 308,
  "verse_pos": 2
 },
 {
  "line": 3,
  "left": 13,
  "end": 65,
  "height": 42,
  "top": 89,
  "ayah": 4,
  "page": 165,
  "width": 52,
  "verse_pos": 3
 },
 {
  "line": 4,
  "left": 13,
  "end": 374,
  "height": 46,
  "top": 131,
  "ayah": 4,
  "page": 165,
  "width": 361,
  "verse_pos": 3
 },
 {
  "line": 5,
  "left": 193,
  "end": 374,
  "height": 41,
  "top": 177,
  "ayah": 5,
  "page": 165,
  "width": 181,
  "verse_pos": 4
 },
 {
  "line": 5,
  "left": 13,
  "end": 192,
  "height": 41,
  "top": 177,
  "ayah": 6,
  "page": 165,
  "width": 179,
  "verse_pos": 5
 },
 {
  "line": 6,
  "left": 13,
  "end": 374,
  "height": 44,
  "top": 218,
  "ayah": 6,
  "page": 165,
  "width": 361,
  "verse_pos": 5
 },
 {
  "line": 7,
  "left": 342,
  "end": 374,
  "height": 42,
  "top": 262,
  "ayah": 6,
  "page": 165,
  "width": 32,
  "verse_pos": 5
 },
 {
  "line": 7,
  "left": 13,
  "end": 341,
  "height": 42,
  "top": 262,
  "ayah": 7,
  "page": 165,
  "width": 328,
  "verse_pos": 6
 },
 {
  "line": 8,
  "left": 13,
  "end": 374,
  "height": 48,
  "top": 304,
  "ayah": 7,
  "page": 165,
  "width": 361,
  "verse_pos": 6
 },
 {
  "line": 9,
  "left": 125,
  "end": 374,
  "height": 35,
  "top": 352,
  "ayah": 7,
  "page": 165,
  "width": 249,
  "verse_pos": 6
 },
 {
  "line": 9,
  "left": 13,
  "end": 124,
  "height": 35,
  "top": 352,
  "ayah": 8,
  "page": 165,
  "width": 111,
  "verse_pos": 7
 },
 {
  "line": 10,
  "left": 13,
  "end": 374,
  "height": 46,
  "top": 387,
  "ayah": 8,
  "page": 165,
  "width": 361,
  "verse_pos": 7
 },
 {
  "line": 11,
  "left": 93,
  "end": 374,
  "height": 44,
  "top": 433,
  "ayah": 8,
  "page": 165,
  "width": 281,
  "verse_pos": 7
 },
 {
  "line": 11,
  "left": 13,
  "end": 92,
  "height": 44,
  "top": 433,
  "ayah": 9,
  "page": 165,
  "width": 79,
  "verse_pos": 8
 },
 {
  "line": 12,
  "left": 13,
  "end": 374,
  "height": 44,
  "top": 477,
  "ayah": 9,
  "page": 165,
  "width": 361,
  "verse_pos": 8
 },
 {
  "line": 13,
  "left": 13,
  "end": 374,
  "height": 44,
  "top": 521,
  "ayah": 9,
  "page": 165,
  "width": 361,
  "verse_pos": 8
 },
 {
  "line": 14,
  "left": 171,
  "end": 374,
  "height": 41,
  "top": 565,
  "ayah": 9,
  "page": 165,
  "width": 203,
  "verse_pos": 8
 },
 {
  "line": 14,
  "left": 13,
  "end": 170,
  "height": 41,
  "top": 565,
  "ayah": 10,
  "page": 165,
  "width": 157,
  "verse_pos": 9
 },
 {
  "line": 15,
  "left": 13,
  "end": 374,
  "height": 46,
  "top": 606,
  "ayah": 10,
  "page": 165,
  "width": 361,
  "verse_pos": 9
 }
]