[
 {
  "line": 1,
  "left": 243,
  "end": 381,
  "height": 43,
  "top": 95,
  "ayah": 2,
  "page": 586,
  "width": 138,
  "verse_pos": 1
 },
 {
  "line": 1,
  "left": 84,
  "end": 242,
  "height": 43,
  "top": 95,
  "ayah": 3,
  "page": 586,
  "width": 158,
  "verse_pos": 2
 },
 {
  "line": 1,
  "left": 9,
  "end": 83,
  "height": 43,
  "top": 95,
  "ayah": 4,
  "page": 586,
  "width": 74,
  "verse_pos": 3
 },
 {
  "line": 2,
  "left": 302,
  "end": 381,
  "height": 42,
  "top": 138,
  "ayah": 4,
  "page": 586,
  "width": 79,
  "verse_pos": 3
 },
 {
  "line": 2,
  "left": 143,
  "end": 301,
  "height": 42,
  "top": 138,
  "ayah": 5,
  "page": 586,
  "width": 158,
  "verse_pos": 4
 },
 {
  "line": 2,
  "left": 9,
  "end": 142,
  "height": 42,
  "top": 138,
  "ayah": 6,
  "page": 586,
  "width": 133,
  "verse_pos": 5
 },
 {
  "line": 3,
  "left": 344,
  "end": 381,
  "height": 44,
  "top": 180,
  "ayah": 6,
  "page": 586,
  "width": 37,
  "verse_pos": 5
 },
 {
  "line": 3,
  "left": 192,
  "end": 343,
  "height": 44,
  "top": 180,
  "ayah": 7,
  "page": 586,
  "width": 151,
  "verse_pos": 6
 },
 {
  "line": 3,
  "left": 42,
  "end": 191,
  "height": 44,
  "top": 180,
  "ayah": 8,
  "page": 586,
  "width": 149,
  "verse_pos": 7
 },
 {
  "line": 3,
  "left": 9,
  "end": 42,
  "height": 44,
  "top": 180,
  "ayah": 9,
  "page": 586,
  "width": 33,
  "verse_pos": 8
 },
 {
  "line": 4,
  "left": 251,
  "end": 381,
  "height": 42,
  "top": 224,
  "ayah": 9,
  "page": 586,
  "width": 130,
  "verse_pos": 8
 },
 {
  "line": 4,
  "left": 130,
  "end": 251,
  "height": 42,
  "top": 224,
  "ayah": 10,
  "page": 586,
  "width": 121,
  "verse_pos": 9
 },
 {
  "line": 4,
  "left": 9,
  "end": 129,
  "height": 42,
  "top": 224,
  "ayah": 11,
  "page": 586,
  "width": 120,
  "verse_pos": 10
 },
 {
  "line": 5,
  "left": 345,
  "end": 381,
  "height": 41,
  "top": 266,
  "ayah": 11,
  "page": 586,
  "width": 36,
  "verse_pos": 10
 },
 {
  "line": 5,
  "left": 209,
  "end": 344,
  "height": 41,
  "top": 266,
  "ayah": 12,
  "page": 586,
  "width": 135,
  "verse_pos": 11
 },
 {
  "line": 5,
  "left": 71,
  "end": 208,
  "height": 41,
  "top": 266,
  "ayah": 13,
  "page": 586,
  "width": 137,
  "verse_pos": 12
 },
 {
  "line": 5,
  "left": 9,
  "end": 70,
  "height": 41,
  "top": 266,
  "ayah": 14,
  "page": 586,
  "width": 61,
  "verse_pos": 13
 },
 {
  "line": 6,
  "left": 304,
  "end": 381,
  "height": 45,
  "top": 307,
  "ayah": 14,
  "page": 586,
  "width": 77,
  "verse_pos": 13
 },
 {
  "line": 6,
  "left": 140,
  "end": 303,
  "height": 45,
  "top": 307,
  "ayah": 15,
  "page": 586,
  "width": 163,
  "verse_pos": 14
 },
 {
  "line": 6,
  "left": 9,
  "end": 139,
  "height": 45,
  "top": 307,
  "ayah": 16,
  "page": 586,
  "width": 130,
  "verse_pos": 15
 },
 {
  "line": 7,
  "left": 268,
  "end": 381,
  "height": 43,
  "top": 352,
  "ayah": 17,
  "page": 586,
  "width": 113,
  "verse_pos": 16
 },
 {
  "line": 7,
  "left": 141,
  "end": 267,
  "height": 43,
  "top": 352,
  "ayah": 18,
  "page": 586,
  "width": 126,
  "verse_pos": 17
 },
 {
  "line": 7,
  "left": 9,
  "end": 140,
  "height": 43,
  "top": 352,
  "ayah": 19,
  "page": 586,
  "width": 131,
  "verse_pos": 18
 },
 {
  "line": 8,
  "left": 233,
  "end": 381,
  "height": 41,
  "top": 395,
  "ayah": 20,
  "page": 586,
  "width": 148,
  "verse_pos": 19
 },
 {
  "line": 8,
  "left": 45,
  "end": 232,
  "height": 41,
  "top": 395,
  "ayah": 21,
  "page": 586,
  "width": 187,
  "verse_pos": 20
 },
 {
  "line": 8,
  "left": 9,
  "end": 44,
  "height": 41,
  "top": 395,
  "ayah": 22,
  "page": 586,
  "width": 35,
  "verse_pos": 21
 },
 {
  "line": 9,
  "left": 303,
  "end": 381,
  "height": 48,
  "top": 436,
  "ayah": 22,
  "page": 586,
  "width": 78,
  "verse_pos": 21
 },
 {
  "line": 9,
  "left": 148,
  "end": 302,
  "height": 48,
  "top": 436,
  "ayah": 23,
  "page": 586,
  "width": 154,
  "verse_pos": 22
 },
 {
  "line": 9,
  "left": 9,
  "end": 147,
  "height": 48,
  "top": 436,
  "ayah": 24,
  "page": 586,
  "width": 138,
  "verse_pos": 23
 },
 {
  "line": 10,
  "left": 345,
  "end": 381,
  "height": 39,
  "top": 484,
  "ayah": 24,
  "page": 586,
  "width": 36,
  "verse_pos": 23
 },
 {
  "line": 10,
  "left": 178,
  "end": 344,
  "height": 39,
  "top": 484,
  "ayah": 25,
  "page": 586,
  "width": 166,
  "verse_pos": 24
 },
 {
  "line": 10,
  "left": 9,
  "end": 177,
  "height": 39,
  "top": 484,
  "ayah": 26,
  "page": 586,
  "width": 168,
  "verse_pos": 25
 },
 {
  "line": 11,
  "left": 275,
  "end": 381,
  "height": 44,
  "top": 523,
  "ayah": 27,
  "page": 586,
  "width": 106,
  "verse_pos": 26
 },
 {
  "line": 11,
  "left": 112,
  "end": 275,
  "height": 44,
  "top": 523,
  "ayah": 28,
  "page": 586,
  "width": 163,
  "verse_pos": 27
 },
 {
  "line": 11,
  "left": 9,
  "end": 112,
  "height": 44,
  "top": 523,
  "ayah": 29,
  "page": 586,
  "width": 103,
  "verse_pos": 28
 },
 {
  "line": 12,
  "left": 299,
  "end": 381,
  "height": 42,
  "top": 567,
  "ayah": 29,
  "page": 586,
  "width": 82,
  "verse_pos": 28
 },
 {
  "line": 12,
  "left": 9,
  "end": 298,
  "height": 42,
  "top": 567,
  "ayah": 30,
  "page": 586,
  "width": 289,
  "verse_pos": 29
 }
]