[
 {
  "line": 1,
  "left": 48,
  "end": 376,
  "height": 39,
  "top": 6,
  "ayah": 1,
  "page": 316,
  "width": 328,
  "verse_pos": 0
 },
 {
  "line": 1,
  "left": 15,
  "end": 47,
  "height": 39,
  "top": 6,
  "ayah": 2,
  "page": 316,
  "width": 32,
  "verse_pos": 1
 },
 {
  "line": 2,
  "left": 15,
  "end": 376,
  "height": 48,
  "top": 45,
  "ayah": 2,
  "page": 316,
  "width": 361,
  "verse_pos": 1
 },
 {
  "line": 3,
  "left": 338,
  "end": 376,
  "height": 39,
  "top": 93,
  "ayah": 2,
  "page": 316,
  "width": 38,
  "verse_pos": 1
 },
 {
  "line": 3,
  "left": 126,
  "end": 337,
  "height": 39,
  "top": 93,
  "ayah": 3,
  "page": 316,
  "width": 211,
  "verse_pos": 2
 },
 {
  "line": 3,
  "left": 15,
  "end": 125,
  "height": 39,
  "top": 93,
  "ayah": 4,
  "page": 316,
  "width": 110,
  "verse_pos": 3
 },
 {
  "line": 4,
  "left": 273,
  "end": 376,
  "height": 43,
  "top": 132,
  "ayah": 4,
  "page": 316,
  "width": 103,
  "verse_pos": 3
 },
 {
  "line": 4,
  "left": 15,
  "end": 273,
  "height": 43,
  "top": 132,
  "ayah": 5,
  "page": 316,
  "width": 258,
  "verse_pos": 4
 },
 {
  "line": 5,
  "left": 127,
  "end": 376,
  "height": 46,
  "top": 175,
  "ayah": 5,
  "page": 316,
  "width": 249,
  "verse_pos": 4
 },
 {
  "line": 5,
  "left": 15,
  "end": 126,
  "height": 46,
  "top": 175,
  "ayah": 6,
  "page": 316,
  "width": 111,
  "verse_pos": 5
 },
 {
  "line": 6,
  "left": 169,
  "end": 376,
  "height": 39,
  "top": 221,
  "ayah": 6,
  "page": 316,
  "width": 207,
  "verse_pos": 5
 },
 {
  "line": 6,
  "left": 15,
  "end": 168,
  "height": 39,
  "top": 221,
  "ayah": 7,
  "page": 316,
  "width": 153,
  "verse_pos": 6
 },
 {
  "line": 7,
  "left": 15,
  "end": 376,
  "height": 46,
  "top": 260,
  "ayah": 7,
  "page": 316,
  "width": 361,
  "verse_pos": 6
 },
 {
  "line": 8,
  "left": 15,
  "end": 376,
  "height": 44,
  "top": 306,
  "ayah": 7,
  "page": 316,
  "width": 361,
  "verse_pos": 6
 },
 {
  "line": 9,
  "left": 214,
  "end": 376,
  "height": 40,
  "top": 350,
  "ayah": 7,
  "page": 316,
  "width": 162,
  "verse_pos": 6
 },
 {
  "line": 9,
  "left": 15,
  "end": 213,
  "height": 40,
  "top": 350,
  "ayah": 8,
  "page": 316,
  "width": 198,
  "verse_pos": 7
 },
 {
  "line": 10,
  "left": 15,
  "end": 376,
  "height": 45,
  "top": 390,
  "ayah": 8,
  "page": 316,
  "width": 361,
  "verse_pos": 7
 },
 {
  "line": 11,
  "left": 266,
  "end": 376,
  "height": 44,
  "top": 435,
  "ayah": 8,
  "page": 316,
  "width": 110,
  "verse_pos": 7
 },
 {
  "line": 11,
  "left": 15,
  "end": 265,
  "height": 44,
  "top": 435,
  "ayah": 9,
  "page": 316,
  "width": 250,
  "verse_pos": 8
 },
 {
  "line": 12,
  "left": 158,
  "end": 376,
  "height": 43,
  "top": 479,
  "ayah": 9,
  "page": 316,
  "width": 218,
  "verse_pos": 8
 },
 {
  "line": 12,
  "left": 15,
  "end": 157,
  "height": 43,
  "top": 479,
  "ayah": 10,
  "page": 316,
  "width": 142,
  "verse_pos": 9
 },
 {
  "line": 13,
  "left": 136,
  "end": 376,
  "height": 41,
  "top": 522,
  "ayah": 10,
  "page": 316,
  "width": 240,
  "verse_pos": 9
 },
 {
  "line": 13,
  "left": 15,
  "end": 135,
  "height": 41,
  "top": 522,
  "ayah": 11,
  "page": 316,
  "width": 120,
  "verse_pos": 10
 },
 {
  "line": 14,
  "left": 82,
  "end": 376,
  "height": 43,
  "top": 563,
  "ayah": 11,
  "page": 316,
  "width": 294,
  "verse_pos": 10
 },
 {
  "line": 14,
  "left": 15,
  "end": 81,
  "height": 43,
  "top": 563,
  "ayah": 12,
  "page": 316,
  "width": 66,
  "verse_pos": 11
 },
 {
  "line": 15,
  "left": 15,
  "end": 376,
  "height": 42,
  "top": 606,
  "ayah": 12,
  "page": 316,
  "width": 361,
  "verse_pos": 11
 }
]