[
 {
  "line": 1,
  "left": 10,
  "end": 380,
  "height": 44,
  "top": 6,
  "ayah": 1,
  "page": 294,
  "width": 370,
  "verse_pos": 0
 },
 {
  "line": 2,
  "left": 149,
  "end": 380,
  "height": 42,
  "top": 50,
  "ayah": 1,
  "page": 294,
  "width": 231,
  "verse_pos": 0
 },
 {
  "line": 2,
  "left": 10,
  "end": 148,
  "height": 42,
  "top": 50,
  "ayah": 2,
  "page": 294,
  "width": 138,
  "verse_pos": 1
 },
 {
  "line": 3,
  "left": 43,
  "end": 380,
  "height": 42,
  "top": 92,
  "ayah": 2,
  "page": 294,
  "width": 337,
  "verse_pos": 1
 },
 {
  "line": 3,
  "left": 10,
  "end": 42,
  "height": 42,
  "top": 92,
  "ayah": 3,
  "page": 294,
  "width": 32,
  "verse_pos": 2
 },
 {
  "line": 4,
  "left": 10,
  "end": 380,
  "height": 46,
  "top": 134,
  "ayah": 3,
  "page": 294,
  "width": 370,
  "verse_pos": 2
 },
 {
  "line": 5,
  "left": 340,
  "end": 380,
  "height": 41,
  "top": 180,
  "ayah": 3,
  "page": 294,
  "width": 40,
  "verse_pos": 2
 },
 {
  "line": 5,
  "left": 92,
  "end": 339,
  "height": 41,
  "top": 180,
  "ayah": 4,
  "page": 294,
  "width": 247,
  "verse_pos": 3
 },
 {
  "line": 5,
  "left": 10,
  "end": 91,
  "height": 41,
  "top": 180,
  "ayah": 5,
  "page": 294,
  "width": 81,
  "verse_pos": 4
 },
 {
  "line": 6,
  "left": 10,
  "end": 380,
  "height": 42,
  "top": 221,
  "ayah": 5,
  "page": 294,
  "width": 370,
  "verse_pos": 4
 },
 {
  "line": 7,
  "left": 10,
  "end": 380,
  "height": 45,
  "top": 263,
  "ayah": 6,
  "page": 294,
  "width": 370,
  "verse_pos": 5
 },
 {
  "line": 8,
  "left": 176,
  "end": 380,
  "height": 45,
  "top": 308,
  "ayah": 6,
  "page": 294,
  "width": 204,
  "verse_pos": 5
 },
 {
  "line": 8,
  "left": 10,
  "end": 175,
  "height": 45,
  "top": 308,
  "ayah": 7,
  "page": 294,
  "width": 165,
  "verse_pos": 6
 },
 {
  "line": 9,
  "left": 184,
  "end": 380,
  "height": 40,
  "top": 353,
  "ayah": 7,
  "page": 294,
  "width": 196,
  "verse_pos": 6
 },
 {
  "line": 9,
  "left": 10,
  "end": 183,
  "height": 40,
  "top": 353,
  "ayah": 8,
  "page": 294,
  "width": 173,
  "verse_pos": 7
 },
 {
  "line": 10,
  "left": 204,
  "end": 380,
  "height": 44,
  "top": 393,
  "ayah": 8,
  "page": 294,
  "width": 176,
  "verse_pos": 7
 },
 {
  "line": 10,
  "left": 10,
  "end": 203,
  "height": 44,
  "top": 393,
  "ayah": 9,
  "page": 294,
  "width": 193,
  "verse_pos": 8
 },
 {
  "line": 11,
  "left": 69,
  "end": 380,
  "height": 44,
  "top": 437,
  "ayah": 9,
  "page": 294,
  "width": 311,
  "verse_pos": 8
 },
 {
  "line": 11,
  "left": 10,
  "end": 68,
  "height": 44,
  "top": 437,
  "ayah": 10,
  "page": 294,
  "width": 58,
  "verse_pos": 9
 },
 {
  "line": 12,
  "left": 10,
  "end": 380,
  "height": 38,
  "top": 481,
  "ayah": 10,
  "page": 294,
  "width": 370,
  "verse_pos": 9
 },
 {
  "line": 13,
  "left": 61,
  "end": 380,
  "height": 42,
  "top": 519,
  "ayah": 10,
  "page": 294,
  "width": 319,
  "verse_pos": 9
 },
 {
  "line": 13,
  "left": 10,
  "end": 60,
  "height": 42,
  "top": 519,
  "ayah": 11,
  "page": 294,
  "width": 50,
  "verse_pos": 10
 },
 {
  "line": 14,
  "left": 10,
  "end": 380,
  "height": 47,
  "top": 561,
  "ayah": 11,
  "page": 294,
  "width": 370,
  "verse_pos": 10
 },
 {
  "line": 15,
  "left": 10,
  "end": 380,
  "height": 45,
  "top": 608,
  "ayah": 11,
  "page": 294,
  "width": 370,
  "verse_pos": 10
 }
]