[
 {
  "line": 1,
  "left": 177,
  "end": 380,
  "height": 39,
  "top": 7,
  "ayah": 1,
  "page": 584,
  "width": 203,
  "verse_pos": 0
 },
 {
  "line": 1,
  "left": 9,
  "end": 177,
  "height": 39,
  "top": 7,
  "ayah": 2,
  "page": 584,
  "width": 168,
  "verse_pos": 1
 },
 {
  "line": 2,
  "left": 217,
  "end": 380,
  "height": 46,
  "top": 46,
  "ayah": 3,
  "page": 584,
  "width": 163,
  "verse_pos": 2
 },
 {
  "line": 2,
  "left": 49,
  "end": 217,
  "height": 46,
  "top": 46,
  "ayah": 4,
  "page": 584,
  "width": 168,
  "verse_pos": 3
 },
 {
  "line": 2,
  "left": 9,
  "end": 48,
  "height": 46,
  "top": 46,
  "ayah": 5,
  "page": 584,
  "width": 39,
  "verse_pos": 4
 },
 {
  "line": 3,
  "left": 268,
  "end": 380,
  "height": 43,
  "top": 92,
  "ayah": 5,
  "page": 584,
  "width": 112,
  "verse_pos": 4
 },
 {
  "line": 3,
  "left": 156,
  "end": 267,
  "height": 43,
  "top": 92,
  "ayah": 6,
  "page": 584,
  "width": 111,
  "verse_pos": 5
 },
 {
  "line": 3,
  "left": 57,
  "end": 155,
  "height": 43,
  "top": 92,
  "ayah": 7,
  "page": 584,
  "width": 98,
  "verse_pos": 6
 },
 {
  "line": 3,
  "left": 9,
  "end": 56,
  "height": 43,
  "top": 92,
  "ayah": 8,
  "page": 584,
  "width": 47,
  "verse_pos": 7
 },
 {
  "line": 4,
  "left": 311,
  "end": 380,
  "height": 40,
  "top": 135,
  "ayah": 8,
  "page": 584,
  "width": 69,
  "verse_pos": 7
 },
 {
  "line": 4,
  "left": 167,
  "end": 310,
  "height": 40,
  "top": 135,
  "ayah": 9,
  "page": 584,
  "width": 143,
  "verse_pos": 8
 },
 {
  "line": 4,
  "left": 9,
  "end": 166,
  "height": 40,
  "top": 135,
  "ayah": 10,
  "page": 584,
  "width": 157,
  "verse_pos": 9
 },
 {
  "line": 5,
  "left": 346,
  "end": 380,
  "height": 40,
  "top": 175,
  "ayah": 10,
  "page": 584,
  "width": 34,
  "verse_pos": 9
 },
 {
  "line": 5,
  "left": 170,
  "end": 346,
  "height": 48,
  "top": 175,
  "ayah": 11,
  "page": 584,
  "width": 176,
  "verse_pos": 10
 },
 {
  "line": 5,
  "left": 9,
  "end": 169,
  "height": 48,
  "top": 175,
  "ayah": 12,
  "page": 584,
  "width": 160,
  "verse_pos": 11
 },
 {
  "line": 6,
  "left": 343,
  "end": 380,
  "height": 42,
  "top": 223,
  "ayah": 12,
  "page": 584,
  "width": 37,
  "verse_pos": 11
 },
 {
  "line": 6,
  "left": 202,
  "end": 342,
  "height": 42,
  "top": 223,
  "ayah": 13,
  "page": 584,
  "width": 140,
  "verse_pos": 12
 },
 {
  "line": 6,
  "left": 9,
  "end": 201,
  "height": 42,
  "top": 223,
  "ayah": 14,
  "page": 584,
  "width": 192,
  "verse_pos": 13
 },
 {
  "line": 7,
  "left": 198,
  "end": 380,
  "height": 42,
  "top": 265,
  "ayah": 15,
  "page": 584,
  "width": 182,
  "verse_pos": 14
 },
 {
  "line": 7,
  "left": 9,
  "end": 197,
  "height": 42,
  "top": 265,
  "ayah": 16,
  "page": 584,
  "width": 188,
  "verse_pos": 15
 },
 {
  "line": 8,
  "left": 259,
  "end": 380,
  "height": 40,
  "top": 307,
  "ayah": 17,
  "page": 584,
  "width": 121,
  "verse_pos": 16
 },
 {
  "line": 8,
  "left": 109,
  "end": 258,
  "height": 40,
  "top": 307,
  "ayah": 18,
  "page": 584,
  "width": 149,
  "verse_pos": 17
 },
 {
  "line": 8,
  "left": 9,
  "end": 108,
  "height": 40,
  "top": 307,
  "ayah": 19,
  "page": 584,
  "width": 99,
  "verse_pos": 18
 },
 {
  "line": 9,
  "left": 297,
  "end": 380,
  "height": 46,
  "top": 347,
  "ayah": 19,
  "page": 584,
  "width": 83,
  "verse_pos": 18
 },
 {
  "line": 9,
  "left": 110,
  "end": 296,
  "height": 46,
  "top": 347,
  "ayah": 20,
  "page": 584,
  "width": 186,
  "verse_pos": 19
 },
 {
  "line": 9,
  "left": 9,
  "end": 109,
  "height": 46,
  "top": 347,
  "ayah": 21,
  "page": 584,
  "width": 100,
  "verse_pos": 20
 },
 {
  "line": 10,
  "left": 299,
  "end": 380,
  "height": 42,
  "top": 393,
  "ayah": 21,
  "page": 584,
  "width": 81,
  "verse_pos": 20
 },
 {
  "line": 10,
  "left": 202,
  "end": 299,
  "height": 42,
  "top": 393,
  "ayah": 22,
  "page": 584,
  "width": 97,
  "verse_pos": 21
 },
 {
  "line": 10,
  "left": 74,
  "end": 202,
  "height": 42,
  "top": 393,
  "ayah": 23,
  "page": 584,
  "width": 128,
  "verse_pos": 22
 },
 {
  "line": 10,
  "left": 9,
  "end": 73,
  "height": 42,
  "top": 393,
  "ayah": 24,
  "page": 584,
  "width": 64,
  "verse_pos": 23
 },
 {
  "line": 11,
  "left": 284,
  "end": 380,
  "height": 43,
  "top": 435,
  "ayah": 24,
  "page": 584,
  "width": 96,
  "verse_pos": 23
 },
 {
  "line": 11,
  "left": 9,
  "end": 283,
  "height": 43,
  "top": 435,
  "ayah": 25,
  "page": 584,
  "width": 274,
  "verse_pos": 24
 },
 {
  "line": 12,
  "left": 345,
  "end": 380,
  "height": 44,
  "top": 478,
  "ayah": 25,
  "page": 584,
  "width": 35,
  "verse_pos": 24
 },
 {
  "line": 12,
  "left": 187,
  "end": 344,
  "height": 44,
  "top": 478,
  "ayah": 26,
  "page": 584,
  "width": 157,
  "verse_pos": 25
 },
 {
  "line": 12,
  "left": 9,
  "end": 187,
  "height": 44,
  "top": 478,
  "ayah": 27,
  "page": 584,
  "width": 178,
  "verse_pos": 26
 },
 {
  "line": 13,
  "left": 345,
  "end": 380,
  "height": 43,
  "top": 522,
  "ayah": 27,
  "page": 584,
  "width": 35,
  "verse_pos": 26
 },
 {
  "line": 13,
  "left": 219,
  "end": 344,
  "height": 43,
  "top": 522,
  "ayah": 28,
  "page": 584,
  "width": 125,
  "verse_pos": 27
 },
 {
  "line": 13,
  "left": 99,
  "end": 219,
  "height": 43,
  "top": 522,
  "ayah": 29,
  "page": 584,
  "width": 120,
  "verse_pos": 28
 },
 {
  "line": 13,
  "left": 9,
  "end": 99,
  "height": 43,
  "top": 522,
  "ayah": 30,
  "page": 584,
  "width": 90,
  "verse_pos": 29
 },
 {
  "line": 14,
  "left": 281,
  "end": 380,
  "height": 42,
  "top": 565,
  "ayah": 30,
  "page": 584,
  "width": 99,
  "verse_pos": 29
 },
 {
  "line": 14,
  "left": 9,
  "end": 281,
  "height": 42,
  "top": 565,
  "ayah": 31,
  "page": 584,
  "width": 272,
  "verse_pos": 30
 }
]