[
 {
  "line": 1,
  "left": 11,
  "end": 378,
  "height": 43,
  "top": 7,
  "ayah": 1,
  "page": 523,
  "width": 367,
  "verse_pos": 0
 },
 {
  "line": 2,
  "left": 342,
  "end": 378,
  "height": 43,
  "top": 50,
  "ayah": 1,
  "page": 523,
  "width": 36,
  "verse_pos": 0
 },
 {
  "line": 2,
  "left": 134,
  "end": 341,
  "height": 43,
  "top": 50,
  "ayah": 2,
  "page": 523,
  "width": 207,
  "verse_pos": 1
 },
 {
  "line": 2,
  "left": 11,
  "end": 133,
  "height": 43,
  "top": 50,
  "ayah": 3,
  "page": 523,
  "width": 122,
  "verse_pos": 2
 },
 {
  "line": 3,
  "left": 298,
  "end": 378,
  "height": 43,
  "top": 93,
  "ayah": 3,
  "page": 523,
  "width": 80,
  "verse_pos": 2
 },
 {
  "line": 3,
  "left": 44,
  "end": 297,
  "height": 43,
  "top": 93,
  "ayah": 4,
  "page": 523,
  "width": 253,
  "verse_pos": 3
 },
 {
  "line": 3,
  "left": 11,
  "end": 43,
  "height": 43,
  "top": 93,
  "ayah": 5,
  "page": 523,
  "width": 32,
  "verse_pos": 4
 },
 {
  "line": 4,
  "left": 135,
  "end": 378,
  "height": 41,
  "top": 136,
  "ayah": 5,
  "page": 523,
  "width": 243,
  "verse_pos": 4
 },
 {
  "line": 4,
  "left": 11,
  "end": 134,
  "height": 41,
  "top": 136,
  "ayah": 6,
  "page": 523,
  "width": 123,
  "verse_pos": 5
 },
 {
  "line": 5,
  "left": 216,
  "end": 378,
  "height": 45,
  "top": 177,
  "ayah": 6,
  "page": 523,
  "width": 162,
  "verse_pos": 5
 },
 {
  "line": 5,
  "left": 11,
  "end": 215,
  "height": 45,
  "top": 177,
  "ayah": 7,
  "page": 523,
  "width": 204,
  "verse_pos": 6
 },
 {
  "line": 6,
  "left": 340,
  "end": 378,
  "height": 43,
  "top": 222,
  "ayah": 7,
  "page": 523,
  "width": 38,
  "verse_pos": 6
 },
 {
  "line": 6,
  "left": 11,
  "end": 339,
  "height": 43,
  "top": 222,
  "ayah": 8,
  "page": 523,
  "width": 328,
  "verse_pos": 7
 },
 {
  "line": 7,
  "left": 341,
  "end": 378,
  "height": 38,
  "top": 265,
  "ayah": 8,
  "page": 523,
  "width": 37,
  "verse_pos": 7
 },
 {
  "line": 7,
  "left": 11,
  "end": 340,
  "height": 38,
  "top": 265,
  "ayah": 9,
  "page": 523,
  "width": 329,
  "verse_pos": 8
 },
 {
  "line": 8,
  "left": 297,
  "end": 378,
  "height": 44,
  "top": 394,
  "ayah": 11,
  "page": 523,
  "width": 81,
  "verse_pos": 10
 },
 {
  "line": 8,
  "left": 171,
  "end": 296,
  "height": 44,
  "top": 394,
  "ayah": 12,
  "page": 523,
  "width": 125,
  "verse_pos": 11
 },
 {
  "line": 8,
  "left": 64,
  "end": 170,
  "height": 44,
  "top": 394,
  "ayah": 13,
  "page": 523,
  "width": 106,
  "verse_pos": 12
 },
 {
  "line": 8,
  "left": 11,
  "end": 63,
  "height": 44,
  "top": 394,
  "ayah": 14,
  "page": 523,
  "width": 52,
  "verse_pos": 13
 },
 {
  "line": 9,
  "left": 291,
  "end": 378,
  "height": 44,
  "top": 438,
  "ayah": 14,
  "page": 523,
  "width": 87,
  "verse_pos": 13
 },
 {
  "line": 9,
  "left": 159,
  "end": 290,
  "height": 44,
  "top": 438,
  "ayah": 15,
  "page": 523,
  "width": 131,
  "verse_pos": 14
 },
 {
  "line": 9,
  "left": 33,
  "end": 158,
  "height": 44,
  "top": 438,
  "ayah": 16,
  "page": 523,
  "width": 125,
  "verse_pos": 15
 },
 {
  "line": 9,
  "left": 11,
  "end": 33,
  "height": 44,
  "top": 438,
  "ayah": 17,
  "page": 523,
  "width": 22,
  "verse_pos": 16
 },
 {
  "line": 10,
  "left": 236,
  "end": 378,
  "height": 41,
  "top": 482,
  "ayah": 17,
  "page": 523,
  "width": 142,
  "verse_pos": 16
 },
 {
  "line": 10,
  "left": 117,
  "end": 235,
  "height": 41,
  "top": 482,
  "ayah": 18,
  "page": 523,
  "width": 118,
  "verse_pos": 17
 },
 {
  "line": 10,
  "left": 11,
  "end": 116,
  "height": 41,
  "top": 482,
  "ayah": 19,
  "page": 523,
  "width": 105,
  "verse_pos": 18
 },
 {
  "line": 11,
  "left": 312,
  "end": 378,
  "height": 43,
  "top": 523,
  "ayah": 19,
  "page": 523,
  "width": 66,
  "verse_pos": 18
 },
 {
  "line": 11,
  "left": 152,
  "end": 311,
  "height": 43,
  "top": 523,
  "ayah": 20,
  "page": 523,
  "width": 159,
  "verse_pos": 19
 },
 {
  "line": 11,
  "left": 11,
  "end": 151,
  "height": 43,
  "top": 523,
  "ayah": 21,
  "page": 523,
  "width": 140,
  "verse_pos": 20
 },
 {
  "line": 12,
  "left": 342,
  "end": 378,
  "height": 41,
  "top": 566,
  "ayah": 21,
  "page": 523,
  "width": 36,
  "verse_pos": 20
 },
 {
  "line": 12,
  "left": 143,
  "end": 341,
  "height": 41,
  "top": 566,
  "ayah": 22,
  "page": 523,
  "width": 198,
  "verse_pos": 21
 },
 {
  "line": 12,
  "left": 11,
  "end": 142,
  "height": 41,
  "top": 566,
  "ayah": 23,
  "page": 523,
  "width": 131,
  "verse_pos": 22
 },
 {
  "line": 13,
  "left": 267,
  "end": 378,
  "height": 42,
  "top": 607,
  "ayah": 23,
  "page": 523,
  "width": 111,
  "verse_pos": 22
 },
 {
  "line": 13,
  "left": 11,
  "end": 266,
  "height": 42,
  "top": 607,
  "ayah": 24,
  "page": 523,
  "width": 255,
  "verse_pos": 23
 }
]