[
 {
  "line": 1,
  "left": 19,
  "end": 372,
  "height": 45,
  "top": 7,
  "ayah": 1,
  "page": 307,
  "width": 353,
  "verse_pos": 0
 },
 {
  "line": 2,
  "left": 19,
  "end": 372,
  "height": 41,
  "top": 52,
  "ayah": 1,
  "page": 307,
  "width": 353,
  "verse_pos": 0
 },
 {
  "line": 3,
  "left": 19,
  "end": 372,
  "height": 46,
  "top": 93,
  "ayah": 2,
  "page": 307,
  "width": 353,
  "verse_pos": 1
 },
 {
  "line": 4,
  "left": 305,
  "end": 372,
  "height": 42,
  "top": 139,
  "ayah": 2,
  "page": 307,
  "width": 67,
  "verse_pos": 1
 },
 {
  "line": 4,
  "left": 19,
  "end": 304,
  "height": 42,
  "top": 139,
  "ayah": 3,
  "page": 307,
  "width": 285,
  "verse_pos": 2
 },
 {
  "line": 5,
  "left": 274,
  "end": 372,
  "height": 47,
  "top": 181,
  "ayah": 3,
  "page": 307,
  "width": 98,
  "verse_pos": 2
 },
 {
  "line": 5,
  "left": 19,
  "end": 273,
  "height": 47,
  "top": 181,
  "ayah": 4,
  "page": 307,
  "width": 254,
  "verse_pos": 3
 },
 {
  "line": 6,
  "left": 254,
  "end": 372,
  "height": 42,
  "top": 228,
  "ayah": 4,
  "page": 307,
  "width": 118,
  "verse_pos": 3
 },
 {
  "line": 6,
  "left": 19,
  "end": 253,
  "height": 42,
  "top": 228,
  "ayah": 5,
  "page": 307,
  "width": 234,
  "verse_pos": 4
 },
 {
  "line": 7,
  "left": 311,
  "end": 372,
  "height": 42,
  "top": 270,
  "ayah": 5,
  "page": 307,
  "width": 61,
  "verse_pos": 4
 },
 {
  "line": 7,
  "left": 19,
  "end": 310,
  "height": 42,
  "top": 270,
  "ayah": 6,
  "page": 307,
  "width": 291,
  "verse_pos": 5
 },
 {
  "line": 8,
  "left": 182,
  "end": 372,
  "height": 44,
  "top": 312,
  "ayah": 6,
  "page": 307,
  "width": 190,
  "verse_pos": 5
 },
 {
  "line": 8,
  "left": 19,
  "end": 182,
  "height": 44,
  "top": 312,
  "ayah": 7,
  "page": 307,
  "width": 163,
  "verse_pos": 6
 },
 {
  "line": 9,
  "left": 257,
  "end": 372,
  "height": 39,
  "top": 356,
  "ayah": 7,
  "page": 307,
  "width": 115,
  "verse_pos": 6
 },
 {
  "line": 9,
  "left": 19,
  "end": 256,
  "height": 39,
  "top": 356,
  "ayah": 8,
  "page": 307,
  "width": 237,
  "verse_pos": 7
 },
 {
  "line": 10,
  "left": 237,
  "end": 372,
  "height": 45,
  "top": 395,
  "ayah": 8,
  "page": 307,
  "width": 135,
  "verse_pos": 7
 },
 {
  "line": 10,
  "left": 19,
  "end": 236,
  "height": 45,
  "top": 395,
  "ayah": 9,
  "page": 307,
  "width": 217,
  "verse_pos": 8
 },
 {
  "line": 11,
  "left": 230,
  "end": 372,
  "height": 43,
  "top": 440,
  "ayah": 9,
  "page": 307,
  "width": 142,
  "verse_pos": 8
 },
 {
  "line": 11,
  "left": 19,
  "end": 231,
  "height": 43,
  "top": 440,
  "ayah": 10,
  "page": 307,
  "width": 212,
  "verse_pos": 9
 },
 {
  "line": 12,
  "left": 127,
  "end": 372,
  "height": 42,
  "top": 483,
  "ayah": 10,
  "page": 307,
  "width": 245,
  "verse_pos": 9
 },
 {
  "line": 12,
  "left": 19,
  "end": 126,
  "height": 42,
  "top": 483,
  "ayah": 11,
  "page": 307,
  "width": 107,
  "verse_pos": 10
 },
 {
  "line": 13,
  "left": 155,
  "end": 372,
  "height": 45,
  "top": 525,
  "ayah": 11,
  "page": 307,
  "width": 217,
  "verse_pos": 10
 },
 {
  "line": 13,
  "left": 19,
  "end": 154,
  "height": 45,
  "top": 525,
  "ayah": 12,
  "page": 307,
  "width": 135,
  "verse_pos": 11
 },
 {
  "line": 14,
  "left": 78,
  "end": 372,
  "height": 40,
  "top": 570,
  "ayah": 12,
  "page": 307,
  "width": 294,
  "verse_pos": 11
 },
 {
  "line": 14,
  "left": 19,
  "end": 77,
  "height": 40,
  "top": 570,
  "ayah": 13,
  "page": 307,
  "width": 58,
  "verse_pos": 12
 },
 {
  "line": 15,
  "left": 19,
  "end": 372,
  "height": 42,
  "top": 610,
  "ayah": 13,
  "page": 307,
  "width": 353,
  "verse_pos": 12
 }
]