[
 {
  "line": 1,
  "left": 18,
  "end": 371,
  "height": 46,
  "top": 7,
  "ayah": 1,
  "page": 138,
  "width": 353,
  "verse_pos": 0
 },
 {
  "line": 2,
  "left": 245,
  "end": 371,
  "height": 36,
  "top": 53,
  "ayah": 1,
  "page": 138,
  "width": 126,
  "verse_pos": 0
 },
 {
  "line": 2,
  "left": 18,
  "end": 244,
  "height": 36,
  "top": 53,
  "ayah": 2,
  "page": 138,
  "width": 226,
  "verse_pos": 1
 },
 {
  "line": 3,
  "left": 18,
  "end": 371,
  "height": 45,
  "top": 89,
  "ayah": 2,
  "page": 138,
  "width": 353,
  "verse_pos": 1
 },
 {
  "line": 4,
  "left": 18,
  "end": 371,
  "height": 43,
  "top": 134,
  "ayah": 3,
  "page": 138,
  "width": 353,
  "verse_pos": 2
 },
 {
  "line": 5,
  "left": 18,
  "end": 371,
  "height": 43,
  "top": 177,
  "ayah": 3,
  "page": 138,
  "width": 353,
  "verse_pos": 2
 },
 {
  "line": 6,
  "left": 18,
  "end": 371,
  "height": 42,
  "top": 220,
  "ayah": 3,
  "page": 138,
  "width": 353,
  "verse_pos": 2
 },
 {
  "line": 7,
  "left": 18,
  "end": 371,
  "height": 44,
  "top": 262,
  "ayah": 4,
  "page": 138,
  "width": 353,
  "verse_pos": 3
 },
 {
  "line": 8,
  "left": 18,
  "end": 371,
  "height": 47,
  "top": 306,
  "ayah": 5,
  "page": 138,
  "width": 353,
  "verse_pos": 4
 },
 {
  "line": 9,
  "left": 278,
  "end": 371,
  "height": 44,
  "top": 353,
  "ayah": 5,
  "page": 138,
  "width": 93,
  "verse_pos": 4
 },
 {
  "line": 9,
  "left": 18,
  "end": 277,
  "height": 44,
  "top": 353,
  "ayah": 6,
  "page": 138,
  "width": 259,
  "verse_pos": 5
 },
 {
  "line": 10,
  "left": 140,
  "end": 371,
  "height": 42,
  "top": 397,
  "ayah": 6,
  "page": 138,
  "width": 231,
  "verse_pos": 5
 },
 {
  "line": 10,
  "left": 18,
  "end": 139,
  "height": 42,
  "top": 397,
  "ayah": 7,
  "page": 138,
  "width": 121,
  "verse_pos": 6
 },
 {
  "line": 11,
  "left": 18,
  "end": 371,
  "height": 39,
  "top": 439,
  "ayah": 7,
  "page": 138,
  "width": 353,
  "verse_pos": 6
 },
 {
  "line": 12,
  "left": 284,
  "end": 371,
  "height": 46,
  "top": 478,
  "ayah": 7,
  "page": 138,
  "width": 87,
  "verse_pos": 6
 },
 {
  "line": 12,
  "left": 18,
  "end": 283,
  "height": 46,
  "top": 478,
  "ayah": 8,
  "page": 138,
  "width": 265,
  "verse_pos": 7
 },
 {
  "line": 13,
  "left": 18,
  "end": 371,
  "height": 41,
  "top": 524,
  "ayah": 8,
  "page": 138,
  "width": 353,
  "verse_pos": 7
 },
 {
  "line": 14,
  "left": 337,
  "end": 371,
  "height": 43,
  "top": 565,
  "ayah": 8,
  "page": 138,
  "width": 34,
  "verse_pos": 7
 },
 {
  "line": 14,
  "left": 18,
  "end": 336,
  "height": 43,
  "top": 565,
  "ayah": 9,
  "page": 138,
  "width": 318,
  "verse_pos": 8
 },
 {
  "line": 15,
  "left": 18,
  "end": 371,
  "height": 44,
  "top": 608,
  "ayah": 9,
  "page": 138,
  "width": 353,
  "verse_pos": 8
 }
]