[
 {
  "line": 1,
  "left": 10,
  "end": 378,
  "height": 44,
  "top": 7,
  "ayah": 1,
  "page": 338,
  "width": 368,
  "verse_pos": 0
 },
 {
  "line": 2,
  "left": 101,
  "end": 378,
  "height": 43,
  "top": 51,
  "ayah": 1,
  "page": 338,
  "width": 277,
  "verse_pos": 0
 },
 {
  "line": 2,
  "left": 10,
  "end": 100,
  "height": 43,
  "top": 51,
  "ayah": 2,
  "page": 338,
  "width": 90,
  "verse_pos": 1
 },
 {
  "line": 3,
  "left": 10,
  "end": 378,
  "height": 44,
  "top": 94,
  "ayah": 2,
  "page": 338,
  "width": 368,
  "verse_pos": 1
 },
 {
  "line": 4,
  "left": 341,
  "end": 378,
  "height": 44,
  "top": 138,
  "ayah": 2,
  "page": 338,
  "width": 37,
  "verse_pos": 1
 },
 {
  "line": 4,
  "left": 69,
  "end": 340,
  "height": 44,
  "top": 138,
  "ayah": 3,
  "page": 338,
  "width": 271,
  "verse_pos": 2
 },
 {
  "line": 4,
  "left": 10,
  "end": 68,
  "height": 44,
  "top": 138,
  "ayah": 4,
  "page": 338,
  "width": 58,
  "verse_pos": 3
 },
 {
  "line": 5,
  "left": 10,
  "end": 378,
  "height": 41,
  "top": 182,
  "ayah": 4,
  "page": 338,
  "width": 368,
  "verse_pos": 3
 },
 {
  "line": 6,
  "left": 10,
  "end": 378,
  "height": 44,
  "top": 223,
  "ayah": 5,
  "page": 338,
  "width": 368,
  "verse_pos": 4
 },
 {
  "line": 7,
  "left": 341,
  "end": 378,
  "height": 42,
  "top": 267,
  "ayah": 5,
  "page": 338,
  "width": 37,
  "verse_pos": 4
 },
 {
  "line": 7,
  "left": 10,
  "end": 340,
  "height": 42,
  "top": 267,
  "ayah": 6,
  "page": 338,
  "width": 330,
  "verse_pos": 5
 },
 {
  "line": 8,
  "left": 10,
  "end": 378,
  "height": 46,
  "top": 309,
  "ayah": 6,
  "page": 338,
  "width": 368,
  "verse_pos": 5
 },
 {
  "line": 9,
  "left": 60,
  "end": 378,
  "height": 41,
  "top": 355,
  "ayah": 6,
  "page": 338,
  "width": 318,
  "verse_pos": 5
 },
 {
  "line": 9,
  "left": 10,
  "end": 59,
  "height": 41,
  "top": 355,
  "ayah": 7,
  "page": 338,
  "width": 49,
  "verse_pos": 6
 },
 {
  "line": 10,
  "left": 10,
  "end": 378,
  "height": 43,
  "top": 396,
  "ayah": 7,
  "page": 338,
  "width": 368,
  "verse_pos": 6
 },
 {
  "line": 11,
  "left": 63,
  "end": 378,
  "height": 42,
  "top": 439,
  "ayah": 7,
  "page": 338,
  "width": 315,
  "verse_pos": 6
 },
 {
  "line": 11,
  "left": 10,
  "end": 62,
  "height": 42,
  "top": 439,
  "ayah": 8,
  "page": 338,
  "width": 52,
  "verse_pos": 7
 },
 {
  "line": 12,
  "left": 10,
  "end": 378,
  "height": 44,
  "top": 481,
  "ayah": 8,
  "page": 338,
  "width": 368,
  "verse_pos": 7
 },
 {
  "line": 13,
  "left": 10,
  "end": 378,
  "height": 43,
  "top": 525,
  "ayah": 8,
  "page": 338,
  "width": 368,
  "verse_pos": 7
 },
 {
  "line": 14,
  "left": 282,
  "end": 378,
  "height": 43,
  "top": 568,
  "ayah": 8,
  "page": 338,
  "width": 96,
  "verse_pos": 7
 },
 {
  "line": 14,
  "left": 10,
  "end": 281,
  "height": 43,
  "top": 568,
  "ayah": 9,
  "page": 338,
  "width": 271,
  "verse_pos": 8
 },
 {
  "line": 15,
  "left": 10,
  "end": 378,
  "height": 42,
  "top": 611,
  "ayah": 9,
  "page": 338,
  "width": 368,
  "verse_pos": 8
 }
]