[
 {
  "line": 1,
  "left": 17,
  "end": 370,
  "height": 45,
  "top": 7,
  "ayah": 1,
  "page": 24,
  "width": 353,
  "verse_pos": 0
 },
 {
  "line": 2,
  "left": 241,
  "end": 370,
  "height": 44,
  "top": 52,
  "ayah": 1,
  "page": 24,
  "width": 129,
  "verse_pos": 0
 },
 {
  "line": 2,
  "left": 17,
  "end": 240,
  "height": 44,
  "top": 52,
  "ayah": 2,
  "page": 24,
  "width": 223,
  "verse_pos": 1
 },
 {
  "line": 3,
  "left": 17,
  "end": 370,
  "height": 43,
  "top": 96,
  "ayah": 2,
  "page": 24,
  "width": 353,
  "verse_pos": 1
 },
 {
  "line": 4,
  "left": 334,
  "end": 370,
  "height": 39,
  "top": 139,
  "ayah": 2,
  "page": 24,
  "width": 36,
  "verse_pos": 1
 },
 {
  "line": 4,
  "left": 17,
  "end": 334,
  "height": 39,
  "top": 139,
  "ayah": 3,
  "page": 24,
  "width": 317,
  "verse_pos": 2
 },
 {
  "line": 5,
  "left": 333,
  "end": 370,
  "height": 45,
  "top": 178,
  "ayah": 3,
  "page": 24,
  "width": 37,
  "verse_pos": 2
 },
 {
  "line": 5,
  "left": 17,
  "end": 333,
  "height": 45,
  "top": 178,
  "ayah": 4,
  "page": 24,
  "width": 316,
  "verse_pos": 3
 },
 {
  "line": 6,
  "left": 238,
  "end": 370,
  "height": 47,
  "top": 223,
  "ayah": 4,
  "page": 24,
  "width": 132,
  "verse_pos": 3
 },
 {
  "line": 6,
  "left": 17,
  "end": 237,
  "height": 47,
  "top": 223,
  "ayah": 5,
  "page": 24,
  "width": 220,
  "verse_pos": 4
 },
 {
  "line": 7,
  "left": 17,
  "end": 370,
  "height": 40,
  "top": 270,
  "ayah": 5,
  "page": 24,
  "width": 353,
  "verse_pos": 4
 },
 {
  "line": 8,
  "left": 78,
  "end": 370,
  "height": 45,
  "top": 310,
  "ayah": 5,
  "page": 24,
  "width": 292,
  "verse_pos": 4
 },
 {
  "line": 8,
  "left": 17,
  "end": 77,
  "height": 45,
  "top": 310,
  "ayah": 6,
  "page": 24,
  "width": 60,
  "verse_pos": 5
 },
 {
  "line": 9,
  "left": 17,
  "end": 370,
  "height": 43,
  "top": 355,
  "ayah": 6,
  "page": 24,
  "width": 353,
  "verse_pos": 5
 },
 {
  "line": 10,
  "left": 17,
  "end": 370,
  "height": 41,
  "top": 398,
  "ayah": 6,
  "page": 24,
  "width": 353,
  "verse_pos": 5
 },
 {
  "line": 11,
  "left": 331,
  "end": 370,
  "height": 45,
  "top": 439,
  "ayah": 6,
  "page": 24,
  "width": 39,
  "verse_pos": 5
 },
 {
  "line": 11,
  "left": 17,
  "end": 330,
  "height": 45,
  "top": 439,
  "ayah": 7,
  "page": 24,
  "width": 313,
  "verse_pos": 6
 },
 {
  "line": 12,
  "left": 170,
  "end": 370,
  "height": 42,
  "top": 484,
  "ayah": 7,
  "page": 24,
  "width": 200,
  "verse_pos": 6
 },
 {
  "line": 12,
  "left": 17,
  "end": 170,
  "height": 42,
  "top": 484,
  "ayah": 8,
  "page": 24,
  "width": 153,
  "verse_pos": 7
 },
 {
  "line": 13,
  "left": 17,
  "end": 370,
  "height": 43,
  "top": 526,
  "ayah": 8,
  "page": 24,
  "width": 353,
  "verse_pos": 7
 },
 {
  "line": 14,
  "left": 334,
  "end": 370,
  "height": 41,
  "top": 569,
  "ayah": 8,
  "page": 24,
  "width": 36,
  "verse_pos": 7
 },
 {
  "line": 14,
  "left": 17,
  "end": 333,
  "height": 41,
  "top": 569,
  "ayah": 9,
  "page": 24,
  "width": 316,
  "verse_pos": 8
 },
 {
  "line": 15,
  "left": 334,
  "end": 370,
  "height": 42,
  "top": 610,
  "ayah": 9,
  "page": 24,
  "width": 36,
  "verse_pos": 8
 },
 {
  "line": 15,
  "left": 17,
  "end": 333,
  "height": 42,
  "top": 610,
  "ayah": 10,
  "page": 24,
  "width": 316,
  "verse_pos": 9
 }
]