[
 {
  "line": 1,
  "left": 15,
  "end": 373,
  "height": 44,
  "top": 7,
  "ayah": 1,
  "page": 509,
  "width": 358,
  "verse_pos": 0
 },
 {
  "line": 2,
  "left": 15,
  "end": 373,
  "height": 47,
  "top": 51,
  "ayah": 1,
  "page": 509,
  "width": 358,
  "verse_pos": 0
 },
 {
  "line": 3,
  "left": 15,
  "end": 373,
  "height": 39,
  "top": 98,
  "ayah": 1,
  "page": 509,
  "width": 358,
  "verse_pos": 0
 },
 {
  "line": 4,
  "left": 338,
  "end": 373,
  "height": 46,
  "top": 137,
  "ayah": 1,
  "page": 509,
  "width": 35,
  "verse_pos": 0
 },
 {
  "line": 4,
  "left": 15,
  "end": 337,
  "height": 46,
  "top": 137,
  "ayah": 2,
  "page": 509,
  "width": 322,
  "verse_pos": 1
 },
 {
  "line": 5,
  "left": 243,
  "end": 373,
  "height": 44,
  "top": 183,
  "ayah": 2,
  "page": 509,
  "width": 130,
  "verse_pos": 1
 },
 {
  "line": 5,
  "left": 15,
  "end": 242,
  "height": 44,
  "top": 183,
  "ayah": 3,
  "page": 509,
  "width": 227,
  "verse_pos": 2
 },
 {
  "line": 6,
  "left": 158,
  "end": 373,
  "height": 44,
  "top": 227,
  "ayah": 3,
  "page": 509,
  "width": 215,
  "verse_pos": 2
 },
 {
  "line": 6,
  "left": 15,
  "end": 157,
  "height": 44,
  "top": 227,
  "ayah": 4,
  "page": 509,
  "width": 142,
  "verse_pos": 3
 },
 {
  "line": 7,
  "left": 168,
  "end": 373,
  "height": 41,
  "top": 271,
  "ayah": 4,
  "page": 509,
  "width": 205,
  "verse_pos": 3
 },
 {
  "line": 7,
  "left": 15,
  "end": 167,
  "height": 41,
  "top": 271,
  "ayah": 5,
  "page": 509,
  "width": 152,
  "verse_pos": 4
 },
 {
  "line": 8,
  "left": 205,
  "end": 373,
  "height": 44,
  "top": 312,
  "ayah": 5,
  "page": 509,
  "width": 168,
  "verse_pos": 4
 },
 {
  "line": 8,
  "left": 15,
  "end": 204,
  "height": 44,
  "top": 312,
  "ayah": 6,
  "page": 509,
  "width": 189,
  "verse_pos": 5
 },
 {
  "line": 9,
  "left": 15,
  "end": 373,
  "height": 41,
  "top": 356,
  "ayah": 6,
  "page": 509,
  "width": 358,
  "verse_pos": 5
 },
 {
  "line": 10,
  "left": 304,
  "end": 373,
  "height": 44,
  "top": 397,
  "ayah": 6,
  "page": 509,
  "width": 69,
  "verse_pos": 5
 },
 {
  "line": 10,
  "left": 15,
  "end": 303,
  "height": 44,
  "top": 397,
  "ayah": 7,
  "page": 509,
  "width": 288,
  "verse_pos": 6
 },
 {
  "line": 11,
  "left": 15,
  "end": 373,
  "height": 43,
  "top": 441,
  "ayah": 7,
  "page": 509,
  "width": 358,
  "verse_pos": 6
 },
 {
  "line": 12,
  "left": 336,
  "end": 373,
  "height": 43,
  "top": 484,
  "ayah": 7,
  "page": 509,
  "width": 37,
  "verse_pos": 6
 },
 {
  "line": 12,
  "left": 15,
  "end": 335,
  "height": 43,
  "top": 484,
  "ayah": 8,
  "page": 509,
  "width": 320,
  "verse_pos": 7
 },
 {
  "line": 13,
  "left": 265,
  "end": 373,
  "height": 43,
  "top": 527,
  "ayah": 8,
  "page": 509,
  "width": 108,
  "verse_pos": 7
 },
 {
  "line": 13,
  "left": 15,
  "end": 264,
  "height": 43,
  "top": 527,
  "ayah": 9,
  "page": 509,
  "width": 249,
  "verse_pos": 8
 },
 {
  "line": 14,
  "left": 84,
  "end": 373,
  "height": 41,
  "top": 570,
  "ayah": 9,
  "page": 509,
  "width": 289,
  "verse_pos": 8
 },
 {
  "line": 14,
  "left": 15,
  "end": 83,
  "height": 41,
  "top": 570,
  "ayah": 10,
  "page": 509,
  "width": 68,
  "verse_pos": 9
 },
 {
  "line": 15,
  "left": 15,
  "end": 373,
  "height": 42,
  "top": 611,
  "ayah": 10,
  "page": 509,
  "width": 358,
  "verse_pos": 9
 }
]