[
    {
        "line": 1,
        "left": 117,
        "end": 372,
        "height": 39,
        "top": 7,
        "ayah": 1,
        "page": 498,
        "width": 255,
        "verse_pos": 0
    },
    {
        "line": 1,
        "left": 15,
        "end": 116,
        "height": 39,
        "top": 7,
        "ayah": 2,
        "page": 498,
        "width": 101,
        "verse_pos": 1
    },
    {
        "line": 2,
        "left": 126,
        "end": 372,
        "height": 44,
        "top": 46,
        "ayah": 2,
        "page": 498,
        "width": 246,
        "verse_pos": 1
    },
    {
        "line": 2,
        "left": 15,
        "end": 125,
        "height": 44,
        "top": 46,
        "ayah": 3,
        "page": 498,
        "width": 110,
        "verse_pos": 2
    },
    {
        "line": 3,
        "left": 192,
        "end": 372,
        "height": 45,
        "top": 90,
        "ayah": 3,
        "page": 498,
        "width": 180,
        "verse_pos": 2
    },
    {
        "line": 3,
        "left": 15,
        "end": 192,
        "height": 45,
        "top": 90,
        "ayah": 4,
        "page": 498,
        "width": 177,
        "verse_pos": 3
    },
    {
        "line": 4,
        "left": 249,
        "end": 372,
        "height": 40,
        "top": 135,
        "ayah": 5,
        "page": 498,
        "width": 123,
        "verse_pos": 4
    },
    {
        "line": 4,
        "left": 60,
        "end": 249,
        "height": 40,
        "top": 135,
        "ayah": 6,
        "page": 498,
        "width": 189,
        "verse_pos": 5
    },
    {
        "line": 4,
        "left": 15,
        "end": 60,
        "height": 40,
        "top": 135,
        "ayah": 7,
        "page": 498,
        "width": 45,
        "verse_pos": 6
    },
    {
        "line": 5,
        "left": 273,
        "end": 372,
        "height": 44,
        "top": 175,
        "ayah": 7,
        "page": 498,
        "width": 99,
        "verse_pos": 6
    },
    {
        "line": 5,
        "left": 39,
        "end": 272,
        "height": 44,
        "top": 175,
        "ayah": 8,
        "page": 498,
        "width": 233,
        "verse_pos": 7
    },
    {
        "line": 5,
        "left": 15,
        "end": 38,
        "height": 44,
        "top": 175,
        "ayah": 9,
        "page": 498,
        "width": 23,
        "verse_pos": 8
    },
    {
        "line": 6,
        "left": 93,
        "end": 372,
        "height": 42,
        "top": 219,
        "ayah": 9,
        "page": 498,
        "width": 279,
        "verse_pos": 8
    },
    {
        "line": 6,
        "left": 15,
        "end": 92,
        "height": 42,
        "top": 219,
        "ayah": 10,
        "page": 498,
        "width": 77,
        "verse_pos": 9
    },
    {
        "line": 7,
        "left": 186,
        "end": 372,
        "height": 46,
        "top": 261,
        "ayah": 10,
        "page": 498,
        "width": 186,
        "verse_pos": 9
    },
    {
        "line": 7,
        "left": 15,
        "end": 185,
        "height": 46,
        "top": 261,
        "ayah": 11,
        "page": 498,
        "width": 170,
        "verse_pos": 10
    },
    {
        "line": 8,
        "left": 335,
        "end": 372,
        "height": 43,
        "top": 307,
        "ayah": 11,
        "page": 498,
        "width": 37,
        "verse_pos": 10
    },
    {
        "line": 8,
        "left": 146,
        "end": 334,
        "height": 43,
        "top": 307,
        "ayah": 12,
        "page": 498,
        "width": 188,
        "verse_pos": 11
    },
    {
        "line": 8,
        "left": 15,
        "end": 145,
        "height": 43,
        "top": 307,
        "ayah": 13,
        "page": 498,
        "width": 130,
        "verse_pos": 12
    },
    {
        "line": 9,
        "left": 333,
        "end": 372,
        "height": 42,
        "top": 350,
        "ayah": 13,
        "page": 498,
        "width": 39,
        "verse_pos": 12
    },
    {
        "line": 9,
        "left": 15,
        "end": 332,
        "height": 42,
        "top": 350,
        "ayah": 14,
        "page": 498,
        "width": 317,
        "verse_pos": 13
    },
    {
        "line": 10,
        "left": 134,
        "end": 372,
        "height": 44,
        "top": 392,
        "ayah": 15,
        "page": 498,
        "width": 238,
        "verse_pos": 14
    },
    {
        "line": 10,
        "left": 15,
        "end": 134,
        "height": 44,
        "top": 392,
        "ayah": 16,
        "page": 498,
        "width": 119,
        "verse_pos": 15
    },
    {
        "line": 11,
        "left": 207,
        "end": 372,
        "height": 40,
        "top": 436,
        "ayah": 16,
        "page": 498,
        "width": 165,
        "verse_pos": 15
    },
    {
        "line": 11,
        "left": 15,
        "end": 206,
        "height": 40,
        "top": 436,
        "ayah": 17,
        "page": 498,
        "width": 191,
        "verse_pos": 16
    },
    {
        "line": 12,
        "left": 59,
        "end": 372,
        "height": 43,
        "top": 476,
        "ayah": 17,
        "page": 498,
        "width": 313,
        "verse_pos": 16
    },
    {
        "line": 12,
        "left": 15,
        "end": 58,
        "height": 43,
        "top": 476,
        "ayah": 18,
        "page": 498,
        "width": 43,
        "verse_pos": 17
    },
    {
        "line": 13,
        "left": 139,
        "end": 372,
        "height": 46,
        "top": 519,
        "ayah": 18,
        "page": 498,
        "width": 233,
        "verse_pos": 17
    },
    {
        "line": 13,
        "left": 15,
        "end": 138,
        "height": 46,
        "top": 519,
        "ayah": 19,
        "page": 498,
        "width": 123,
        "verse_pos": 18
    },
    {
        "line": 14,
        "left": 200,
        "end": 372,
        "height": 39,
        "top": 565,
        "ayah": 19,
        "page": 498,
        "width": 172,
        "verse_pos": 18
    },
    {
        "line": 14,
        "left": 15,
        "end": 199,
        "height": 39,
        "top": 565,
        "ayah": 20,
        "page": 498,
        "width": 184,
        "verse_pos": 19
    }
]