[
 {
  "line": 1,
  "left": 14,
  "end": 373,
  "height": 39,
  "top": 7,
  "ayah": 1,
  "page": 359,
  "width": 359,
  "verse_pos": 0
 },
 {
  "line": 2,
  "left": 14,
  "end": 373,
  "height": 45,
  "top": 46,
  "ayah": 1,
  "page": 359,
  "width": 359,
  "verse_pos": 0
 },
 {
  "line": 3,
  "left": 14,
  "end": 373,
  "height": 43,
  "top": 91,
  "ayah": 1,
  "page": 359,
  "width": 359,
  "verse_pos": 0
 },
 {
  "line": 4,
  "left": 14,
  "end": 373,
  "height": 43,
  "top": 134,
  "ayah": 1,
  "page": 359,
  "width": 359,
  "verse_pos": 0
 },
 {
  "line": 5,
  "left": 168,
  "end": 373,
  "height": 40,
  "top": 177,
  "ayah": 1,
  "page": 359,
  "width": 205,
  "verse_pos": 0
 },
 {
  "line": 5,
  "left": 14,
  "end": 167,
  "height": 40,
  "top": 177,
  "ayah": 2,
  "page": 359,
  "width": 153,
  "verse_pos": 1
 },
 {
  "line": 6,
  "left": 14,
  "end": 373,
  "height": 46,
  "top": 217,
  "ayah": 2,
  "page": 359,
  "width": 359,
  "verse_pos": 1
 },
 {
  "line": 7,
  "left": 14,
  "end": 373,
  "height": 43,
  "top": 263,
  "ayah": 2,
  "page": 359,
  "width": 359,
  "verse_pos": 1
 },
 {
  "line": 8,
  "left": 84,
  "end": 373,
  "height": 44,
  "top": 306,
  "ayah": 2,
  "page": 359,
  "width": 289,
  "verse_pos": 1
 },
 {
  "line": 8,
  "left": 14,
  "end": 83,
  "height": 44,
  "top": 306,
  "ayah": 3,
  "page": 359,
  "width": 69,
  "verse_pos": 2
 },
 {
  "line": 9,
  "left": 14,
  "end": 373,
  "height": 38,
  "top": 350,
  "ayah": 3,
  "page": 359,
  "width": 359,
  "verse_pos": 2
 },
 {
  "line": 10,
  "left": 14,
  "end": 373,
  "height": 45,
  "top": 388,
  "ayah": 3,
  "page": 359,
  "width": 359,
  "verse_pos": 2
 },
 {
  "line": 11,
  "left": 14,
  "end": 373,
  "height": 42,
  "top": 522,
  "ayah": 5,
  "page": 359,
  "width": 359,
  "verse_pos": 4
 },
 {
  "line": 12,
  "left": 338,
  "end": 373,
  "height": 43,
  "top": 564,
  "ayah": 5,
  "page": 359,
  "width": 35,
  "verse_pos": 4
 },
 {
  "line": 12,
  "left": 14,
  "end": 337,
  "height": 43,
  "top": 564,
  "ayah": 6,
  "page": 359,
  "width": 323,
  "verse_pos": 5
 },
 {
  "line": 13,
  "left": 14,
  "end": 373,
  "height": 42,
  "top": 607,
  "ayah": 6,
  "page": 359,
  "width": 359,
  "verse_pos": 5
 }
]