[
 {
  "line": 1,
  "left": 16,
  "end": 375,
  "height": 45,
  "top": 7,
  "ayah": 1,
  "page": 408,
  "width": 359,
  "verse_pos": 0
 },
 {
  "line": 2,
  "left": 102,
  "end": 375,
  "height": 40,
  "top": 52,
  "ayah": 1,
  "page": 408,
  "width": 273,
  "verse_pos": 0
 },
 {
  "line": 2,
  "left": 16,
  "end": 101,
  "height": 40,
  "top": 52,
  "ayah": 2,
  "page": 408,
  "width": 85,
  "verse_pos": 1
 },
 {
  "line": 3,
  "left": 116,
  "end": 375,
  "height": 45,
  "top": 92,
  "ayah": 2,
  "page": 408,
  "width": 259,
  "verse_pos": 1
 },
 {
  "line": 3,
  "left": 16,
  "end": 115,
  "height": 45,
  "top": 92,
  "ayah": 3,
  "page": 408,
  "width": 99,
  "verse_pos": 2
 },
 {
  "line": 4,
  "left": 100,
  "end": 375,
  "height": 42,
  "top": 137,
  "ayah": 3,
  "page": 408,
  "width": 275,
  "verse_pos": 2
 },
 {
  "line": 4,
  "left": 16,
  "end": 99,
  "height": 42,
  "top": 137,
  "ayah": 4,
  "page": 408,
  "width": 83,
  "verse_pos": 3
 },
 {
  "line": 5,
  "left": 16,
  "end": 375,
  "height": 43,
  "top": 179,
  "ayah": 4,
  "page": 408,
  "width": 359,
  "verse_pos": 3
 },
 {
  "line": 6,
  "left": 248,
  "end": 375,
  "height": 44,
  "top": 222,
  "ayah": 4,
  "page": 408,
  "width": 127,
  "verse_pos": 3
 },
 {
  "line": 6,
  "left": 16,
  "end": 247,
  "height": 44,
  "top": 222,
  "ayah": 5,
  "page": 408,
  "width": 231,
  "verse_pos": 4
 },
 {
  "line": 7,
  "left": 104,
  "end": 375,
  "height": 43,
  "top": 266,
  "ayah": 5,
  "page": 408,
  "width": 271,
  "verse_pos": 4
 },
 {
  "line": 7,
  "left": 16,
  "end": 103,
  "height": 43,
  "top": 266,
  "ayah": 6,
  "page": 408,
  "width": 87,
  "verse_pos": 5
 },
 {
  "line": 8,
  "left": 16,
  "end": 375,
  "height": 40,
  "top": 309,
  "ayah": 6,
  "page": 408,
  "width": 359,
  "verse_pos": 5
 },
 {
  "line": 9,
  "left": 136,
  "end": 375,
  "height": 41,
  "top": 349,
  "ayah": 6,
  "page": 408,
  "width": 239,
  "verse_pos": 5
 },
 {
  "line": 9,
  "left": 16,
  "end": 135,
  "height": 41,
  "top": 349,
  "ayah": 7,
  "page": 408,
  "width": 119,
  "verse_pos": 6
 },
 {
  "line": 10,
  "left": 16,
  "end": 375,
  "height": 45,
  "top": 390,
  "ayah": 7,
  "page": 408,
  "width": 359,
  "verse_pos": 6
 },
 {
  "line": 11,
  "left": 76,
  "end": 375,
  "height": 41,
  "top": 435,
  "ayah": 7,
  "page": 408,
  "width": 299,
  "verse_pos": 6
 },
 {
  "line": 11,
  "left": 16,
  "end": 75,
  "height": 41,
  "top": 435,
  "ayah": 8,
  "page": 408,
  "width": 59,
  "verse_pos": 7
 },
 {
  "line": 12,
  "left": 16,
  "end": 375,
  "height": 49,
  "top": 476,
  "ayah": 8,
  "page": 408,
  "width": 359,
  "verse_pos": 7
 },
 {
  "line": 13,
  "left": 16,
  "end": 375,
  "height": 42,
  "top": 525,
  "ayah": 8,
  "page": 408,
  "width": 359,
  "verse_pos": 7
 },
 {
  "line": 14,
  "left": 262,
  "end": 375,
  "height": 41,
  "top": 567,
  "ayah": 8,
  "page": 408,
  "width": 113,
  "verse_pos": 7
 },
 {
  "line": 14,
  "left": 16,
  "end": 261,
  "height": 41,
  "top": 567,
  "ayah": 9,
  "page": 408,
  "width": 245,
  "verse_pos": 8
 },
 {
  "line": 15,
  "left": 16,
  "end": 375,
  "height": 42,
  "top": 608,
  "ayah": 9,
  "page": 408,
  "width": 359,
  "verse_pos": 8
 }
]
