[
 {
  "line": 1,
  "left": 15,
  "end": 373,
  "height": 42,
  "top": 7,
  "ayah": 1,
  "page": 315,
  "width": 358,
  "verse_pos": 0
 },
 {
  "line": 2,
  "left": 15,
  "end": 373,
  "height": 44,
  "top": 49,
  "ayah": 2,
  "page": 315,
  "width": 358,
  "verse_pos": 1
 },
 {
  "line": 3,
  "left": 48,
  "end": 373,
  "height": 39,
  "top": 93,
  "ayah": 2,
  "page": 315,
  "width": 325,
  "verse_pos": 1
 },
 {
  "line": 3,
  "left": 15,
  "end": 47,
  "height": 39,
  "top": 93,
  "ayah": 3,
  "page": 315,
  "width": 32,
  "verse_pos": 2
 },
 {
  "line": 4,
  "left": 62,
  "end": 373,
  "height": 45,
  "top": 132,
  "ayah": 3,
  "page": 315,
  "width": 311,
  "verse_pos": 2
 },
 {
  "line": 4,
  "left": 15,
  "end": 61,
  "height": 45,
  "top": 132,
  "ayah": 4,
  "page": 315,
  "width": 46,
  "verse_pos": 3
 },
 {
  "line": 5,
  "left": 52,
  "end": 373,
  "height": 44,
  "top": 177,
  "ayah": 4,
  "page": 315,
  "width": 321,
  "verse_pos": 3
 },
 {
  "line": 5,
  "left": 15,
  "end": 51,
  "height": 44,
  "top": 177,
  "ayah": 5,
  "page": 315,
  "width": 36,
  "verse_pos": 4
 },
 {
  "line": 6,
  "left": 142,
  "end": 373,
  "height": 43,
  "top": 221,
  "ayah": 5,
  "page": 315,
  "width": 231,
  "verse_pos": 4
 },
 {
  "line": 6,
  "left": 15,
  "end": 141,
  "height": 43,
  "top": 221,
  "ayah": 6,
  "page": 315,
  "width": 126,
  "verse_pos": 5
 },
 {
  "line": 7,
  "left": 168,
  "end": 373,
  "height": 43,
  "top": 264,
  "ayah": 6,
  "page": 315,
  "width": 205,
  "verse_pos": 5
 },
 {
  "line": 7,
  "left": 15,
  "end": 167,
  "height": 43,
  "top": 264,
  "ayah": 7,
  "page": 315,
  "width": 152,
  "verse_pos": 6
 },
 {
  "line": 8,
  "left": 15,
  "end": 373,
  "height": 43,
  "top": 307,
  "ayah": 7,
  "page": 315,
  "width": 358,
  "verse_pos": 6
 },
 {
  "line": 9,
  "left": 300,
  "end": 373,
  "height": 43,
  "top": 350,
  "ayah": 7,
  "page": 315,
  "width": 73,
  "verse_pos": 6
 },
 {
  "line": 9,
  "left": 15,
  "end": 299,
  "height": 43,
  "top": 350,
  "ayah": 8,
  "page": 315,
  "width": 284,
  "verse_pos": 7
 },
 {
  "line": 10,
  "left": 337,
  "end": 373,
  "height": 44,
  "top": 393,
  "ayah": 8,
  "page": 315,
  "width": 36,
  "verse_pos": 7
 },
 {
  "line": 10,
  "left": 88,
  "end": 336,
  "height": 44,
  "top": 393,
  "ayah": 9,
  "page": 315,
  "width": 248,
  "verse_pos": 8
 },
 {
  "line": 10,
  "left": 15,
  "end": 87,
  "height": 44,
  "top": 393,
  "ayah": 10,
  "page": 315,
  "width": 72,
  "verse_pos": 9
 },
 {
  "line": 11,
  "left": 15,
  "end": 373,
  "height": 43,
  "top": 437,
  "ayah": 10,
  "page": 315,
  "width": 358,
  "verse_pos": 9
 },
 {
  "line": 12,
  "left": 212,
  "end": 373,
  "height": 42,
  "top": 480,
  "ayah": 10,
  "page": 315,
  "width": 161,
  "verse_pos": 9
 },
 {
  "line": 12,
  "left": 15,
  "end": 211,
  "height": 42,
  "top": 480,
  "ayah": 11,
  "page": 315,
  "width": 196,
  "verse_pos": 10
 },
 {
  "line": 13,
  "left": 292,
  "end": 373,
  "height": 45,
  "top": 522,
  "ayah": 11,
  "page": 315,
  "width": 81,
  "verse_pos": 10
 },
 {
  "line": 13,
  "left": 15,
  "end": 291,
  "height": 45,
  "top": 522,
  "ayah": 12,
  "page": 315,
  "width": 276,
  "verse_pos": 11
 },
 {
  "line": 14,
  "left": 62,
  "end": 373,
  "height": 38,
  "top": 567,
  "ayah": 12,
  "page": 315,
  "width": 311,
  "verse_pos": 11
 },
 {
  "line": 14,
  "left": 15,
  "end": 61,
  "height": 38,
  "top": 567,
  "ayah": 13,
  "page": 315,
  "width": 46,
  "verse_pos": 12
 },
 {
  "line": 15,
  "left": 15,
  "end": 373,
  "height": 42,
  "top": 605,
  "ayah": 13,
  "page": 315,
  "width": 358,
  "verse_pos": 12
 }
]