[
 {
  "line": 1,
  "left": 13,
  "end": 374,
  "height": 44,
  "top": 7,
  "ayah": 1,
  "page": 500,
  "width": 361,
  "verse_pos": 0
 },
 {
  "line": 2,
  "left": 199,
  "end": 374,
  "height": 40,
  "top": 51,
  "ayah": 1,
  "page": 500,
  "width": 175,
  "verse_pos": 0
 },
 {
  "line": 2,
  "left": 13,
  "end": 198,
  "height": 40,
  "top": 51,
  "ayah": 2,
  "page": 500,
  "width": 185,
  "verse_pos": 1
 },
 {
  "line": 3,
  "left": 90,
  "end": 374,
  "height": 44,
  "top": 91,
  "ayah": 2,
  "page": 500,
  "width": 284,
  "verse_pos": 1
 },
 {
  "line": 3,
  "left": 13,
  "end": 89,
  "height": 44,
  "top": 91,
  "ayah": 3,
  "page": 500,
  "width": 76,
  "verse_pos": 2
 },
 {
  "line": 4,
  "left": 13,
  "end": 374,
  "height": 45,
  "top": 135,
  "ayah": 3,
  "page": 500,
  "width": 361,
  "verse_pos": 2
 },
 {
  "line": 5,
  "left": 195,
  "end": 374,
  "height": 42,
  "top": 180,
  "ayah": 3,
  "page": 500,
  "width": 179,
  "verse_pos": 2
 },
 {
  "line": 5,
  "left": 13,
  "end": 194,
  "height": 42,
  "top": 180,
  "ayah": 4,
  "page": 500,
  "width": 181,
  "verse_pos": 3
 },
 {
  "line": 6,
  "left": 13,
  "end": 374,
  "height": 45,
  "top": 222,
  "ayah": 4,
  "page": 500,
  "width": 361,
  "verse_pos": 3
 },
 {
  "line": 7,
  "left": 13,
  "end": 374,
  "height": 42,
  "top": 267,
  "ayah": 4,
  "page": 500,
  "width": 361,
  "verse_pos": 3
 },
 {
  "line": 8,
  "left": 339,
  "end": 374,
  "height": 42,
  "top": 309,
  "ayah": 4,
  "page": 500,
  "width": 35,
  "verse_pos": 3
 },
 {
  "line": 8,
  "left": 13,
  "end": 338,
  "height": 42,
  "top": 309,
  "ayah": 5,
  "page": 500,
  "width": 325,
  "verse_pos": 4
 },
 {
  "line": 9,
  "left": 196,
  "end": 374,
  "height": 41,
  "top": 351,
  "ayah": 5,
  "page": 500,
  "width": 178,
  "verse_pos": 4
 },
 {
  "line": 9,
  "left": 13,
  "end": 196,
  "height": 41,
  "top": 351,
  "ayah": 6,
  "page": 500,
  "width": 183,
  "verse_pos": 5
 },
 {
  "line": 10,
  "left": 13,
  "end": 374,
  "height": 47,
  "top": 392,
  "ayah": 6,
  "page": 500,
  "width": 361,
  "verse_pos": 5
 },
 {
  "line": 11,
  "left": 337,
  "end": 374,
  "height": 41,
  "top": 439,
  "ayah": 6,
  "page": 500,
  "width": 37,
  "verse_pos": 5
 },
 {
  "line": 11,
  "left": 13,
  "end": 336,
  "height": 41,
  "top": 439,
  "ayah": 7,
  "page": 500,
  "width": 323,
  "verse_pos": 6
 },
 {
  "line": 12,
  "left": 338,
  "end": 374,
  "height": 42,
  "top": 480,
  "ayah": 7,
  "page": 500,
  "width": 36,
  "verse_pos": 6
 },
 {
  "line": 12,
  "left": 13,
  "end": 337,
  "height": 42,
  "top": 480,
  "ayah": 8,
  "page": 500,
  "width": 324,
  "verse_pos": 7
 },
 {
  "line": 13,
  "left": 13,
  "end": 374,
  "height": 45,
  "top": 522,
  "ayah": 8,
  "page": 500,
  "width": 361,
  "verse_pos": 7
 },
 {
  "line": 14,
  "left": 244,
  "end": 374,
  "height": 39,
  "top": 567,
  "ayah": 8,
  "page": 500,
  "width": 130,
  "verse_pos": 7
 },
 {
  "line": 14,
  "left": 13,
  "end": 243,
  "height": 39,
  "top": 567,
  "ayah": 9,
  "page": 500,
  "width": 230,
  "verse_pos": 8
 },
 {
  "line": 15,
  "left": 13,
  "end": 374,
  "height": 42,
  "top": 606,
  "ayah": 9,
  "page": 500,
  "width": 361,
  "verse_pos": 8
 }
]