[
 {
  "line": 1,
  "left": 12,
  "end": 374,
  "height": 38,
  "top": 7,
  "ayah": 1,
  "page": 276,
  "width": 362,
  "verse_pos": 0
 },
 {
  "line": 2,
  "left": 12,
  "end": 374,
  "height": 46,
  "top": 45,
  "ayah": 1,
  "page": 276,
  "width": 362,
  "verse_pos": 0
 },
 {
  "line": 3,
  "left": 12,
  "end": 374,
  "height": 43,
  "top": 91,
  "ayah": 1,
  "page": 276,
  "width": 362,
  "verse_pos": 0
 },
 {
  "line": 4,
  "left": 338,
  "end": 374,
  "height": 42,
  "top": 134,
  "ayah": 1,
  "page": 276,
  "width": 36,
  "verse_pos": 0
 },
 {
  "line": 4,
  "left": 12,
  "end": 337,
  "height": 42,
  "top": 134,
  "ayah": 2,
  "page": 276,
  "width": 325,
  "verse_pos": 1
 },
 {
  "line": 5,
  "left": 12,
  "end": 374,
  "height": 41,
  "top": 176,
  "ayah": 2,
  "page": 276,
  "width": 362,
  "verse_pos": 1
 },
 {
  "line": 6,
  "left": 12,
  "end": 374,
  "height": 45,
  "top": 217,
  "ayah": 2,
  "page": 276,
  "width": 362,
  "verse_pos": 1
 },
 {
  "line": 7,
  "left": 140,
  "end": 374,
  "height": 45,
  "top": 262,
  "ayah": 2,
  "page": 276,
  "width": 234,
  "verse_pos": 1
 },
 {
  "line": 7,
  "left": 12,
  "end": 139,
  "height": 45,
  "top": 262,
  "ayah": 3,
  "page": 276,
  "width": 127,
  "verse_pos": 2
 },
 {
  "line": 8,
  "left": 249,
  "end": 374,
  "height": 42,
  "top": 307,
  "ayah": 3,
  "page": 276,
  "width": 125,
  "verse_pos": 2
 },
 {
  "line": 8,
  "left": 12,
  "end": 248,
  "height": 42,
  "top": 307,
  "ayah": 4,
  "page": 276,
  "width": 236,
  "verse_pos": 3
 },
 {
  "line": 9,
  "left": 152,
  "end": 374,
  "height": 42,
  "top": 349,
  "ayah": 4,
  "page": 276,
  "width": 222,
  "verse_pos": 3
 },
 {
  "line": 9,
  "left": 12,
  "end": 151,
  "height": 42,
  "top": 349,
  "ayah": 5,
  "page": 276,
  "width": 139,
  "verse_pos": 4
 },
 {
  "line": 10,
  "left": 12,
  "end": 374,
  "height": 43,
  "top": 391,
  "ayah": 5,
  "page": 276,
  "width": 362,
  "verse_pos": 4
 },
 {
  "line": 11,
  "left": 337,
  "end": 374,
  "height": 44,
  "top": 434,
  "ayah": 5,
  "page": 276,
  "width": 37,
  "verse_pos": 4
 },
 {
  "line": 11,
  "left": 12,
  "end": 336,
  "height": 44,
  "top": 434,
  "ayah": 6,
  "page": 276,
  "width": 324,
  "verse_pos": 5
 },
 {
  "line": 12,
  "left": 264,
  "end": 374,
  "height": 39,
  "top": 478,
  "ayah": 6,
  "page": 276,
  "width": 110,
  "verse_pos": 5
 },
 {
  "line": 12,
  "left": 12,
  "end": 265,
  "height": 39,
  "top": 478,
  "ayah": 7,
  "page": 276,
  "width": 253,
  "verse_pos": 6
 },
 {
  "line": 13,
  "left": 12,
  "end": 374,
  "height": 45,
  "top": 517,
  "ayah": 7,
  "page": 276,
  "width": 362,
  "verse_pos": 6
 },
 {
  "line": 14,
  "left": 60,
  "end": 374,
  "height": 42,
  "top": 562,
  "ayah": 7,
  "page": 276,
  "width": 314,
  "verse_pos": 6
 },
 {
  "line": 14,
  "left": 12,
  "end": 59,
  "height": 42,
  "top": 562,
  "ayah": 8,
  "page": 276,
  "width": 47,
  "verse_pos": 7
 },
 {
  "line": 15,
  "left": 12,
  "end": 374,
  "height": 46,
  "top": 604,
  "ayah": 8,
  "page": 276,
  "width": 362,
  "verse_pos": 7
 }
]