[
 {
  "line": 1,
  "left": 15,
  "end": 370,
  "height": 40,
  "top": 45,
  "ayah": 2,
  "page": 77,
  "width": 355,
  "verse_pos": 1
 },
 {
  "line": 2,
  "left": 15,
  "end": 370,
  "height": 44,
  "top": 85,
  "ayah": 2,
  "page": 77,
  "width": 355,
  "verse_pos": 1
 },
 {
  "line": 3,
  "left": 130,
  "end": 370,
  "height": 42,
  "top": 129,
  "ayah": 2,
  "page": 77,
  "width": 240,
  "verse_pos": 1
 },
 {
  "line": 3,
  "left": 15,
  "end": 129,
  "height": 42,
  "top": 129,
  "ayah": 3,
  "page": 77,
  "width": 114,
  "verse_pos": 2
 },
 {
  "line": 4,
  "left": 15,
  "end": 370,
  "height": 44,
  "top": 171,
  "ayah": 3,
  "page": 77,
  "width": 355,
  "verse_pos": 2
 },
 {
  "line": 5,
  "left": 252,
  "end": 370,
  "height": 40,
  "top": 215,
  "ayah": 3,
  "page": 77,
  "width": 118,
  "verse_pos": 2
 },
 {
  "line": 5,
  "left": 15,
  "end": 251,
  "height": 40,
  "top": 215,
  "ayah": 4,
  "page": 77,
  "width": 236,
  "verse_pos": 3
 },
 {
  "line": 6,
  "left": 15,
  "end": 370,
  "height": 45,
  "top": 255,
  "ayah": 4,
  "page": 77,
  "width": 355,
  "verse_pos": 3
 },
 {
  "line": 7,
  "left": 57,
  "end": 370,
  "height": 41,
  "top": 300,
  "ayah": 4,
  "page": 77,
  "width": 313,
  "verse_pos": 3
 },
 {
  "line": 7,
  "left": 15,
  "end": 56,
  "height": 41,
  "top": 300,
  "ayah": 5,
  "page": 77,
  "width": 41,
  "verse_pos": 4
 },
 {
  "line": 8,
  "left": 15,
  "end": 370,
  "height": 46,
  "top": 341,
  "ayah": 5,
  "page": 77,
  "width": 355,
  "verse_pos": 4
 },
 {
  "line": 9,
  "left": 266,
  "end": 370,
  "height": 43,
  "top": 387,
  "ayah": 5,
  "page": 77,
  "width": 104,
  "verse_pos": 4
 },
 {
  "line": 9,
  "left": 15,
  "end": 265,
  "height": 43,
  "top": 387,
  "ayah": 6,
  "page": 77,
  "width": 250,
  "verse_pos": 5
 },
 {
  "line": 10,
  "left": 53,
  "end": 370,
  "height": 46,
  "top": 430,
  "ayah": 6,
  "page": 77,
  "width": 317,
  "verse_pos": 5
 },
 {
  "line": 10,
  "left": 15,
  "end": 52,
  "height": 46,
  "top": 430,
  "ayah": 7,
  "page": 77,
  "width": 37,
  "verse_pos": 6
 },
 {
  "line": 11,
  "left": 15,
  "end": 370,
  "height": 36,
  "top": 476,
  "ayah": 7,
  "page": 77,
  "width": 355,
  "verse_pos": 6
 },
 {
  "line": 12,
  "left": 15,
  "end": 370,
  "height": 46,
  "top": 512,
  "ayah": 7,
  "page": 77,
  "width": 355,
  "verse_pos": 6
 },
 {
  "line": 13,
  "left": 15,
  "end": 370,
  "height": 44,
  "top": 558,
  "ayah": 7,
  "page": 77,
  "width": 355,
  "verse_pos": 6
 },
 {
  "line": 14,
  "left": 15,
  "end": 370,
  "height": 45,
  "top": 602,
  "ayah": 7,
  "page": 77,
  "width": 355,
  "verse_pos": 6
 }
]