[
 {
  "line": 1,
  "left": 10,
  "end": 378,
  "height": 45,
  "top": 7,
  "ayah": 1,
  "page": 433,
  "width": 368,
  "verse_pos": 0
 },
 {
  "line": 2,
  "left": 290,
  "end": 378,
  "height": 36,
  "top": 52,
  "ayah": 1,
  "page": 433,
  "width": 88,
  "verse_pos": 0
 },
 {
  "line": 2,
  "left": 10,
  "end": 289,
  "height": 36,
  "top": 52,
  "ayah": 2,
  "page": 433,
  "width": 279,
  "verse_pos": 1
 },
 {
  "line": 3,
  "left": 97,
  "end": 378,
  "height": 46,
  "top": 88,
  "ayah": 2,
  "page": 433,
  "width": 281,
  "verse_pos": 1
 },
 {
  "line": 3,
  "left": 10,
  "end": 96,
  "height": 46,
  "top": 88,
  "ayah": 3,
  "page": 433,
  "width": 86,
  "verse_pos": 2
 },
 {
  "line": 4,
  "left": 10,
  "end": 378,
  "height": 43,
  "top": 134,
  "ayah": 3,
  "page": 433,
  "width": 368,
  "verse_pos": 2
 },
 {
  "line": 5,
  "left": 179,
  "end": 378,
  "height": 42,
  "top": 177,
  "ayah": 3,
  "page": 433,
  "width": 199,
  "verse_pos": 2
 },
 {
  "line": 5,
  "left": 10,
  "end": 178,
  "height": 42,
  "top": 177,
  "ayah": 4,
  "page": 433,
  "width": 168,
  "verse_pos": 3
 },
 {
  "line": 6,
  "left": 10,
  "end": 378,
  "height": 44,
  "top": 219,
  "ayah": 4,
  "page": 433,
  "width": 368,
  "verse_pos": 3
 },
 {
  "line": 7,
  "left": 10,
  "end": 378,
  "height": 43,
  "top": 263,
  "ayah": 4,
  "page": 433,
  "width": 368,
  "verse_pos": 3
 },
 {
  "line": 8,
  "left": 154,
  "end": 378,
  "height": 43,
  "top": 306,
  "ayah": 4,
  "page": 433,
  "width": 224,
  "verse_pos": 3
 },
 {
  "line": 8,
  "left": 10,
  "end": 153,
  "height": 43,
  "top": 306,
  "ayah": 5,
  "page": 433,
  "width": 143,
  "verse_pos": 4
 },
 {
  "line": 9,
  "left": 69,
  "end": 378,
  "height": 43,
  "top": 349,
  "ayah": 5,
  "page": 433,
  "width": 309,
  "verse_pos": 4
 },
 {
  "line": 9,
  "left": 10,
  "end": 68,
  "height": 43,
  "top": 349,
  "ayah": 6,
  "page": 433,
  "width": 58,
  "verse_pos": 5
 },
 {
  "line": 10,
  "left": 10,
  "end": 378,
  "height": 44,
  "top": 392,
  "ayah": 6,
  "page": 433,
  "width": 368,
  "verse_pos": 5
 },
 {
  "line": 11,
  "left": 226,
  "end": 378,
  "height": 40,
  "top": 436,
  "ayah": 6,
  "page": 433,
  "width": 152,
  "verse_pos": 5
 },
 {
  "line": 11,
  "left": 10,
  "end": 225,
  "height": 40,
  "top": 436,
  "ayah": 7,
  "page": 433,
  "width": 215,
  "verse_pos": 6
 },
 {
  "line": 12,
  "left": 10,
  "end": 378,
  "height": 44,
  "top": 476,
  "ayah": 7,
  "page": 433,
  "width": 368,
  "verse_pos": 6
 },
 {
  "line": 13,
  "left": 10,
  "end": 378,
  "height": 43,
  "top": 520,
  "ayah": 7,
  "page": 433,
  "width": 368,
  "verse_pos": 6
 },
 {
  "line": 14,
  "left": 10,
  "end": 378,
  "height": 47,
  "top": 563,
  "ayah": 8,
  "page": 433,
  "width": 368,
  "verse_pos": 7
 },
 {
  "line": 15,
  "left": 257,
  "end": 378,
  "height": 42,
  "top": 610,
  "ayah": 8,
  "page": 433,
  "width": 121,
  "verse_pos": 7
 },
 {
  "line": 15,
  "left": 10,
  "end": 256,
  "height": 42,
  "top": 610,
  "ayah": 9,
  "page": 433,
  "width": 246,
  "verse_pos": 8
 }
]