[
    {
        "line": 1,
        "left": 94,
        "end": 378,
        "height": 39,
        "top": 7,
        "ayah": 1,
        "page": 444,
        "width": 284,
        "verse_pos": 0
    },
    {
        "line": 1,
        "left": 12,
        "end": 93,
        "height": 39,
        "top": 7,
        "ayah": 2,
        "page": 444,
        "width": 81,
        "verse_pos": 1
    },
    {
        "line": 2,
        "left": 146,
        "end": 378,
        "height": 45,
        "top": 46,
        "ayah": 2,
        "page": 444,
        "width": 232,
        "verse_pos": 1
    },
    {
        "line": 2,
        "left": 12,
        "end": 145,
        "height": 45,
        "top": 46,
        "ayah": 3,
        "page": 444,
        "width": 133,
        "verse_pos": 2
    },
    {
        "line": 3,
        "left": 282,
        "end": 378,
        "height": 42,
        "top": 91,
        "ayah": 3,
        "page": 444,
        "width": 96,
        "verse_pos": 2
    },
    {
        "line": 3,
        "left": 97,
        "end": 281,
        "height": 42,
        "top": 91,
        "ayah": 4,
        "page": 444,
        "width": 184,
        "verse_pos": 3
    },
    {
        "line": 3,
        "left": 12,
        "end": 96,
        "height": 42,
        "top": 91,
        "ayah": 5,
        "page": 444,
        "width": 84,
        "verse_pos": 4
    },
    {
        "line": 4,
        "left": 250,
        "end": 378,
        "height": 43,
        "top": 133,
        "ayah": 5,
        "page": 444,
        "width": 128,
        "verse_pos": 4
    },
    {
        "line": 4,
        "left": 12,
        "end": 249,
        "height": 43,
        "top": 133,
        "ayah": 6,
        "page": 444,
        "width": 237,
        "verse_pos": 5
    },
    {
        "line": 5,
        "left": 106,
        "end": 378,
        "height": 41,
        "top": 176,
        "ayah": 6,
        "page": 444,
        "width": 272,
        "verse_pos": 5
    },
    {
        "line": 5,
        "left": 12,
        "end": 105,
        "height": 41,
        "top": 176,
        "ayah": 7,
        "page": 444,
        "width": 93,
        "verse_pos": 6
    },
    {
        "line": 6,
        "left": 207,
        "end": 378,
        "height": 46,
        "top": 217,
        "ayah": 7,
        "page": 444,
        "width": 171,
        "verse_pos": 6
    },
    {
        "line": 6,
        "left": 12,
        "end": 206,
        "height": 46,
        "top": 217,
        "ayah": 8,
        "page": 444,
        "width": 194,
        "verse_pos": 7
    },
    {
        "line": 7,
        "left": 222,
        "end": 378,
        "height": 42,
        "top": 263,
        "ayah": 8,
        "page": 444,
        "width": 156,
        "verse_pos": 7
    },
    {
        "line": 7,
        "left": 12,
        "end": 221,
        "height": 42,
        "top": 263,
        "ayah": 9,
        "page": 444,
        "width": 209,
        "verse_pos": 8
    },
    {
        "line": 8,
        "left": 341,
        "end": 378,
        "height": 44,
        "top": 305,
        "ayah": 9,
        "page": 444,
        "width": 37,
        "verse_pos": 8
    },
    {
        "line": 8,
        "left": 93,
        "end": 340,
        "height": 44,
        "top": 305,
        "ayah": 10,
        "page": 444,
        "width": 247,
        "verse_pos": 9
    },
    {
        "line": 8,
        "left": 12,
        "end": 92,
        "height": 44,
        "top": 305,
        "ayah": 11,
        "page": 444,
        "width": 80,
        "verse_pos": 10
    },
    {
        "line": 9,
        "left": 12,
        "end": 378,
        "height": 44,
        "top": 349,
        "ayah": 11,
        "page": 444,
        "width": 366,
        "verse_pos": 10
    },
    {
        "line": 10,
        "left": 275,
        "end": 378,
        "height": 41,
        "top": 393,
        "ayah": 11,
        "page": 444,
        "width": 103,
        "verse_pos": 10
    },
    {
        "line": 10,
        "left": 12,
        "end": 274,
        "height": 41,
        "top": 393,
        "ayah": 12,
        "page": 444,
        "width": 262,
        "verse_pos": 11
    },
    {
        "line": 11,
        "left": 170,
        "end": 378,
        "height": 44,
        "top": 434,
        "ayah": 12,
        "page": 444,
        "width": 208,
        "verse_pos": 11
    },
    {
        "line": 11,
        "left": 12,
        "end": 169,
        "height": 44,
        "top": 434,
        "ayah": 13,
        "page": 444,
        "width": 157,
        "verse_pos": 12
    },
    {
        "line": 12,
        "left": 12,
        "end": 378,
        "height": 41,
        "top": 478,
        "ayah": 13,
        "page": 444,
        "width": 366,
        "verse_pos": 12
    },
    {
        "line": 13,
        "left": 339,
        "end": 378,
        "height": 44,
        "top": 519,
        "ayah": 13,
        "page": 444,
        "width": 39,
        "verse_pos": 12
    },
    {
        "line": 13,
        "left": 12,
        "end": 338,
        "height": 44,
        "top": 519,
        "ayah": 14,
        "page": 444,
        "width": 326,
        "verse_pos": 13
    },
    {
        "line": 14,
        "left": 12,
        "end": 378,
        "height": 44,
        "top": 563,
        "ayah": 15,
        "page": 444,
        "width": 366,
        "verse_pos": 14
    },
    {
        "line": 15,
        "left": 340,
        "end": 378,
        "height": 42,
        "top": 607,
        "ayah": 15,
        "page": 444,
        "width": 38,
        "verse_pos": 14
    },
    {
        "line": 15,
        "left": 12,
        "end": 339,
        "height": 42,
        "top": 607,
        "ayah": 16,
        "page": 444,
        "width": 327,
        "verse_pos": 15
    }
]