[
 {
  "line": 1,
  "left": 14,
  "end": 373,
  "height": 41,
  "top": 45,
  "ayah": 2,
  "page": 549,
  "width": 359,
  "verse_pos": 1
 },
 {
  "line": 2,
  "left": 14,
  "end": 373,
  "height": 41,
  "top": 86,
  "ayah": 2,
  "page": 549,
  "width": 359,
  "verse_pos": 1
 },
 {
  "line": 3,
  "left": 14,
  "end": 373,
  "height": 46,
  "top": 127,
  "ayah": 2,
  "page": 549,
  "width": 359,
  "verse_pos": 1
 },
 {
  "line": 4,
  "left": 14,
  "end": 373,
  "height": 42,
  "top": 173,
  "ayah": 2,
  "page": 549,
  "width": 359,
  "verse_pos": 1
 },
 {
  "line": 5,
  "left": 38,
  "end": 373,
  "height": 46,
  "top": 215,
  "ayah": 2,
  "page": 549,
  "width": 335,
  "verse_pos": 1
 },
 {
  "line": 5,
  "left": 14,
  "end": 38,
  "height": 46,
  "top": 215,
  "ayah": 3,
  "page": 549,
  "width": 24,
  "verse_pos": 2
 },
 {
  "line": 6,
  "left": 14,
  "end": 373,
  "height": 37,
  "top": 261,
  "ayah": 3,
  "page": 549,
  "width": 359,
  "verse_pos": 2
 },
 {
  "line": 7,
  "left": 193,
  "end": 373,
  "height": 44,
  "top": 298,
  "ayah": 3,
  "page": 549,
  "width": 180,
  "verse_pos": 2
 },
 {
  "line": 7,
  "left": 14,
  "end": 192,
  "height": 44,
  "top": 298,
  "ayah": 4,
  "page": 549,
  "width": 178,
  "verse_pos": 3
 },
 {
  "line": 8,
  "left": 46,
  "end": 373,
  "height": 45,
  "top": 342,
  "ayah": 4,
  "page": 549,
  "width": 327,
  "verse_pos": 3
 },
 {
  "line": 8,
  "left": 14,
  "end": 45,
  "height": 45,
  "top": 342,
  "ayah": 5,
  "page": 549,
  "width": 31,
  "verse_pos": 4
 },
 {
  "line": 9,
  "left": 14,
  "end": 373,
  "height": 45,
  "top": 387,
  "ayah": 5,
  "page": 549,
  "width": 359,
  "verse_pos": 4
 },
 {
  "line": 10,
  "left": 14,
  "end": 373,
  "height": 41,
  "top": 432,
  "ayah": 5,
  "page": 549,
  "width": 359,
  "verse_pos": 4
 },
 {
  "line": 11,
  "left": 14,
  "end": 373,
  "height": 45,
  "top": 473,
  "ayah": 5,
  "page": 549,
  "width": 359,
  "verse_pos": 4
 },
 {
  "line": 12,
  "left": 14,
  "end": 373,
  "height": 43,
  "top": 518,
  "ayah": 5,
  "page": 549,
  "width": 359,
  "verse_pos": 4
 },
 {
  "line": 13,
  "left": 89,
  "end": 373,
  "height": 38,
  "top": 561,
  "ayah": 5,
  "page": 549,
  "width": 284,
  "verse_pos": 4
 },
 {
  "line": 13,
  "left": 14,
  "end": 88,
  "height": 38,
  "top": 561,
  "ayah": 6,
  "page": 549,
  "width": 74,
  "verse_pos": 5
 },
 {
  "line": 14,
  "left": 14,
  "end": 373,
  "height": 42,
  "top": 599,
  "ayah": 6,
  "page": 549,
  "width": 359,
  "verse_pos": 5
 }
]