[
 {
  "line": 1,
  "left": 60,
  "end": 370,
  "height": 43,
  "top": 7,
  "ayah": 1,
  "page": 302,
  "width": 310,
  "verse_pos": 0
 },
 {
  "line": 1,
  "left": 16,
  "end": 59,
  "height": 43,
  "top": 7,
  "ayah": 2,
  "page": 302,
  "width": 43,
  "verse_pos": 1
 },
 {
  "line": 2,
  "left": 16,
  "end": 370,
  "height": 44,
  "top": 50,
  "ayah": 2,
  "page": 302,
  "width": 354,
  "verse_pos": 1
 },
 {
  "line": 3,
  "left": 337,
  "end": 370,
  "height": 39,
  "top": 94,
  "ayah": 2,
  "page": 302,
  "width": 33,
  "verse_pos": 1
 },
 {
  "line": 3,
  "left": 16,
  "end": 336,
  "height": 39,
  "top": 94,
  "ayah": 3,
  "page": 302,
  "width": 320,
  "verse_pos": 2
 },
 {
  "line": 4,
  "left": 16,
  "end": 370,
  "height": 45,
  "top": 133,
  "ayah": 3,
  "page": 302,
  "width": 354,
  "verse_pos": 2
 },
 {
  "line": 5,
  "left": 137,
  "end": 370,
  "height": 42,
  "top": 178,
  "ayah": 3,
  "page": 302,
  "width": 233,
  "verse_pos": 2
 },
 {
  "line": 5,
  "left": 16,
  "end": 136,
  "height": 42,
  "top": 178,
  "ayah": 4,
  "page": 302,
  "width": 120,
  "verse_pos": 3
 },
 {
  "line": 6,
  "left": 51,
  "end": 370,
  "height": 44,
  "top": 220,
  "ayah": 4,
  "page": 302,
  "width": 319,
  "verse_pos": 3
 },
 {
  "line": 6,
  "left": 16,
  "end": 50,
  "height": 44,
  "top": 220,
  "ayah": 5,
  "page": 302,
  "width": 34,
  "verse_pos": 4
 },
 {
  "line": 7,
  "left": 16,
  "end": 370,
  "height": 43,
  "top": 264,
  "ayah": 5,
  "page": 302,
  "width": 354,
  "verse_pos": 4
 },
 {
  "line": 8,
  "left": 91,
  "end": 370,
  "height": 44,
  "top": 307,
  "ayah": 5,
  "page": 302,
  "width": 279,
  "verse_pos": 4
 },
 {
  "line": 8,
  "left": 16,
  "end": 90,
  "height": 44,
  "top": 307,
  "ayah": 6,
  "page": 302,
  "width": 74,
  "verse_pos": 5
 },
 {
  "line": 9,
  "left": 16,
  "end": 370,
  "height": 42,
  "top": 351,
  "ayah": 6,
  "page": 302,
  "width": 354,
  "verse_pos": 5
 },
 {
  "line": 10,
  "left": 338,
  "end": 370,
  "height": 43,
  "top": 393,
  "ayah": 6,
  "page": 302,
  "width": 32,
  "verse_pos": 5
 },
 {
  "line": 10,
  "left": 16,
  "end": 337,
  "height": 43,
  "top": 393,
  "ayah": 7,
  "page": 302,
  "width": 321,
  "verse_pos": 6
 },
 {
  "line": 11,
  "left": 336,
  "end": 370,
  "height": 41,
  "top": 436,
  "ayah": 7,
  "page": 302,
  "width": 34,
  "verse_pos": 6
 },
 {
  "line": 11,
  "left": 16,
  "end": 335,
  "height": 41,
  "top": 436,
  "ayah": 8,
  "page": 302,
  "width": 319,
  "verse_pos": 7
 },
 {
  "line": 12,
  "left": 16,
  "end": 370,
  "height": 46,
  "top": 477,
  "ayah": 8,
  "page": 302,
  "width": 354,
  "verse_pos": 7
 },
 {
  "line": 13,
  "left": 16,
  "end": 370,
  "height": 42,
  "top": 523,
  "ayah": 8,
  "page": 302,
  "width": 354,
  "verse_pos": 7
 },
 {
  "line": 14,
  "left": 80,
  "end": 370,
  "height": 43,
  "top": 565,
  "ayah": 8,
  "page": 302,
  "width": 290,
  "verse_pos": 7
 },
 {
  "line": 14,
  "left": 16,
  "end": 79,
  "height": 43,
  "top": 565,
  "ayah": 9,
  "page": 302,
  "width": 63,
  "verse_pos": 8
 },
 {
  "line": 15,
  "left": 16,
  "end": 370,
  "height": 42,
  "top": 608,
  "ayah": 9,
  "page": 302,
  "width": 354,
  "verse_pos": 8
 }
]