[
 {
  "line": 1,
  "left": 15,
  "end": 372,
  "height": 39,
  "top": 7,
  "ayah": 1,
  "page": 207,
  "width": 357,
  "verse_pos": 0
 },
 {
  "line": 2,
  "left": 15,
  "end": 372,
  "height": 46,
  "top": 46,
  "ayah": 1,
  "page": 207,
  "width": 357,
  "verse_pos": 0
 },
 {
  "line": 3,
  "left": 15,
  "end": 372,
  "height": 41,
  "top": 92,
  "ayah": 2,
  "page": 207,
  "width": 357,
  "verse_pos": 1
 },
 {
  "line": 4,
  "left": 15,
  "end": 372,
  "height": 46,
  "top": 133,
  "ayah": 2,
  "page": 207,
  "width": 357,
  "verse_pos": 1
 },
 {
  "line": 5,
  "left": 335,
  "end": 372,
  "height": 44,
  "top": 179,
  "ayah": 2,
  "page": 207,
  "width": 37,
  "verse_pos": 1
 },
 {
  "line": 5,
  "left": 15,
  "end": 334,
  "height": 44,
  "top": 179,
  "ayah": 3,
  "page": 207,
  "width": 319,
  "verse_pos": 2
 },
 {
  "line": 6,
  "left": 77,
  "end": 372,
  "height": 43,
  "top": 223,
  "ayah": 3,
  "page": 207,
  "width": 295,
  "verse_pos": 2
 },
 {
  "line": 6,
  "left": 15,
  "end": 76,
  "height": 43,
  "top": 223,
  "ayah": 4,
  "page": 207,
  "width": 61,
  "verse_pos": 3
 },
 {
  "line": 7,
  "left": 15,
  "end": 372,
  "height": 42,
  "top": 266,
  "ayah": 4,
  "page": 207,
  "width": 357,
  "verse_pos": 3
 },
 {
  "line": 8,
  "left": 109,
  "end": 372,
  "height": 45,
  "top": 308,
  "ayah": 4,
  "page": 207,
  "width": 263,
  "verse_pos": 3
 },
 {
  "line": 8,
  "left": 15,
  "end": 108,
  "height": 45,
  "top": 308,
  "ayah": 5,
  "page": 207,
  "width": 93,
  "verse_pos": 4
 },
 {
  "line": 9,
  "left": 15,
  "end": 378,
  "height": 36,
  "top": 353,
  "ayah": 5,
  "page": 207,
  "width": 363,
  "verse_pos": 4
 },
 {
  "line": 10,
  "left": 15,
  "end": 372,
  "height": 49,
  "top": 389,
  "ayah": 5,
  "page": 207,
  "width": 357,
  "verse_pos": 4
 },
 {
  "line": 11,
  "left": 335,
  "end": 372,
  "height": 42,
  "top": 438,
  "ayah": 5,
  "page": 207,
  "width": 37,
  "verse_pos": 4
 },
 {
  "line": 11,
  "left": 15,
  "end": 334,
  "height": 42,
  "top": 438,
  "ayah": 6,
  "page": 207,
  "width": 319,
  "verse_pos": 5
 },
 {
  "line": 12,
  "left": 15,
  "end": 372,
  "height": 43,
  "top": 480,
  "ayah": 6,
  "page": 207,
  "width": 357,
  "verse_pos": 5
 },
 {
  "line": 13,
  "left": 230,
  "end": 372,
  "height": 38,
  "top": 523,
  "ayah": 6,
  "page": 207,
  "width": 142,
  "verse_pos": 5
 },
 {
  "line": 13,
  "left": 15,
  "end": 229,
  "height": 38,
  "top": 523,
  "ayah": 7,
  "page": 207,
  "width": 214,
  "verse_pos": 6
 },
 {
  "line": 14,
  "left": 15,
  "end": 372,
  "height": 42,
  "top": 561,
  "ayah": 7,
  "page": 207,
  "width": 357,
  "verse_pos": 6
 }
]