[
    {
          "line": 1,
          "left": 16,
          "end": 372,
          "height": 44,
          "top": 7,
          "ayah": 1,
          "page": 10,
          "width": 356,
          "verse_pos": 0
        },
        {
          "line": 2,
          "left": 16,
          "end": 372,
          "height": 41,
          "top": 51,
          "ayah": 1,
          "page": 10,
          "width": 356,
          "verse_pos": 0
        },
        {
          "line": 3,
          "left": 46,
          "end": 372,
          "height": 46,
          "top": 92,
          "ayah": 1,
          "page": 10,
          "width": 326,
          "verse_pos": 0
        },
        {
          "line": 3,
          "left": 16,
          "end": 45,
          "height": 46,
          "top": 92,
          "ayah": 2,
          "page": 10,
          "width": 29,
          "verse_pos": 1
        },
        {
          "line": 4,
          "left": 16,
          "end": 372,
          "height": 40,
          "top": 138,
          "ayah": 2,
          "page": 10,
          "width": 356,
          "verse_pos": 1
        },
        {
          "line": 5,
          "left": 119,
          "end": 372,
          "height": 42,
          "top": 178,
          "ayah": 2,
          "page": 10,
          "width": 253,
          "verse_pos": 1
        },
        {
          "line": 5,
          "left": 16,
          "end": 118,
          "height": 42,
          "top": 178,
          "ayah": 3,
          "page": 10,
          "width": 102,
          "verse_pos": 2
        },
        {
          "line": 6,
          "left": 16,
          "end": 372,
          "height": 45,
          "top": 220,
          "ayah": 3,
          "page": 10,
          "width": 356,
          "verse_pos": 2
        },
        {
          "line": 7,
          "left": 280,
          "end": 372,
          "height": 43,
          "top": 265,
          "ayah": 3,
          "page": 10,
          "width": 92,
          "verse_pos": 2
        },
        {
          "line": 7,
          "left": 16,
          "end": 279,
          "height": 43,
          "top": 265,
          "ayah": 4,
          "page": 10,
          "width": 263,
          "verse_pos": 3
        },
        {
          "line": 8,
          "left": 145,
          "end": 372,
          "height": 43,
          "top": 308,
          "ayah": 4,
          "page": 10,
          "width": 227,
          "verse_pos": 3
        },
        {
          "line": 8,
          "left": 16,
          "end": 144,
          "height": 43,
          "top": 308,
          "ayah": 5,
          "page": 10,
          "width": 128,
          "verse_pos": 4
        },
        {
          "line": 9,
          "left": 87,
          "end": 372,
          "height": 38,
          "top": 351,
          "ayah": 5,
          "page": 10,
          "width": 285,
          "verse_pos": 4
        },
        {
          "line": 9,
          "left": 16,
          "end": 86,
          "height": 38,
          "top": 351,
          "ayah": 6,
          "page": 10,
          "width": 70,
          "verse_pos": 5
        },
        {
          "line": 10,
          "left": 16,
          "end": 372,
          "height": 46,
          "top": 389,
          "ayah": 6,
          "page": 10,
          "width": 356,
          "verse_pos": 5
        },
        {
          "line": 11,
          "left": 52,
          "end": 372,
          "height": 43,
          "top": 435,
          "ayah": 6,
          "page": 10,
          "width": 320,
          "verse_pos": 5
        },
        {
          "line": 11,
          "left": 16,
          "end": 51,
          "height": 43,
          "top": 435,
          "ayah": 7,
          "page": 10,
          "width": 35,
          "verse_pos": 6
        },
        {
          "line": 12,
          "left": 16,
          "end": 372,
          "height": 44,
          "top": 478,
          "ayah": 7,
          "page": 10,
          "width": 356,
          "verse_pos": 6
        },
        {
          "line": 13,
          "left": 16,
          "end": 372,
          "height": 42,
          "top": 522,
          "ayah": 7,
          "page": 10,
          "width": 356,
          "verse_pos": 6
        },
        {
          "line": 14,
          "left": 16,
          "end": 372,
          "height": 43,
          "top": 564,
          "ayah": 8,
          "page": 10,
          "width": 356,
          "verse_pos": 7
        },
        {
          "line": 15,
          "left": 16,
          "end": 372,
          "height": 46,
          "top": 607,
          "ayah": 8,
          "page": 10,
          "width": 356,
          "verse_pos": 7
        }
]
