[
    {
        "line": 1,
        "left": 14,
        "end": 372,
        "height": 41,
        "top": 7,
        "ayah": 1,
        "page": 468,
        "width": 358,
        "verse_pos": 0
    },
    {
        "line": 2,
        "left": 14,
        "end": 372,
        "height": 45,
        "top": 48,
        "ayah": 1,
        "page": 468,
        "width": 358,
        "verse_pos": 0
    },
    {
        "line": 3,
        "left": 263,
        "end": 372,
        "height": 40,
        "top": 93,
        "ayah": 1,
        "page": 468,
        "width": 109,
        "verse_pos": 0
    },
    {
        "line": 3,
        "left": 14,
        "end": 262,
        "height": 40,
        "top": 93,
        "ayah": 2,
        "page": 468,
        "width": 248,
        "verse_pos": 1
    },
    {
        "line": 4,
        "left": 39,
        "end": 372,
        "height": 44,
        "top": 133,
        "ayah": 2,
        "page": 468,
        "width": 333,
        "verse_pos": 1
    },
    {
        "line": 4,
        "left": 14,
        "end": 39,
        "height": 44,
        "top": 133,
        "ayah": 3,
        "page": 468,
        "width": 25,
        "verse_pos": 2
    },
    {
        "line": 5,
        "left": 14,
        "end": 372,
        "height": 44,
        "top": 177,
        "ayah": 3,
        "page": 468,
        "width": 358,
        "verse_pos": 2
    },
    {
        "line": 6,
        "left": 14,
        "end": 372,
        "height": 43,
        "top": 221,
        "ayah": 3,
        "page": 468,
        "width": 358,
        "verse_pos": 2
    },
    {
        "line": 7,
        "left": 14,
        "end": 372,
        "height": 43,
        "top": 264,
        "ayah": 4,
        "page": 468,
        "width": 358,
        "verse_pos": 3
    },
    {
        "line": 8,
        "left": 158,
        "end": 372,
        "height": 43,
        "top": 307,
        "ayah": 4,
        "page": 468,
        "width": 214,
        "verse_pos": 3
    },
    {
        "line": 8,
        "left": 14,
        "end": 157,
        "height": 43,
        "top": 307,
        "ayah": 5,
        "page": 468,
        "width": 143,
        "verse_pos": 4
    },
    {
        "line": 9,
        "left": 14,
        "end": 372,
        "height": 41,
        "top": 350,
        "ayah": 5,
        "page": 468,
        "width": 358,
        "verse_pos": 4
    },
    {
        "line": 10,
        "left": 237,
        "end": 372,
        "height": 42,
        "top": 391,
        "ayah": 5,
        "page": 468,
        "width": 135,
        "verse_pos": 4
    },
    {
        "line": 10,
        "left": 14,
        "end": 236,
        "height": 42,
        "top": 391,
        "ayah": 6,
        "page": 468,
        "width": 222,
        "verse_pos": 5
    },
    {
        "line": 11,
        "left": 14,
        "end": 372,
        "height": 47,
        "top": 433,
        "ayah": 6,
        "page": 468,
        "width": 358,
        "verse_pos": 5
    },
    {
        "line": 12,
        "left": 14,
        "end": 372,
        "height": 42,
        "top": 480,
        "ayah": 7,
        "page": 468,
        "width": 358,
        "verse_pos": 6
    },
    {
        "line": 13,
        "left": 14,
        "end": 372,
        "height": 43,
        "top": 522,
        "ayah": 8,
        "page": 468,
        "width": 358,
        "verse_pos": 7
    },
    {
        "line": 14,
        "left": 143,
        "end": 372,
        "height": 41,
        "top": 565,
        "ayah": 8,
        "page": 468,
        "width": 229,
        "verse_pos": 7
    },
    {
        "line": 14,
        "left": 14,
        "end": 143,
        "height": 41,
        "top": 565,
        "ayah": 9,
        "page": 468,
        "width": 129,
        "verse_pos": 8
    },
    {
        "line": 15,
        "left": 14,
        "end": 372,
        "height": 42,
        "top": 606,
        "ayah": 9,
        "page": 468,
        "width": 358,
        "verse_pos": 8
    }
]