[
 {
  "line": 1,
  "left": 13,
  "end": 374,
  "height": 43,
  "top": 7,
  "ayah": 1,
  "page": 416,
  "width": 361,
  "verse_pos": 0
 },
 {
  "line": 2,
  "left": 13,
  "end": 374,
  "height": 40,
  "top": 50,
  "ayah": 1,
  "page": 416,
  "width": 361,
  "verse_pos": 0
 },
 {
  "line": 3,
  "left": 338,
  "end": 374,
  "height": 44,
  "top": 90,
  "ayah": 1,
  "page": 416,
  "width": 36,
  "verse_pos": 0
 },
 {
  "line": 3,
  "left": 13,
  "end": 337,
  "height": 44,
  "top": 90,
  "ayah": 2,
  "page": 416,
  "width": 324,
  "verse_pos": 1
 },
 {
  "line": 4,
  "left": 13,
  "end": 374,
  "height": 40,
  "top": 134,
  "ayah": 2,
  "page": 416,
  "width": 361,
  "verse_pos": 1
 },
 {
  "line": 5,
  "left": 13,
  "end": 374,
  "height": 46,
  "top": 174,
  "ayah": 3,
  "page": 416,
  "width": 361,
  "verse_pos": 2
 },
 {
  "line": 6,
  "left": 82,
  "end": 374,
  "height": 42,
  "top": 220,
  "ayah": 3,
  "page": 416,
  "width": 292,
  "verse_pos": 2
 },
 {
  "line": 6,
  "left": 13,
  "end": 81,
  "height": 42,
  "top": 220,
  "ayah": 4,
  "page": 416,
  "width": 68,
  "verse_pos": 3
 },
 {
  "line": 7,
  "left": 13,
  "end": 374,
  "height": 46,
  "top": 262,
  "ayah": 4,
  "page": 416,
  "width": 361,
  "verse_pos": 3
 },
 {
  "line": 8,
  "left": 132,
  "end": 374,
  "height": 45,
  "top": 308,
  "ayah": 4,
  "page": 416,
  "width": 242,
  "verse_pos": 3
 },
 {
  "line": 8,
  "left": 13,
  "end": 131,
  "height": 45,
  "top": 308,
  "ayah": 5,
  "page": 416,
  "width": 118,
  "verse_pos": 4
 },
 {
  "line": 9,
  "left": 13,
  "end": 374,
  "height": 38,
  "top": 353,
  "ayah": 5,
  "page": 416,
  "width": 361,
  "verse_pos": 4
 },
 {
  "line": 10,
  "left": 289,
  "end": 374,
  "height": 45,
  "top": 391,
  "ayah": 5,
  "page": 416,
  "width": 85,
  "verse_pos": 4
 },
 {
  "line": 10,
  "left": 13,
  "end": 288,
  "height": 45,
  "top": 391,
  "ayah": 6,
  "page": 416,
  "width": 275,
  "verse_pos": 5
 },
 {
  "line": 11,
  "left": 240,
  "end": 374,
  "height": 41,
  "top": 436,
  "ayah": 6,
  "page": 416,
  "width": 134,
  "verse_pos": 5
 },
 {
  "line": 11,
  "left": 13,
  "end": 239,
  "height": 41,
  "top": 436,
  "ayah": 7,
  "page": 416,
  "width": 226,
  "verse_pos": 6
 },
 {
  "line": 12,
  "left": 272,
  "end": 374,
  "height": 43,
  "top": 477,
  "ayah": 7,
  "page": 416,
  "width": 102,
  "verse_pos": 6
 },
 {
  "line": 12,
  "left": 13,
  "end": 271,
  "height": 43,
  "top": 477,
  "ayah": 8,
  "page": 416,
  "width": 258,
  "verse_pos": 7
 },
 {
  "line": 13,
  "left": 121,
  "end": 374,
  "height": 41,
  "top": 520,
  "ayah": 8,
  "page": 416,
  "width": 253,
  "verse_pos": 7
 },
 {
  "line": 13,
  "left": 13,
  "end": 120,
  "height": 41,
  "top": 520,
  "ayah": 9,
  "page": 416,
  "width": 107,
  "verse_pos": 8
 },
 {
  "line": 14,
  "left": 13,
  "end": 374,
  "height": 45,
  "top": 561,
  "ayah": 9,
  "page": 416,
  "width": 361,
  "verse_pos": 8
 },
 {
  "line": 15,
  "left": 13,
  "end": 374,
  "height": 42,
  "top": 606,
  "ayah": 9,
  "page": 416,
  "width": 361,
  "verse_pos": 8
 }
]