[
 {
  "line": 1,
  "left": 16,
  "end": 371,
  "height": 43,
  "top": 7,
  "ayah": 1,
  "page": 564,
  "width": 355,
  "verse_pos": 0
 },
 {
  "line": 2,
  "left": 229,
  "end": 371,
  "height": 43,
  "top": 50,
  "ayah": 1,
  "page": 564,
  "width": 142,
  "verse_pos": 0
 },
 {
  "line": 2,
  "left": 16,
  "end": 228,
  "height": 43,
  "top": 50,
  "ayah": 2,
  "page": 564,
  "width": 212,
  "verse_pos": 1
 },
 {
  "line": 3,
  "left": 67,
  "end": 371,
  "height": 39,
  "top": 93,
  "ayah": 2,
  "page": 564,
  "width": 304,
  "verse_pos": 1
 },
 {
  "line": 3,
  "left": 16,
  "end": 66,
  "height": 39,
  "top": 93,
  "ayah": 3,
  "page": 564,
  "width": 50,
  "verse_pos": 2
 },
 {
  "line": 4,
  "left": 16,
  "end": 371,
  "height": 45,
  "top": 132,
  "ayah": 3,
  "page": 564,
  "width": 355,
  "verse_pos": 2
 },
 {
  "line": 5,
  "left": 338,
  "end": 371,
  "height": 42,
  "top": 177,
  "ayah": 3,
  "page": 564,
  "width": 33,
  "verse_pos": 2
 },
 {
  "line": 5,
  "left": 16,
  "end": 337,
  "height": 42,
  "top": 177,
  "ayah": 4,
  "page": 564,
  "width": 321,
  "verse_pos": 3
 },
 {
  "line": 6,
  "left": 198,
  "end": 371,
  "height": 41,
  "top": 309,
  "ayah": 6,
  "page": 564,
  "width": 173,
  "verse_pos": 5
 },
 {
  "line": 6,
  "left": 16,
  "end": 198,
  "height": 41,
  "top": 309,
  "ayah": 7,
  "page": 564,
  "width": 182,
  "verse_pos": 6
 },
 {
  "line": 7,
  "left": 186,
  "end": 371,
  "height": 43,
  "top": 350,
  "ayah": 8,
  "page": 564,
  "width": 185,
  "verse_pos": 7
 },
 {
  "line": 7,
  "left": 16,
  "end": 185,
  "height": 43,
  "top": 350,
  "ayah": 9,
  "page": 564,
  "width": 169,
  "verse_pos": 8
 },
 {
  "line": 8,
  "left": 226,
  "end": 371,
  "height": 43,
  "top": 393,
  "ayah": 10,
  "page": 564,
  "width": 145,
  "verse_pos": 9
 },
 {
  "line": 8,
  "left": 98,
  "end": 225,
  "height": 43,
  "top": 393,
  "ayah": 11,
  "page": 564,
  "width": 127,
  "verse_pos": 10
 },
 {
  "line": 8,
  "left": 16,
  "end": 97,
  "height": 43,
  "top": 393,
  "ayah": 12,
  "page": 564,
  "width": 81,
  "verse_pos": 11
 },
 {
  "line": 9,
  "left": 66,
  "end": 371,
  "height": 45,
  "top": 436,
  "ayah": 12,
  "page": 564,
  "width": 305,
  "verse_pos": 11
 },
 {
  "line": 9,
  "left": 16,
  "end": 65,
  "height": 45,
  "top": 436,
  "ayah": 13,
  "page": 564,
  "width": 49,
  "verse_pos": 12
 },
 {
  "line": 10,
  "left": 274,
  "end": 371,
  "height": 42,
  "top": 481,
  "ayah": 13,
  "page": 564,
  "width": 97,
  "verse_pos": 12
 },
 {
  "line": 10,
  "left": 90,
  "end": 273,
  "height": 42,
  "top": 481,
  "ayah": 14,
  "page": 564,
  "width": 183,
  "verse_pos": 13
 },
 {
  "line": 10,
  "left": 16,
  "end": 89,
  "height": 42,
  "top": 481,
  "ayah": 15,
  "page": 564,
  "width": 73,
  "verse_pos": 14
 },
 {
  "line": 11,
  "left": 258,
  "end": 371,
  "height": 43,
  "top": 523,
  "ayah": 15,
  "page": 564,
  "width": 113,
  "verse_pos": 14
 },
 {
  "line": 11,
  "left": 120,
  "end": 257,
  "height": 43,
  "top": 523,
  "ayah": 16,
  "page": 564,
  "width": 137,
  "verse_pos": 15
 },
 {
  "line": 11,
  "left": 16,
  "end": 119,
  "height": 43,
  "top": 523,
  "ayah": 17,
  "page": 564,
  "width": 103,
  "verse_pos": 16
 },
 {
  "line": 12,
  "left": 308,
  "end": 371,
  "height": 41,
  "top": 566,
  "ayah": 17,
  "page": 564,
  "width": 63,
  "verse_pos": 16
 },
 {
  "line": 12,
  "left": 150,
  "end": 307,
  "height": 41,
  "top": 566,
  "ayah": 18,
  "page": 564,
  "width": 157,
  "verse_pos": 17
 },
 {
  "line": 12,
  "left": 16,
  "end": 149,
  "height": 41,
  "top": 566,
  "ayah": 19,
  "page": 564,
  "width": 133,
  "verse_pos": 18
 },
 {
  "line": 13,
  "left": 335,
  "end": 371,
  "height": 42,
  "top": 607,
  "ayah": 19,
  "page": 564,
  "width": 36,
  "verse_pos": 18
 },
 {
  "line": 13,
  "left": 16,
  "end": 335,
  "height": 42,
  "top": 607,
  "ayah": 20,
  "page": 564,
  "width": 319,
  "verse_pos": 19
 }
]