[
 {
  "line": 1,
  "left": 15,
  "end": 370,
  "height": 41,
  "top": 7,
  "ayah": 1,
  "page": 243,
  "width": 355,
  "verse_pos": 0
 },
 {
  "line": 2,
  "left": 93,
  "end": 370,
  "height": 44,
  "top": 48,
  "ayah": 1,
  "page": 243,
  "width": 277,
  "verse_pos": 0
 },
 {
  "line": 2,
  "left": 15,
  "end": 92,
  "height": 44,
  "top": 48,
  "ayah": 2,
  "page": 243,
  "width": 77,
  "verse_pos": 1
 },
 {
  "line": 3,
  "left": 15,
  "end": 370,
  "height": 40,
  "top": 92,
  "ayah": 2,
  "page": 243,
  "width": 355,
  "verse_pos": 1
 },
 {
  "line": 4,
  "left": 15,
  "end": 370,
  "height": 46,
  "top": 132,
  "ayah": 2,
  "page": 243,
  "width": 355,
  "verse_pos": 1
 },
 {
  "line": 5,
  "left": 62,
  "end": 370,
  "height": 44,
  "top": 178,
  "ayah": 2,
  "page": 243,
  "width": 308,
  "verse_pos": 1
 },
 {
  "line": 5,
  "left": 15,
  "end": 61,
  "height": 44,
  "top": 178,
  "ayah": 3,
  "page": 243,
  "width": 46,
  "verse_pos": 2
 },
 {
  "line": 6,
  "left": 15,
  "end": 370,
  "height": 40,
  "top": 222,
  "ayah": 3,
  "page": 243,
  "width": 355,
  "verse_pos": 2
 },
 {
  "line": 7,
  "left": 15,
  "end": 370,
  "height": 47,
  "top": 262,
  "ayah": 3,
  "page": 243,
  "width": 355,
  "verse_pos": 2
 },
 {
  "line": 8,
  "left": 334,
  "end": 370,
  "height": 43,
  "top": 309,
  "ayah": 3,
  "page": 243,
  "width": 36,
  "verse_pos": 2
 },
 {
  "line": 8,
  "left": 15,
  "end": 333,
  "height": 43,
  "top": 309,
  "ayah": 4,
  "page": 243,
  "width": 318,
  "verse_pos": 3
 },
 {
  "line": 9,
  "left": 15,
  "end": 370,
  "height": 43,
  "top": 352,
  "ayah": 4,
  "page": 243,
  "width": 355,
  "verse_pos": 3
 },
 {
  "line": 10,
  "left": 51,
  "end": 370,
  "height": 41,
  "top": 395,
  "ayah": 4,
  "page": 243,
  "width": 319,
  "verse_pos": 3
 },
 {
  "line": 10,
  "left": 15,
  "end": 50,
  "height": 44,
  "top": 395,
  "ayah": 5,
  "page": 243,
  "width": 35,
  "verse_pos": 4
 },
 {
  "line": 11,
  "left": 15,
  "end": 370,
  "height": 41,
  "top": 439,
  "ayah": 5,
  "page": 243,
  "width": 355,
  "verse_pos": 4
 },
 {
  "line": 12,
  "left": 15,
  "end": 370,
  "height": 43,
  "top": 480,
  "ayah": 5,
  "page": 243,
  "width": 355,
  "verse_pos": 4
 },
 {
  "line": 13,
  "left": 15,
  "end": 370,
  "height": 40,
  "top": 523,
  "ayah": 5,
  "page": 243,
  "width": 355,
  "verse_pos": 4
 },
 {
  "line": 14,
  "left": 333,
  "end": 370,
  "height": 46,
  "top": 563,
  "ayah": 5,
  "page": 243,
  "width": 37,
  "verse_pos": 4
 },
 {
  "line": 14,
  "left": 15,
  "end": 332,
  "height": 46,
  "top": 563,
  "ayah": 6,
  "page": 243,
  "width": 317,
  "verse_pos": 5
 },
 {
  "line": 15,
  "left": 15,
  "end": 370,
  "height": 46,
  "top": 609,
  "ayah": 6,
  "page": 243,
  "width": 355,
  "verse_pos": 5
 }
]