[
 {
  "line": 1,
  "left": 12,
  "end": 374,
  "height": 46,
  "top": 7,
  "ayah": 1,
  "page": 405,
  "width": 362,
  "verse_pos": 0
 },
 {
  "line": 2,
  "left": 338,
  "end": 374,
  "height": 43,
  "top": 53,
  "ayah": 1,
  "page": 405,
  "width": 36,
  "verse_pos": 0
 },
 {
  "line": 2,
  "left": 12,
  "end": 337,
  "height": 43,
  "top": 53,
  "ayah": 2,
  "page": 405,
  "width": 325,
  "verse_pos": 1
 },
 {
  "line": 3,
  "left": 338,
  "end": 374,
  "height": 43,
  "top": 96,
  "ayah": 2,
  "page": 405,
  "width": 36,
  "verse_pos": 1
 },
 {
  "line": 3,
  "left": 12,
  "end": 337,
  "height": 43,
  "top": 96,
  "ayah": 3,
  "page": 405,
  "width": 325,
  "verse_pos": 2
 },
 {
  "line": 4,
  "left": 12,
  "end": 374,
  "height": 42,
  "top": 139,
  "ayah": 3,
  "page": 405,
  "width": 362,
  "verse_pos": 2
 },
 {
  "line": 5,
  "left": 197,
  "end": 374,
  "height": 43,
  "top": 181,
  "ayah": 3,
  "page": 405,
  "width": 177,
  "verse_pos": 2
 },
 {
  "line": 5,
  "left": 12,
  "end": 196,
  "height": 43,
  "top": 181,
  "ayah": 4,
  "page": 405,
  "width": 184,
  "verse_pos": 3
 },
 {
  "line": 6,
  "left": 12,
  "end": 374,
  "height": 45,
  "top": 224,
  "ayah": 4,
  "page": 405,
  "width": 362,
  "verse_pos": 3
 },
 {
  "line": 7,
  "left": 12,
  "end": 374,
  "height": 43,
  "top": 269,
  "ayah": 4,
  "page": 405,
  "width": 362,
  "verse_pos": 3
 },
 {
  "line": 8,
  "left": 12,
  "end": 374,
  "height": 42,
  "top": 312,
  "ayah": 4,
  "page": 405,
  "width": 362,
  "verse_pos": 3
 },
 {
  "line": 9,
  "left": 228,
  "end": 374,
  "height": 45,
  "top": 354,
  "ayah": 4,
  "page": 405,
  "width": 146,
  "verse_pos": 3
 },
 {
  "line": 9,
  "left": 12,
  "end": 227,
  "height": 45,
  "top": 354,
  "ayah": 5,
  "page": 405,
  "width": 215,
  "verse_pos": 4
 },
 {
  "line": 10,
  "left": 45,
  "end": 374,
  "height": 39,
  "top": 399,
  "ayah": 5,
  "page": 405,
  "width": 329,
  "verse_pos": 4
 },
 {
  "line": 10,
  "left": 12,
  "end": 44,
  "height": 39,
  "top": 399,
  "ayah": 6,
  "page": 405,
  "width": 32,
  "verse_pos": 5
 },
 {
  "line": 11,
  "left": 79,
  "end": 374,
  "height": 43,
  "top": 438,
  "ayah": 6,
  "page": 405,
  "width": 295,
  "verse_pos": 5
 },
 {
  "line": 11,
  "left": 12,
  "end": 78,
  "height": 43,
  "top": 438,
  "ayah": 7,
  "page": 405,
  "width": 66,
  "verse_pos": 6
 },
 {
  "line": 12,
  "left": 193,
  "end": 374,
  "height": 45,
  "top": 481,
  "ayah": 7,
  "page": 405,
  "width": 181,
  "verse_pos": 6
 },
 {
  "line": 12,
  "left": 12,
  "end": 192,
  "height": 45,
  "top": 481,
  "ayah": 8,
  "page": 405,
  "width": 180,
  "verse_pos": 7
 },
 {
  "line": 13,
  "left": 53,
  "end": 374,
  "height": 43,
  "top": 526,
  "ayah": 8,
  "page": 405,
  "width": 321,
  "verse_pos": 7
 },
 {
  "line": 13,
  "left": 12,
  "end": 52,
  "height": 43,
  "top": 526,
  "ayah": 9,
  "page": 405,
  "width": 40,
  "verse_pos": 8
 },
 {
  "line": 14,
  "left": 141,
  "end": 374,
  "height": 44,
  "top": 569,
  "ayah": 9,
  "page": 405,
  "width": 233,
  "verse_pos": 8
 },
 {
  "line": 14,
  "left": 12,
  "end": 140,
  "height": 44,
  "top": 569,
  "ayah": 10,
  "page": 405,
  "width": 128,
  "verse_pos": 9
 },
 {
  "line": 15,
  "left": 12,
  "end": 374,
  "height": 42,
  "top": 613,
  "ayah": 10,
  "page": 405,
  "width": 362,
  "verse_pos": 9
 }
]