[
 {
  "line": 1,
  "left": 134,
  "end": 382,
  "height": 43,
  "top": 7,
  "ayah": 1,
  "page": 345,
  "width": 248,
  "verse_pos": 0
 },
 {
  "line": 1,
  "left": 7,
  "end": 133,
  "height": 43,
  "top": 7,
  "ayah": 2,
  "page": 345,
  "width": 126,
  "verse_pos": 1
 },
 {
  "line": 2,
  "left": 7,
  "end": 382,
  "height": 44,
  "top": 50,
  "ayah": 2,
  "page": 345,
  "width": 375,
  "verse_pos": 1
 },
 {
  "line": 3,
  "left": 167,
  "end": 382,
  "height": 48,
  "top": 94,
  "ayah": 2,
  "page": 345,
  "width": 215,
  "verse_pos": 1
 },
 {
  "line": 3,
  "left": 7,
  "end": 166,
  "height": 48,
  "top": 94,
  "ayah": 3,
  "page": 345,
  "width": 159,
  "verse_pos": 2
 },
 {
  "line": 4,
  "left": 166,
  "end": 382,
  "height": 40,
  "top": 142,
  "ayah": 3,
  "page": 345,
  "width": 216,
  "verse_pos": 2
 },
 {
  "line": 4,
  "left": 7,
  "end": 165,
  "height": 40,
  "top": 142,
  "ayah": 4,
  "page": 345,
  "width": 158,
  "verse_pos": 3
 },
 {
  "line": 5,
  "left": 176,
  "end": 382,
  "height": 44,
  "top": 182,
  "ayah": 4,
  "page": 345,
  "width": 206,
  "verse_pos": 3
 },
 {
  "line": 5,
  "left": 7,
  "end": 175,
  "height": 44,
  "top": 182,
  "ayah": 5,
  "page": 345,
  "width": 168,
  "verse_pos": 4
 },
 {
  "line": 6,
  "left": 217,
  "end": 382,
  "height": 42,
  "top": 226,
  "ayah": 5,
  "page": 345,
  "width": 165,
  "verse_pos": 4
 },
 {
  "line": 6,
  "left": 7,
  "end": 216,
  "height": 42,
  "top": 226,
  "ayah": 6,
  "page": 345,
  "width": 209,
  "verse_pos": 5
 },
 {
  "line": 7,
  "left": 344,
  "end": 382,
  "height": 42,
  "top": 268,
  "ayah": 6,
  "page": 345,
  "width": 38,
  "verse_pos": 5
 },
 {
  "line": 7,
  "left": 56,
  "end": 343,
  "height": 42,
  "top": 268,
  "ayah": 7,
  "page": 345,
  "width": 287,
  "verse_pos": 6
 },
 {
  "line": 7,
  "left": 7,
  "end": 55,
  "height": 42,
  "top": 268,
  "ayah": 8,
  "page": 345,
  "width": 48,
  "verse_pos": 7
 },
 {
  "line": 8,
  "left": 7,
  "end": 382,
  "height": 45,
  "top": 310,
  "ayah": 8,
  "page": 345,
  "width": 375,
  "verse_pos": 7
 },
 {
  "line": 9,
  "left": 345,
  "end": 382,
  "height": 40,
  "top": 355,
  "ayah": 8,
  "page": 345,
  "width": 37,
  "verse_pos": 7
 },
 {
  "line": 9,
  "left": 7,
  "end": 344,
  "height": 40,
  "top": 355,
  "ayah": 9,
  "page": 345,
  "width": 337,
  "verse_pos": 8
 },
 {
  "line": 10,
  "left": 264,
  "end": 382,
  "height": 43,
  "top": 395,
  "ayah": 9,
  "page": 345,
  "width": 118,
  "verse_pos": 8
 },
 {
  "line": 10,
  "left": 7,
  "end": 263,
  "height": 43,
  "top": 395,
  "ayah": 10,
  "page": 345,
  "width": 256,
  "verse_pos": 9
 },
 {
  "line": 11,
  "left": 298,
  "end": 382,
  "height": 45,
  "top": 438,
  "ayah": 10,
  "page": 345,
  "width": 84,
  "verse_pos": 9
 },
 {
  "line": 11,
  "left": 7,
  "end": 297,
  "height": 45,
  "top": 438,
  "ayah": 11,
  "page": 345,
  "width": 290,
  "verse_pos": 10
 },
 {
  "line": 12,
  "left": 302,
  "end": 382,
  "height": 43,
  "top": 483,
  "ayah": 11,
  "page": 345,
  "width": 80,
  "verse_pos": 10
 },
 {
  "line": 12,
  "left": 103,
  "end": 301,
  "height": 43,
  "top": 483,
  "ayah": 12,
  "page": 345,
  "width": 198,
  "verse_pos": 11
 },
 {
  "line": 12,
  "left": 7,
  "end": 102,
  "height": 43,
  "top": 483,
  "ayah": 13,
  "page": 345,
  "width": 95,
  "verse_pos": 12
 },
 {
  "line": 13,
  "left": 205,
  "end": 382,
  "height": 42,
  "top": 526,
  "ayah": 13,
  "page": 345,
  "width": 177,
  "verse_pos": 12
 },
 {
  "line": 13,
  "left": 7,
  "end": 204,
  "height": 42,
  "top": 526,
  "ayah": 14,
  "page": 345,
  "width": 197,
  "verse_pos": 13
 },
 {
  "line": 14,
  "left": 345,
  "end": 382,
  "height": 44,
  "top": 568,
  "ayah": 14,
  "page": 345,
  "width": 37,
  "verse_pos": 13
 },
 {
  "line": 14,
  "left": 85,
  "end": 344,
  "height": 44,
  "top": 568,
  "ayah": 15,
  "page": 345,
  "width": 259,
  "verse_pos": 14
 },
 {
  "line": 14,
  "left": 7,
  "end": 84,
  "height": 44,
  "top": 568,
  "ayah": 16,
  "page": 345,
  "width": 77,
  "verse_pos": 15
 },
 {
  "line": 15,
  "left": 219,
  "end": 382,
  "height": 42,
  "top": 612,
  "ayah": 16,
  "page": 345,
  "width": 163,
  "verse_pos": 15
 },
 {
  "line": 15,
  "left": 7,
  "end": 218,
  "height": 42,
  "top": 612,
  "ayah": 17,
  "page": 345,
  "width": 211,
  "verse_pos": 16
 }
]
