[
 {
  "line": 1,
  "left": 18,
  "end": 370,
  "height": 42,
  "top": 8,
  "ayah": 1,
  "page": 146,
  "width": 352,
  "verse_pos": 0
 },
 {
  "line": 2,
  "left": 18,
  "end": 370,
  "height": 45,
  "top": 50,
  "ayah": 1,
  "page": 146,
  "width": 352,
  "verse_pos": 0
 },
 {
  "line": 3,
  "left": 18,
  "end": 370,
  "height": 42,
  "top": 95,
  "ayah": 1,
  "page": 146,
  "width": 352,
  "verse_pos": 0
 },
 {
  "line": 4,
  "left": 259,
  "end": 370,
  "height": 42,
  "top": 137,
  "ayah": 1,
  "page": 146,
  "width": 111,
  "verse_pos": 0
 },
 {
  "line": 4,
  "left": 18,
  "end": 258,
  "height": 42,
  "top": 137,
  "ayah": 2,
  "page": 146,
  "width": 240,
  "verse_pos": 1
 },
 {
  "line": 5,
  "left": 18,
  "end": 370,
  "height": 43,
  "top": 179,
  "ayah": 2,
  "page": 146,
  "width": 352,
  "verse_pos": 1
 },
 {
  "line": 6,
  "left": 18,
  "end": 370,
  "height": 43,
  "top": 222,
  "ayah": 2,
  "page": 146,
  "width": 352,
  "verse_pos": 1
 },
 {
  "line": 7,
  "left": 219,
  "end": 370,
  "height": 46,
  "top": 265,
  "ayah": 2,
  "page": 146,
  "width": 151,
  "verse_pos": 1
 },
 {
  "line": 7,
  "left": 18,
  "end": 218,
  "height": 46,
  "top": 265,
  "ayah": 3,
  "page": 146,
  "width": 200,
  "verse_pos": 2
 },
 {
  "line": 8,
  "left": 18,
  "end": 370,
  "height": 40,
  "top": 311,
  "ayah": 3,
  "page": 146,
  "width": 352,
  "verse_pos": 2
 },
 {
  "line": 9,
  "left": 115,
  "end": 370,
  "height": 45,
  "top": 351,
  "ayah": 3,
  "page": 146,
  "width": 255,
  "verse_pos": 2
 },
 {
  "line": 9,
  "left": 18,
  "end": 114,
  "height": 45,
  "top": 351,
  "ayah": 4,
  "page": 146,
  "width": 96,
  "verse_pos": 3
 },
 {
  "line": 10,
  "left": 18,
  "end": 370,
  "height": 40,
  "top": 396,
  "ayah": 4,
  "page": 146,
  "width": 352,
  "verse_pos": 3
 },
 {
  "line": 11,
  "left": 18,
  "end": 370,
  "height": 47,
  "top": 436,
  "ayah": 4,
  "page": 146,
  "width": 352,
  "verse_pos": 3
 },
 {
  "line": 12,
  "left": 18,
  "end": 370,
  "height": 38,
  "top": 483,
  "ayah": 4,
  "page": 146,
  "width": 352,
  "verse_pos": 3
 },
 {
  "line": 13,
  "left": 18,
  "end": 370,
  "height": 45,
  "top": 521,
  "ayah": 4,
  "page": 146,
  "width": 352,
  "verse_pos": 3
 },
 {
  "line": 14,
  "left": 18,
  "end": 370,
  "height": 46,
  "top": 566,
  "ayah": 5,
  "page": 146,
  "width": 352,
  "verse_pos": 4
 },
 {
  "line": 15,
  "left": 18,
  "end": 370,
  "height": 44,
  "top": 612,
  "ayah": 5,
  "page": 146,
  "width": 352,
  "verse_pos": 4
 }
]