[
 {
  "line": 1,
  "left": 237,
  "end": 380,
  "height": 43,
  "top": 7,
  "ayah": 1,
  "page": 521,
  "width": 143,
  "verse_pos": 0
 },
 {
  "line": 1,
  "left": 90,
  "end": 237,
  "height": 43,
  "top": 7,
  "ayah": 2,
  "page": 521,
  "width": 147,
  "verse_pos": 1
 },
 {
  "line": 1,
  "left": 7,
  "end": 89,
  "height": 43,
  "top": 7,
  "ayah": 3,
  "page": 521,
  "width": 82,
  "verse_pos": 2
 },
 {
  "line": 2,
  "left": 318,
  "end": 380,
  "height": 45,
  "top": 50,
  "ayah": 3,
  "page": 521,
  "width": 62,
  "verse_pos": 2
 },
 {
  "line": 2,
  "left": 204,
  "end": 317,
  "height": 45,
  "top": 50,
  "ayah": 4,
  "page": 521,
  "width": 113,
  "verse_pos": 3
 },
 {
  "line": 2,
  "left": 7,
  "end": 203,
  "height": 45,
  "top": 50,
  "ayah": 5,
  "page": 521,
  "width": 196,
  "verse_pos": 4
 },
 {
  "line": 3,
  "left": 221,
  "end": 380,
  "height": 42,
  "top": 95,
  "ayah": 6,
  "page": 521,
  "width": 159,
  "verse_pos": 5
 },
 {
  "line": 3,
  "left": 55,
  "end": 220,
  "height": 42,
  "top": 95,
  "ayah": 7,
  "page": 521,
  "width": 165,
  "verse_pos": 6
 },
 {
  "line": 3,
  "left": 7,
  "end": 54,
  "height": 42,
  "top": 95,
  "ayah": 8,
  "page": 521,
  "width": 47,
  "verse_pos": 7
 },
 {
  "line": 4,
  "left": 132,
  "end": 380,
  "height": 43,
  "top": 137,
  "ayah": 8,
  "page": 521,
  "width": 248,
  "verse_pos": 7
 },
 {
  "line": 4,
  "left": 7,
  "end": 132,
  "height": 43,
  "top": 137,
  "ayah": 9,
  "page": 521,
  "width": 125,
  "verse_pos": 8
 },
 {
  "line": 5,
  "left": 303,
  "end": 380,
  "height": 42,
  "top": 180,
  "ayah": 9,
  "page": 521,
  "width": 77,
  "verse_pos": 8
 },
 {
  "line": 5,
  "left": 7,
  "end": 302,
  "height": 42,
  "top": 180,
  "ayah": 10,
  "page": 521,
  "width": 295,
  "verse_pos": 9
 },
 {
  "line": 6,
  "left": 344,
  "end": 380,
  "height": 45,
  "top": 222,
  "ayah": 10,
  "page": 521,
  "width": 36,
  "verse_pos": 9
 },
 {
  "line": 6,
  "left": 146,
  "end": 343,
  "height": 45,
  "top": 222,
  "ayah": 11,
  "page": 521,
  "width": 197,
  "verse_pos": 10
 },
 {
  "line": 6,
  "left": 7,
  "end": 145,
  "height": 45,
  "top": 222,
  "ayah": 12,
  "page": 521,
  "width": 138,
  "verse_pos": 11
 },
 {
  "line": 7,
  "left": 343,
  "end": 380,
  "height": 39,
  "top": 267,
  "ayah": 12,
  "page": 521,
  "width": 37,
  "verse_pos": 11
 },
 {
  "line": 7,
  "left": 112,
  "end": 342,
  "height": 39,
  "top": 267,
  "ayah": 13,
  "page": 521,
  "width": 230,
  "verse_pos": 12
 },
 {
  "line": 7,
  "left": 7,
  "end": 111,
  "height": 39,
  "top": 267,
  "ayah": 14,
  "page": 521,
  "width": 104,
  "verse_pos": 13
 },
 {
  "line": 8,
  "left": 292,
  "end": 380,
  "height": 46,
  "top": 306,
  "ayah": 14,
  "page": 521,
  "width": 88,
  "verse_pos": 13
 },
 {
  "line": 8,
  "left": 108,
  "end": 291,
  "height": 46,
  "top": 306,
  "ayah": 15,
  "page": 521,
  "width": 183,
  "verse_pos": 14
 },
 {
  "line": 8,
  "left": 7,
  "end": 107,
  "height": 46,
  "top": 306,
  "ayah": 16,
  "page": 521,
  "width": 100,
  "verse_pos": 15
 },
 {
  "line": 9,
  "left": 270,
  "end": 380,
  "height": 44,
  "top": 352,
  "ayah": 16,
  "page": 521,
  "width": 110,
  "verse_pos": 15
 },
 {
  "line": 9,
  "left": 7,
  "end": 269,
  "height": 44,
  "top": 352,
  "ayah": 17,
  "page": 521,
  "width": 262,
  "verse_pos": 16
 },
 {
  "line": 10,
  "left": 296,
  "end": 380,
  "height": 39,
  "top": 396,
  "ayah": 17,
  "page": 521,
  "width": 84,
  "verse_pos": 16
 },
 {
  "line": 10,
  "left": 7,
  "end": 295,
  "height": 39,
  "top": 396,
  "ayah": 18,
  "page": 521,
  "width": 288,
  "verse_pos": 17
 },
 {
  "line": 11,
  "left": 65,
  "end": 380,
  "height": 45,
  "top": 435,
  "ayah": 19,
  "page": 521,
  "width": 315,
  "verse_pos": 18
 },
 {
  "line": 11,
  "left": 7,
  "end": 64,
  "height": 45,
  "top": 435,
  "ayah": 20,
  "page": 521,
  "width": 57,
  "verse_pos": 19
 },
 {
  "line": 12,
  "left": 198,
  "end": 380,
  "height": 40,
  "top": 480,
  "ayah": 20,
  "page": 521,
  "width": 182,
  "verse_pos": 19
 },
 {
  "line": 12,
  "left": 7,
  "end": 197,
  "height": 40,
  "top": 480,
  "ayah": 21,
  "page": 521,
  "width": 190,
  "verse_pos": 20
 },
 {
  "line": 13,
  "left": 343,
  "end": 380,
  "height": 46,
  "top": 520,
  "ayah": 21,
  "page": 521,
  "width": 37,
  "verse_pos": 20
 },
 {
  "line": 13,
  "left": 7,
  "end": 342,
  "height": 46,
  "top": 520,
  "ayah": 22,
  "page": 521,
  "width": 335,
  "verse_pos": 21
 },
 {
  "line": 14,
  "left": 343,
  "end": 380,
  "height": 40,
  "top": 566,
  "ayah": 22,
  "page": 521,
  "width": 37,
  "verse_pos": 21
 },
 {
  "line": 14,
  "left": 7,
  "end": 342,
  "height": 40,
  "top": 566,
  "ayah": 23,
  "page": 521,
  "width": 335,
  "verse_pos": 22
 },
 {
  "line": 15,
  "left": 343,
  "end": 380,
  "height": 42,
  "top": 606,
  "ayah": 23,
  "page": 521,
  "width": 37,
  "verse_pos": 22
 },
 {
  "line": 15,
  "left": 7,
  "end": 342,
  "height": 42,
  "top": 606,
  "ayah": 24,
  "page": 521,
  "width": 335,
  "verse_pos": 23
 }
]