[
    {
         "line": 1,
         "left": 17,
         "end": 368,
         "height": 38,
         "top": 7,
         "ayah": 1,
         "page": 20,
         "width": 351,
         "verse_pos": 0
       },
       {
         "line": 2,
         "left": 149,
         "end": 368,
         "height": 42,
         "top": 45,
         "ayah": 1,
         "page": 20,
         "width": 219,
         "verse_pos": 0
       },
       {
         "line": 2,
         "left": 17,
         "end": 148,
         "height": 42,
         "top": 45,
         "ayah": 2,
         "page": 20,
         "width": 131,
         "verse_pos": 1
       },
       {
         "line": 3,
         "left": 17,
         "end": 368,
         "height": 48,
         "top": 87,
         "ayah": 2,
         "page": 20,
         "width": 351,
         "verse_pos": 1
       },
       {
         "line": 4,
         "left": 170,
         "end": 368,
         "height": 45,
         "top": 135,
         "ayah": 2,
         "page": 20,
         "width": 198,
         "verse_pos": 1
       },
       {
         "line": 4,
         "left": 17,
         "end": 169,
         "height": 45,
         "top": 135,
         "ayah": 3,
         "page": 20,
         "width": 152,
         "verse_pos": 2
       },
       {
         "line": 5,
         "left": 17,
         "end": 368,
         "height": 41,
         "top": 180,
         "ayah": 3,
         "page": 20,
         "width": 351,
         "verse_pos": 2
       },
       {
         "line": 6,
         "left": 127,
         "end": 368,
         "height": 39,
         "top": 221,
         "ayah": 3,
         "page": 20,
         "width": 241,
         "verse_pos": 2
       },
       {
         "line": 6,
         "left": 17,
         "end": 126,
         "height": 39,
         "top": 221,
         "ayah": 4,
         "page": 20,
         "width": 109,
         "verse_pos": 3
       },
       {
         "line": 7,
         "left": 17,
         "end": 368,
         "height": 44,
         "top": 260,
         "ayah": 4,
         "page": 20,
         "width": 351,
         "verse_pos": 3
       },
       {
         "line": 8,
         "left": 142,
         "end": 368,
         "height": 45,
         "top": 304,
         "ayah": 4,
         "page": 20,
         "width": 226,
         "verse_pos": 3
       },
       {
         "line": 8,
         "left": 17,
         "end": 140,
         "height": 45,
         "top": 304,
         "ayah": 5,
         "page": 20,
         "width": 123,
         "verse_pos": 4
       },
       {
         "line": 9,
         "left": 163,
         "end": 368,
         "height": 44,
         "top": 349,
         "ayah": 5,
         "page": 20,
         "width": 205,
         "verse_pos": 4
       },
       {
         "line": 9,
         "left": 17,
         "end": 162,
         "height": 44,
         "top": 349,
         "ayah": 6,
         "page": 20,
         "width": 145,
         "verse_pos": 5
       },
       {
         "line": 10,
         "left": 17,
         "end": 368,
         "height": 43,
         "top": 393,
         "ayah": 6,
         "page": 20,
         "width": 351,
         "verse_pos": 5
       },
       {
         "line": 11,
         "left": 236,
         "end": 368,
         "height": 40,
         "top": 436,
         "ayah": 6,
         "page": 20,
         "width": 132,
         "verse_pos": 5
       },
       {
         "line": 11,
         "left": 17,
         "end": 235,
         "height": 40,
         "top": 436,
         "ayah": 7,
         "page": 20,
         "width": 218,
         "verse_pos": 6
       },
       {
         "line": 12,
         "left": 17,
         "end": 368,
         "height": 48,
         "top": 476,
         "ayah": 7,
         "page": 20,
         "width": 351,
         "verse_pos": 6
       },
       {
         "line": 13,
         "left": 17,
         "end": 368,
         "height": 38,
         "top": 524,
         "ayah": 7,
         "page": 20,
         "width": 351,
         "verse_pos": 6
       },
       {
         "line": 14,
         "left": 176,
         "end": 368,
         "height": 44,
         "top": 562,
         "ayah": 7,
         "page": 20,
         "width": 192,
         "verse_pos": 6
       },
       {
         "line": 14,
         "left": 17,
         "end": 175,
         "height": 44,
         "top": 562,
         "ayah": 8,
         "page": 20,
         "width": 158,
         "verse_pos": 7
       },
       {
         "line": 15,
         "left": 17,
         "end": 368,
         "height": 46,
         "top": 606,
         "ayah": 8,
         "page": 20,
         "width": 351,
         "verse_pos": 7
       }
]
