[
    {
        "line": 1,
        "left": 203,
        "end": 377,
        "height": 41,
        "top": 7,
        "ayah": 1,
        "page": 449,
        "width": 174,
        "verse_pos": 0
    },
    {
        "line": 1,
        "left": 45,
        "end": 203,
        "height": 41,
        "top": 7,
        "ayah": 2,
        "page": 449,
        "width": 158,
        "verse_pos": 1
    },
    {
        "line": 1,
        "left": 8,
        "end": 44,
        "height": 41,
        "top": 7,
        "ayah": 3,
        "page": 449,
        "width": 36,
        "verse_pos": 2
    },
    {
        "line": 2,
        "left": 234,
        "end": 377,
        "height": 42,
        "top": 48,
        "ayah": 3,
        "page": 449,
        "width": 143,
        "verse_pos": 2
    },
    {
        "line": 2,
        "left": 53,
        "end": 233,
        "height": 42,
        "top": 48,
        "ayah": 4,
        "page": 449,
        "width": 180,
        "verse_pos": 3
    },
    {
        "line": 2,
        "left": 8,
        "end": 52,
        "height": 42,
        "top": 48,
        "ayah": 5,
        "page": 449,
        "width": 44,
        "verse_pos": 4
    },
    {
        "line": 3,
        "left": 246,
        "end": 377,
        "height": 45,
        "top": 90,
        "ayah": 5,
        "page": 449,
        "width": 131,
        "verse_pos": 4
    },
    {
        "line": 3,
        "left": 95,
        "end": 246,
        "height": 45,
        "top": 90,
        "ayah": 6,
        "page": 449,
        "width": 151,
        "verse_pos": 5
    },
    {
        "line": 3,
        "left": 8,
        "end": 94,
        "height": 45,
        "top": 90,
        "ayah": 7,
        "page": 449,
        "width": 86,
        "verse_pos": 6
    },
    {
        "line": 4,
        "left": 235,
        "end": 377,
        "height": 41,
        "top": 135,
        "ayah": 7,
        "page": 449,
        "width": 142,
        "verse_pos": 6
    },
    {
        "line": 4,
        "left": 60,
        "end": 234,
        "height": 41,
        "top": 135,
        "ayah": 8,
        "page": 449,
        "width": 174,
        "verse_pos": 7
    },
    {
        "line": 4,
        "left": 8,
        "end": 59,
        "height": 41,
        "top": 135,
        "ayah": 9,
        "page": 449,
        "width": 51,
        "verse_pos": 8
    },
    {
        "line": 5,
        "left": 185,
        "end": 377,
        "height": 44,
        "top": 176,
        "ayah": 9,
        "page": 449,
        "width": 192,
        "verse_pos": 8
    },
    {
        "line": 5,
        "left": 8,
        "end": 185,
        "height": 44,
        "top": 176,
        "ayah": 10,
        "page": 449,
        "width": 177,
        "verse_pos": 9
    },
    {
        "line": 6,
        "left": 342,
        "end": 377,
        "height": 43,
        "top": 220,
        "ayah": 10,
        "page": 449,
        "width": 35,
        "verse_pos": 9
    },
    {
        "line": 6,
        "left": 174,
        "end": 342,
        "height": 43,
        "top": 220,
        "ayah": 11,
        "page": 449,
        "width": 168,
        "verse_pos": 10
    },
    {
        "line": 6,
        "left": 8,
        "end": 173,
        "height": 43,
        "top": 220,
        "ayah": 12,
        "page": 449,
        "width": 165,
        "verse_pos": 11
    },
    {
        "line": 7,
        "left": 255,
        "end": 377,
        "height": 43,
        "top": 263,
        "ayah": 13,
        "page": 449,
        "width": 122,
        "verse_pos": 12
    },
    {
        "line": 7,
        "left": 115,
        "end": 254,
        "height": 43,
        "top": 263,
        "ayah": 14,
        "page": 449,
        "width": 139,
        "verse_pos": 13
    },
    {
        "line": 7,
        "left": 8,
        "end": 114,
        "height": 43,
        "top": 263,
        "ayah": 15,
        "page": 449,
        "width": 106,
        "verse_pos": 14
    },
    {
        "line": 8,
        "left": 245,
        "end": 377,
        "height": 42,
        "top": 306,
        "ayah": 15,
        "page": 449,
        "width": 132,
        "verse_pos": 14
    },
    {
        "line": 8,
        "left": 109,
        "end": 244,
        "height": 42,
        "top": 306,
        "ayah": 16,
        "page": 449,
        "width": 135,
        "verse_pos": 15
    },
    {
        "line": 8,
        "left": 8,
        "end": 108,
        "height": 42,
        "top": 306,
        "ayah": 17,
        "page": 449,
        "width": 100,
        "verse_pos": 16
    },
    {
        "line": 9,
        "left": 296,
        "end": 377,
        "height": 42,
        "top": 348,
        "ayah": 17,
        "page": 449,
        "width": 81,
        "verse_pos": 16
    },
    {
        "line": 9,
        "left": 155,
        "end": 295,
        "height": 42,
        "top": 348,
        "ayah": 18,
        "page": 449,
        "width": 140,
        "verse_pos": 17
    },
    {
        "line": 9,
        "left": 8,
        "end": 154,
        "height": 42,
        "top": 348,
        "ayah": 19,
        "page": 449,
        "width": 146,
        "verse_pos": 18
    },
    {
        "line": 10,
        "left": 341,
        "end": 377,
        "height": 44,
        "top": 390,
        "ayah": 19,
        "page": 449,
        "width": 36,
        "verse_pos": 18
    },
    {
        "line": 10,
        "left": 161,
        "end": 340,
        "height": 44,
        "top": 390,
        "ayah": 20,
        "page": 449,
        "width": 179,
        "verse_pos": 19
    },
    {
        "line": 10,
        "left": 8,
        "end": 160,
        "height": 44,
        "top": 390,
        "ayah": 21,
        "page": 449,
        "width": 152,
        "verse_pos": 20
    },
    {
        "line": 11,
        "left": 277,
        "end": 377,
        "height": 47,
        "top": 434,
        "ayah": 21,
        "page": 449,
        "width": 100,
        "verse_pos": 20
    },
    {
        "line": 11,
        "left": 8,
        "end": 277,
        "height": 47,
        "top": 434,
        "ayah": 22,
        "page": 449,
        "width": 269,
        "verse_pos": 21
    },
    {
        "line": 12,
        "left": 157,
        "end": 377,
        "height": 41,
        "top": 481,
        "ayah": 23,
        "page": 449,
        "width": 220,
        "verse_pos": 22
    },
    {
        "line": 12,
        "left": 8,
        "end": 156,
        "height": 41,
        "top": 481,
        "ayah": 24,
        "page": 449,
        "width": 148,
        "verse_pos": 23
    },
    {
        "line": 13,
        "left": 341,
        "end": 377,
        "height": 41,
        "top": 522,
        "ayah": 24,
        "page": 449,
        "width": 36,
        "verse_pos": 23
    },
    {
        "line": 13,
        "left": 176,
        "end": 340,
        "height": 41,
        "top": 522,
        "ayah": 25,
        "page": 449,
        "width": 164,
        "verse_pos": 24
    },
    {
        "line": 13,
        "left": 8,
        "end": 175,
        "height": 41,
        "top": 522,
        "ayah": 26,
        "page": 449,
        "width": 167,
        "verse_pos": 25
    },
    {
        "line": 14,
        "left": 8,
        "end": 377,
        "height": 41,
        "top": 563,
        "ayah": 26,
        "page": 449,
        "width": 369,
        "verse_pos": 25
    },
    {
        "line": 15,
        "left": 8,
        "end": 377,
        "height": 42,
        "top": 604,
        "ayah": 26,
        "page": 449,
        "width": 369,
        "verse_pos": 25
    }
]