[
 {
  "line": 1,
  "left": 268,
  "end": 376,
  "height": 44,
  "top": 43,
  "ayah": 2,
  "page": 591,
  "width": 108,
  "verse_pos": 1
 },
 {
  "line": 1,
  "left": 140,
  "end": 267,
  "height": 44,
  "top": 43,
  "ayah": 3,
  "page": 591,
  "width": 127,
  "verse_pos": 2
 },
 {
  "line": 1,
  "left": 44,
  "end": 139,
  "height": 44,
  "top": 43,
  "ayah": 4,
  "page": 591,
  "width": 95,
  "verse_pos": 3
 },
 {
  "line": 1,
  "left": 13,
  "end": 44,
  "height": 44,
  "top": 43,
  "ayah": 5,
  "page": 591,
  "width": 31,
  "verse_pos": 4
 },
 {
  "line": 2,
  "left": 242,
  "end": 376,
  "height": 44,
  "top": 87,
  "ayah": 5,
  "page": 591,
  "width": 134,
  "verse_pos": 4
 },
 {
  "line": 2,
  "left": 88,
  "end": 241,
  "height": 44,
  "top": 87,
  "ayah": 6,
  "page": 591,
  "width": 153,
  "verse_pos": 5
 },
 {
  "line": 2,
  "left": 13,
  "end": 87,
  "height": 44,
  "top": 87,
  "ayah": 7,
  "page": 591,
  "width": 74,
  "verse_pos": 6
 },
 {
  "line": 3,
  "left": 318,
  "end": 376,
  "height": 44,
  "top": 131,
  "ayah": 7,
  "page": 591,
  "width": 58,
  "verse_pos": 6
 },
 {
  "line": 3,
  "left": 138,
  "end": 317,
  "height": 44,
  "top": 131,
  "ayah": 8,
  "page": 591,
  "width": 179,
  "verse_pos": 7
 },
 {
  "line": 3,
  "left": 13,
  "end": 138,
  "height": 44,
  "top": 131,
  "ayah": 9,
  "page": 591,
  "width": 125,
  "verse_pos": 8
 },
 {
  "line": 4,
  "left": 268,
  "end": 376,
  "height": 41,
  "top": 175,
  "ayah": 10,
  "page": 591,
  "width": 108,
  "verse_pos": 9
 },
 {
  "line": 4,
  "left": 125,
  "end": 267,
  "height": 41,
  "top": 175,
  "ayah": 11,
  "page": 591,
  "width": 142,
  "verse_pos": 10
 },
 {
  "line": 4,
  "left": 13,
  "end": 124,
  "height": 41,
  "top": 175,
  "ayah": 12,
  "page": 591,
  "width": 111,
  "verse_pos": 11
 },
 {
  "line": 5,
  "left": 235,
  "end": 376,
  "height": 42,
  "top": 216,
  "ayah": 13,
  "page": 591,
  "width": 141,
  "verse_pos": 12
 },
 {
  "line": 5,
  "left": 128,
  "end": 235,
  "height": 42,
  "top": 216,
  "ayah": 14,
  "page": 591,
  "width": 107,
  "verse_pos": 13
 },
 {
  "line": 5,
  "left": 36,
  "end": 127,
  "height": 42,
  "top": 216,
  "ayah": 15,
  "page": 591,
  "width": 91,
  "verse_pos": 14
 },
 {
  "line": 5,
  "left": 13,
  "end": 35,
  "height": 42,
  "top": 216,
  "ayah": 16,
  "page": 591,
  "width": 22,
  "verse_pos": 15
 },
 {
  "line": 6,
  "left": 276,
  "end": 376,
  "height": 40,
  "top": 258,
  "ayah": 16,
  "page": 591,
  "width": 100,
  "verse_pos": 15
 },
 {
  "line": 6,
  "left": 188,
  "end": 276,
  "height": 40,
  "top": 258,
  "ayah": 17,
  "page": 591,
  "width": 88,
  "verse_pos": 16
 },
 {
  "line": 6,
  "left": 13,
  "end": 187,
  "height": 40,
  "top": 258,
  "ayah": 18,
  "page": 591,
  "width": 174,
  "verse_pos": 17
 },
 {
  "line": 7,
  "left": 224,
  "end": 376,
  "height": 42,
  "top": 389,
  "ayah": 20,
  "page": 591,
  "width": 152,
  "verse_pos": 19
 },
 {
  "line": 7,
  "left": 108,
  "end": 224,
  "height": 42,
  "top": 389,
  "ayah": 21,
  "page": 591,
  "width": 116,
  "verse_pos": 20
 },
 {
  "line": 7,
  "left": 13,
  "end": 107,
  "height": 42,
  "top": 389,
  "ayah": 22,
  "page": 591,
  "width": 94,
  "verse_pos": 21
 },
 {
  "line": 8,
  "left": 342,
  "end": 376,
  "height": 41,
  "top": 431,
  "ayah": 22,
  "page": 591,
  "width": 34,
  "verse_pos": 21
 },
 {
  "line": 8,
  "left": 204,
  "end": 341,
  "height": 41,
  "top": 431,
  "ayah": 23,
  "page": 591,
  "width": 137,
  "verse_pos": 22
 },
 {
  "line": 8,
  "left": 70,
  "end": 203,
  "height": 41,
  "top": 431,
  "ayah": 24,
  "page": 591,
  "width": 133,
  "verse_pos": 23
 },
 {
  "line": 8,
  "left": 13,
  "end": 70,
  "height": 41,
  "top": 431,
  "ayah": 25,
  "page": 591,
  "width": 57,
  "verse_pos": 24
 },
 {
  "line": 9,
  "left": 294,
  "end": 376,
  "height": 43,
  "top": 472,
  "ayah": 25,
  "page": 591,
  "width": 82,
  "verse_pos": 24
 },
 {
  "line": 9,
  "left": 62,
  "end": 294,
  "height": 43,
  "top": 472,
  "ayah": 26,
  "page": 591,
  "width": 232,
  "verse_pos": 25
 },
 {
  "line": 9,
  "left": 13,
  "end": 61,
  "height": 43,
  "top": 472,
  "ayah": 27,
  "page": 591,
  "width": 48,
  "verse_pos": 26
 },
 {
  "line": 10,
  "left": 299,
  "end": 376,
  "height": 45,
  "top": 515,
  "ayah": 27,
  "page": 591,
  "width": 77,
  "verse_pos": 26
 },
 {
  "line": 10,
  "left": 139,
  "end": 298,
  "height": 45,
  "top": 515,
  "ayah": 28,
  "page": 591,
  "width": 159,
  "verse_pos": 27
 },
 {
  "line": 10,
  "left": 13,
  "end": 138,
  "height": 45,
  "top": 515,
  "ayah": 29,
  "page": 591,
  "width": 125,
  "verse_pos": 28
 },
 {
  "line": 11,
  "left": 244,
  "end": 376,
  "height": 43,
  "top": 560,
  "ayah": 30,
  "page": 591,
  "width": 132,
  "verse_pos": 29
 },
 {
  "line": 11,
  "left": 80,
  "end": 244,
  "height": 43,
  "top": 560,
  "ayah": 31,
  "page": 591,
  "width": 164,
  "verse_pos": 30
 },
 {
  "line": 11,
  "left": 13,
  "end": 80,
  "height": 43,
  "top": 560,
  "ayah": 32,
  "page": 591,
  "width": 67,
  "verse_pos": 31
 },
 {
  "line": 12,
  "left": 276,
  "end": 376,
  "height": 42,
  "top": 603,
  "ayah": 32,
  "page": 591,
  "width": 100,
  "verse_pos": 31
 },
 {
  "line": 12,
  "left": 160,
  "end": 276,
  "height": 42,
  "top": 603,
  "ayah": 33,
  "page": 591,
  "width": 116,
  "verse_pos": 32
 },
 {
  "line": 12,
  "left": 13,
  "end": 160,
  "height": 42,
  "top": 603,
  "ayah": 34,
  "page": 591,
  "width": 147,
  "verse_pos": 33
 }
]