[
 {
  "line": 1,
  "left": 61,
  "end": 375,
  "height": 43,
  "top": 7,
  "ayah": 1,
  "page": 580,
  "width": 314,
  "verse_pos": 0
 },
 {
  "line": 1,
  "left": 13,
  "end": 60,
  "height": 43,
  "top": 7,
  "ayah": 2,
  "page": 580,
  "width": 47,
  "verse_pos": 1
 },
 {
  "line": 2,
  "left": 47,
  "end": 375,
  "height": 43,
  "top": 50,
  "ayah": 2,
  "page": 580,
  "width": 328,
  "verse_pos": 1
 },
 {
  "line": 2,
  "left": 13,
  "end": 46,
  "height": 43,
  "top": 50,
  "ayah": 3,
  "page": 580,
  "width": 33,
  "verse_pos": 2
 },
 {
  "line": 3,
  "left": 13,
  "end": 375,
  "height": 39,
  "top": 93,
  "ayah": 3,
  "page": 580,
  "width": 362,
  "verse_pos": 2
 },
 {
  "line": 4,
  "left": 342,
  "end": 375,
  "height": 46,
  "top": 132,
  "ayah": 3,
  "page": 580,
  "width": 33,
  "verse_pos": 2
 },
 {
  "line": 4,
  "left": 13,
  "end": 342,
  "height": 46,
  "top": 132,
  "ayah": 4,
  "page": 580,
  "width": 329,
  "verse_pos": 3
 },
 {
  "line": 5,
  "left": 13,
  "end": 375,
  "height": 44,
  "top": 178,
  "ayah": 5,
  "page": 580,
  "width": 362,
  "verse_pos": 4
 },
 {
  "line": 6,
  "left": 13,
  "end": 375,
  "height": 39,
  "top": 222,
  "ayah": 6,
  "page": 580,
  "width": 362,
  "verse_pos": 5
 },
 {
  "line": 7,
  "left": 253,
  "end": 375,
  "height": 41,
  "top": 354,
  "ayah": 8,
  "page": 580,
  "width": 122,
  "verse_pos": 7
 },
 {
  "line": 7,
  "left": 126,
  "end": 253,
  "height": 41,
  "top": 354,
  "ayah": 9,
  "page": 580,
  "width": 127,
  "verse_pos": 8
 },
 {
  "line": 7,
  "left": 13,
  "end": 126,
  "height": 41,
  "top": 354,
  "ayah": 10,
  "page": 580,
  "width": 113,
  "verse_pos": 9
 },
 {
  "line": 8,
  "left": 265,
  "end": 375,
  "height": 44,
  "top": 395,
  "ayah": 11,
  "page": 580,
  "width": 110,
  "verse_pos": 10
 },
 {
  "line": 8,
  "left": 149,
  "end": 265,
  "height": 44,
  "top": 395,
  "ayah": 12,
  "page": 580,
  "width": 116,
  "verse_pos": 11
 },
 {
  "line": 8,
  "left": 48,
  "end": 148,
  "height": 44,
  "top": 395,
  "ayah": 13,
  "page": 580,
  "width": 100,
  "verse_pos": 12
 },
 {
  "line": 8,
  "left": 13,
  "end": 48,
  "height": 44,
  "top": 395,
  "ayah": 14,
  "page": 580,
  "width": 35,
  "verse_pos": 13
 },
 {
  "line": 9,
  "left": 264,
  "end": 375,
  "height": 41,
  "top": 439,
  "ayah": 14,
  "page": 580,
  "width": 111,
  "verse_pos": 13
 },
 {
  "line": 9,
  "left": 122,
  "end": 263,
  "height": 41,
  "top": 439,
  "ayah": 15,
  "page": 580,
  "width": 141,
  "verse_pos": 14
 },
 {
  "line": 9,
  "left": 13,
  "end": 122,
  "height": 41,
  "top": 439,
  "ayah": 16,
  "page": 580,
  "width": 109,
  "verse_pos": 15
 },
 {
  "line": 10,
  "left": 341,
  "end": 375,
  "height": 45,
  "top": 480,
  "ayah": 16,
  "page": 580,
  "width": 34,
  "verse_pos": 15
 },
 {
  "line": 10,
  "left": 215,
  "end": 341,
  "height": 45,
  "top": 480,
  "ayah": 17,
  "page": 580,
  "width": 126,
  "verse_pos": 16
 },
 {
  "line": 10,
  "left": 94,
  "end": 214,
  "height": 45,
  "top": 480,
  "ayah": 18,
  "page": 580,
  "width": 120,
  "verse_pos": 17
 },
 {
  "line": 10,
  "left": 13,
  "end": 94,
  "height": 45,
  "top": 480,
  "ayah": 19,
  "page": 580,
  "width": 81,
  "verse_pos": 18
 },
 {
  "line": 11,
  "left": 339,
  "end": 375,
  "height": 41,
  "top": 525,
  "ayah": 19,
  "page": 580,
  "width": 36,
  "verse_pos": 18
 },
 {
  "line": 11,
  "left": 239,
  "end": 339,
  "height": 41,
  "top": 525,
  "ayah": 20,
  "page": 580,
  "width": 100,
  "verse_pos": 19
 },
 {
  "line": 11,
  "left": 71,
  "end": 239,
  "height": 41,
  "top": 525,
  "ayah": 21,
  "page": 580,
  "width": 168,
  "verse_pos": 20
 },
 {
  "line": 11,
  "left": 13,
  "end": 71,
  "height": 41,
  "top": 525,
  "ayah": 22,
  "page": 580,
  "width": 58,
  "verse_pos": 21
 },
 {
  "line": 12,
  "left": 275,
  "end": 375,
  "height": 44,
  "top": 566,
  "ayah": 22,
  "page": 580,
  "width": 100,
  "verse_pos": 21
 },
 {
  "line": 12,
  "left": 141,
  "end": 275,
  "height": 44,
  "top": 566,
  "ayah": 23,
  "page": 580,
  "width": 134,
  "verse_pos": 22
 },
 {
  "line": 12,
  "left": 13,
  "end": 142,
  "height": 44,
  "top": 566,
  "ayah": 24,
  "page": 580,
  "width": 129,
  "verse_pos": 23
 },
 {
  "line": 13,
  "left": 342,
  "end": 375,
  "height": 42,
  "top": 610,
  "ayah": 24,
  "page": 580,
  "width": 33,
  "verse_pos": 23
 },
 {
  "line": 13,
  "left": 165,
  "end": 342,
  "height": 42,
  "top": 610,
  "ayah": 25,
  "page": 580,
  "width": 177,
  "verse_pos": 24
 },
 {
  "line": 13,
  "left": 13,
  "end": 164,
  "height": 42,
  "top": 610,
  "ayah": 26,
  "page": 580,
  "width": 151,
  "verse_pos": 25
 }
]