[
 {
  "line": 1,
  "left": 304,
  "end": 374,
  "height": 42,
  "top": 91,
  "ayah": 2,
  "page": 477,
  "width": 70,
  "verse_pos": 1
 },
 {
  "line": 1,
  "left": 114,
  "end": 304,
  "height": 42,
  "top": 91,
  "ayah": 3,
  "page": 477,
  "width": 190,
  "verse_pos": 2
 },
 {
  "line": 1,
  "left": 11,
  "end": 114,
  "height": 42,
  "top": 91,
  "ayah": 4,
  "page": 477,
  "width": 103,
  "verse_pos": 3
 },
 {
  "line": 2,
  "left": 132,
  "end": 374,
  "height": 41,
  "top": 133,
  "ayah": 4,
  "page": 477,
  "width": 242,
  "verse_pos": 3
 },
 {
  "line": 2,
  "left": 11,
  "end": 131,
  "height": 41,
  "top": 133,
  "ayah": 5,
  "page": 477,
  "width": 120,
  "verse_pos": 4
 },
 {
  "line": 3,
  "left": 166,
  "end": 374,
  "height": 47,
  "top": 174,
  "ayah": 5,
  "page": 477,
  "width": 208,
  "verse_pos": 4
 },
 {
  "line": 3,
  "left": 11,
  "end": 165,
  "height": 47,
  "top": 174,
  "ayah": 6,
  "page": 477,
  "width": 154,
  "verse_pos": 5
 },
 {
  "line": 4,
  "left": 11,
  "end": 374,
  "height": 40,
  "top": 221,
  "ayah": 6,
  "page": 477,
  "width": 363,
  "verse_pos": 5
 },
 {
  "line": 5,
  "left": 220,
  "end": 374,
  "height": 42,
  "top": 261,
  "ayah": 6,
  "page": 477,
  "width": 154,
  "verse_pos": 5
 },
 {
  "line": 5,
  "left": 11,
  "end": 219,
  "height": 42,
  "top": 261,
  "ayah": 7,
  "page": 477,
  "width": 208,
  "verse_pos": 6
 },
 {
  "line": 6,
  "left": 11,
  "end": 374,
  "height": 44,
  "top": 303,
  "ayah": 7,
  "page": 477,
  "width": 363,
  "verse_pos": 6
 },
 {
  "line": 7,
  "left": 269,
  "end": 374,
  "height": 42,
  "top": 347,
  "ayah": 7,
  "page": 477,
  "width": 105,
  "verse_pos": 6
 },
 {
  "line": 7,
  "left": 11,
  "end": 269,
  "height": 42,
  "top": 347,
  "ayah": 8,
  "page": 477,
  "width": 258,
  "verse_pos": 7
 },
 {
  "line": 8,
  "left": 269,
  "end": 374,
  "height": 44,
  "top": 389,
  "ayah": 8,
  "page": 477,
  "width": 105,
  "verse_pos": 7
 },
 {
  "line": 8,
  "left": 11,
  "end": 269,
  "height": 44,
  "top": 389,
  "ayah": 9,
  "page": 477,
  "width": 258,
  "verse_pos": 8
 },
 {
  "line": 9,
  "left": 237,
  "end": 374,
  "height": 43,
  "top": 433,
  "ayah": 9,
  "page": 477,
  "width": 137,
  "verse_pos": 8
 },
 {
  "line": 9,
  "left": 11,
  "end": 236,
  "height": 43,
  "top": 433,
  "ayah": 10,
  "page": 477,
  "width": 225,
  "verse_pos": 9
 },
 {
  "line": 10,
  "left": 11,
  "end": 374,
  "height": 44,
  "top": 476,
  "ayah": 10,
  "page": 477,
  "width": 363,
  "verse_pos": 9
 },
 {
  "line": 11,
  "left": 11,
  "end": 374,
  "height": 44,
  "top": 520,
  "ayah": 11,
  "page": 477,
  "width": 363,
  "verse_pos": 10
 },
 {
  "line": 12,
  "left": 194,
  "end": 374,
  "height": 42,
  "top": 564,
  "ayah": 11,
  "page": 477,
  "width": 180,
  "verse_pos": 10
 },
 {
  "line": 12,
  "left": 11,
  "end": 193,
  "height": 42,
  "top": 564,
  "ayah": 12,
  "page": 477,
  "width": 182,
  "verse_pos": 11
 },
 {
  "line": 13,
  "left": 11,
  "end": 374,
  "height": 42,
  "top": 606,
  "ayah": 12,
  "page": 477,
  "width": 363,
  "verse_pos": 11
 }
]