[
    {
        "line": 1,
        "left": 13,
        "end": 373,
        "height": 38,
        "top": 7,
        "ayah": 1,
        "page": 552,
        "width": 360,
        "verse_pos": 0
    },
    {
        "line": 2,
        "left": 13,
        "end": 373,
        "height": 46,
        "top": 45,
        "ayah": 1,
        "page": 552,
        "width": 360,
        "verse_pos": 0
    },
    {
        "line": 3,
        "left": 145,
        "end": 373,
        "height": 44,
        "top": 91,
        "ayah": 1,
        "page": 552,
        "width": 228,
        "verse_pos": 0
    },
    {
        "line": 3,
        "left": 13,
        "end": 144,
        "height": 44,
        "top": 91,
        "ayah": 2,
        "page": 552,
        "width": 131,
        "verse_pos": 1
    },
    {
        "line": 4,
        "left": 13,
        "end": 373,
        "height": 41,
        "top": 135,
        "ayah": 2,
        "page": 552,
        "width": 360,
        "verse_pos": 1
    },
    {
        "line": 5,
        "left": 337,
        "end": 373,
        "height": 42,
        "top": 176,
        "ayah": 2,
        "page": 552,
        "width": 36,
        "verse_pos": 1
    },
    {
        "line": 5,
        "left": 13,
        "end": 336,
        "height": 42,
        "top": 176,
        "ayah": 3,
        "page": 552,
        "width": 323,
        "verse_pos": 2
    },
    {
        "line": 6,
        "left": 288,
        "end": 373,
        "height": 43,
        "top": 218,
        "ayah": 3,
        "page": 552,
        "width": 85,
        "verse_pos": 2
    },
    {
        "line": 6,
        "left": 13,
        "end": 287,
        "height": 43,
        "top": 218,
        "ayah": 4,
        "page": 552,
        "width": 274,
        "verse_pos": 3
    },
    {
        "line": 7,
        "left": 168,
        "end": 373,
        "height": 45,
        "top": 261,
        "ayah": 4,
        "page": 552,
        "width": 205,
        "verse_pos": 3
    },
    {
        "line": 7,
        "left": 13,
        "end": 167,
        "height": 45,
        "top": 261,
        "ayah": 5,
        "page": 552,
        "width": 154,
        "verse_pos": 4
    },
    {
        "line": 8,
        "left": 174,
        "end": 373,
        "height": 42,
        "top": 306,
        "ayah": 5,
        "page": 552,
        "width": 199,
        "verse_pos": 4
    },
    {
        "line": 8,
        "left": 13,
        "end": 173,
        "height": 42,
        "top": 306,
        "ayah": 6,
        "page": 552,
        "width": 160,
        "verse_pos": 5
    },
    {
        "line": 9,
        "left": 13,
        "end": 373,
        "height": 43,
        "top": 348,
        "ayah": 6,
        "page": 552,
        "width": 360,
        "verse_pos": 5
    },
    {
        "line": 10,
        "left": 13,
        "end": 373,
        "height": 40,
        "top": 391,
        "ayah": 7,
        "page": 552,
        "width": 360,
        "verse_pos": 6
    },
    {
        "line": 11,
        "left": 130,
        "end": 373,
        "height": 46,
        "top": 431,
        "ayah": 7,
        "page": 552,
        "width": 243,
        "verse_pos": 6
    },
    {
        "line": 11,
        "left": 13,
        "end": 129,
        "height": 46,
        "top": 431,
        "ayah": 8,
        "page": 552,
        "width": 116,
        "verse_pos": 7
    },
    {
        "line": 12,
        "left": 149,
        "end": 373,
        "height": 43,
        "top": 477,
        "ayah": 8,
        "page": 552,
        "width": 224,
        "verse_pos": 7
    },
    {
        "line": 12,
        "left": 13,
        "end": 148,
        "height": 43,
        "top": 477,
        "ayah": 9,
        "page": 552,
        "width": 135,
        "verse_pos": 8
    },
    {
        "line": 13,
        "left": 13,
        "end": 373,
        "height": 40,
        "top": 520,
        "ayah": 9,
        "page": 552,
        "width": 360,
        "verse_pos": 8
    },
    {
        "line": 14,
        "left": 13,
        "end": 373,
        "height": 41,
        "top": 560,
        "ayah": 9,
        "page": 552,
        "width": 360,
        "verse_pos": 8
    },
    {
        "line": 15,
        "left": 13,
        "end": 373,
        "height": 46,
        "top": 601,
        "ayah": 9,
        "page": 552,
        "width": 360,
        "verse_pos": 8
    }
]