[
 {
  "line": 1,
  "left": 12,
  "end": 377,
  "height": 43,
  "top": 7,
  "ayah": 1,
  "page": 107,
  "width": 365,
  "verse_pos": 0
 },
 {
  "line": 2,
  "left": 12,
  "end": 377,
  "height": 40,
  "top": 50,
  "ayah": 1,
  "page": 107,
  "width": 365,
  "verse_pos": 0
 },
 {
  "line": 3,
  "left": 12,
  "end": 377,
  "height": 43,
  "top": 90,
  "ayah": 1,
  "page": 107,
  "width": 365,
  "verse_pos": 0
 },
 {
  "line": 4,
  "left": 12,
  "end": 377,
  "height": 45,
  "top": 133,
  "ayah": 1,
  "page": 107,
  "width": 365,
  "verse_pos": 0
 },
 {
  "line": 5,
  "left": 12,
  "end": 377,
  "height": 40,
  "top": 178,
  "ayah": 1,
  "page": 107,
  "width": 365,
  "verse_pos": 0
 },
 {
  "line": 6,
  "left": 12,
  "end": 377,
  "height": 47,
  "top": 218,
  "ayah": 1,
  "page": 107,
  "width": 365,
  "verse_pos": 0
 },
 {
  "line": 7,
  "left": 12,
  "end": 377,
  "height": 38,
  "top": 265,
  "ayah": 1,
  "page": 107,
  "width": 365,
  "verse_pos": 0
 },
 {
  "line": 8,
  "left": 12,
  "end": 377,
  "height": 42,
  "top": 303,
  "ayah": 2,
  "page": 107,
  "width": 365,
  "verse_pos": 1
 },
 {
  "line": 9,
  "left": 12,
  "end": 377,
  "height": 48,
  "top": 345,
  "ayah": 2,
  "page": 107,
  "width": 365,
  "verse_pos": 1
 },
 {
  "line": 10,
  "left": 12,
  "end": 377,
  "height": 41,
  "top": 393,
  "ayah": 2,
  "page": 107,
  "width": 365,
  "verse_pos": 1
 },
 {
  "line": 11,
  "left": 342,
  "end": 377,
  "height": 43,
  "top": 434,
  "ayah": 2,
  "page": 107,
  "width": 35,
  "verse_pos": 1
 },
 {
  "line": 11,
  "left": 12,
  "end": 341,
  "height": 43,
  "top": 434,
  "ayah": 3,
  "page": 107,
  "width": 329,
  "verse_pos": 2
 },
 {
  "line": 12,
  "left": 12,
  "end": 377,
  "height": 44,
  "top": 477,
  "ayah": 3,
  "page": 107,
  "width": 365,
  "verse_pos": 2
 },
 {
  "line": 13,
  "left": 12,
  "end": 377,
  "height": 45,
  "top": 521,
  "ayah": 3,
  "page": 107,
  "width": 365,
  "verse_pos": 2
 },
 {
  "line": 14,
  "left": 12,
  "end": 377,
  "height": 43,
  "top": 566,
  "ayah": 3,
  "page": 107,
  "width": 365,
  "verse_pos": 2
 },
 {
  "line": 15,
  "left": 12,
  "end": 377,
  "height": 42,
  "top": 609,
  "ayah": 3,
  "page": 107,
  "width": 365,
  "verse_pos": 2
 }
]