[
    {
          "line": 1,
          "left": 18,
          "end": 370,
          "height": 46,
          "top": 7,
          "ayah": 1,
          "page": 19,
          "width": 352,
          "verse_pos": 0
        },
        {
          "line": 2,
          "left": 18,
          "end": 370,
          "height": 40,
          "top": 53,
          "ayah": 1,
          "page": 19,
          "width": 352,
          "verse_pos": 0
        },
        {
          "line": 3,
          "left": 108,
          "end": 370,
          "height": 46,
          "top": 93,
          "ayah": 1,
          "page": 19,
          "width": 262,
          "verse_pos": 0
        },
        {
          "line": 3,
          "left": 18,
          "end": 107,
          "height": 46,
          "top": 93,
          "ayah": 2,
          "page": 19,
          "width": 89,
          "verse_pos": 1
        },
        {
          "line": 4,
          "left": 18,
          "end": 370,
          "height": 41,
          "top": 139,
          "ayah": 2,
          "page": 19,
          "width": 352,
          "verse_pos": 1
        },
        {
          "line": 5,
          "left": 205,
          "end": 370,
          "height": 46,
          "top": 180,
          "ayah": 2,
          "page": 19,
          "width": 165,
          "verse_pos": 1
        },
        {
          "line": 5,
          "left": 18,
          "end": 204,
          "height": 46,
          "top": 180,
          "ayah": 3,
          "page": 19,
          "width": 186,
          "verse_pos": 2
        },
        {
          "line": 6,
          "left": 90,
          "end": 370,
          "height": 46,
          "top": 226,
          "ayah": 3,
          "page": 19,
          "width": 280,
          "verse_pos": 2
        },
        {
          "line": 6,
          "left": 18,
          "end": 89,
          "height": 46,
          "top": 226,
          "ayah": 4,
          "page": 19,
          "width": 71,
          "verse_pos": 3
        },
        {
          "line": 7,
          "left": 18,
          "end": 370,
          "height": 40,
          "top": 272,
          "ayah": 4,
          "page": 19,
          "width": 352,
          "verse_pos": 3
        },
        {
          "line": 8,
          "left": 208,
          "end": 370,
          "height": 40,
          "top": 312,
          "ayah": 4,
          "page": 19,
          "width": 162,
          "verse_pos": 3
        },
        {
          "line": 8,
          "left": 18,
          "end": 208,
          "height": 40,
          "top": 312,
          "ayah": 5,
          "page": 19,
          "width": 190,
          "verse_pos": 4
        },
        {
          "line": 9,
          "left": 18,
          "end": 370,
          "height": 45,
          "top": 352,
          "ayah": 5,
          "page": 19,
          "width": 352,
          "verse_pos": 4
        },
        {
          "line": 10,
          "left": 194,
          "end": 370,
          "height": 39,
          "top": 397,
          "ayah": 5,
          "page": 19,
          "width": 176,
          "verse_pos": 4
        },
        {
          "line": 10,
          "left": 18,
          "end": 193,
          "height": 39,
          "top": 397,
          "ayah": 6,
          "page": 19,
          "width": 175,
          "verse_pos": 5
        },
        {
          "line": 11,
          "left": 18,
          "end": 370,
          "height": 49,
          "top": 436,
          "ayah": 6,
          "page": 19,
          "width": 352,
          "verse_pos": 5
        },
        {
          "line": 12,
          "left": 18,
          "end": 370,
          "height": 41,
          "top": 485,
          "ayah": 6,
          "page": 19,
          "width": 352,
          "verse_pos": 5
        },
        {
          "line": 13,
          "left": 287,
          "end": 370,
          "height": 44,
          "top": 526,
          "ayah": 6,
          "page": 19,
          "width": 83,
          "verse_pos": 5
        },
        {
          "line": 13,
          "left": 18,
          "end": 286,
          "height": 44,
          "top": 526,
          "ayah": 7,
          "page": 19,
          "width": 268,
          "verse_pos": 6
        },
        {
          "line": 14,
          "left": 18,
          "end": 370,
          "height": 40,
          "top": 570,
          "ayah": 7,
          "page": 19,
          "width": 352,
          "verse_pos": 6
        },
        {
          "line": 15,
          "left": 18,
          "end": 370,
          "height": 46,
          "top": 610,
          "ayah": 7,
          "page": 19,
          "width": 352,
          "verse_pos": 6
        }
]
