[
 {
  "line": 1,
  "left": 15,
  "end": 374,
  "height": 41,
  "top": 7,
  "ayah": 1,
  "page": 296,
  "width": 359,
  "verse_pos": 0
 },
 {
  "line": 2,
  "left": 15,
  "end": 374,
  "height": 42,
  "top": 48,
  "ayah": 1,
  "page": 296,
  "width": 359,
  "verse_pos": 0
 },
 {
  "line": 3,
  "left": 15,
  "end": 374,
  "height": 46,
  "top": 90,
  "ayah": 1,
  "page": 296,
  "width": 359,
  "verse_pos": 0
 },
 {
  "line": 4,
  "left": 121,
  "end": 374,
  "height": 43,
  "top": 136,
  "ayah": 1,
  "page": 296,
  "width": 253,
  "verse_pos": 0
 },
 {
  "line": 4,
  "left": 15,
  "end": 120,
  "height": 43,
  "top": 136,
  "ayah": 2,
  "page": 296,
  "width": 105,
  "verse_pos": 1
 },
 {
  "line": 5,
  "left": 15,
  "end": 374,
  "height": 42,
  "top": 179,
  "ayah": 2,
  "page": 296,
  "width": 359,
  "verse_pos": 1
 },
 {
  "line": 6,
  "left": 15,
  "end": 374,
  "height": 40,
  "top": 221,
  "ayah": 2,
  "page": 296,
  "width": 359,
  "verse_pos": 1
 },
 {
  "line": 7,
  "left": 15,
  "end": 374,
  "height": 48,
  "top": 261,
  "ayah": 2,
  "page": 296,
  "width": 359,
  "verse_pos": 1
 },
 {
  "line": 8,
  "left": 138,
  "end": 374,
  "height": 39,
  "top": 309,
  "ayah": 2,
  "page": 296,
  "width": 236,
  "verse_pos": 1
 },
 {
  "line": 8,
  "left": 15,
  "end": 137,
  "height": 39,
  "top": 309,
  "ayah": 3,
  "page": 296,
  "width": 122,
  "verse_pos": 2
 },
 {
  "line": 9,
  "left": 207,
  "end": 374,
  "height": 46,
  "top": 348,
  "ayah": 3,
  "page": 296,
  "width": 167,
  "verse_pos": 2
 },
 {
  "line": 9,
  "left": 15,
  "end": 206,
  "height": 46,
  "top": 348,
  "ayah": 4,
  "page": 296,
  "width": 191,
  "verse_pos": 3
 },
 {
  "line": 10,
  "left": 15,
  "end": 374,
  "height": 43,
  "top": 394,
  "ayah": 4,
  "page": 296,
  "width": 359,
  "verse_pos": 3
 },
 {
  "line": 11,
  "left": 337,
  "end": 374,
  "height": 38,
  "top": 437,
  "ayah": 4,
  "page": 296,
  "width": 37,
  "verse_pos": 3
 },
 {
  "line": 11,
  "left": 15,
  "end": 336,
  "height": 38,
  "top": 437,
  "ayah": 5,
  "page": 296,
  "width": 321,
  "verse_pos": 4
 },
 {
  "line": 12,
  "left": 338,
  "end": 374,
  "height": 46,
  "top": 475,
  "ayah": 5,
  "page": 296,
  "width": 36,
  "verse_pos": 4
 },
 {
  "line": 12,
  "left": 15,
  "end": 337,
  "height": 46,
  "top": 475,
  "ayah": 6,
  "page": 296,
  "width": 322,
  "verse_pos": 5
 },
 {
  "line": 13,
  "left": 15,
  "end": 374,
  "height": 44,
  "top": 521,
  "ayah": 6,
  "page": 296,
  "width": 359,
  "verse_pos": 5
 },
 {
  "line": 14,
  "left": 222,
  "end": 374,
  "height": 42,
  "top": 565,
  "ayah": 6,
  "page": 296,
  "width": 152,
  "verse_pos": 5
 },
 {
  "line": 14,
  "left": 15,
  "end": 221,
  "height": 42,
  "top": 565,
  "ayah": 7,
  "page": 296,
  "width": 206,
  "verse_pos": 6
 },
 {
  "line": 15,
  "left": 15,
  "end": 374,
  "height": 46,
  "top": 607,
  "ayah": 7,
  "page": 296,
  "width": 359,
  "verse_pos": 6
 }
]