[
 {
  "line": 1,
  "left": 13,
  "end": 377,
  "height": 38,
  "top": 7,
  "ayah": 1,
  "page": 153,
  "width": 364,
  "verse_pos": 0
 },
 {
  "line": 2,
  "left": 275,
  "end": 377,
  "height": 50,
  "top": 45,
  "ayah": 1,
  "page": 153,
  "width": 102,
  "verse_pos": 0
 },
 {
  "line": 2,
  "left": 13,
  "end": 274,
  "height": 50,
  "top": 45,
  "ayah": 2,
  "page": 153,
  "width": 261,
  "verse_pos": 1
 },
 {
  "line": 3,
  "left": 154,
  "end": 377,
  "height": 41,
  "top": 95,
  "ayah": 2,
  "page": 153,
  "width": 223,
  "verse_pos": 1
 },
 {
  "line": 3,
  "left": 13,
  "end": 153,
  "height": 41,
  "top": 95,
  "ayah": 3,
  "page": 153,
  "width": 140,
  "verse_pos": 2
 },
 {
  "line": 4,
  "left": 201,
  "end": 377,
  "height": 38,
  "top": 136,
  "ayah": 3,
  "page": 153,
  "width": 176,
  "verse_pos": 2
 },
 {
  "line": 4,
  "left": 13,
  "end": 200,
  "height": 38,
  "top": 136,
  "ayah": 4,
  "page": 153,
  "width": 187,
  "verse_pos": 3
 },
 {
  "line": 5,
  "left": 13,
  "end": 377,
  "height": 45,
  "top": 174,
  "ayah": 4,
  "page": 153,
  "width": 364,
  "verse_pos": 3
 },
 {
  "line": 6,
  "left": 169,
  "end": 377,
  "height": 47,
  "top": 219,
  "ayah": 4,
  "page": 153,
  "width": 208,
  "verse_pos": 3
 },
 {
  "line": 6,
  "left": 13,
  "end": 168,
  "height": 47,
  "top": 219,
  "ayah": 5,
  "page": 153,
  "width": 155,
  "verse_pos": 4
 },
 {
  "line": 7,
  "left": 13,
  "end": 377,
  "height": 38,
  "top": 266,
  "ayah": 5,
  "page": 153,
  "width": 364,
  "verse_pos": 4
 },
 {
  "line": 8,
  "left": 13,
  "end": 377,
  "height": 47,
  "top": 304,
  "ayah": 5,
  "page": 153,
  "width": 364,
  "verse_pos": 4
 },
 {
  "line": 9,
  "left": 81,
  "end": 377,
  "height": 42,
  "top": 351,
  "ayah": 5,
  "page": 153,
  "width": 296,
  "verse_pos": 4
 },
 {
  "line": 9,
  "left": 13,
  "end": 80,
  "height": 42,
  "top": 351,
  "ayah": 6,
  "page": 153,
  "width": 67,
  "verse_pos": 5
 },
 {
  "line": 10,
  "left": 13,
  "end": 377,
  "height": 38,
  "top": 393,
  "ayah": 6,
  "page": 153,
  "width": 364,
  "verse_pos": 5
 },
 {
  "line": 11,
  "left": 37,
  "end": 377,
  "height": 48,
  "top": 431,
  "ayah": 6,
  "page": 153,
  "width": 340,
  "verse_pos": 5
 },
 {
  "line": 11,
  "left": 13,
  "end": 36,
  "height": 48,
  "top": 431,
  "ayah": 7,
  "page": 153,
  "width": 23,
  "verse_pos": 6
 },
 {
  "line": 12,
  "left": 13,
  "end": 377,
  "height": 42,
  "top": 479,
  "ayah": 7,
  "page": 153,
  "width": 364,
  "verse_pos": 6
 },
 {
  "line": 13,
  "left": 56,
  "end": 377,
  "height": 41,
  "top": 521,
  "ayah": 7,
  "page": 153,
  "width": 321,
  "verse_pos": 6
 },
 {
  "line": 13,
  "left": 13,
  "end": 55,
  "height": 41,
  "top": 521,
  "ayah": 8,
  "page": 153,
  "width": 42,
  "verse_pos": 7
 },
 {
  "line": 14,
  "left": 13,
  "end": 377,
  "height": 48,
  "top": 562,
  "ayah": 8,
  "page": 153,
  "width": 364,
  "verse_pos": 7
 },
 {
  "line": 15,
  "left": 13,
  "end": 377,
  "height": 44,
  "top": 610,
  "ayah": 8,
  "page": 153,
  "width": 364,
  "verse_pos": 7
 }
]