[
    {
          "line": 1,
          "left": 20,
          "end": 368,
          "height": 42,
          "top": 7,
          "ayah": 1,
          "page": 4,
          "width": 348,
          "verse_pos": 0
        },
        {
          "line": 2,
          "left": 49,
          "end": 368,
          "height": 44,
          "top": 49,
          "ayah": 1,
          "page": 4,
          "width": 319,
          "verse_pos": 0
        },
        {
          "line": 2,
          "left": 20,
          "end": 48,
          "height": 44,
          "top": 49,
          "ayah": 2,
          "page": 4,
          "width": 28,
          "verse_pos": 1
        },
        {
          "line": 3,
          "left": 179,
          "end": 368,
          "height": 45,
          "top": 93,
          "ayah": 2,
          "page": 4,
          "width": 189,
          "verse_pos": 1
        },
        {
          "line": 3,
          "left": 20,
          "end": 178,
          "height": 45,
          "top": 93,
          "ayah": 3,
          "page": 4,
          "width": 158,
          "verse_pos": 2
        },
        {
          "line": 4,
          "left": 20,
          "end": 368,
          "height": 42,
          "top": 138,
          "ayah": 3,
          "page": 4,
          "width": 348,
          "verse_pos": 2
        },
        {
          "line": 5,
          "left": 124,
          "end": 368,
          "height": 38,
          "top": 180,
          "ayah": 3,
          "page": 4,
          "width": 244,
          "verse_pos": 2
        },
        {
          "line": 5,
          "left": 20,
          "end": 123,
          "height": 38,
          "top": 180,
          "ayah": 4,
          "page": 4,
          "width": 103,
          "verse_pos": 3
        },
        {
          "line": 6,
          "left": 20,
          "end": 368,
          "height": 46,
          "top": 218,
          "ayah": 4,
          "page": 4,
          "width": 348,
          "verse_pos": 3
        },
        {
          "line": 7,
          "left": 20,
          "end": 368,
          "height": 43,
          "top": 264,
          "ayah": 4,
          "page": 4,
          "width": 348,
          "verse_pos": 3
        },
        {
          "line": 8,
          "left": 267,
          "end": 368,
          "height": 42,
          "top": 307,
          "ayah": 4,
          "page": 4,
          "width": 101,
          "verse_pos": 3
        },
        {
          "line": 8,
          "left": 20,
          "end": 266,
          "height": 42,
          "top": 307,
          "ayah": 5,
          "page": 4,
          "width": 246,
          "verse_pos": 4
        },
        {
          "line": 9,
          "left": 125,
          "end": 368,
          "height": 41,
          "top": 349,
          "ayah": 5,
          "page": 4,
          "width": 243,
          "verse_pos": 4
        },
        {
          "line": 9,
          "left": 20,
          "end": 124,
          "height": 41,
          "top": 349,
          "ayah": 6,
          "page": 4,
          "width": 104,
          "verse_pos": 5
        },
        {
          "line": 10,
          "left": 20,
          "end": 368,
          "height": 44,
          "top": 390,
          "ayah": 6,
          "page": 4,
          "width": 348,
          "verse_pos": 5
        },
        {
          "line": 11,
          "left": 20,
          "end": 368,
          "height": 46,
          "top": 434,
          "ayah": 6,
          "page": 4,
          "width": 348,
          "verse_pos": 5
        },
        {
          "line": 12,
          "left": 263,
          "end": 368,
          "height": 40,
          "top": 480,
          "ayah": 6,
          "page": 4,
          "width": 105,
          "verse_pos": 5
        },
        {
          "line": 12,
          "left": 20,
          "end": 262,
          "height": 40,
          "top": 480,
          "ayah": 7,
          "page": 4,
          "width": 242,
          "verse_pos": 6
        },
        {
          "line": 13,
          "left": 20,
          "end": 368,
          "height": 44,
          "top": 520,
          "ayah": 7,
          "page": 4,
          "width": 348,
          "verse_pos": 6
        },
        {
          "line": 14,
          "left": 221,
          "end": 368,
          "height": 39,
          "top": 564,
          "ayah": 7,
          "page": 4,
          "width": 147,
          "verse_pos": 6
        },
        {
          "line": 14,
          "left": 20,
          "end": 220,
          "height": 39,
          "top": 564,
          "ayah": 8,
          "page": 4,
          "width": 200,
          "verse_pos": 7
        },
        {
          "line": 15,
          "left": 20,
          "end": 368,
          "height": 46,
          "top": 603,
          "ayah": 8,
          "page": 4,
          "width": 348,
          "verse_pos": 7
        }
]
