[
 {
  "line": 1,
  "left": 139,
  "end": 376,
  "height": 42,
  "top": 7,
  "ayah": 1,
  "page": 371,
  "width": 237,
  "verse_pos": 0
 },
 {
  "line": 1,
  "left": 13,
  "end": 138,
  "height": 42,
  "top": 7,
  "ayah": 2,
  "page": 371,
  "width": 125,
  "verse_pos": 1
 },
 {
  "line": 2,
  "left": 298,
  "end": 376,
  "height": 43,
  "top": 49,
  "ayah": 2,
  "page": 371,
  "width": 78,
  "verse_pos": 1
 },
 {
  "line": 2,
  "left": 90,
  "end": 297,
  "height": 43,
  "top": 49,
  "ayah": 3,
  "page": 371,
  "width": 207,
  "verse_pos": 2
 },
 {
  "line": 2,
  "left": 13,
  "end": 89,
  "height": 43,
  "top": 49,
  "ayah": 4,
  "page": 371,
  "width": 76,
  "verse_pos": 3
 },
 {
  "line": 3,
  "left": 298,
  "end": 376,
  "height": 43,
  "top": 92,
  "ayah": 4,
  "page": 371,
  "width": 78,
  "verse_pos": 3
 },
 {
  "line": 3,
  "left": 128,
  "end": 297,
  "height": 43,
  "top": 92,
  "ayah": 5,
  "page": 371,
  "width": 169,
  "verse_pos": 4
 },
 {
  "line": 3,
  "left": 13,
  "end": 127,
  "height": 43,
  "top": 92,
  "ayah": 6,
  "page": 371,
  "width": 114,
  "verse_pos": 5
 },
 {
  "line": 4,
  "left": 304,
  "end": 376,
  "height": 42,
  "top": 135,
  "ayah": 6,
  "page": 371,
  "width": 72,
  "verse_pos": 5
 },
 {
  "line": 4,
  "left": 146,
  "end": 303,
  "height": 42,
  "top": 135,
  "ayah": 7,
  "page": 371,
  "width": 157,
  "verse_pos": 6
 },
 {
  "line": 4,
  "left": 13,
  "end": 145,
  "height": 42,
  "top": 135,
  "ayah": 8,
  "page": 371,
  "width": 132,
  "verse_pos": 7
 },
 {
  "line": 5,
  "left": 339,
  "end": 376,
  "height": 43,
  "top": 177,
  "ayah": 8,
  "page": 371,
  "width": 37,
  "verse_pos": 7
 },
 {
  "line": 5,
  "left": 150,
  "end": 338,
  "height": 43,
  "top": 177,
  "ayah": 9,
  "page": 371,
  "width": 188,
  "verse_pos": 8
 },
 {
  "line": 5,
  "left": 13,
  "end": 149,
  "height": 43,
  "top": 177,
  "ayah": 10,
  "page": 371,
  "width": 136,
  "verse_pos": 9
 },
 {
  "line": 6,
  "left": 268,
  "end": 376,
  "height": 44,
  "top": 220,
  "ayah": 10,
  "page": 371,
  "width": 108,
  "verse_pos": 9
 },
 {
  "line": 6,
  "left": 95,
  "end": 264,
  "height": 44,
  "top": 220,
  "ayah": 11,
  "page": 371,
  "width": 169,
  "verse_pos": 10
 },
 {
  "line": 6,
  "left": 13,
  "end": 94,
  "height": 44,
  "top": 220,
  "ayah": 12,
  "page": 371,
  "width": 81,
  "verse_pos": 11
 },
 {
  "line": 7,
  "left": 293,
  "end": 376,
  "height": 43,
  "top": 264,
  "ayah": 12,
  "page": 371,
  "width": 83,
  "verse_pos": 11
 },
 {
  "line": 7,
  "left": 115,
  "end": 292,
  "height": 43,
  "top": 264,
  "ayah": 13,
  "page": 371,
  "width": 177,
  "verse_pos": 12
 },
 {
  "line": 7,
  "left": 13,
  "end": 114,
  "height": 43,
  "top": 264,
  "ayah": 14,
  "page": 371,
  "width": 101,
  "verse_pos": 13
 },
 {
  "line": 8,
  "left": 266,
  "end": 376,
  "height": 43,
  "top": 307,
  "ayah": 14,
  "page": 371,
  "width": 110,
  "verse_pos": 13
 },
 {
  "line": 8,
  "left": 87,
  "end": 265,
  "height": 43,
  "top": 307,
  "ayah": 15,
  "page": 371,
  "width": 178,
  "verse_pos": 14
 },
 {
  "line": 8,
  "left": 13,
  "end": 86,
  "height": 43,
  "top": 307,
  "ayah": 16,
  "page": 371,
  "width": 73,
  "verse_pos": 15
 },
 {
  "line": 9,
  "left": 261,
  "end": 376,
  "height": 38,
  "top": 350,
  "ayah": 16,
  "page": 371,
  "width": 115,
  "verse_pos": 15
 },
 {
  "line": 9,
  "left": 130,
  "end": 260,
  "height": 38,
  "top": 350,
  "ayah": 17,
  "page": 371,
  "width": 130,
  "verse_pos": 16
 },
 {
  "line": 9,
  "left": 13,
  "end": 129,
  "height": 38,
  "top": 350,
  "ayah": 18,
  "page": 371,
  "width": 116,
  "verse_pos": 17
 },
 {
  "line": 10,
  "left": 147,
  "end": 376,
  "height": 48,
  "top": 388,
  "ayah": 19,
  "page": 371,
  "width": 229,
  "verse_pos": 18
 },
 {
  "line": 10,
  "left": 13,
  "end": 146,
  "height": 48,
  "top": 388,
  "ayah": 20,
  "page": 371,
  "width": 133,
  "verse_pos": 19
 },
 {
  "line": 11,
  "left": 246,
  "end": 376,
  "height": 42,
  "top": 436,
  "ayah": 20,
  "page": 371,
  "width": 130,
  "verse_pos": 19
 },
 {
  "line": 11,
  "left": 58,
  "end": 245,
  "height": 42,
  "top": 436,
  "ayah": 21,
  "page": 371,
  "width": 187,
  "verse_pos": 20
 },
 {
  "line": 11,
  "left": 13,
  "end": 58,
  "height": 42,
  "top": 436,
  "ayah": 22,
  "page": 371,
  "width": 45,
  "verse_pos": 21
 },
 {
  "line": 12,
  "left": 230,
  "end": 376,
  "height": 44,
  "top": 478,
  "ayah": 22,
  "page": 371,
  "width": 146,
  "verse_pos": 21
 },
 {
  "line": 12,
  "left": 13,
  "end": 229,
  "height": 44,
  "top": 478,
  "ayah": 23,
  "page": 371,
  "width": 216,
  "verse_pos": 22
 },
 {
  "line": 13,
  "left": 233,
  "end": 376,
  "height": 42,
  "top": 522,
  "ayah": 24,
  "page": 371,
  "width": 143,
  "verse_pos": 23
 },
 {
  "line": 13,
  "left": 91,
  "end": 232,
  "height": 42,
  "top": 522,
  "ayah": 25,
  "page": 371,
  "width": 141,
  "verse_pos": 24
 },
 {
  "line": 13,
  "left": 13,
  "end": 90,
  "height": 42,
  "top": 522,
  "ayah": 26,
  "page": 371,
  "width": 77,
  "verse_pos": 25
 },
 {
  "line": 14,
  "left": 84,
  "end": 376,
  "height": 43,
  "top": 564,
  "ayah": 26,
  "page": 371,
  "width": 292,
  "verse_pos": 25
 },
 {
  "line": 14,
  "left": 13,
  "end": 83,
  "height": 43,
  "top": 564,
  "ayah": 27,
  "page": 371,
  "width": 70,
  "verse_pos": 26
 },
 {
  "line": 15,
  "left": 280,
  "end": 376,
  "height": 42,
  "top": 607,
  "ayah": 27,
  "page": 371,
  "width": 96,
  "verse_pos": 26
 },
 {
  "line": 15,
  "left": 13,
  "end": 279,
  "height": 42,
  "top": 607,
  "ayah": 28,
  "page": 371,
  "width": 266,
  "verse_pos": 27
 }
]