[
 {
  "line": 1,
  "left": 160,
  "end": 378,
  "height": 44,
  "top": 7,
  "ayah": 1,
  "page": 528,
  "width": 218,
  "verse_pos": 0
 },
 {
  "line": 1,
  "left": 40,
  "end": 159,
  "height": 44,
  "top": 7,
  "ayah": 2,
  "page": 528,
  "width": 119,
  "verse_pos": 1
 },
 {
  "line": 1,
  "left": 10,
  "end": 39,
  "height": 44,
  "top": 7,
  "ayah": 3,
  "page": 528,
  "width": 29,
  "verse_pos": 2
 },
 {
  "line": 2,
  "left": 235,
  "end": 378,
  "height": 41,
  "top": 51,
  "ayah": 3,
  "page": 528,
  "width": 143,
  "verse_pos": 2
 },
 {
  "line": 2,
  "left": 99,
  "end": 235,
  "height": 41,
  "top": 51,
  "ayah": 4,
  "page": 528,
  "width": 136,
  "verse_pos": 3
 },
 {
  "line": 2,
  "left": 10,
  "end": 98,
  "height": 41,
  "top": 51,
  "ayah": 5,
  "page": 528,
  "width": 88,
  "verse_pos": 4
 },
 {
  "line": 3,
  "left": 297,
  "end": 378,
  "height": 40,
  "top": 92,
  "ayah": 5,
  "page": 528,
  "width": 81,
  "verse_pos": 4
 },
 {
  "line": 3,
  "left": 128,
  "end": 296,
  "height": 40,
  "top": 92,
  "ayah": 6,
  "page": 528,
  "width": 168,
  "verse_pos": 5
 },
 {
  "line": 3,
  "left": 10,
  "end": 128,
  "height": 40,
  "top": 92,
  "ayah": 7,
  "page": 528,
  "width": 118,
  "verse_pos": 6
 },
 {
  "line": 4,
  "left": 87,
  "end": 378,
  "height": 49,
  "top": 132,
  "ayah": 8,
  "page": 528,
  "width": 291,
  "verse_pos": 7
 },
 {
  "line": 4,
  "left": 10,
  "end": 87,
  "height": 49,
  "top": 132,
  "ayah": 9,
  "page": 528,
  "width": 77,
  "verse_pos": 8
 },
 {
  "line": 5,
  "left": 307,
  "end": 378,
  "height": 40,
  "top": 181,
  "ayah": 9,
  "page": 528,
  "width": 71,
  "verse_pos": 8
 },
 {
  "line": 5,
  "left": 182,
  "end": 306,
  "height": 40,
  "top": 181,
  "ayah": 10,
  "page": 528,
  "width": 124,
  "verse_pos": 9
 },
 {
  "line": 5,
  "left": 10,
  "end": 181,
  "height": 40,
  "top": 181,
  "ayah": 11,
  "page": 528,
  "width": 171,
  "verse_pos": 10
 },
 {
  "line": 6,
  "left": 195,
  "end": 378,
  "height": 44,
  "top": 221,
  "ayah": 12,
  "page": 528,
  "width": 183,
  "verse_pos": 11
 },
 {
  "line": 6,
  "left": 91,
  "end": 195,
  "height": 44,
  "top": 221,
  "ayah": 13,
  "page": 528,
  "width": 104,
  "verse_pos": 12
 },
 {
  "line": 6,
  "left": 10,
  "end": 91,
  "height": 44,
  "top": 221,
  "ayah": 14,
  "page": 528,
  "width": 81,
  "verse_pos": 13
 },
 {
  "line": 7,
  "left": 252,
  "end": 378,
  "height": 45,
  "top": 265,
  "ayah": 14,
  "page": 528,
  "width": 126,
  "verse_pos": 13
 },
 {
  "line": 7,
  "left": 79,
  "end": 252,
  "height": 45,
  "top": 265,
  "ayah": 15,
  "page": 528,
  "width": 173,
  "verse_pos": 14
 },
 {
  "line": 7,
  "left": 10,
  "end": 79,
  "height": 45,
  "top": 265,
  "ayah": 16,
  "page": 528,
  "width": 69,
  "verse_pos": 15
 },
 {
  "line": 8,
  "left": 287,
  "end": 378,
  "height": 39,
  "top": 310,
  "ayah": 16,
  "page": 528,
  "width": 91,
  "verse_pos": 15
 },
 {
  "line": 8,
  "left": 176,
  "end": 287,
  "height": 39,
  "top": 310,
  "ayah": 17,
  "page": 528,
  "width": 111,
  "verse_pos": 16
 },
 {
  "line": 8,
  "left": 10,
  "end": 176,
  "height": 39,
  "top": 310,
  "ayah": 18,
  "page": 528,
  "width": 166,
  "verse_pos": 17
 },
 {
  "line": 9,
  "left": 149,
  "end": 378,
  "height": 41,
  "top": 441,
  "ayah": 20,
  "page": 528,
  "width": 229,
  "verse_pos": 19
 },
 {
  "line": 9,
  "left": 10,
  "end": 148,
  "height": 41,
  "top": 441,
  "ayah": 21,
  "page": 528,
  "width": 138,
  "verse_pos": 20
 },
 {
  "line": 10,
  "left": 201,
  "end": 378,
  "height": 41,
  "top": 482,
  "ayah": 21,
  "page": 528,
  "width": 177,
  "verse_pos": 20
 },
 {
  "line": 10,
  "left": 10,
  "end": 200,
  "height": 41,
  "top": 482,
  "ayah": 22,
  "page": 528,
  "width": 190,
  "verse_pos": 21
 },
 {
  "line": 11,
  "left": 190,
  "end": 378,
  "height": 41,
  "top": 523,
  "ayah": 22,
  "page": 528,
  "width": 188,
  "verse_pos": 21
 },
 {
  "line": 11,
  "left": 10,
  "end": 189,
  "height": 41,
  "top": 523,
  "ayah": 23,
  "page": 528,
  "width": 179,
  "verse_pos": 22
 },
 {
  "line": 12,
  "left": 228,
  "end": 378,
  "height": 46,
  "top": 564,
  "ayah": 23,
  "page": 528,
  "width": 150,
  "verse_pos": 22
 },
 {
  "line": 12,
  "left": 10,
  "end": 228,
  "height": 46,
  "top": 564,
  "ayah": 24,
  "page": 528,
  "width": 218,
  "verse_pos": 23
 },
 {
  "line": 13,
  "left": 341,
  "end": 378,
  "height": 42,
  "top": 610,
  "ayah": 24,
  "page": 528,
  "width": 37,
  "verse_pos": 23
 },
 {
  "line": 13,
  "left": 10,
  "end": 340,
  "height": 42,
  "top": 610,
  "ayah": 25,
  "page": 528,
  "width": 330,
  "verse_pos": 24
 }
]