[
 {
  "line": 1,
  "left": 252,
  "end": 376,
  "height": 42,
  "top": 7,
  "ayah": 1,
  "page": 583,
  "width": 124,
  "verse_pos": 0
 },
 {
  "line": 1,
  "left": 146,
  "end": 252,
  "height": 42,
  "top": 7,
  "ayah": 2,
  "page": 583,
  "width": 106,
  "verse_pos": 1
 },
 {
  "line": 1,
  "left": 47,
  "end": 146,
  "height": 42,
  "top": 7,
  "ayah": 3,
  "page": 583,
  "width": 99,
  "verse_pos": 2
 },
 {
  "line": 1,
  "left": 12,
  "end": 47,
  "height": 42,
  "top": 7,
  "ayah": 4,
  "page": 583,
  "width": 35,
  "verse_pos": 3
 },
 {
  "line": 2,
  "left": 310,
  "end": 376,
  "height": 41,
  "top": 49,
  "ayah": 4,
  "page": 583,
  "width": 66,
  "verse_pos": 3
 },
 {
  "line": 2,
  "left": 122,
  "end": 309,
  "height": 41,
  "top": 49,
  "ayah": 5,
  "page": 583,
  "width": 187,
  "verse_pos": 4
 },
 {
  "line": 2,
  "left": 12,
  "end": 121,
  "height": 41,
  "top": 49,
  "ayah": 6,
  "page": 583,
  "width": 109,
  "verse_pos": 5
 },
 {
  "line": 3,
  "left": 303,
  "end": 376,
  "height": 41,
  "top": 90,
  "ayah": 6,
  "page": 583,
  "width": 73,
  "verse_pos": 5
 },
 {
  "line": 3,
  "left": 12,
  "end": 302,
  "height": 41,
  "top": 90,
  "ayah": 7,
  "page": 583,
  "width": 290,
  "verse_pos": 6
 },
 {
  "line": 4,
  "left": 282,
  "end": 376,
  "height": 46,
  "top": 131,
  "ayah": 7,
  "page": 583,
  "width": 94,
  "verse_pos": 6
 },
 {
  "line": 4,
  "left": 12,
  "end": 281,
  "height": 46,
  "top": 131,
  "ayah": 8,
  "page": 583,
  "width": 269,
  "verse_pos": 7
 },
 {
  "line": 5,
  "left": 147,
  "end": 376,
  "height": 43,
  "top": 177,
  "ayah": 8,
  "page": 583,
  "width": 229,
  "verse_pos": 7
 },
 {
  "line": 5,
  "left": 12,
  "end": 146,
  "height": 43,
  "top": 177,
  "ayah": 9,
  "page": 583,
  "width": 134,
  "verse_pos": 8
 },
 {
  "line": 6,
  "left": 201,
  "end": 376,
  "height": 45,
  "top": 220,
  "ayah": 9,
  "page": 583,
  "width": 175,
  "verse_pos": 8
 },
 {
  "line": 6,
  "left": 12,
  "end": 200,
  "height": 45,
  "top": 220,
  "ayah": 10,
  "page": 583,
  "width": 188,
  "verse_pos": 9
 },
 {
  "line": 7,
  "left": 12,
  "end": 376,
  "height": 38,
  "top": 265,
  "ayah": 10,
  "page": 583,
  "width": 364,
  "verse_pos": 9
 },
 {
  "line": 8,
  "left": 259,
  "end": 376,
  "height": 42,
  "top": 394,
  "ayah": 12,
  "page": 583,
  "width": 117,
  "verse_pos": 11
 },
 {
  "line": 8,
  "left": 126,
  "end": 258,
  "height": 42,
  "top": 394,
  "ayah": 13,
  "page": 583,
  "width": 132,
  "verse_pos": 12
 },
 {
  "line": 8,
  "left": 12,
  "end": 125,
  "height": 42,
  "top": 394,
  "ayah": 14,
  "page": 583,
  "width": 113,
  "verse_pos": 13
 },
 {
  "line": 9,
  "left": 341,
  "end": 376,
  "height": 41,
  "top": 436,
  "ayah": 14,
  "page": 583,
  "width": 35,
  "verse_pos": 13
 },
 {
  "line": 9,
  "left": 220,
  "end": 340,
  "height": 41,
  "top": 436,
  "ayah": 15,
  "page": 583,
  "width": 120,
  "verse_pos": 14
 },
 {
  "line": 9,
  "left": 111,
  "end": 219,
  "height": 41,
  "top": 436,
  "ayah": 16,
  "page": 583,
  "width": 108,
  "verse_pos": 15
 },
 {
  "line": 9,
  "left": 12,
  "end": 110,
  "height": 41,
  "top": 436,
  "ayah": 17,
  "page": 583,
  "width": 98,
  "verse_pos": 16
 },
 {
  "line": 10,
  "left": 340,
  "end": 376,
  "height": 45,
  "top": 477,
  "ayah": 17,
  "page": 583,
  "width": 36,
  "verse_pos": 16
 },
 {
  "line": 10,
  "left": 229,
  "end": 339,
  "height": 45,
  "top": 477,
  "ayah": 18,
  "page": 583,
  "width": 110,
  "verse_pos": 17
 },
 {
  "line": 10,
  "left": 76,
  "end": 228,
  "height": 45,
  "top": 477,
  "ayah": 19,
  "page": 583,
  "width": 152,
  "verse_pos": 18
 },
 {
  "line": 10,
  "left": 12,
  "end": 75,
  "height": 45,
  "top": 477,
  "ayah": 20,
  "page": 583,
  "width": 63,
  "verse_pos": 19
 },
 {
  "line": 11,
  "left": 297,
  "end": 376,
  "height": 42,
  "top": 522,
  "ayah": 20,
  "page": 583,
  "width": 79,
  "verse_pos": 19
 },
 {
  "line": 11,
  "left": 74,
  "end": 296,
  "height": 42,
  "top": 522,
  "ayah": 21,
  "page": 583,
  "width": 222,
  "verse_pos": 20
 },
 {
  "line": 11,
  "left": 12,
  "end": 73,
  "height": 42,
  "top": 522,
  "ayah": 22,
  "page": 583,
  "width": 61,
  "verse_pos": 21
 },
 {
  "line": 12,
  "left": 269,
  "end": 376,
  "height": 44,
  "top": 564,
  "ayah": 22,
  "page": 583,
  "width": 107,
  "verse_pos": 21
 },
 {
  "line": 12,
  "left": 99,
  "end": 268,
  "height": 44,
  "top": 564,
  "ayah": 23,
  "page": 583,
  "width": 169,
  "verse_pos": 22
 },
 {
  "line": 12,
  "left": 12,
  "end": 98,
  "height": 44,
  "top": 564,
  "ayah": 24,
  "page": 583,
  "width": 86,
  "verse_pos": 23
 },
 {
  "line": 13,
  "left": 305,
  "end": 376,
  "height": 42,
  "top": 608,
  "ayah": 24,
  "page": 583,
  "width": 71,
  "verse_pos": 23
 },
 {
  "line": 13,
  "left": 176,
  "end": 304,
  "height": 42,
  "top": 608,
  "ayah": 25,
  "page": 583,
  "width": 128,
  "verse_pos": 24
 },
 {
  "line": 13,
  "left": 12,
  "end": 175,
  "height": 42,
  "top": 608,
  "ayah": 26,
  "page": 583,
  "width": 163,
  "verse_pos": 25
 }
]