[
 {
  "line": 1,
  "left": 196,
  "end": 376,
  "height": 44,
  "top": 7,
  "ayah": 1,
  "page": 594,
  "width": 180,
  "verse_pos": 0
 },
 {
  "line": 1,
  "left": 13,
  "end": 195,
  "height": 44,
  "top": 7,
  "ayah": 2,
  "page": 594,
  "width": 182,
  "verse_pos": 1
 },
 {
  "line": 2,
  "left": 228,
  "end": 376,
  "height": 43,
  "top": 51,
  "ayah": 3,
  "page": 594,
  "width": 148,
  "verse_pos": 2
 },
 {
  "line": 2,
  "left": 59,
  "end": 227,
  "height": 43,
  "top": 51,
  "ayah": 4,
  "page": 594,
  "width": 168,
  "verse_pos": 3
 },
 {
  "line": 2,
  "left": 13,
  "end": 58,
  "height": 43,
  "top": 51,
  "ayah": 5,
  "page": 594,
  "width": 45,
  "verse_pos": 4
 },
 {
  "line": 3,
  "left": 227,
  "end": 376,
  "height": 38,
  "top": 94,
  "ayah": 5,
  "page": 594,
  "width": 149,
  "verse_pos": 4
 },
 {
  "line": 3,
  "left": 110,
  "end": 227,
  "height": 38,
  "top": 94,
  "ayah": 6,
  "page": 594,
  "width": 117,
  "verse_pos": 5
 },
 {
  "line": 3,
  "left": 13,
  "end": 110,
  "height": 38,
  "top": 94,
  "ayah": 7,
  "page": 594,
  "width": 97,
  "verse_pos": 6
 },
 {
  "line": 4,
  "left": 229,
  "end": 376,
  "height": 41,
  "top": 221,
  "ayah": 9,
  "page": 594,
  "width": 147,
  "verse_pos": 8
 },
 {
  "line": 4,
  "left": 90,
  "end": 228,
  "height": 41,
  "top": 221,
  "ayah": 10,
  "page": 594,
  "width": 138,
  "verse_pos": 9
 },
 {
  "line": 4,
  "left": 13,
  "end": 89,
  "height": 41,
  "top": 221,
  "ayah": 11,
  "page": 594,
  "width": 76,
  "verse_pos": 10
 },
 {
  "line": 5,
  "left": 339,
  "end": 376,
  "height": 43,
  "top": 262,
  "ayah": 11,
  "page": 594,
  "width": 37,
  "verse_pos": 10
 },
 {
  "line": 5,
  "left": 158,
  "end": 338,
  "height": 43,
  "top": 262,
  "ayah": 12,
  "page": 594,
  "width": 180,
  "verse_pos": 11
 },
 {
  "line": 5,
  "left": 13,
  "end": 157,
  "height": 43,
  "top": 262,
  "ayah": 13,
  "page": 594,
  "width": 144,
  "verse_pos": 12
 },
 {
  "line": 6,
  "left": 316,
  "end": 376,
  "height": 46,
  "top": 305,
  "ayah": 13,
  "page": 594,
  "width": 60,
  "verse_pos": 12
 },
 {
  "line": 6,
  "left": 142,
  "end": 316,
  "height": 46,
  "top": 305,
  "ayah": 14,
  "page": 594,
  "width": 174,
  "verse_pos": 13
 },
 {
  "line": 6,
  "left": 13,
  "end": 141,
  "height": 46,
  "top": 305,
  "ayah": 15,
  "page": 594,
  "width": 128,
  "verse_pos": 14
 },
 {
  "line": 7,
  "left": 341,
  "end": 376,
  "height": 44,
  "top": 351,
  "ayah": 15,
  "page": 594,
  "width": 35,
  "verse_pos": 14
 },
 {
  "line": 7,
  "left": 206,
  "end": 340,
  "height": 44,
  "top": 351,
  "ayah": 16,
  "page": 594,
  "width": 134,
  "verse_pos": 15
 },
 {
  "line": 7,
  "left": 67,
  "end": 205,
  "height": 44,
  "top": 351,
  "ayah": 17,
  "page": 594,
  "width": 138,
  "verse_pos": 16
 },
 {
  "line": 7,
  "left": 13,
  "end": 66,
  "height": 44,
  "top": 351,
  "ayah": 18,
  "page": 594,
  "width": 53,
  "verse_pos": 17
 },
 {
  "line": 8,
  "left": 291,
  "end": 376,
  "height": 42,
  "top": 395,
  "ayah": 18,
  "page": 594,
  "width": 85,
  "verse_pos": 17
 },
 {
  "line": 8,
  "left": 163,
  "end": 290,
  "height": 42,
  "top": 395,
  "ayah": 19,
  "page": 594,
  "width": 127,
  "verse_pos": 18
 },
 {
  "line": 8,
  "left": 13,
  "end": 162,
  "height": 42,
  "top": 395,
  "ayah": 20,
  "page": 594,
  "width": 149,
  "verse_pos": 19
 },
 {
  "line": 9,
  "left": 292,
  "end": 376,
  "height": 42,
  "top": 437,
  "ayah": 21,
  "page": 594,
  "width": 84,
  "verse_pos": 20
 },
 {
  "line": 9,
  "left": 105,
  "end": 291,
  "height": 42,
  "top": 437,
  "ayah": 22,
  "page": 594,
  "width": 186,
  "verse_pos": 21
 },
 {
  "line": 9,
  "left": 13,
  "end": 104,
  "height": 42,
  "top": 437,
  "ayah": 23,
  "page": 594,
  "width": 91,
  "verse_pos": 22
 },
 {
  "line": 10,
  "left": 340,
  "end": 376,
  "height": 43,
  "top": 479,
  "ayah": 23,
  "page": 594,
  "width": 36,
  "verse_pos": 22
 },
 {
  "line": 10,
  "left": 197,
  "end": 339,
  "height": 43,
  "top": 479,
  "ayah": 24,
  "page": 594,
  "width": 142,
  "verse_pos": 23
 },
 {
  "line": 10,
  "left": 13,
  "end": 196,
  "height": 43,
  "top": 479,
  "ayah": 25,
  "page": 594,
  "width": 183,
  "verse_pos": 24
 },
 {
  "line": 11,
  "left": 197,
  "end": 376,
  "height": 45,
  "top": 522,
  "ayah": 25,
  "page": 594,
  "width": 179,
  "verse_pos": 24
 },
 {
  "line": 11,
  "left": 52,
  "end": 197,
  "height": 45,
  "top": 522,
  "ayah": 26,
  "page": 594,
  "width": 145,
  "verse_pos": 25
 },
 {
  "line": 11,
  "left": 13,
  "end": 51,
  "height": 45,
  "top": 522,
  "ayah": 27,
  "page": 594,
  "width": 38,
  "verse_pos": 26
 },
 {
  "line": 12,
  "left": 141,
  "end": 376,
  "height": 42,
  "top": 567,
  "ayah": 27,
  "page": 594,
  "width": 235,
  "verse_pos": 26
 },
 {
  "line": 12,
  "left": 13,
  "end": 140,
  "height": 42,
  "top": 567,
  "ayah": 28,
  "page": 594,
  "width": 127,
  "verse_pos": 27
 }
]