[
  {
    "line": 1,
    "left": 13,
    "end": 375,
    "height": 44,
    "top": 6,
    "ayah": 1,
    "page": 353,
    "width": 362,
    "verse_pos": 0
  },
  {
    "line": 2,
    "left": 13,
    "end": 375,
    "height": 47,
    "top": 50,
    "ayah": 1,
    "page": 353,
    "width": 362,
    "verse_pos": 0
  },
  {
    "line": 3,
    "left": 304,
    "end": 375,
    "height": 41,
    "top": 97,
    "ayah": 1,
    "page": 353,
    "width": 71,
    "verse_pos": 0
  },
  {
    "line": 3,
    "left": 13,
    "end": 303,
    "height": 41,
    "top": 97,
    "ayah": 2,
    "page": 353,
    "page": 353,
    "width": 290,
    "verse_pos": 1
  },
  {
    "line": 4,
    "left": 13,
    "end": 375,
    "height": 44,
    "top": 138,
    "ayah": 2,
    "page": 353,
    "width": 362,
    "verse_pos": 1
  },
  {
    "line": 5,
    "left": 13,
    "end": 375,
    "height": 42,
    "top": 182,
    "ayah": 3,
    "page": 353,
    "width": 362,
    "verse_pos": 2
  },
  {
    "line": 6,
    "left": 104,
    "end": 375,
    "height": 46,
    "top": 224,
    "ayah": 3,
    "page": 353,
    "width": 271,
    "verse_pos": 2
  },
  {
    "line": 6,
    "left": 13,
    "end": 103,
    "height": 46,
    "top": 224,
    "ayah": 4,
    "page": 353,
    "width": 90,
    "verse_pos": 3
  },
  {
    "line": 7,
    "left": 13,
    "end": 375,
    "height": 37,
    "top": 270,
    "ayah": 4,
    "page": 353,
    "width": 362,
    "verse_pos": 3
  },
  {
    "line": 8,
    "left": 13,
    "end": 375,
    "height": 48,
    "top": 307,
    "ayah": 4,
    "page": 353,
    "width": 362,
    "verse_pos": 3
  },
  {
    "line": 9,
    "left": 13,
    "end": 375,
    "height": 43,
    "top": 355,
    "ayah": 4,
    "page": 353,
    "width": 362,
    "verse_pos": 3
  },
  {
    "line": 10,
    "left": 13,
    "end": 375,
    "height": 44,
    "top": 398,
    "ayah": 4,
    "page": 353,
    "width": 362,
    "verse_pos": 3
  },
  {
    "line": 11,
    "left": 13,
    "end": 375,
    "height": 40,
    "top": 442,
    "ayah": 4,
    "page": 353,
    "width": 362,
    "verse_pos": 3
  },
  {
    "line": 12,
    "left": 13,
    "end": 375,
    "height": 40,
    "top": 482,
    "ayah": 4,
    "page": 353,
    "width": 362,
    "verse_pos": 3
  },
  {
    "line": 13,
    "left": 13,
    "end": 375,
    "height": 45,
    "top": 522,
    "ayah": 4,
    "page": 353,
    "width": 362,
    "verse_pos": 3
  },
  {
    "line": 14,
    "left": 13,
    "end": 375,
    "height": 43,
    "top": 567,
    "ayah": 4,
    "page": 353,
    "width": 362,
    "verse_pos": 3
  },
  {
    "line": 15,
    "left": 13,
    "end": 375,
    "height": 42,
    "top": 610,
    "ayah": 4,
    "page": 353,
    "width": 362,
    "verse_pos": 3
  }
]
