[
 {
  "line": 1,
  "left": 16,
  "end": 374,
  "height": 36,
  "top": 7,
  "ayah": 1,
  "page": 169,
  "width": 358,
  "verse_pos": 0
 },
 {
  "line": 2,
  "left": 16,
  "end": 374,
  "height": 44,
  "top": 43,
  "ayah": 1,
  "page": 169,
  "width": 358,
  "verse_pos": 0
 },
 {
  "line": 3,
  "left": 16,
  "end": 374,
  "height": 45,
  "top": 87,
  "ayah": 1,
  "page": 169,
  "width": 358,
  "verse_pos": 0
 },
 {
  "line": 4,
  "left": 16,
  "end": 374,
  "height": 43,
  "top": 132,
  "ayah": 1,
  "page": 169,
  "width": 358,
  "verse_pos": 0
 },
 {
  "line": 5,
  "left": 271,
  "end": 374,
  "height": 41,
  "top": 175,
  "ayah": 1,
  "page": 169,
  "width": 103,
  "verse_pos": 0
 },
 {
  "line": 5,
  "left": 16,
  "end": 270,
  "height": 41,
  "top": 175,
  "ayah": 2,
  "page": 169,
  "width": 254,
  "verse_pos": 1
 },
 {
  "line": 6,
  "left": 122,
  "end": 374,
  "height": 40,
  "top": 216,
  "ayah": 2,
  "page": 169,
  "width": 252,
  "verse_pos": 1
 },
 {
  "line": 6,
  "left": 16,
  "end": 121,
  "height": 40,
  "top": 216,
  "ayah": 3,
  "page": 169,
  "width": 105,
  "verse_pos": 2
 },
 {
  "line": 7,
  "left": 16,
  "end": 374,
  "height": 48,
  "top": 256,
  "ayah": 3,
  "page": 169,
  "width": 358,
  "verse_pos": 2
 },
 {
  "line": 8,
  "left": 186,
  "end": 374,
  "height": 46,
  "top": 304,
  "ayah": 3,
  "page": 169,
  "width": 188,
  "verse_pos": 2
 },
 {
  "line": 8,
  "left": 16,
  "end": 185,
  "height": 46,
  "top": 304,
  "ayah": 4,
  "page": 169,
  "width": 169,
  "verse_pos": 3
 },
 {
  "line": 9,
  "left": 16,
  "end": 374,
  "height": 36,
  "top": 350,
  "ayah": 4,
  "page": 169,
  "width": 358,
  "verse_pos": 3
 },
 {
  "line": 10,
  "left": 337,
  "end": 374,
  "height": 45,
  "top": 386,
  "ayah": 4,
  "page": 169,
  "width": 37,
  "verse_pos": 3
 },
 {
  "line": 10,
  "left": 16,
  "end": 336,
  "height": 45,
  "top": 386,
  "ayah": 5,
  "page": 169,
  "width": 320,
  "verse_pos": 4
 },
 {
  "line": 11,
  "left": 63,
  "end": 374,
  "height": 43,
  "top": 431,
  "ayah": 5,
  "page": 169,
  "width": 311,
  "verse_pos": 4
 },
 {
  "line": 11,
  "left": 16,
  "end": 62,
  "height": 43,
  "top": 431,
  "ayah": 6,
  "page": 169,
  "width": 46,
  "verse_pos": 5
 },
 {
  "line": 12,
  "left": 16,
  "end": 374,
  "height": 45,
  "top": 474,
  "ayah": 6,
  "page": 169,
  "width": 358,
  "verse_pos": 5
 },
 {
  "line": 13,
  "left": 16,
  "end": 374,
  "height": 38,
  "top": 519,
  "ayah": 6,
  "page": 169,
  "width": 358,
  "verse_pos": 5
 },
 {
  "line": 14,
  "left": 16,
  "end": 374,
  "height": 44,
  "top": 557,
  "ayah": 6,
  "page": 169,
  "width": 358,
  "verse_pos": 5
 },
 {
  "line": 15,
  "left": 16,
  "end": 374,
  "height": 46,
  "top": 601,
  "ayah": 6,
  "page": 169,
  "width": 358,
  "verse_pos": 5
 }
]