[
 {
  "line": 1,
  "left": 165,
  "end": 377,
  "height": 43,
  "top": 6,
  "ayah": 1,
  "page": 313,
  "width": 212,
  "verse_pos": 0
 },
 {
  "line": 1,
  "left": 13,
  "end": 164,
  "height": 43,
  "top": 6,
  "ayah": 2,
  "page": 313,
  "width": 151,
  "verse_pos": 1
 },
 {
  "line": 2,
  "left": 133,
  "end": 377,
  "height": 40,
  "top": 49,
  "ayah": 2,
  "page": 313,
  "width": 244,
  "verse_pos": 1
 },
 {
  "line": 2,
  "left": 13,
  "end": 132,
  "height": 40,
  "top": 49,
  "ayah": 3,
  "page": 313,
  "width": 119,
  "verse_pos": 2
 },
 {
  "line": 3,
  "left": 96,
  "end": 377,
  "height": 46,
  "top": 89,
  "ayah": 3,
  "page": 313,
  "width": 281,
  "verse_pos": 2
 },
 {
  "line": 3,
  "left": 13,
  "end": 95,
  "height": 46,
  "top": 89,
  "ayah": 4,
  "page": 313,
  "width": 82,
  "verse_pos": 3
 },
 {
  "line": 4,
  "left": 85,
  "end": 377,
  "height": 44,
  "top": 135,
  "ayah": 4,
  "page": 313,
  "width": 292,
  "verse_pos": 3
 },
 {
  "line": 4,
  "left": 13,
  "end": 84,
  "height": 44,
  "top": 135,
  "ayah": 5,
  "page": 313,
  "width": 71,
  "verse_pos": 4
 },
 {
  "line": 5,
  "left": 224,
  "end": 377,
  "height": 40,
  "top": 179,
  "ayah": 5,
  "page": 313,
  "width": 153,
  "verse_pos": 4
 },
 {
  "line": 5,
  "left": 13,
  "end": 223,
  "height": 40,
  "top": 179,
  "ayah": 6,
  "page": 313,
  "width": 210,
  "verse_pos": 5
 },
 {
  "line": 6,
  "left": 72,
  "end": 377,
  "height": 44,
  "top": 219,
  "ayah": 6,
  "page": 313,
  "width": 305,
  "verse_pos": 5
 },
 {
  "line": 6,
  "left": 13,
  "end": 71,
  "height": 44,
  "top": 219,
  "ayah": 7,
  "page": 313,
  "width": 58,
  "verse_pos": 6
 },
 {
  "line": 7,
  "left": 291,
  "end": 377,
  "height": 42,
  "top": 263,
  "ayah": 7,
  "page": 313,
  "width": 86,
  "verse_pos": 6
 },
 {
  "line": 7,
  "left": 82,
  "end": 290,
  "height": 42,
  "top": 263,
  "ayah": 8,
  "page": 313,
  "width": 208,
  "verse_pos": 7
 },
 {
  "line": 7,
  "left": 13,
  "end": 81,
  "height": 42,
  "top": 263,
  "ayah": 9,
  "page": 313,
  "width": 68,
  "verse_pos": 8
 },
 {
  "line": 8,
  "left": 102,
  "end": 377,
  "height": 44,
  "top": 305,
  "ayah": 9,
  "page": 313,
  "width": 275,
  "verse_pos": 8
 },
 {
  "line": 8,
  "left": 13,
  "end": 101,
  "height": 44,
  "top": 305,
  "ayah": 10,
  "page": 313,
  "width": 88,
  "verse_pos": 9
 },
 {
  "line": 9,
  "left": 55,
  "end": 377,
  "height": 45,
  "top": 349,
  "ayah": 10,
  "page": 313,
  "width": 322,
  "verse_pos": 9
 },
 {
  "line": 9,
  "left": 13,
  "end": 55,
  "height": 45,
  "top": 349,
  "ayah": 11,
  "page": 313,
  "width": 42,
  "verse_pos": 10
 },
 {
  "line": 10,
  "left": 235,
  "end": 377,
  "height": 42,
  "top": 394,
  "ayah": 11,
  "page": 313,
  "width": 142,
  "verse_pos": 10
 },
 {
  "line": 10,
  "left": 49,
  "end": 234,
  "height": 42,
  "top": 394,
  "ayah": 12,
  "page": 313,
  "width": 185,
  "verse_pos": 11
 },
 {
  "line": 10,
  "left": 13,
  "end": 48,
  "height": 42,
  "top": 394,
  "ayah": 13,
  "page": 313,
  "width": 35,
  "verse_pos": 12
 },
 {
  "line": 11,
  "left": 223,
  "end": 377,
  "height": 43,
  "top": 436,
  "ayah": 13,
  "page": 313,
  "width": 154,
  "verse_pos": 12
 },
 {
  "line": 11,
  "left": 113,
  "end": 223,
  "height": 43,
  "top": 436,
  "ayah": 14,
  "page": 313,
  "width": 110,
  "verse_pos": 13
 },
 {
  "line": 11,
  "left": 13,
  "end": 112,
  "height": 43,
  "top": 436,
  "ayah": 15,
  "page": 313,
  "width": 99,
  "verse_pos": 14
 },
 {
  "line": 12,
  "left": 308,
  "end": 377,
  "height": 43,
  "top": 479,
  "ayah": 15,
  "page": 313,
  "width": 69,
  "verse_pos": 14
 },
 {
  "line": 12,
  "left": 211,
  "end": 307,
  "height": 43,
  "top": 479,
  "ayah": 16,
  "page": 313,
  "width": 96,
  "verse_pos": 15
 },
 {
  "line": 12,
  "left": 53,
  "end": 210,
  "height": 43,
  "top": 479,
  "ayah": 17,
  "page": 313,
  "width": 157,
  "verse_pos": 16
 },
 {
  "line": 12,
  "left": 13,
  "end": 52,
  "height": 43,
  "top": 479,
  "ayah": 18,
  "page": 313,
  "width": 39,
  "verse_pos": 17
 },
 {
  "line": 13,
  "left": 317,
  "end": 377,
  "height": 42,
  "top": 522,
  "ayah": 18,
  "page": 313,
  "width": 60,
  "verse_pos": 17
 },
 {
  "line": 13,
  "left": 194,
  "end": 317,
  "height": 42,
  "top": 522,
  "ayah": 19,
  "page": 313,
  "width": 123,
  "verse_pos": 18
 },
 {
  "line": 13,
  "left": 77,
  "end": 193,
  "height": 42,
  "top": 522,
  "ayah": 20,
  "page": 313,
  "width": 116,
  "verse_pos": 19
 },
 {
  "line": 13,
  "left": 13,
  "end": 77,
  "height": 42,
  "top": 522,
  "ayah": 21,
  "page": 313,
  "width": 64,
  "verse_pos": 20
 },
 {
  "line": 14,
  "left": 315,
  "end": 377,
  "height": 42,
  "top": 564,
  "ayah": 21,
  "page": 313,
  "width": 62,
  "verse_pos": 20
 },
 {
  "line": 14,
  "left": 206,
  "end": 314,
  "height": 42,
  "top": 564,
  "ayah": 22,
  "page": 313,
  "width": 108,
  "verse_pos": 21
 },
 {
  "line": 14,
  "left": 62,
  "end": 205,
  "height": 42,
  "top": 564,
  "ayah": 23,
  "page": 313,
  "width": 143,
  "verse_pos": 22
 },
 {
  "line": 14,
  "left": 13,
  "end": 61,
  "height": 42,
  "top": 564,
  "ayah": 24,
  "page": 313,
  "width": 48,
  "verse_pos": 23
 },
 {
  "line": 15,
  "left": 213,
  "end": 377,
  "height": 42,
  "top": 606,
  "ayah": 24,
  "page": 313,
  "width": 164,
  "verse_pos": 23
 },
 {
  "line": 15,
  "left": 13,
  "end": 212,
  "height": 42,
  "top": 606,
  "ayah": 25,
  "page": 313,
  "width": 199,
  "verse_pos": 24
 }
]