[
 {
  "line": 1,
  "left": 18,
  "end": 368,
  "height": 47,
  "top": 7,
  "ayah": 1,
  "page": 86,
  "width": 350,
  "verse_pos": 0
 },
 {
  "line": 2,
  "left": 18,
  "end": 368,
  "height": 39,
  "top": 54,
  "ayah": 2,
  "page": 86,
  "width": 350,
  "verse_pos": 1
 },
 {
  "line": 3,
  "left": 18,
  "end": 368,
  "height": 46,
  "top": 93,
  "ayah": 2,
  "page": 86,
  "width": 350,
  "verse_pos": 1
 },
 {
  "line": 4,
  "left": 18,
  "end": 368,
  "height": 42,
  "top": 139,
  "ayah": 2,
  "page": 86,
  "width": 350,
  "verse_pos": 1
 },
 {
  "line": 5,
  "left": 18,
  "end": 368,
  "height": 43,
  "top": 181,
  "ayah": 2,
  "page": 86,
  "width": 350,
  "verse_pos": 1
 },
 {
  "line": 6,
  "left": 275,
  "end": 368,
  "height": 44,
  "top": 224,
  "ayah": 2,
  "page": 86,
  "width": 93,
  "verse_pos": 1
 },
 {
  "line": 6,
  "left": 18,
  "end": 274,
  "height": 44,
  "top": 224,
  "ayah": 3,
  "page": 86,
  "width": 256,
  "verse_pos": 2
 },
 {
  "line": 7,
  "left": 18,
  "end": 368,
  "height": 42,
  "top": 268,
  "ayah": 3,
  "page": 86,
  "width": 350,
  "verse_pos": 2
 },
 {
  "line": 8,
  "left": 18,
  "end": 368,
  "height": 42,
  "top": 310,
  "ayah": 3,
  "page": 86,
  "width": 350,
  "verse_pos": 2
 },
 {
  "line": 9,
  "left": 262,
  "end": 368,
  "height": 43,
  "top": 352,
  "ayah": 3,
  "page": 86,
  "width": 106,
  "verse_pos": 2
 },
 {
  "line": 9,
  "left": 18,
  "end": 261,
  "height": 43,
  "top": 352,
  "ayah": 4,
  "page": 86,
  "width": 243,
  "verse_pos": 3
 },
 {
  "line": 10,
  "left": 18,
  "end": 368,
  "height": 41,
  "top": 395,
  "ayah": 4,
  "page": 86,
  "width": 350,
  "verse_pos": 3
 },
 {
  "line": 11,
  "left": 336,
  "end": 368,
  "height": 43,
  "top": 436,
  "ayah": 4,
  "page": 86,
  "width": 32,
  "verse_pos": 3
 },
 {
  "line": 11,
  "left": 18,
  "end": 335,
  "height": 43,
  "top": 436,
  "ayah": 5,
  "page": 86,
  "width": 317,
  "verse_pos": 4
 },
 {
  "line": 12,
  "left": 222,
  "end": 368,
  "height": 46,
  "top": 479,
  "ayah": 5,
  "page": 86,
  "width": 146,
  "verse_pos": 4
 },
 {
  "line": 12,
  "left": 18,
  "end": 221,
  "height": 46,
  "top": 479,
  "ayah": 6,
  "page": 86,
  "width": 203,
  "verse_pos": 5
 },
 {
  "line": 13,
  "left": 216,
  "end": 368,
  "height": 43,
  "top": 525,
  "ayah": 6,
  "page": 86,
  "width": 152,
  "verse_pos": 5
 },
 {
  "line": 13,
  "left": 18,
  "end": 215,
  "height": 43,
  "top": 525,
  "ayah": 7,
  "page": 86,
  "width": 197,
  "verse_pos": 6
 },
 {
  "line": 14,
  "left": 18,
  "end": 368,
  "height": 43,
  "top": 568,
  "ayah": 7,
  "page": 86,
  "width": 350,
  "verse_pos": 6
 },
 {
  "line": 15,
  "left": 18,
  "end": 368,
  "height": 42,
  "top": 611,
  "ayah": 7,
  "page": 86,
  "width": 350,
  "verse_pos": 6
 }
]