[
 {
  "line": 1,
  "left": 14,
  "end": 373,
  "height": 45,
  "top": 7,
  "ayah": 1,
  "page": 427,
  "width": 359,
  "verse_pos": 0
 },
 {
  "line": 2,
  "left": 179,
  "end": 373,
  "height": 40,
  "top": 52,
  "ayah": 1,
  "page": 427,
  "width": 194,
  "verse_pos": 0
 },
 {
  "line": 2,
  "left": 14,
  "end": 178,
  "height": 40,
  "top": 52,
  "ayah": 2,
  "page": 427,
  "width": 164,
  "verse_pos": 1
 },
 {
  "line": 3,
  "left": 276,
  "end": 373,
  "height": 48,
  "top": 92,
  "ayah": 2,
  "page": 427,
  "width": 97,
  "verse_pos": 1
 },
 {
  "line": 3,
  "left": 14,
  "end": 275,
  "height": 48,
  "top": 92,
  "ayah": 3,
  "page": 427,
  "width": 261,
  "verse_pos": 2
 },
 {
  "line": 4,
  "left": 338,
  "end": 373,
  "height": 42,
  "top": 140,
  "ayah": 3,
  "page": 427,
  "width": 35,
  "verse_pos": 2
 },
 {
  "line": 4,
  "left": 14,
  "end": 337,
  "height": 42,
  "top": 140,
  "ayah": 4,
  "page": 427,
  "width": 323,
  "verse_pos": 3
 },
 {
  "line": 5,
  "left": 241,
  "end": 373,
  "height": 41,
  "top": 182,
  "ayah": 4,
  "page": 427,
  "width": 132,
  "verse_pos": 3
 },
 {
  "line": 5,
  "left": 14,
  "end": 240,
  "height": 41,
  "top": 182,
  "ayah": 5,
  "page": 427,
  "width": 226,
  "verse_pos": 4
 },
 {
  "line": 6,
  "left": 223,
  "end": 373,
  "height": 44,
  "top": 223,
  "ayah": 5,
  "page": 427,
  "width": 150,
  "verse_pos": 4
 },
 {
  "line": 6,
  "left": 14,
  "end": 222,
  "height": 44,
  "top": 223,
  "ayah": 6,
  "page": 427,
  "width": 208,
  "verse_pos": 5
 },
 {
  "line": 7,
  "left": 228,
  "end": 373,
  "height": 41,
  "top": 267,
  "ayah": 6,
  "page": 427,
  "width": 145,
  "verse_pos": 5
 },
 {
  "line": 7,
  "left": 14,
  "end": 227,
  "height": 41,
  "top": 267,
  "ayah": 7,
  "page": 427,
  "width": 213,
  "verse_pos": 6
 },
 {
  "line": 8,
  "left": 14,
  "end": 373,
  "height": 45,
  "top": 308,
  "ayah": 7,
  "page": 427,
  "width": 359,
  "verse_pos": 6
 },
 {
  "line": 9,
  "left": 57,
  "end": 373,
  "height": 43,
  "top": 353,
  "ayah": 8,
  "page": 427,
  "width": 316,
  "verse_pos": 7
 },
 {
  "line": 9,
  "left": 14,
  "end": 56,
  "height": 43,
  "top": 353,
  "ayah": 9,
  "page": 427,
  "width": 42,
  "verse_pos": 8
 },
 {
  "line": 10,
  "left": 14,
  "end": 373,
  "height": 43,
  "top": 396,
  "ayah": 9,
  "page": 427,
  "width": 359,
  "verse_pos": 8
 },
 {
  "line": 11,
  "left": 213,
  "end": 373,
  "height": 44,
  "top": 439,
  "ayah": 9,
  "page": 427,
  "width": 160,
  "verse_pos": 8
 },
 {
  "line": 11,
  "left": 14,
  "end": 212,
  "height": 44,
  "top": 439,
  "ayah": 10,
  "page": 427,
  "width": 198,
  "verse_pos": 9
 },
 {
  "line": 12,
  "left": 14,
  "end": 373,
  "height": 40,
  "top": 483,
  "ayah": 10,
  "page": 427,
  "width": 359,
  "verse_pos": 9
 },
 {
  "line": 13,
  "left": 152,
  "end": 373,
  "height": 46,
  "top": 523,
  "ayah": 10,
  "page": 427,
  "width": 221,
  "verse_pos": 9
 },
 {
  "line": 13,
  "left": 14,
  "end": 151,
  "height": 46,
  "top": 523,
  "ayah": 11,
  "page": 427,
  "width": 137,
  "verse_pos": 10
 },
 {
  "line": 14,
  "left": 14,
  "end": 373,
  "height": 43,
  "top": 569,
  "ayah": 11,
  "page": 427,
  "width": 359,
  "verse_pos": 10
 },
 {
  "line": 15,
  "left": 14,
  "end": 373,
  "height": 42,
  "top": 612,
  "ayah": 11,
  "page": 427,
  "width": 359,
  "verse_pos": 10
 }
]
