[
 {
  "line": 1,
  "left": 236,
  "end": 378,
  "height": 43,
  "top": 7,
  "ayah": 1,
  "page": 452,
  "width": 142,
  "verse_pos": 0
 },
 {
  "line": 1,
  "left": 139,
  "end": 236,
  "height": 43,
  "top": 7,
  "ayah": 2,
  "page": 452,
  "width": 97,
  "verse_pos": 1
 },
 {
  "line": 1,
  "left": 8,
  "end": 139,
  "height": 43,
  "top": 7,
  "ayah": 3,
  "page": 452,
  "width": 131,
  "verse_pos": 2
 },
 {
  "line": 2,
  "left": 341,
  "end": 378,
  "height": 43,
  "top": 50,
  "ayah": 3,
  "page": 452,
  "width": 37,
  "verse_pos": 2
 },
 {
  "line": 2,
  "left": 146,
  "end": 340,
  "height": 42,
  "top": 50,
  "ayah": 4,
  "page": 452,
  "width": 194,
  "verse_pos": 3
 },
 {
  "line": 2,
  "left": 8,
  "end": 145,
  "height": 42,
  "top": 50,
  "ayah": 5,
  "page": 452,
  "width": 137,
  "verse_pos": 4
 },
 {
  "line": 3,
  "left": 108,
  "end": 378,
  "height": 45,
  "top": 92,
  "ayah": 5,
  "page": 452,
  "width": 270,
  "verse_pos": 4
 },
 {
  "line": 3,
  "left": 8,
  "end": 107,
  "height": 45,
  "top": 92,
  "ayah": 6,
  "page": 452,
  "width": 99,
  "verse_pos": 5
 },
 {
  "line": 4,
  "left": 298,
  "end": 378,
  "height": 42,
  "top": 137,
  "ayah": 6,
  "page": 452,
  "width": 80,
  "verse_pos": 5
 },
 {
  "line": 4,
  "left": 135,
  "end": 298,
  "height": 42,
  "top": 137,
  "ayah": 7,
  "page": 452,
  "width": 163,
  "verse_pos": 6
 },
 {
  "line": 4,
  "left": 8,
  "end": 135,
  "height": 42,
  "top": 137,
  "ayah": 8,
  "page": 452,
  "width": 127,
  "verse_pos": 7
 },
 {
  "line": 5,
  "left": 236,
  "end": 378,
  "height": 42,
  "top": 179,
  "ayah": 9,
  "page": 452,
  "width": 142,
  "verse_pos": 8
 },
 {
  "line": 5,
  "left": 74,
  "end": 235,
  "height": 43,
  "top": 179,
  "ayah": 10,
  "page": 452,
  "width": 161,
  "verse_pos": 9
 },
 {
  "line": 5,
  "left": 8,
  "end": 73,
  "height": 43,
  "top": 179,
  "ayah": 11,
  "page": 452,
  "width": 65,
  "verse_pos": 10
 },
 {
  "line": 6,
  "left": 263,
  "end": 378,
  "height": 44,
  "top": 222,
  "ayah": 11,
  "page": 452,
  "width": 115,
  "verse_pos": 10
 },
 {
  "line": 6,
  "left": 125,
  "end": 262,
  "height": 44,
  "top": 222,
  "ayah": 12,
  "page": 452,
  "width": 137,
  "verse_pos": 11
 },
 {
  "line": 6,
  "left": 8,
  "end": 124,
  "height": 44,
  "top": 222,
  "ayah": 13,
  "page": 452,
  "width": 116,
  "verse_pos": 12
 },
 {
  "line": 7,
  "left": 343,
  "end": 378,
  "height": 43,
  "top": 266,
  "ayah": 13,
  "page": 452,
  "width": 35,
  "verse_pos": 12
 },
 {
  "line": 7,
  "left": 219,
  "end": 342,
  "height": 43,
  "top": 266,
  "ayah": 14,
  "page": 452,
  "width": 123,
  "verse_pos": 13
 },
 {
  "line": 7,
  "left": 40,
  "end": 218,
  "height": 43,
  "top": 266,
  "ayah": 15,
  "page": 452,
  "width": 178,
  "verse_pos": 14
 },
 {
  "line": 7,
  "left": 8,
  "end": 40,
  "height": 43,
  "top": 266,
  "ayah": 16,
  "page": 452,
  "width": 32,
  "verse_pos": 15
 },
 {
  "line": 8,
  "left": 228,
  "end": 378,
  "height": 44,
  "top": 309,
  "ayah": 16,
  "page": 452,
  "width": 150,
  "verse_pos": 15
 },
 {
  "line": 8,
  "left": 47,
  "end": 227,
  "height": 44,
  "top": 309,
  "ayah": 17,
  "page": 452,
  "width": 180,
  "verse_pos": 16
 },
 {
  "line": 8,
  "left": 8,
  "end": 47,
  "height": 44,
  "top": 309,
  "ayah": 18,
  "page": 452,
  "width": 39,
  "verse_pos": 17
 },
 {
  "line": 9,
  "left": 181,
  "end": 378,
  "height": 42,
  "top": 353,
  "ayah": 18,
  "page": 452,
  "width": 197,
  "verse_pos": 17
 },
 {
  "line": 9,
  "left": 35,
  "end": 180,
  "height": 42,
  "top": 353,
  "ayah": 19,
  "page": 452,
  "width": 145,
  "verse_pos": 18
 },
 {
  "line": 9,
  "left": 8,
  "end": 35,
  "height": 42,
  "top": 353,
  "ayah": 20,
  "page": 452,
  "width": 27,
  "verse_pos": 19
 },
 {
  "line": 10,
  "left": 238,
  "end": 378,
  "height": 42,
  "top": 395,
  "ayah": 20,
  "page": 452,
  "width": 140,
  "verse_pos": 19
 },
 {
  "line": 10,
  "left": 97,
  "end": 237,
  "height": 42,
  "top": 395,
  "ayah": 21,
  "page": 452,
  "width": 140,
  "verse_pos": 20
 },
 {
  "line": 10,
  "left": 8,
  "end": 96,
  "height": 42,
  "top": 395,
  "ayah": 22,
  "page": 452,
  "width": 88,
  "verse_pos": 21
 },
 {
  "line": 11,
  "left": 296,
  "end": 378,
  "height": 44,
  "top": 437,
  "ayah": 22,
  "page": 452,
  "width": 82,
  "verse_pos": 21
 },
 {
  "line": 11,
  "left": 144,
  "end": 295,
  "height": 44,
  "top": 437,
  "ayah": 23,
  "page": 452,
  "width": 151,
  "verse_pos": 22
 },
 {
  "line": 11,
  "left": 8,
  "end": 143,
  "height": 44,
  "top": 437,
  "ayah": 24,
  "page": 452,
  "width": 135,
  "verse_pos": 23
 },
 {
  "line": 12,
  "left": 246,
  "end": 378,
  "height": 43,
  "top": 481,
  "ayah": 24,
  "page": 452,
  "width": 132,
  "verse_pos": 23
 },
 {
  "line": 12,
  "left": 91,
  "end": 245,
  "height": 43,
  "top": 481,
  "ayah": 25,
  "page": 452,
  "width": 154,
  "verse_pos": 24
 },
 {
  "line": 12,
  "left": 8,
  "end": 91,
  "height": 43,
  "top": 481,
  "ayah": 26,
  "page": 452,
  "width": 83,
  "verse_pos": 25
 },
 {
  "line": 13,
  "left": 274,
  "end": 378,
  "height": 43,
  "top": 524,
  "ayah": 26,
  "page": 452,
  "width": 104,
  "verse_pos": 25
 },
 {
  "line": 13,
  "left": 8,
  "end": 273,
  "height": 43,
  "top": 524,
  "ayah": 27,
  "page": 452,
  "width": 265,
  "verse_pos": 26
 },
 {
  "line": 14,
  "left": 197,
  "end": 378,
  "height": 42,
  "top": 567,
  "ayah": 28,
  "page": 452,
  "width": 181,
  "verse_pos": 27
 },
 {
  "line": 14,
  "left": 8,
  "end": 196,
  "height": 42,
  "top": 567,
  "ayah": 29,
  "page": 452,
  "width": 188,
  "verse_pos": 28
 }
]