[
 {
  "line": 1,
  "left": 203,
  "end": 377,
  "height": 42,
  "top": 7,
  "ayah": 1,
  "page": 534,
  "width": 174,
  "verse_pos": 0
 },
 {
  "line": 1,
  "left": 10,
  "end": 202,
  "height": 42,
  "top": 7,
  "ayah": 2,
  "page": 534,
  "width": 192,
  "verse_pos": 1
 },
 {
  "line": 2,
  "left": 229,
  "end": 377,
  "height": 43,
  "top": 49,
  "ayah": 3,
  "page": 534,
  "width": 148,
  "verse_pos": 2
 },
 {
  "line": 2,
  "left": 45,
  "end": 228,
  "height": 43,
  "top": 49,
  "ayah": 4,
  "page": 534,
  "width": 183,
  "verse_pos": 3
 },
 {
  "line": 2,
  "left": 10,
  "end": 44,
  "height": 43,
  "top": 49,
  "ayah": 5,
  "page": 534,
  "width": 34,
  "verse_pos": 4
 },
 {
  "line": 3,
  "left": 213,
  "end": 377,
  "height": 44,
  "top": 92,
  "ayah": 5,
  "page": 534,
  "width": 164,
  "verse_pos": 4
 },
 {
  "line": 3,
  "left": 10,
  "end": 212,
  "height": 44,
  "top": 92,
  "ayah": 6,
  "page": 534,
  "width": 202,
  "verse_pos": 5
 },
 {
  "line": 4,
  "left": 160,
  "end": 377,
  "height": 42,
  "top": 136,
  "ayah": 7,
  "page": 534,
  "width": 217,
  "verse_pos": 6
 },
 {
  "line": 4,
  "left": 10,
  "end": 159,
  "height": 42,
  "top": 136,
  "ayah": 8,
  "page": 534,
  "width": 149,
  "verse_pos": 7
 },
 {
  "line": 5,
  "left": 339,
  "end": 377,
  "height": 43,
  "top": 178,
  "ayah": 8,
  "page": 534,
  "width": 38,
  "verse_pos": 7
 },
 {
  "line": 5,
  "left": 49,
  "end": 338,
  "height": 43,
  "top": 178,
  "ayah": 9,
  "page": 534,
  "width": 289,
  "verse_pos": 8
 },
 {
  "line": 5,
  "left": 10,
  "end": 48,
  "height": 43,
  "top": 178,
  "ayah": 10,
  "page": 534,
  "width": 38,
  "verse_pos": 9
 },
 {
  "line": 6,
  "left": 229,
  "end": 377,
  "height": 40,
  "top": 221,
  "ayah": 10,
  "page": 534,
  "width": 148,
  "verse_pos": 9
 },
 {
  "line": 6,
  "left": 10,
  "end": 228,
  "height": 40,
  "top": 221,
  "ayah": 11,
  "page": 534,
  "width": 218,
  "verse_pos": 10
 },
 {
  "line": 7,
  "left": 238,
  "end": 377,
  "height": 46,
  "top": 348,
  "ayah": 13,
  "page": 534,
  "width": 139,
  "verse_pos": 12
 },
 {
  "line": 7,
  "left": 99,
  "end": 237,
  "height": 46,
  "top": 348,
  "ayah": 14,
  "page": 534,
  "width": 138,
  "verse_pos": 13
 },
 {
  "line": 7,
  "left": 10,
  "end": 98,
  "height": 46,
  "top": 348,
  "ayah": 15,
  "page": 534,
  "width": 88,
  "verse_pos": 14
 },
 {
  "line": 8,
  "left": 341,
  "end": 377,
  "height": 40,
  "top": 394,
  "ayah": 15,
  "page": 534,
  "width": 36,
  "verse_pos": 14
 },
 {
  "line": 8,
  "left": 180,
  "end": 340,
  "height": 40,
  "top": 394,
  "ayah": 16,
  "page": 534,
  "width": 160,
  "verse_pos": 15
 },
 {
  "line": 8,
  "left": 10,
  "end": 179,
  "height": 40,
  "top": 394,
  "ayah": 17,
  "page": 534,
  "width": 169,
  "verse_pos": 16
 },
 {
  "line": 9,
  "left": 230,
  "end": 377,
  "height": 47,
  "top": 434,
  "ayah": 18,
  "page": 534,
  "width": 147,
  "verse_pos": 17
 },
 {
  "line": 9,
  "left": 81,
  "end": 229,
  "height": 47,
  "top": 434,
  "ayah": 19,
  "page": 534,
  "width": 148,
  "verse_pos": 18
 },
 {
  "line": 9,
  "left": 10,
  "end": 80,
  "height": 47,
  "top": 434,
  "ayah": 20,
  "page": 534,
  "width": 70,
  "verse_pos": 19
 },
 {
  "line": 10,
  "left": 177,
  "end": 377,
  "height": 41,
  "top": 481,
  "ayah": 20,
  "page": 534,
  "width": 200,
  "verse_pos": 19
 },
 {
  "line": 10,
  "left": 10,
  "end": 176,
  "height": 41,
  "top": 481,
  "ayah": 21,
  "page": 534,
  "width": 166,
  "verse_pos": 20
 },
 {
  "line": 11,
  "left": 291,
  "end": 377,
  "height": 43,
  "top": 522,
  "ayah": 21,
  "page": 534,
  "width": 86,
  "verse_pos": 20
 },
 {
  "line": 11,
  "left": 143,
  "end": 290,
  "height": 43,
  "top": 522,
  "ayah": 22,
  "page": 534,
  "width": 147,
  "verse_pos": 21
 },
 {
  "line": 11,
  "left": 10,
  "end": 143,
  "height": 43,
  "top": 522,
  "ayah": 23,
  "page": 534,
  "width": 133,
  "verse_pos": 22
 },
 {
  "line": 12,
  "left": 243,
  "end": 377,
  "height": 46,
  "top": 565,
  "ayah": 24,
  "page": 534,
  "width": 134,
  "verse_pos": 23
 },
 {
  "line": 12,
  "left": 115,
  "end": 242,
  "height": 46,
  "top": 565,
  "ayah": 25,
  "page": 534,
  "width": 127,
  "verse_pos": 24
 },
 {
  "line": 12,
  "left": 10,
  "end": 115,
  "height": 46,
  "top": 565,
  "ayah": 26,
  "page": 534,
  "width": 105,
  "verse_pos": 25
 },
 {
  "line": 13,
  "left": 341,
  "end": 377,
  "height": 42,
  "top": 611,
  "ayah": 26,
  "page": 534,
  "width": 36,
  "verse_pos": 25
 },
 {
  "line": 13,
  "left": 209,
  "end": 340,
  "height": 42,
  "top": 611,
  "ayah": 27,
  "page": 534,
  "width": 131,
  "verse_pos": 26
 },
 {
  "line": 13,
  "left": 10,
  "end": 208,
  "height": 42,
  "top": 611,
  "ayah": 28,
  "page": 534,
  "width": 198,
  "verse_pos": 27
 }
]