[
    {
          "line": 1,
          "left": 12,
          "end": 375,
          "height": 47,
          "top": 7,
          "ayah": 1,
          "page": 16,
          "width": 363,
          "verse_pos": 0
        },
        {
          "line": 2,
          "left": 12,
          "end": 375,
          "height": 42,
          "top": 54,
          "ayah": 1,
          "page": 16,
          "width": 363,
          "verse_pos": 0
        },
        {
          "line": 3,
          "left": 12,
          "end": 375,
          "height": 42,
          "top": 96,
          "ayah": 1,
          "page": 16,
          "width": 363,
          "verse_pos": 0
        },
        {
          "line": 4,
          "left": 12,
          "end": 375,
          "height": 47,
          "top": 138,
          "ayah": 1,
          "page": 16,
          "width": 363,
          "verse_pos": 0
        },
        {
          "line": 5,
          "left": 12,
          "end": 375,
          "height": 40,
          "top": 185,
          "ayah": 1,
          "page": 16,
          "width": 363,
          "verse_pos": 0
        },
        {
          "line": 6,
          "left": 12,
          "end": 375,
          "height": 45,
          "top": 225,
          "ayah": 1,
          "page": 16,
          "width": 363,
          "verse_pos": 0
        },
        {
          "line": 7,
          "left": 12,
          "end": 375,
          "height": 44,
          "top": 270,
          "ayah": 1,
          "page": 16,
          "width": 363,
          "verse_pos": 0
        },
        {
          "line": 8,
          "left": 12,
          "end": 375,
          "height": 37,
          "top": 314,
          "ayah": 1,
          "page": 16,
          "width": 363,
          "verse_pos": 0
        },
        {
          "line": 9,
          "left": 122,
          "end": 375,
          "height": 47,
          "top": 351,
          "ayah": 1,
          "page": 16,
          "width": 253,
          "verse_pos": 0
        },
        {
          "line": 9,
          "left": 12,
          "end": 121,
          "height": 43,
          "top": 351,
          "ayah": 2,
          "page": 16,
          "width": 109,
          "verse_pos": 1
        },
        {
          "line": 10,
          "left": 12,
          "end": 375,
          "height": 47,
          "top": 394,
          "ayah": 2,
          "page": 16,
          "width": 363,
          "verse_pos": 1
        },
        {
          "line": 11,
          "left": 339,
          "end": 375,
          "height": 39,
          "top": 441,
          "ayah": 2,
          "page": 16,
          "width": 36,
          "verse_pos": 1
        },
        {
          "line": 11,
          "left": 12,
          "end": 338,
          "height": 39,
          "top": 441,
          "ayah": 3,
          "page": 16,
          "width": 326,
          "verse_pos": 2
        },
        {
          "line": 12,
          "left": 12,
          "end": 375,
          "height": 46,
          "top": 480,
          "ayah": 3,
          "page": 16,
          "width": 363,
          "verse_pos": 2
        },
        {
          "line": 13,
          "left": 12,
          "end": 375,
          "height": 42,
          "top": 526,
          "ayah": 4,
          "page": 16,
          "width": 363,
          "verse_pos": 3
        },
        {
          "line": 14,
          "left": 12,
          "end": 375,
          "height": 42,
          "top": 568,
          "ayah": 4,
          "page": 16,
          "width": 363,
          "verse_pos": 3
        },
        {
          "line": 15,
          "left": 12,
          "end": 375,
          "height": 46,
          "top": 610,
          "ayah": 4,
          "page": 16,
          "width": 363,
          "verse_pos": 3
        }
]
