[
 {
  "line": 1,
  "left": 16,
  "end": 374,
  "height": 44,
  "top": 6,
  "ayah": 1,
  "page": 300,
  "width": 358,
  "verse_pos": 0
 },
 {
  "line": 2,
  "left": 167,
  "end": 374,
  "height": 42,
  "top": 50,
  "ayah": 1,
  "page": 300,
  "width": 207,
  "verse_pos": 0
 },
 {
  "line": 2,
  "left": 16,
  "end": 166,
  "height": 42,
  "top": 50,
  "ayah": 2,
  "page": 300,
  "width": 150,
  "verse_pos": 1
 },
 {
  "line": 3,
  "left": 16,
  "end": 374,
  "height": 42,
  "top": 92,
  "ayah": 2,
  "page": 300,
  "width": 358,
  "verse_pos": 1
 },
 {
  "line": 4,
  "left": 144,
  "end": 374,
  "height": 41,
  "top": 134,
  "ayah": 2,
  "page": 300,
  "width": 230,
  "verse_pos": 1
 },
 {
  "line": 4,
  "left": 16,
  "end": 143,
  "height": 41,
  "top": 134,
  "ayah": 3,
  "page": 300,
  "width": 127,
  "verse_pos": 2
 },
 {
  "line": 5,
  "left": 16,
  "end": 374,
  "height": 41,
  "top": 175,
  "ayah": 3,
  "page": 300,
  "width": 358,
  "verse_pos": 2
 },
 {
  "line": 6,
  "left": 46,
  "end": 374,
  "height": 43,
  "top": 216,
  "ayah": 3,
  "page": 300,
  "width": 328,
  "verse_pos": 2
 },
 {
  "line": 6,
  "left": 16,
  "end": 45,
  "height": 43,
  "top": 216,
  "ayah": 4,
  "page": 300,
  "width": 29,
  "verse_pos": 3
 },
 {
  "line": 7,
  "left": 16,
  "end": 374,
  "height": 42,
  "top": 259,
  "ayah": 4,
  "page": 300,
  "width": 358,
  "verse_pos": 3
 },
 {
  "line": 8,
  "left": 16,
  "end": 374,
  "height": 49,
  "top": 301,
  "ayah": 4,
  "page": 300,
  "width": 358,
  "verse_pos": 3
 },
 {
  "line": 9,
  "left": 61,
  "end": 374,
  "height": 41,
  "top": 350,
  "ayah": 4,
  "page": 300,
  "width": 313,
  "verse_pos": 3
 },
 {
  "line": 9,
  "left": 16,
  "end": 60,
  "height": 41,
  "top": 350,
  "ayah": 5,
  "page": 300,
  "width": 44,
  "verse_pos": 4
 },
 {
  "line": 10,
  "left": 16,
  "end": 374,
  "height": 44,
  "top": 391,
  "ayah": 5,
  "page": 300,
  "width": 358,
  "verse_pos": 4
 },
 {
  "line": 11,
  "left": 16,
  "end": 374,
  "height": 44,
  "top": 435,
  "ayah": 5,
  "page": 300,
  "width": 358,
  "verse_pos": 4
 },
 {
  "line": 12,
  "left": 16,
  "end": 374,
  "height": 43,
  "top": 479,
  "ayah": 6,
  "page": 300,
  "width": 358,
  "verse_pos": 5
 },
 {
  "line": 13,
  "left": 277,
  "end": 374,
  "height": 42,
  "top": 522,
  "ayah": 6,
  "page": 300,
  "width": 97,
  "verse_pos": 5
 },
 {
  "line": 13,
  "left": 16,
  "end": 276,
  "height": 42,
  "top": 522,
  "ayah": 7,
  "page": 300,
  "width": 260,
  "verse_pos": 6
 },
 {
  "line": 14,
  "left": 89,
  "end": 374,
  "height": 43,
  "top": 564,
  "ayah": 7,
  "page": 300,
  "width": 285,
  "verse_pos": 6
 },
 {
  "line": 14,
  "left": 16,
  "end": 88,
  "height": 43,
  "top": 564,
  "ayah": 8,
  "page": 300,
  "width": 72,
  "verse_pos": 7
 },
 {
  "line": 15,
  "left": 16,
  "end": 374,
  "height": 46,
  "top": 607,
  "ayah": 8,
  "page": 300,
  "width": 358,
  "verse_pos": 7
 }
]