[
 {
  "line": 1,
  "left": 4,
  "end": 383,
  "height": 47,
  "top": 7,
  "ayah": 1,
  "page": 189,
  "width": 379,
  "verse_pos": 0
 },
 {
  "line": 2,
  "left": 83,
  "end": 383,
  "height": 36,
  "top": 54,
  "ayah": 1,
  "page": 189,
  "width": 300,
  "verse_pos": 0
 },
 {
  "line": 2,
  "left": 4,
  "end": 82,
  "height": 36,
  "top": 54,
  "ayah": 2,
  "page": 189,
  "width": 78,
  "verse_pos": 1
 },
 {
  "line": 3,
  "left": 4,
  "end": 383,
  "height": 45,
  "top": 90,
  "ayah": 2,
  "page": 189,
  "width": 379,
  "verse_pos": 1
 },
 {
  "line": 4,
  "left": 345,
  "end": 383,
  "height": 45,
  "top": 135,
  "ayah": 2,
  "page": 189,
  "width": 38,
  "verse_pos": 1
 },
 {
  "line": 4,
  "left": 4,
  "end": 344,
  "height": 45,
  "top": 135,
  "ayah": 3,
  "page": 189,
  "width": 340,
  "verse_pos": 2
 },
 {
  "line": 5,
  "left": 4,
  "end": 383,
  "height": 39,
  "top": 180,
  "ayah": 3,
  "page": 189,
  "width": 379,
  "verse_pos": 2
 },
 {
  "line": 6,
  "left": 117,
  "end": 383,
  "height": 49,
  "top": 219,
  "ayah": 3,
  "page": 189,
  "width": 266,
  "verse_pos": 2
 },
 {
  "line": 6,
  "left": 4,
  "end": 116,
  "height": 49,
  "top": 219,
  "ayah": 4,
  "page": 189,
  "width": 112,
  "verse_pos": 3
 },
 {
  "line": 7,
  "left": 4,
  "end": 383,
  "height": 40,
  "top": 268,
  "ayah": 4,
  "page": 189,
  "width": 379,
  "verse_pos": 3
 },
 {
  "line": 8,
  "left": 4,
  "end": 383,
  "height": 44,
  "top": 308,
  "ayah": 4,
  "page": 189,
  "width": 379,
  "verse_pos": 3
 },
 {
  "line": 9,
  "left": 4,
  "end": 383,
  "height": 39,
  "top": 352,
  "ayah": 5,
  "page": 189,
  "width": 379,
  "verse_pos": 4
 },
 {
  "line": 10,
  "left": 4,
  "end": 383,
  "height": 45,
  "top": 391,
  "ayah": 5,
  "page": 189,
  "width": 379,
  "verse_pos": 4
 },
 {
  "line": 11,
  "left": 122,
  "end": 383,
  "height": 45,
  "top": 436,
  "ayah": 5,
  "page": 189,
  "width": 261,
  "verse_pos": 4
 },
 {
  "line": 11,
  "left": 4,
  "end": 121,
  "height": 45,
  "top": 436,
  "ayah": 6,
  "page": 189,
  "width": 117,
  "verse_pos": 5
 },
 {
  "line": 12,
  "left": 4,
  "end": 383,
  "height": 40,
  "top": 481,
  "ayah": 6,
  "page": 189,
  "width": 379,
  "verse_pos": 5
 },
 {
  "line": 13,
  "left": 4,
  "end": 383,
  "height": 46,
  "top": 521,
  "ayah": 6,
  "page": 189,
  "width": 379,
  "verse_pos": 5
 },
 {
  "line": 14,
  "left": 290,
  "end": 383,
  "height": 39,
  "top": 567,
  "ayah": 6,
  "page": 189,
  "width": 93,
  "verse_pos": 5
 },
 {
  "line": 14,
  "left": 4,
  "end": 289,
  "height": 39,
  "top": 567,
  "ayah": 7,
  "page": 189,
  "width": 285,
  "verse_pos": 6
 },
 {
  "line": 15,
  "left": 4,
  "end": 383,
  "height": 46,
  "top": 606,
  "ayah": 7,
  "page": 189,
  "width": 379,
  "verse_pos": 6
 }
]