[
 {
  "line": 1,
  "left": 16,
  "end": 368,
  "height": 42,
  "top": 7,
  "ayah": 1,
  "page": 158,
  "width": 352,
  "verse_pos": 0
 },
 {
  "line": 2,
  "left": 16,
  "end": 368,
  "height": 44,
  "top": 49,
  "ayah": 1,
  "page": 158,
  "width": 352,
  "verse_pos": 0
 },
 {
  "line": 3,
  "left": 16,
  "end": 368,
  "height": 44,
  "top": 93,
  "ayah": 2,
  "page": 158,
  "width": 352,
  "verse_pos": 1
 },
 {
  "line": 4,
  "left": 16,
  "end": 368,
  "height": 43,
  "top": 137,
  "ayah": 2,
  "page": 158,
  "width": 352,
  "verse_pos": 1
 },
 {
  "line": 5,
  "left": 53,
  "end": 368,
  "height": 44,
  "top": 180,
  "ayah": 3,
  "page": 158,
  "width": 315,
  "verse_pos": 2
 },
 {
  "line": 5,
  "left": 16,
  "end": 52,
  "height": 44,
  "top": 180,
  "ayah": 4,
  "page": 158,
  "width": 36,
  "verse_pos": 3
 },
 {
  "line": 6,
  "left": 16,
  "end": 368,
  "height": 40,
  "top": 224,
  "ayah": 4,
  "page": 158,
  "width": 352,
  "verse_pos": 3
 },
 {
  "line": 7,
  "left": 337,
  "end": 368,
  "height": 45,
  "top": 264,
  "ayah": 4,
  "page": 158,
  "width": 31,
  "verse_pos": 3
 },
 {
  "line": 7,
  "left": 16,
  "end": 336,
  "height": 45,
  "top": 264,
  "ayah": 5,
  "page": 158,
  "width": 320,
  "verse_pos": 4
 },
 {
  "line": 8,
  "left": 259,
  "end": 368,
  "height": 42,
  "top": 309,
  "ayah": 5,
  "page": 158,
  "width": 109,
  "verse_pos": 4
 },
 {
  "line": 8,
  "left": 16,
  "end": 258,
  "height": 42,
  "top": 309,
  "ayah": 6,
  "page": 158,
  "width": 242,
  "verse_pos": 5
 },
 {
  "line": 9,
  "left": 74,
  "end": 368,
  "height": 42,
  "top": 351,
  "ayah": 6,
  "page": 158,
  "width": 294,
  "verse_pos": 5
 },
 {
  "line": 9,
  "left": 16,
  "end": 73,
  "height": 42,
  "top": 351,
  "ayah": 7,
  "page": 158,
  "width": 57,
  "verse_pos": 6
 },
 {
  "line": 10,
  "left": 16,
  "end": 368,
  "height": 43,
  "top": 393,
  "ayah": 7,
  "page": 158,
  "width": 352,
  "verse_pos": 6
 },
 {
  "line": 11,
  "left": 127,
  "end": 368,
  "height": 42,
  "top": 436,
  "ayah": 7,
  "page": 158,
  "width": 241,
  "verse_pos": 6
 },
 {
  "line": 11,
  "left": 16,
  "end": 126,
  "height": 42,
  "top": 436,
  "ayah": 8,
  "page": 158,
  "width": 110,
  "verse_pos": 7
 },
 {
  "line": 12,
  "left": 16,
  "end": 368,
  "height": 44,
  "top": 478,
  "ayah": 8,
  "page": 158,
  "width": 352,
  "verse_pos": 7
 },
 {
  "line": 13,
  "left": 337,
  "end": 368,
  "height": 48,
  "top": 522,
  "ayah": 8,
  "page": 158,
  "width": 31,
  "verse_pos": 7
 },
 {
  "line": 13,
  "left": 16,
  "end": 336,
  "height": 48,
  "top": 522,
  "ayah": 9,
  "page": 158,
  "width": 320,
  "verse_pos": 8
 },
 {
  "line": 14,
  "left": 84,
  "end": 368,
  "height": 40,
  "top": 570,
  "ayah": 9,
  "page": 158,
  "width": 284,
  "verse_pos": 8
 },
 {
  "line": 14,
  "left": 16,
  "end": 83,
  "height": 40,
  "top": 570,
  "ayah": 10,
  "page": 158,
  "width": 67,
  "verse_pos": 9
 },
 {
  "line": 15,
  "left": 16,
  "end": 368,
  "height": 44,
  "top": 610,
  "ayah": 10,
  "page": 158,
  "width": 352,
  "verse_pos": 9
 }
]