[
 {
  "line": 1,
  "left": 16,
  "end": 371,
  "height": 47,
  "top": 7,
  "ayah": 1,
  "page": 112,
  "width": 355,
  "verse_pos": 0
 },
 {
  "line": 2,
  "left": 69,
  "end": 371,
  "height": 39,
  "top": 54,
  "ayah": 1,
  "page": 112,
  "width": 302,
  "verse_pos": 0
 },
 {
  "line": 2,
  "left": 16,
  "end": 68,
  "height": 39,
  "top": 54,
  "ayah": 2,
  "page": 112,
  "width": 52,
  "verse_pos": 1
 },
 {
  "line": 3,
  "left": 16,
  "end": 371,
  "height": 43,
  "top": 93,
  "ayah": 2,
  "page": 112,
  "width": 355,
  "verse_pos": 1
 },
 {
  "line": 4,
  "left": 261,
  "end": 371,
  "height": 44,
  "top": 136,
  "ayah": 2,
  "page": 112,
  "width": 110,
  "verse_pos": 1
 },
 {
  "line": 4,
  "left": 16,
  "end": 260,
  "height": 44,
  "top": 136,
  "ayah": 3,
  "page": 112,
  "width": 244,
  "verse_pos": 2
 },
 {
  "line": 5,
  "left": 16,
  "end": 371,
  "height": 44,
  "top": 180,
  "ayah": 3,
  "page": 112,
  "width": 355,
  "verse_pos": 2
 },
 {
  "line": 6,
  "left": 334,
  "end": 371,
  "height": 39,
  "top": 224,
  "ayah": 3,
  "page": 112,
  "width": 37,
  "verse_pos": 2
 },
 {
  "line": 6,
  "left": 16,
  "end": 333,
  "height": 39,
  "top": 224,
  "ayah": 4,
  "page": 112,
  "width": 317,
  "verse_pos": 3
 },
 {
  "line": 7,
  "left": 16,
  "end": 371,
  "height": 47,
  "top": 263,
  "ayah": 4,
  "page": 112,
  "width": 355,
  "verse_pos": 3
 },
 {
  "line": 8,
  "left": 143,
  "end": 371,
  "height": 41,
  "top": 310,
  "ayah": 4,
  "page": 112,
  "width": 228,
  "verse_pos": 3
 },
 {
  "line": 8,
  "left": 16,
  "end": 142,
  "height": 41,
  "top": 310,
  "ayah": 5,
  "page": 112,
  "width": 126,
  "verse_pos": 4
 },
 {
  "line": 9,
  "left": 16,
  "end": 371,
  "height": 44,
  "top": 351,
  "ayah": 5,
  "page": 112,
  "width": 355,
  "verse_pos": 4
 },
 {
  "line": 10,
  "left": 249,
  "end": 371,
  "height": 42,
  "top": 395,
  "ayah": 5,
  "page": 112,
  "width": 122,
  "verse_pos": 4
 },
 {
  "line": 10,
  "left": 16,
  "end": 248,
  "height": 42,
  "top": 395,
  "ayah": 6,
  "page": 112,
  "width": 232,
  "verse_pos": 5
 },
 {
  "line": 11,
  "left": 78,
  "end": 371,
  "height": 44,
  "top": 437,
  "ayah": 6,
  "page": 112,
  "width": 293,
  "verse_pos": 5
 },
 {
  "line": 11,
  "left": 16,
  "end": 77,
  "height": 44,
  "top": 437,
  "ayah": 7,
  "page": 112,
  "width": 61,
  "verse_pos": 6
 },
 {
  "line": 12,
  "left": 16,
  "end": 371,
  "height": 44,
  "top": 481,
  "ayah": 7,
  "page": 112,
  "width": 355,
  "verse_pos": 6
 },
 {
  "line": 13,
  "left": 16,
  "end": 371,
  "height": 43,
  "top": 525,
  "ayah": 8,
  "page": 112,
  "width": 355,
  "verse_pos": 7
 },
 {
  "line": 14,
  "left": 16,
  "end": 371,
  "height": 38,
  "top": 568,
  "ayah": 8,
  "page": 112,
  "width": 355,
  "verse_pos": 7
 },
 {
  "line": 15,
  "left": 16,
  "end": 371,
  "height": 47,
  "top": 606,
  "ayah": 8,
  "page": 112,
  "width": 355,
  "verse_pos": 7
 }
]