[
 {
  "line": 1,
  "left": 16,
  "end": 368,
  "height": 36,
  "top": 7,
  "ayah": 1,
  "page": 98,
  "width": 352,
  "verse_pos": 0
 },
 {
  "line": 2,
  "left": 16,
  "end": 368,
  "height": 42,
  "top": 43,
  "ayah": 1,
  "page": 98,
  "width": 352,
  "verse_pos": 0
 },
 {
  "line": 3,
  "left": 115,
  "end": 368,
  "height": 49,
  "top": 85,
  "ayah": 1,
  "page": 98,
  "width": 253,
  "verse_pos": 0
 },
 {
  "line": 3,
  "left": 16,
  "end": 114,
  "height": 49,
  "top": 85,
  "ayah": 2,
  "page": 98,
  "width": 98,
  "verse_pos": 1
 },
 {
  "line": 4,
  "left": 16,
  "end": 368,
  "height": 44,
  "top": 134,
  "ayah": 2,
  "page": 98,
  "width": 352,
  "verse_pos": 1
 },
 {
  "line": 5,
  "left": 72,
  "end": 368,
  "height": 42,
  "top": 178,
  "ayah": 2,
  "page": 98,
  "width": 296,
  "verse_pos": 1
 },
 {
  "line": 5,
  "left": 16,
  "end": 68,
  "height": 42,
  "top": 178,
  "ayah": 3,
  "page": 98,
  "width": 52,
  "verse_pos": 2
 },
 {
  "line": 6,
  "left": 16,
  "end": 368,
  "height": 43,
  "top": 220,
  "ayah": 3,
  "page": 98,
  "width": 352,
  "verse_pos": 2
 },
 {
  "line": 7,
  "left": 53,
  "end": 368,
  "height": 45,
  "top": 263,
  "ayah": 3,
  "page": 98,
  "width": 315,
  "verse_pos": 2
 },
 {
  "line": 7,
  "left": 16,
  "end": 51,
  "height": 45,
  "top": 263,
  "ayah": 4,
  "page": 98,
  "width": 35,
  "verse_pos": 3
 },
 {
  "line": 8,
  "left": 16,
  "end": 368,
  "height": 40,
  "top": 308,
  "ayah": 4,
  "page": 98,
  "width": 352,
  "verse_pos": 3
 },
 {
  "line": 9,
  "left": 62,
  "end": 368,
  "height": 47,
  "top": 348,
  "ayah": 4,
  "page": 98,
  "width": 306,
  "verse_pos": 3
 },
 {
  "line": 9,
  "left": 16,
  "end": 61,
  "height": 47,
  "top": 348,
  "ayah": 5,
  "page": 98,
  "width": 45,
  "verse_pos": 4
 },
 {
  "line": 10,
  "left": 16,
  "end": 368,
  "height": 37,
  "top": 395,
  "ayah": 5,
  "page": 98,
  "width": 352,
  "verse_pos": 4
 },
 {
  "line": 11,
  "left": 292,
  "end": 368,
  "height": 49,
  "top": 432,
  "ayah": 5,
  "page": 98,
  "width": 76,
  "verse_pos": 4
 },
 {
  "line": 11,
  "left": 16,
  "end": 290,
  "height": 49,
  "top": 432,
  "ayah": 6,
  "page": 98,
  "width": 274,
  "verse_pos": 5
 },
 {
  "line": 12,
  "left": 16,
  "end": 368,
  "height": 41,
  "top": 481,
  "ayah": 6,
  "page": 98,
  "width": 352,
  "verse_pos": 5
 },
 {
  "line": 13,
  "left": 16,
  "end": 368,
  "height": 44,
  "top": 522,
  "ayah": 6,
  "page": 98,
  "width": 352,
  "verse_pos": 5
 },
 {
  "line": 14,
  "left": 16,
  "end": 368,
  "height": 43,
  "top": 566,
  "ayah": 6,
  "page": 98,
  "width": 352,
  "verse_pos": 5
 },
 {
  "line": 15,
  "left": 16,
  "end": 368,
  "height": 44,
  "top": 609,
  "ayah": 6,
  "page": 98,
  "width": 352,
  "verse_pos": 5
 }
]