[
 {
  "line": 1,
  "left": 18,
  "end": 373,
  "height": 46,
  "top": 7,
  "ayah": 1,
  "page": 129,
  "width": 355,
  "verse_pos": 0
 },
 {
  "line": 2,
  "left": 259,
  "end": 373,
  "height": 39,
  "top": 53,
  "ayah": 1,
  "page": 129,
  "width": 114,
  "verse_pos": 0
 },
 {
  "line": 2,
  "left": 18,
  "end": 258,
  "height": 39,
  "top": 53,
  "ayah": 2,
  "page": 129,
  "width": 240,
  "verse_pos": 1
 },
 {
  "line": 3,
  "left": 18,
  "end": 373,
  "height": 44,
  "top": 92,
  "ayah": 2,
  "page": 129,
  "width": 355,
  "verse_pos": 1
 },
 {
  "line": 4,
  "left": 18,
  "end": 373,
  "height": 38,
  "top": 136,
  "ayah": 3,
  "page": 129,
  "width": 355,
  "verse_pos": 2
 },
 {
  "line": 5,
  "left": 265,
  "end": 373,
  "height": 42,
  "top": 174,
  "ayah": 3,
  "page": 129,
  "width": 108,
  "verse_pos": 2
 },
 {
  "line": 5,
  "left": 18,
  "end": 264,
  "height": 42,
  "top": 174,
  "ayah": 4,
  "page": 129,
  "width": 246,
  "verse_pos": 3
 },
 {
  "line": 6,
  "left": 18,
  "end": 373,
  "height": 46,
  "top": 216,
  "ayah": 4,
  "page": 129,
  "width": 355,
  "verse_pos": 3
 },
 {
  "line": 7,
  "left": 18,
  "end": 373,
  "height": 42,
  "top": 262,
  "ayah": 4,
  "page": 129,
  "width": 355,
  "verse_pos": 3
 },
 {
  "line": 8,
  "left": 337,
  "end": 373,
  "height": 49,
  "top": 304,
  "ayah": 4,
  "page": 129,
  "width": 36,
  "verse_pos": 3
 },
 {
  "line": 8,
  "left": 18,
  "end": 336,
  "height": 49,
  "top": 304,
  "ayah": 5,
  "page": 129,
  "width": 318,
  "verse_pos": 4
 },
 {
  "line": 9,
  "left": 337,
  "end": 373,
  "height": 36,
  "top": 353,
  "ayah": 5,
  "page": 129,
  "width": 36,
  "verse_pos": 4
 },
 {
  "line": 9,
  "left": 18,
  "end": 336,
  "height": 36,
  "top": 353,
  "ayah": 6,
  "page": 129,
  "width": 318,
  "verse_pos": 5
 },
 {
  "line": 10,
  "left": 18,
  "end": 373,
  "height": 47,
  "top": 389,
  "ayah": 6,
  "page": 129,
  "width": 355,
  "verse_pos": 5
 },
 {
  "line": 11,
  "left": 186,
  "end": 373,
  "height": 47,
  "top": 436,
  "ayah": 6,
  "page": 129,
  "width": 187,
  "verse_pos": 5
 },
 {
  "line": 11,
  "left": 18,
  "end": 185,
  "height": 47,
  "top": 436,
  "ayah": 7,
  "page": 129,
  "width": 167,
  "verse_pos": 6
 },
 {
  "line": 12,
  "left": 195,
  "end": 373,
  "height": 35,
  "top": 483,
  "ayah": 7,
  "page": 129,
  "width": 178,
  "verse_pos": 6
 },
 {
  "line": 12,
  "left": 18,
  "end": 194,
  "height": 35,
  "top": 483,
  "ayah": 8,
  "page": 129,
  "width": 176,
  "verse_pos": 7
 },
 {
  "line": 13,
  "left": 166,
  "end": 373,
  "height": 44,
  "top": 518,
  "ayah": 8,
  "page": 129,
  "width": 207,
  "verse_pos": 7
 },
 {
  "line": 13,
  "left": 18,
  "end": 165,
  "height": 44,
  "top": 518,
  "ayah": 9,
  "page": 129,
  "width": 147,
  "verse_pos": 8
 },
 {
  "line": 14,
  "left": 18,
  "end": 373,
  "height": 45,
  "top": 562,
  "ayah": 9,
  "page": 129,
  "width": 355,
  "verse_pos": 8
 },
 {
  "line": 15,
  "left": 303,
  "end": 373,
  "height": 46,
  "top": 607,
  "ayah": 9,
  "page": 129,
  "width": 70,
  "verse_pos": 8
 },
 {
  "line": 15,
  "left": 18,
  "end": 302,
  "height": 46,
  "top": 607,
  "ayah": 10,
  "page": 129,
  "width": 284,
  "verse_pos": 9
 }
]