[
 {
  "line": 1,
  "left": 304,
  "end": 379,
  "height": 40,
  "top": 46,
  "ayah": 2,
  "page": 367,
  "width": 75,
  "verse_pos": 1
 },
 {
  "line": 1,
  "left": 118,
  "end": 303,
  "height": 40,
  "top": 46,
  "ayah": 3,
  "page": 367,
  "width": 185,
  "verse_pos": 2
 },
 {
  "line": 1,
  "left": 11,
  "end": 117,
  "height": 40,
  "top": 46,
  "ayah": 4,
  "page": 367,
  "width": 106,
  "verse_pos": 3
 },
 {
  "line": 2,
  "left": 237,
  "end": 379,
  "height": 44,
  "top": 86,
  "ayah": 4,
  "page": 367,
  "width": 142,
  "verse_pos": 3
 },
 {
  "line": 2,
  "left": 11,
  "end": 236,
  "height": 44,
  "top": 86,
  "ayah": 5,
  "page": 367,
  "width": 225,
  "verse_pos": 4
 },
 {
  "line": 3,
  "left": 211,
  "end": 379,
  "height": 43,
  "top": 130,
  "ayah": 5,
  "page": 367,
  "width": 168,
  "verse_pos": 4
 },
 {
  "line": 3,
  "left": 11,
  "end": 210,
  "height": 43,
  "top": 130,
  "ayah": 6,
  "page": 367,
  "width": 199,
  "verse_pos": 5
 },
 {
  "line": 4,
  "left": 217,
  "end": 379,
  "height": 44,
  "top": 173,
  "ayah": 6,
  "page": 367,
  "width": 162,
  "verse_pos": 5
 },
 {
  "line": 4,
  "left": 11,
  "end": 216,
  "height": 44,
  "top": 173,
  "ayah": 7,
  "page": 367,
  "width": 205,
  "verse_pos": 6
 },
 {
  "line": 5,
  "left": 260,
  "end": 379,
  "height": 38,
  "top": 217,
  "ayah": 7,
  "page": 367,
  "width": 119,
  "verse_pos": 6
 },
 {
  "line": 5,
  "left": 11,
  "end": 260,
  "height": 38,
  "top": 217,
  "ayah": 8,
  "page": 367,
  "width": 249,
  "verse_pos": 7
 },
 {
  "line": 6,
  "left": 310,
  "end": 379,
  "height": 48,
  "top": 255,
  "ayah": 8,
  "page": 367,
  "width": 69,
  "verse_pos": 7
 },
 {
  "line": 6,
  "left": 43,
  "end": 309,
  "height": 48,
  "top": 255,
  "ayah": 9,
  "page": 367,
  "width": 266,
  "verse_pos": 8
 },
 {
  "line": 6,
  "left": 11,
  "end": 42,
  "height": 48,
  "top": 255,
  "ayah": 10,
  "page": 367,
  "width": 31,
  "verse_pos": 9
 },
 {
  "line": 7,
  "left": 209,
  "end": 379,
  "height": 38,
  "top": 303,
  "ayah": 10,
  "page": 367,
  "width": 170,
  "verse_pos": 9
 },
 {
  "line": 7,
  "left": 11,
  "end": 208,
  "height": 38,
  "top": 303,
  "ayah": 11,
  "page": 367,
  "width": 197,
  "verse_pos": 10
 },
 {
  "line": 8,
  "left": 285,
  "end": 379,
  "height": 47,
  "top": 341,
  "ayah": 11,
  "page": 367,
  "width": 94,
  "verse_pos": 10
 },
 {
  "line": 8,
  "left": 122,
  "end": 284,
  "height": 47,
  "top": 341,
  "ayah": 12,
  "page": 367,
  "width": 162,
  "verse_pos": 11
 },
 {
  "line": 8,
  "left": 11,
  "end": 121,
  "height": 47,
  "top": 341,
  "ayah": 13,
  "page": 367,
  "width": 110,
  "verse_pos": 12
 },
 {
  "line": 9,
  "left": 272,
  "end": 379,
  "height": 41,
  "top": 388,
  "ayah": 13,
  "page": 367,
  "width": 107,
  "verse_pos": 12
 },
 {
  "line": 9,
  "left": 11,
  "end": 271,
  "height": 41,
  "top": 388,
  "ayah": 14,
  "page": 367,
  "width": 260,
  "verse_pos": 13
 },
 {
  "line": 10,
  "left": 278,
  "end": 379,
  "height": 39,
  "top": 429,
  "ayah": 14,
  "page": 367,
  "width": 101,
  "verse_pos": 13
 },
 {
  "line": 10,
  "left": 37,
  "end": 277,
  "height": 40,
  "top": 429,
  "ayah": 15,
  "page": 367,
  "width": 240,
  "verse_pos": 14
 },
 {
  "line": 10,
  "left": 11,
  "end": 36,
  "height": 40,
  "top": 429,
  "ayah": 16,
  "page": 367,
  "width": 25,
  "verse_pos": 15
 },
 {
  "line": 11,
  "left": 94,
  "end": 379,
  "height": 47,
  "top": 469,
  "ayah": 16,
  "page": 367,
  "width": 285,
  "verse_pos": 15
 },
 {
  "line": 11,
  "left": 11,
  "end": 93,
  "height": 47,
  "top": 469,
  "ayah": 17,
  "page": 367,
  "width": 82,
  "verse_pos": 16
 },
 {
  "line": 12,
  "left": 164,
  "end": 379,
  "height": 42,
  "top": 516,
  "ayah": 17,
  "page": 367,
  "width": 215,
  "verse_pos": 16
 },
 {
  "line": 12,
  "left": 11,
  "end": 163,
  "height": 42,
  "top": 516,
  "ayah": 18,
  "page": 367,
  "width": 152,
  "verse_pos": 17
 },
 {
  "line": 13,
  "left": 341,
  "end": 379,
  "height": 45,
  "top": 558,
  "ayah": 18,
  "page": 367,
  "width": 38,
  "verse_pos": 17
 },
 {
  "line": 13,
  "left": 11,
  "end": 340,
  "height": 45,
  "top": 558,
  "ayah": 19,
  "page": 367,
  "width": 329,
  "verse_pos": 18
 },
 {
  "line": 14,
  "left": 11,
  "end": 379,
  "height": 42,
  "top": 603,
  "ayah": 20,
  "page": 367,
  "width": 368,
  "verse_pos": 19
 }
]