[
    {
        "line": 1,
        "left": 13,
        "end": 376,
        "height": 39,
        "top": 7,
        "ayah": 1,
        "page": 461,
        "width": 363,
        "verse_pos": 0
    },
    {
        "line": 2,
        "left": 13,
        "end": 376,
        "height": 45,
        "top": 46,
        "ayah": 1,
        "page": 461,
        "width": 363,
        "verse_pos": 0
    },
    {
        "line": 3,
        "left": 13,
        "end": 376,
        "height": 43,
        "top": 91,
        "ayah": 2,
        "page": 461,
        "width": 363,
        "verse_pos": 1
    },
    {
        "line": 4,
        "left": 13,
        "end": 376,
        "height": 43,
        "top": 134,
        "ayah": 2,
        "page": 461,
        "width": 363,
        "verse_pos": 1
    },
    {
        "line": 5,
        "left": 13,
        "end": 376,
        "height": 43,
        "top": 177,
        "ayah": 2,
        "page": 461,
        "width": 363,
        "verse_pos": 1
    },
    {
        "line": 6,
        "left": 178,
        "end": 376,
        "height": 43,
        "top": 220,
        "ayah": 2,
        "page": 461,
        "width": 198,
        "verse_pos": 1
    },
    {
        "line": 6,
        "left": 13,
        "end": 177,
        "height": 43,
        "top": 220,
        "ayah": 3,
        "page": 461,
        "width": 164,
        "verse_pos": 2
    },
    {
        "line": 7,
        "left": 13,
        "end": 376,
        "height": 44,
        "top": 263,
        "ayah": 3,
        "page": 461,
        "width": 363,
        "verse_pos": 2
    },
    {
        "line": 8,
        "left": 342,
        "end": 376,
        "height": 40,
        "top": 307,
        "ayah": 3,
        "page": 461,
        "width": 34,
        "verse_pos": 2
    },
    {
        "line": 8,
        "left": 13,
        "end": 342,
        "height": 40,
        "top": 307,
        "ayah": 4,
        "page": 461,
        "width": 329,
        "verse_pos": 3
    },
    {
        "line": 9,
        "left": 271,
        "end": 376,
        "height": 44,
        "top": 347,
        "ayah": 4,
        "page": 461,
        "width": 105,
        "verse_pos": 3
    },
    {
        "line": 9,
        "left": 13,
        "end": 271,
        "height": 44,
        "top": 347,
        "ayah": 5,
        "page": 461,
        "width": 258,
        "verse_pos": 4
    },
    {
        "line": 10,
        "left": 170,
        "end": 376,
        "height": 42,
        "top": 391,
        "ayah": 5,
        "page": 461,
        "width": 206,
        "verse_pos": 4
    },
    {
        "line": 10,
        "left": 13,
        "end": 169,
        "height": 42,
        "top": 391,
        "ayah": 6,
        "page": 461,
        "width": 156,
        "verse_pos": 5
    },
    {
        "line": 11,
        "left": 90,
        "end": 376,
        "height": 45,
        "top": 433,
        "ayah": 6,
        "page": 461,
        "width": 286,
        "verse_pos": 5
    },
    {
        "line": 11,
        "left": 13,
        "end": 89,
        "height": 45,
        "top": 433,
        "ayah": 7,
        "page": 461,
        "width": 76,
        "verse_pos": 6
    },
    {
        "line": 12,
        "left": 176,
        "end": 376,
        "height": 43,
        "top": 478,
        "ayah": 7,
        "page": 461,
        "width": 200,
        "verse_pos": 6
    },
    {
        "line": 12,
        "left": 13,
        "end": 175,
        "height": 43,
        "top": 478,
        "ayah": 8,
        "page": 461,
        "width": 162,
        "verse_pos": 7
    },
    {
        "line": 13,
        "left": 13,
        "end": 376,
        "height": 41,
        "top": 521,
        "ayah": 8,
        "page": 461,
        "width": 363,
        "verse_pos": 7
    },
    {
        "line": 14,
        "left": 153,
        "end": 376,
        "height": 44,
        "top": 562,
        "ayah": 8,
        "page": 461,
        "width": 223,
        "verse_pos": 7
    },
    {
        "line": 14,
        "left": 13,
        "end": 153,
        "height": 44,
        "top": 562,
        "ayah": 9,
        "page": 461,
        "width": 140,
        "verse_pos": 8
    },
    {
        "line": 15,
        "left": 337,
        "end": 376,
        "height": 42,
        "top": 606,
        "ayah": 9,
        "page": 461,
        "width": 39,
        "verse_pos": 8
    },
    {
        "line": 15,
        "left": 13,
        "end": 336,
        "height": 42,
        "top": 606,
        "ayah": 10,
        "page": 461,
        "width": 323,
        "verse_pos": 9
    }
]