[
 {
  "line": 1,
  "left": 15,
  "end": 371,
  "height": 41,
  "top": 7,
  "ayah": 1,
  "page": 554,
  "width": 356,
  "verse_pos": 0
 },
 {
  "line": 2,
  "left": 15,
  "end": 371,
  "height": 45,
  "top": 48,
  "ayah": 1,
  "page": 554,
  "width": 356,
  "verse_pos": 0
 },
 {
  "line": 3,
  "left": 280,
  "end": 371,
  "height": 40,
  "top": 93,
  "ayah": 1,
  "page": 554,
  "width": 91,
  "verse_pos": 0
 },
 {
  "line": 3,
  "left": 15,
  "end": 279,
  "height": 40,
  "top": 93,
  "ayah": 2,
  "page": 554,
  "width": 264,
  "verse_pos": 1
 },
 {
  "line": 4,
  "left": 15,
  "end": 371,
  "height": 43,
  "top": 133,
  "ayah": 2,
  "page": 554,
  "width": 356,
  "verse_pos": 1
 },
 {
  "line": 5,
  "left": 335,
  "end": 371,
  "height": 45,
  "top": 176,
  "ayah": 2,
  "page": 554,
  "width": 36,
  "verse_pos": 1
 },
 {
  "line": 5,
  "left": 15,
  "end": 334,
  "height": 45,
  "top": 176,
  "ayah": 3,
  "page": 554,
  "width": 319,
  "verse_pos": 2
 },
 {
  "line": 6,
  "left": 15,
  "end": 371,
  "height": 38,
  "top": 221,
  "ayah": 3,
  "page": 554,
  "width": 356,
  "verse_pos": 2
 },
 {
  "line": 7,
  "left": 15,
  "end": 371,
  "height": 45,
  "top": 348,
  "ayah": 5,
  "page": 554,
  "width": 356,
  "verse_pos": 4
 },
 {
  "line": 8,
  "left": 15,
  "end": 371,
  "height": 42,
  "top": 393,
  "ayah": 5,
  "page": 554,
  "width": 356,
  "verse_pos": 4
 },
 {
  "line": 9,
  "left": 15,
  "end": 371,
  "height": 43,
  "top": 435,
  "ayah": 6,
  "page": 554,
  "width": 356,
  "verse_pos": 5
 },
 {
  "line": 10,
  "left": 283,
  "end": 371,
  "height": 44,
  "top": 478,
  "ayah": 6,
  "page": 554,
  "width": 88,
  "verse_pos": 5
 },
 {
  "line": 10,
  "left": 15,
  "end": 282,
  "height": 44,
  "top": 478,
  "ayah": 7,
  "page": 554,
  "width": 267,
  "verse_pos": 6
 },
 {
  "line": 11,
  "left": 239,
  "end": 371,
  "height": 37,
  "top": 522,
  "ayah": 7,
  "page": 554,
  "width": 132,
  "verse_pos": 6
 },
 {
  "line": 11,
  "left": 15,
  "end": 238,
  "height": 37,
  "top": 522,
  "ayah": 8,
  "page": 554,
  "width": 223,
  "verse_pos": 7
 },
 {
  "line": 12,
  "left": 15,
  "end": 371,
  "height": 46,
  "top": 559,
  "ayah": 8,
  "page": 554,
  "width": 356,
  "verse_pos": 7
 },
 {
  "line": 13,
  "left": 15,
  "end": 371,
  "height": 44,
  "top": 605,
  "ayah": 8,
  "page": 554,
  "width": 356,
  "verse_pos": 7
 }
]