[
 {
  "line": 1,
  "left": 19,
  "end": 369,
  "height": 46,
  "top": 7,
  "ayah": 1,
  "page": 132,
  "width": 350,
  "verse_pos": 0
 },
 {
  "line": 2,
  "left": 283,
  "end": 369,
  "height": 44,
  "top": 53,
  "ayah": 1,
  "page": 132,
  "width": 86,
  "verse_pos": 0
 },
 {
  "line": 2,
  "left": 19,
  "end": 282,
  "height": 44,
  "top": 53,
  "ayah": 2,
  "page": 132,
  "width": 263,
  "verse_pos": 1
 },
 {
  "line": 3,
  "left": 40,
  "end": 369,
  "height": 41,
  "top": 97,
  "ayah": 2,
  "page": 132,
  "width": 329,
  "verse_pos": 1
 },
 {
  "line": 3,
  "left": 19,
  "end": 39,
  "height": 41,
  "top": 97,
  "ayah": 3,
  "page": 132,
  "width": 20,
  "verse_pos": 2
 },
 {
  "line": 4,
  "left": 19,
  "end": 369,
  "height": 45,
  "top": 138,
  "ayah": 3,
  "page": 132,
  "width": 350,
  "verse_pos": 2
 },
 {
  "line": 5,
  "left": 19,
  "end": 369,
  "height": 41,
  "top": 183,
  "ayah": 3,
  "page": 132,
  "width": 350,
  "verse_pos": 2
 },
 {
  "line": 6,
  "left": 19,
  "end": 369,
  "height": 47,
  "top": 224,
  "ayah": 4,
  "page": 132,
  "width": 350,
  "verse_pos": 3
 },
 {
  "line": 7,
  "left": 51,
  "end": 369,
  "height": 41,
  "top": 271,
  "ayah": 4,
  "page": 132,
  "width": 318,
  "verse_pos": 3
 },
 {
  "line": 7,
  "left": 19,
  "end": 50,
  "height": 41,
  "top": 271,
  "ayah": 5,
  "page": 132,
  "width": 31,
  "verse_pos": 4
 },
 {
  "line": 8,
  "left": 19,
  "end": 369,
  "height": 43,
  "top": 312,
  "ayah": 5,
  "page": 132,
  "width": 350,
  "verse_pos": 4
 },
 {
  "line": 9,
  "left": 184,
  "end": 369,
  "height": 43,
  "top": 355,
  "ayah": 5,
  "page": 132,
  "width": 185,
  "verse_pos": 4
 },
 {
  "line": 9,
  "left": 19,
  "end": 183,
  "height": 43,
  "top": 355,
  "ayah": 6,
  "page": 132,
  "width": 164,
  "verse_pos": 5
 },
 {
  "line": 10,
  "left": 103,
  "end": 369,
  "height": 41,
  "top": 398,
  "ayah": 6,
  "page": 132,
  "width": 266,
  "verse_pos": 5
 },
 {
  "line": 10,
  "left": 19,
  "end": 102,
  "height": 41,
  "top": 398,
  "ayah": 7,
  "page": 132,
  "width": 83,
  "verse_pos": 6
 },
 {
  "line": 11,
  "left": 19,
  "end": 369,
  "height": 44,
  "top": 439,
  "ayah": 7,
  "page": 132,
  "width": 350,
  "verse_pos": 6
 },
 {
  "line": 12,
  "left": 333,
  "end": 369,
  "height": 44,
  "top": 483,
  "ayah": 7,
  "page": 132,
  "width": 36,
  "verse_pos": 6
 },
 {
  "line": 12,
  "left": 19,
  "end": 332,
  "height": 44,
  "top": 483,
  "ayah": 8,
  "page": 132,
  "width": 313,
  "verse_pos": 7
 },
 {
  "line": 13,
  "left": 59,
  "end": 369,
  "height": 43,
  "top": 527,
  "ayah": 8,
  "page": 132,
  "width": 310,
  "verse_pos": 7
 },
 {
  "line": 13,
  "left": 19,
  "end": 58,
  "height": 43,
  "top": 527,
  "ayah": 9,
  "page": 132,
  "width": 39,
  "verse_pos": 8
 },
 {
  "line": 14,
  "left": 19,
  "end": 369,
  "height": 40,
  "top": 570,
  "ayah": 9,
  "page": 132,
  "width": 350,
  "verse_pos": 8
 },
 {
  "line": 15,
  "left": 19,
  "end": 369,
  "height": 44,
  "top": 610,
  "ayah": 9,
  "page": 132,
  "width": 350,
  "verse_pos": 8
 }
]