[
 {
  "line": 1,
  "left": 16,
  "end": 370,
  "height": 41,
  "top": 7,
  "ayah": 1,
  "page": 90,
  "width": 354,
  "verse_pos": 0
 },
 {
  "line": 2,
  "left": 16,
  "end": 370,
  "height": 42,
  "top": 48,
  "ayah": 1,
  "page": 90,
  "width": 354,
  "verse_pos": 0
 },
 {
  "line": 3,
  "left": 16,
  "end": 370,
  "height": 43,
  "top": 90,
  "ayah": 1,
  "page": 90,
  "width": 354,
  "verse_pos": 0
 },
 {
  "line": 4,
  "left": 298,
  "end": 370,
  "height": 42,
  "top": 133,
  "ayah": 1,
  "page": 90,
  "width": 72,
  "verse_pos": 0
 },
 {
  "line": 4,
  "left": 16,
  "end": 297,
  "height": 42,
  "top": 133,
  "ayah": 2,
  "page": 90,
  "width": 281,
  "verse_pos": 1
 },
 {
  "line": 5,
  "left": 16,
  "end": 370,
  "height": 43,
  "top": 175,
  "ayah": 2,
  "page": 90,
  "width": 354,
  "verse_pos": 1
 },
 {
  "line": 6,
  "left": 213,
  "end": 370,
  "height": 46,
  "top": 218,
  "ayah": 2,
  "page": 90,
  "width": 157,
  "verse_pos": 1
 },
 {
  "line": 6,
  "left": 16,
  "end": 212,
  "height": 46,
  "top": 218,
  "ayah": 3,
  "page": 90,
  "width": 196,
  "verse_pos": 2
 },
 {
  "line": 7,
  "left": 16,
  "end": 370,
  "height": 40,
  "top": 264,
  "ayah": 3,
  "page": 90,
  "width": 354,
  "verse_pos": 2
 },
 {
  "line": 8,
  "left": 16,
  "end": 370,
  "height": 44,
  "top": 304,
  "ayah": 3,
  "page": 90,
  "width": 354,
  "verse_pos": 2
 },
 {
  "line": 9,
  "left": 16,
  "end": 370,
  "height": 44,
  "top": 348,
  "ayah": 3,
  "page": 90,
  "width": 354,
  "verse_pos": 2
 },
 {
  "line": 10,
  "left": 58,
  "end": 370,
  "height": 40,
  "top": 392,
  "ayah": 3,
  "page": 90,
  "width": 312,
  "verse_pos": 2
 },
 {
  "line": 10,
  "left": 16,
  "end": 57,
  "height": 40,
  "top": 392,
  "ayah": 4,
  "page": 90,
  "width": 41,
  "verse_pos": 3
 },
 {
  "line": 11,
  "left": 16,
  "end": 370,
  "height": 44,
  "top": 432,
  "ayah": 4,
  "page": 90,
  "width": 354,
  "verse_pos": 3
 },
 {
  "line": 12,
  "left": 16,
  "end": 370,
  "height": 42,
  "top": 476,
  "ayah": 4,
  "page": 90,
  "width": 354,
  "verse_pos": 3
 },
 {
  "line": 13,
  "left": 16,
  "end": 370,
  "height": 44,
  "top": 518,
  "ayah": 4,
  "page": 90,
  "width": 354,
  "verse_pos": 3
 },
 {
  "line": 14,
  "left": 250,
  "end": 370,
  "height": 43,
  "top": 562,
  "ayah": 4,
  "page": 90,
  "width": 120,
  "verse_pos": 3
 },
 {
  "line": 14,
  "left": 16,
  "end": 249,
  "height": 43,
  "top": 562,
  "ayah": 5,
  "page": 90,
  "width": 233,
  "verse_pos": 4
 },
 {
  "line": 15,
  "left": 16,
  "end": 370,
  "height": 45,
  "top": 605,
  "ayah": 5,
  "page": 90,
  "width": 354,
  "verse_pos": 4
 }
]