[
    {
        "line": 1,
        "left": 14,
        "end": 376,
        "height": 40,
        "top": 7,
        "ayah": 1,
        "page": 508,
        "width": 362,
        "verse_pos": 0
    },
    {
        "line": 2,
        "left": 14,
        "end": 376,
        "height": 44,
        "top": 47,
        "ayah": 1,
        "page": 508,
        "width": 362,
        "verse_pos": 0
    },
    {
        "line": 3,
        "left": 244,
        "end": 376,
        "height": 43,
        "top": 91,
        "ayah": 1,
        "page": 508,
        "width": 132,
        "verse_pos": 0
    },
    {
        "line": 3,
        "left": 14,
        "end": 243,
        "height": 43,
        "top": 91,
        "ayah": 2,
        "page": 508,
        "width": 229,
        "verse_pos": 1
    },
    {
        "line": 4,
        "left": 119,
        "end": 376,
        "height": 45,
        "top": 134,
        "ayah": 2,
        "page": 508,
        "width": 257,
        "verse_pos": 1
    },
    {
        "line": 4,
        "left": 14,
        "end": 119,
        "height": 45,
        "top": 134,
        "ayah": 3,
        "page": 508,
        "width": 105,
        "verse_pos": 2
    },
    {
        "line": 5,
        "left": 72,
        "end": 376,
        "height": 38,
        "top": 179,
        "ayah": 3,
        "page": 508,
        "width": 304,
        "verse_pos": 2
    },
    {
        "line": 5,
        "left": 14,
        "end": 72,
        "height": 38,
        "top": 179,
        "ayah": 4,
        "page": 508,
        "width": 58,
        "verse_pos": 3
    },
    {
        "line": 6,
        "left": 14,
        "end": 376,
        "height": 45,
        "top": 217,
        "ayah": 4,
        "page": 508,
        "width": 362,
        "verse_pos": 3
    },
    {
        "line": 7,
        "left": 14,
        "end": 376,
        "height": 45,
        "top": 262,
        "ayah": 4,
        "page": 508,
        "width": 362,
        "verse_pos": 3
    },
    {
        "line": 8,
        "left": 14,
        "end": 376,
        "height": 43,
        "top": 307,
        "ayah": 4,
        "page": 508,
        "width": 362,
        "verse_pos": 3
    },
    {
        "line": 9,
        "left": 150,
        "end": 376,
        "height": 41,
        "top": 350,
        "ayah": 4,
        "page": 508,
        "width": 226,
        "verse_pos": 3
    },
    {
        "line": 9,
        "left": 14,
        "end": 149,
        "height": 41,
        "top": 350,
        "ayah": 5,
        "page": 508,
        "width": 135,
        "verse_pos": 4
    },
    {
        "line": 10,
        "left": 14,
        "end": 376,
        "height": 44,
        "top": 391,
        "ayah": 5,
        "page": 508,
        "width": 362,
        "verse_pos": 4
    },
    {
        "line": 11,
        "left": 52,
        "end": 376,
        "height": 44,
        "top": 435,
        "ayah": 5,
        "page": 508,
        "width": 324,
        "verse_pos": 4
    },
    {
        "line": 11,
        "left": 14,
        "end": 51,
        "height": 44,
        "top": 435,
        "ayah": 6,
        "page": 508,
        "width": 37,
        "verse_pos": 5
    },
    {
        "line": 12,
        "left": 113,
        "end": 376,
        "height": 40,
        "top": 479,
        "ayah": 6,
        "page": 508,
        "width": 263,
        "verse_pos": 5
    },
    {
        "line": 12,
        "left": 14,
        "end": 112,
        "height": 40,
        "top": 479,
        "ayah": 7,
        "page": 508,
        "width": 98,
        "verse_pos": 6
    },
    {
        "line": 13,
        "left": 14,
        "end": 376,
        "height": 44,
        "top": 519,
        "ayah": 7,
        "page": 508,
        "width": 362,
        "verse_pos": 6
    },
    {
        "line": 14,
        "left": 287,
        "end": 376,
        "height": 45,
        "top": 563,
        "ayah": 7,
        "page": 508,
        "width": 89,
        "verse_pos": 6
    },
    {
        "line": 14,
        "left": 14,
        "end": 286,
        "height": 45,
        "top": 563,
        "ayah": 8,
        "page": 508,
        "width": 272,
        "verse_pos": 7
    },
    {
        "line": 15,
        "left": 14,
        "end": 376,
        "height": 42,
        "top": 608,
        "ayah": 8,
        "page": 508,
        "width": 362,
        "verse_pos": 7
    }
]