[
    {
     "line": 1,
     "left": 9,
     "end": 377,
     "height": 45,
     "top": 7,
     "ayah": 1,
     "page": 519,
     "width": 368,
     "verse_pos": 0
    },
    {
     "line": 2,
     "left": 253,
     "end": 377,
     "height": 43,
     "top": 52,
     "ayah": 1,
     "page": 519,
     "width": 124,
     "verse_pos": 0
    },
    {
     "line": 2,
     "left": 9,
     "end": 252,
     "height": 43,
     "top": 52,
     "ayah": 2,
     "page": 519,
     "width": 243,
     "verse_pos": 1
    },
    {
     "line": 3,
     "left": 341,
     "end": 377,
     "height": 40,
     "top": 95,
     "ayah": 2,
     "page": 519,
     "width": 36,
     "verse_pos": 1
    },
    {
     "line": 3,
     "left": 108,
     "end": 340,
     "height": 40,
     "top": 95,
     "ayah": 3,
     "page": 519,
     "width": 232,
     "verse_pos": 2
    },
    {
     "line": 3,
     "left": 9,
     "end": 107,
     "height": 40,
     "top": 95,
     "ayah": 4,
     "page": 519,
     "width": 98,
     "verse_pos": 3
    },
    {
     "line": 4,
     "left": 139,
     "end": 377,
     "height": 45,
     "top": 135,
     "ayah": 4,
     "page": 519,
     "width": 238,
     "verse_pos": 3
    },
    {
     "line": 4,
     "left": 9,
     "end": 138,
     "height": 45,
     "top": 135,
     "ayah": 5,
     "page": 519,
     "width": 129,
     "verse_pos": 4
    },
    {
     "line": 5,
     "left": 278,
     "end": 377,
     "height": 47,
     "top": 180,
     "ayah": 5,
     "page": 519,
     "width": 99,
     "verse_pos": 4
    },
    {
     "line": 5,
     "left": 50,
     "end": 277,
     "height": 47,
     "top": 180,
     "ayah": 6,
     "page": 519,
     "width": 227,
     "verse_pos": 5
    },
    {
     "line": 5,
     "left": 9,
     "end": 49,
     "height": 47,
     "top": 180,
     "ayah": 7,
     "page": 519,
     "width": 40,
     "verse_pos": 6
    },
    {
     "line": 6,
     "left": 9,
     "end": 377,
     "height": 41,
     "top": 227,
     "ayah": 7,
     "page": 519,
     "width": 368,
     "verse_pos": 6
    },
    {
     "line": 7,
     "left": 342,
     "end": 377,
     "height": 42,
     "top": 268,
     "ayah": 7,
     "page": 519,
     "width": 35,
     "verse_pos": 6
    },
    {
     "line": 7,
     "left": 149,
     "end": 341,
     "height": 42,
     "top": 268,
     "ayah": 8,
     "page": 519,
     "width": 192,
     "verse_pos": 7
    },
    {
     "line": 7,
     "left": 9,
     "end": 148,
     "height": 42,
     "top": 268,
     "ayah": 9,
     "page": 519,
     "width": 139,
     "verse_pos": 8
    },
    {
     "line": 8,
     "left": 312,
     "end": 377,
     "height": 43,
     "top": 310,
     "ayah": 9,
     "page": 519,
     "width": 65,
     "verse_pos": 8
    },
    {
     "line": 8,
     "left": 148,
     "end": 311,
     "height": 43,
     "top": 310,
     "ayah": 10,
     "page": 519,
     "width": 163,
     "verse_pos": 9
    },
    {
     "line": 8,
     "left": 9,
     "end": 147,
     "height": 43,
     "top": 310,
     "ayah": 11,
     "page": 519,
     "width": 138,
     "verse_pos": 10
    },
    {
     "line": 9,
     "left": 174,
     "end": 377,
     "height": 46,
     "top": 353,
     "ayah": 11,
     "page": 519,
     "width": 203,
     "verse_pos": 10
    },
    {
     "line": 9,
     "left": 9,
     "end": 173,
     "height": 46,
     "top": 353,
     "ayah": 12,
     "page": 519,
     "width": 164,
     "verse_pos": 11
    },
    {
     "line": 10,
     "left": 200,
     "end": 377,
     "height": 42,
     "top": 399,
     "ayah": 12,
     "page": 519,
     "width": 177,
     "verse_pos": 11
    },
    {
     "line": 10,
     "left": 9,
     "end": 199,
     "height": 42,
     "top": 399,
     "ayah": 13,
     "page": 519,
     "width": 190,
     "verse_pos": 12
    },
    {
     "line": 11,
     "left": 263,
     "end": 377,
     "height": 42,
     "top": 441,
     "ayah": 13,
     "page": 519,
     "width": 114,
     "verse_pos": 12
    },
    {
     "line": 11,
     "left": 9,
     "end": 262,
     "height": 42,
     "top": 441,
     "ayah": 14,
     "page": 519,
     "width": 253,
     "verse_pos": 13
    },
    {
     "line": 12,
     "left": 69,
     "end": 377,
     "height": 44,
     "top": 483,
     "ayah": 15,
     "page": 519,
     "width": 308,
     "verse_pos": 14
    },
    {
     "line": 12,
     "left": 9,
     "end": 68,
     "height": 44,
     "top": 483,
     "ayah": 16,
     "page": 519,
     "width": 59,
     "verse_pos": 15
    },
    {
     "line": 13,
     "left": 210,
     "end": 377,
     "height": 44,
     "top": 527,
     "ayah": 16,
     "page": 519,
     "width": 167,
     "verse_pos": 15
    },
    {
     "line": 13,
     "left": 9,
     "end": 209,
     "height": 44,
     "top": 527,
     "ayah": 17,
     "page": 519,
     "width": 200,
     "verse_pos": 16
    },
    {
     "line": 14,
     "left": 342,
     "end": 377,
     "height": 40,
     "top": 571,
     "ayah": 17,
     "page": 519,
     "width": 35,
     "verse_pos": 16
    },
    {
     "line": 14,
     "left": 72,
     "end": 341,
     "height": 40,
     "top": 571,
     "ayah": 18,
     "page": 519,
     "width": 269,
     "verse_pos": 17
    },
    {
     "line": 14,
     "left": 9,
     "end": 71,
     "height": 40,
     "top": 571,
     "ayah": 19,
     "page": 519,
     "width": 62,
     "verse_pos": 18
    },
    {
     "line": 15,
     "left": 220,
     "end": 377,
     "height": 42,
     "top": 611,
     "ayah": 19,
     "page": 519,
     "width": 157,
     "verse_pos": 18
    },
    {
     "line": 15,
     "left": 9,
     "end": 219,
     "height": 42,
     "top": 611,
     "ayah": 20,
     "page": 519,
     "width": 210,
     "verse_pos": 19
    }
   ]