[
 {
  "line": 1,
  "left": 11,
  "end": 377,
  "height": 45,
  "top": 7,
  "ayah": 1,
  "page": 259,
  "width": 366,
  "verse_pos": 0
 },
 {
  "line": 2,
  "left": 139,
  "end": 377,
  "height": 42,
  "top": 52,
  "ayah": 1,
  "page": 259,
  "width": 238,
  "verse_pos": 0
 },
 {
  "line": 2,
  "left": 11,
  "end": 138,
  "height": 42,
  "top": 52,
  "ayah": 2,
  "page": 259,
  "width": 127,
  "verse_pos": 1
 },
 {
  "line": 3,
  "left": 11,
  "end": 377,
  "height": 43,
  "top": 94,
  "ayah": 2,
  "page": 259,
  "width": 366,
  "verse_pos": 1
 },
 {
  "line": 4,
  "left": 340,
  "end": 377,
  "height": 43,
  "top": 137,
  "ayah": 2,
  "page": 259,
  "width": 37,
  "verse_pos": 1
 },
 {
  "line": 4,
  "left": 11,
  "end": 339,
  "height": 43,
  "top": 137,
  "ayah": 3,
  "page": 259,
  "width": 328,
  "verse_pos": 2
 },
 {
  "line": 5,
  "left": 11,
  "end": 377,
  "height": 44,
  "top": 180,
  "ayah": 3,
  "page": 259,
  "width": 366,
  "verse_pos": 2
 },
 {
  "line": 6,
  "left": 261,
  "end": 377,
  "height": 41,
  "top": 224,
  "ayah": 3,
  "page": 259,
  "width": 116,
  "verse_pos": 2
 },
 {
  "line": 6,
  "left": 11,
  "end": 260,
  "height": 41,
  "top": 224,
  "ayah": 4,
  "page": 259,
  "width": 249,
  "verse_pos": 3
 },
 {
  "line": 7,
  "left": 175,
  "end": 377,
  "height": 44,
  "top": 265,
  "ayah": 4,
  "page": 259,
  "width": 202,
  "verse_pos": 3
 },
 {
  "line": 7,
  "left": 11,
  "end": 174,
  "height": 44,
  "top": 265,
  "ayah": 5,
  "page": 259,
  "width": 163,
  "verse_pos": 4
 },
 {
  "line": 8,
  "left": 284,
  "end": 377,
  "height": 44,
  "top": 309,
  "ayah": 5,
  "page": 259,
  "width": 93,
  "verse_pos": 4
 },
 {
  "line": 8,
  "left": 11,
  "end": 283,
  "height": 44,
  "top": 309,
  "ayah": 6,
  "page": 259,
  "width": 272,
  "verse_pos": 5
 },
 {
  "line": 9,
  "left": 122,
  "end": 377,
  "height": 44,
  "top": 353,
  "ayah": 6,
  "page": 259,
  "width": 255,
  "verse_pos": 5
 },
 {
  "line": 9,
  "left": 11,
  "end": 121,
  "height": 44,
  "top": 353,
  "ayah": 7,
  "page": 259,
  "width": 110,
  "verse_pos": 6
 },
 {
  "line": 10,
  "left": 11,
  "end": 377,
  "height": 42,
  "top": 397,
  "ayah": 7,
  "page": 259,
  "width": 366,
  "verse_pos": 6
 },
 {
  "line": 11,
  "left": 101,
  "end": 377,
  "height": 44,
  "top": 439,
  "ayah": 7,
  "page": 259,
  "width": 276,
  "verse_pos": 6
 },
 {
  "line": 11,
  "left": 11,
  "end": 100,
  "height": 44,
  "top": 439,
  "ayah": 8,
  "page": 259,
  "width": 89,
  "verse_pos": 7
 },
 {
  "line": 12,
  "left": 11,
  "end": 377,
  "height": 38,
  "top": 483,
  "ayah": 8,
  "page": 259,
  "width": 366,
  "verse_pos": 7
 },
 {
  "line": 13,
  "left": 11,
  "end": 377,
  "height": 47,
  "top": 521,
  "ayah": 8,
  "page": 259,
  "width": 366,
  "verse_pos": 7
 },
 {
  "line": 14,
  "left": 96,
  "end": 377,
  "height": 41,
  "top": 568,
  "ayah": 8,
  "page": 259,
  "width": 281,
  "verse_pos": 7
 },
 {
  "line": 14,
  "left": 11,
  "end": 95,
  "height": 41,
  "top": 568,
  "ayah": 9,
  "page": 259,
  "width": 84,
  "verse_pos": 8
 },
 {
  "line": 15,
  "left": 11,
  "end": 377,
  "height": 46,
  "top": 609,
  "ayah": 9,
  "page": 259,
  "width": 366,
  "verse_pos": 8
 }
]