[
 {
  "line": 1,
  "left": 14,
  "end": 370,
  "height": 40,
  "top": 7,
  "ayah": 1,
  "page": 8,
  "width": 356,
  "verse_pos": 0
 },
 {
  "line": 2,
  "left": 14,
  "end": 370,
  "height": 45,
  "top": 47,
  "ayah": 1,
  "page": 8,
  "width": 356,
  "verse_pos": 0
 },
 {
  "line": 3,
  "left": 235,
  "end": 370,
  "height": 40,
  "top": 92,
  "ayah": 1,
  "page": 8,
  "width": 135,
  "verse_pos": 0
 },
 {
  "line": 3,
  "left": 14,
  "end": 235,
  "height": 40,
  "top": 92,
  "ayah": 2,
  "page": 8,
  "width": 221,
  "verse_pos": 1
 },
 {
  "line": 4,
  "left": 121,
  "end": 370,
  "height": 43,
  "top": 132,
  "ayah": 2,
  "page": 8,
  "width": 249,
  "verse_pos": 1
 },
 {
  "line": 4,
  "left": 14,
  "end": 120,
  "height": 43,
  "top": 132,
  "ayah": 3,
  "page": 8,
  "width": 106,
  "verse_pos": 2
 },
 {
  "line": 5,
  "left": 14,
  "end": 370,
  "height": 43,
  "top": 175,
  "ayah": 3,
  "page": 8,
  "width": 356,
  "verse_pos": 2
 },
 {
  "line": 6,
  "left": 336,
  "end": 370,
  "height": 44,
  "top": 218,
  "ayah": 3,
  "page": 8,
  "width": 34,
  "verse_pos": 2
 },
 {
  "line": 6,
  "left": 14,
  "end": 335,
  "height": 44,
  "top": 218,
  "ayah": 4,
  "page": 8,
  "width": 321,
  "verse_pos": 3
 },
 {
  "line": 7,
  "left": 14,
  "end": 370,
  "height": 45,
  "top": 262,
  "ayah": 5,
  "page": 8,
  "width": 356,
  "verse_pos": 4
 },
 {
  "line": 8,
  "left": 14,
  "end": 370,
  "height": 43,
  "top": 307,
  "ayah": 6,
  "page": 8,
  "width": 356,
  "verse_pos": 5
 },
 {
  "line": 9,
  "left": 14,
  "end": 370,
  "height": 42,
  "top": 350,
  "ayah": 6,
  "page": 8,
  "width": 356,
  "verse_pos": 5
 },
 {
  "line": 10,
  "left": 14,
  "end": 370,
  "height": 42,
  "top": 392,
  "ayah": 6,
  "page": 8,
  "width": 356,
  "verse_pos": 5
 },
 {
  "line": 11,
  "left": 336,
  "end": 370,
  "height": 45,
  "top": 434,
  "ayah": 6,
  "page": 8,
  "width": 34,
  "verse_pos": 5
 },
 {
  "line": 11,
  "left": 14,
  "end": 335,
  "height": 45,
  "top": 434,
  "ayah": 7,
  "page": 8,
  "width": 321,
  "verse_pos": 6
 },
 {
  "line": 12,
  "left": 118,
  "end": 370,
  "height": 43,
  "top": 479,
  "ayah": 7,
  "page": 8,
  "width": 252,
  "verse_pos": 6
 },
 {
  "line": 12,
  "left": 14,
  "end": 117,
  "height": 43,
  "top": 479,
  "ayah": 8,
  "page": 8,
  "width": 103,
  "verse_pos": 7
 },
 {
  "line": 13,
  "left": 130,
  "end": 370,
  "height": 43,
  "top": 522,
  "ayah": 8,
  "page": 8,
  "width": 240,
  "verse_pos": 7
 },
 {
  "line": 13,
  "left": 14,
  "end": 129,
  "height": 43,
  "top": 522,
  "ayah": 9,
  "page": 8,
  "width": 115,
  "verse_pos": 8
 },
 {
  "line": 14,
  "left": 14,
  "end": 370,
  "height": 42,
  "top": 565,
  "ayah": 9,
  "page": 8,
  "width": 356,
  "verse_pos": 8
 },
 {
  "line": 15,
  "left": 14,
  "end": 370,
  "height": 46,
  "top": 607,
  "ayah": 9,
  "page": 8,
  "width": 356,
  "verse_pos": 8
 }
]