[
 {
  "line": 1,
  "left": 71,
  "end": 380,
  "height": 42,
  "top": 7,
  "ayah": 1,
  "page": 457,
  "width": 309,
  "verse_pos": 0
 },
 {
  "line": 1,
  "left": 8,
  "end": 70,
  "height": 42,
  "top": 7,
  "ayah": 2,
  "page": 457,
  "width": 62,
  "verse_pos": 1
 },
 {
  "line": 2,
  "left": 161,
  "end": 380,
  "height": 43,
  "top": 49,
  "ayah": 2,
  "page": 457,
  "width": 219,
  "verse_pos": 1
 },
 {
  "line": 2,
  "left": 8,
  "end": 160,
  "height": 43,
  "top": 49,
  "ayah": 3,
  "page": 457,
  "width": 152,
  "verse_pos": 2
 },
 {
  "line": 3,
  "left": 314,
  "end": 380,
  "height": 44,
  "top": 92,
  "ayah": 3,
  "page": 457,
  "width": 66,
  "verse_pos": 2
 },
 {
  "line": 3,
  "left": 8,
  "end": 313,
  "height": 44,
  "top": 92,
  "ayah": 4,
  "page": 457,
  "width": 305,
  "verse_pos": 3
 },
 {
  "line": 4,
  "left": 73,
  "end": 380,
  "height": 45,
  "top": 136,
  "ayah": 5,
  "page": 457,
  "width": 307,
  "verse_pos": 4
 },
 {
  "line": 4,
  "left": 8,
  "end": 72,
  "height": 45,
  "top": 136,
  "ayah": 6,
  "page": 457,
  "width": 64,
  "verse_pos": 5
 },
 {
  "line": 5,
  "left": 309,
  "end": 380,
  "height": 42,
  "top": 181,
  "ayah": 6,
  "page": 457,
  "width": 71,
  "verse_pos": 5
 },
 {
  "line": 5,
  "left": 173,
  "end": 308,
  "height": 42,
  "top": 181,
  "ayah": 7,
  "page": 457,
  "width": 135,
  "verse_pos": 6
 },
 {
  "line": 5,
  "left": 8,
  "end": 172,
  "height": 42,
  "top": 181,
  "ayah": 8,
  "page": 457,
  "width": 164,
  "verse_pos": 7
 },
 {
  "line": 6,
  "left": 279,
  "end": 380,
  "height": 45,
  "top": 223,
  "ayah": 8,
  "page": 457,
  "width": 101,
  "verse_pos": 7
 },
 {
  "line": 6,
  "left": 71,
  "end": 279,
  "height": 45,
  "top": 223,
  "ayah": 9,
  "page": 457,
  "width": 208,
  "verse_pos": 8
 },
 {
  "line": 6,
  "left": 8,
  "end": 71,
  "height": 45,
  "top": 223,
  "ayah": 10,
  "page": 457,
  "width": 63,
  "verse_pos": 9
 },
 {
  "line": 7,
  "left": 155,
  "end": 380,
  "height": 39,
  "top": 268,
  "ayah": 10,
  "page": 457,
  "width": 225,
  "verse_pos": 9
 },
 {
  "line": 7,
  "left": 8,
  "end": 154,
  "height": 39,
  "top": 268,
  "ayah": 11,
  "page": 457,
  "width": 146,
  "verse_pos": 10
 },
 {
  "line": 8,
  "left": 174,
  "end": 380,
  "height": 45,
  "top": 307,
  "ayah": 11,
  "page": 457,
  "width": 206,
  "verse_pos": 10
 },
 {
  "line": 8,
  "left": 8,
  "end": 173,
  "height": 45,
  "top": 307,
  "ayah": 12,
  "page": 457,
  "width": 165,
  "verse_pos": 11
 },
 {
  "line": 9,
  "left": 297,
  "end": 380,
  "height": 39,
  "top": 352,
  "ayah": 12,
  "page": 457,
  "width": 83,
  "verse_pos": 11
 },
 {
  "line": 9,
  "left": 40,
  "end": 296,
  "height": 39,
  "top": 352,
  "ayah": 13,
  "page": 457,
  "width": 256,
  "verse_pos": 12
 },
 {
  "line": 9,
  "left": 8,
  "end": 39,
  "height": 39,
  "top": 352,
  "ayah": 14,
  "page": 457,
  "width": 31,
  "verse_pos": 13
 },
 {
  "line": 10,
  "left": 8,
  "end": 380,
  "height": 43,
  "top": 391,
  "ayah": 14,
  "page": 457,
  "width": 372,
  "verse_pos": 13
 },
 {
  "line": 11,
  "left": 286,
  "end": 380,
  "height": 46,
  "top": 434,
  "ayah": 14,
  "page": 457,
  "width": 94,
  "verse_pos": 13
 },
 {
  "line": 11,
  "left": 8,
  "end": 285,
  "height": 46,
  "top": 434,
  "ayah": 15,
  "page": 457,
  "width": 277,
  "verse_pos": 14
 },
 {
  "line": 12,
  "left": 344,
  "end": 380,
  "height": 43,
  "top": 480,
  "ayah": 15,
  "page": 457,
  "width": 36,
  "verse_pos": 14
 },
 {
  "line": 12,
  "left": 159,
  "end": 343,
  "height": 43,
  "top": 480,
  "ayah": 16,
  "page": 457,
  "width": 184,
  "verse_pos": 15
 },
 {
  "line": 12,
  "left": 8,
  "end": 158,
  "height": 43,
  "top": 480,
  "ayah": 17,
  "page": 457,
  "width": 150,
  "verse_pos": 16
 },
 {
  "line": 13,
  "left": 309,
  "end": 380,
  "height": 42,
  "top": 523,
  "ayah": 17,
  "page": 457,
  "width": 71,
  "verse_pos": 16
 },
 {
  "line": 13,
  "left": 91,
  "end": 308,
  "height": 42,
  "top": 523,
  "ayah": 18,
  "page": 457,
  "width": 217,
  "verse_pos": 17
 },
 {
  "line": 13,
  "left": 8,
  "end": 90,
  "height": 42,
  "top": 523,
  "ayah": 19,
  "page": 457,
  "width": 82,
  "verse_pos": 18
 },
 {
  "line": 14,
  "left": 283,
  "end": 380,
  "height": 42,
  "top": 565,
  "ayah": 19,
  "page": 457,
  "width": 97,
  "verse_pos": 18
 },
 {
  "line": 14,
  "left": 91,
  "end": 282,
  "height": 42,
  "top": 565,
  "ayah": 20,
  "page": 457,
  "width": 191,
  "verse_pos": 19
 },
 {
  "line": 14,
  "left": 8,
  "end": 90,
  "height": 42,
  "top": 565,
  "ayah": 21,
  "page": 457,
  "width": 82,
  "verse_pos": 20
 },
 {
  "line": 15,
  "left": 235,
  "end": 380,
  "height": 42,
  "top": 607,
  "ayah": 21,
  "page": 457,
  "width": 145,
  "verse_pos": 20
 },
 {
  "line": 15,
  "left": 8,
  "end": 234,
  "height": 42,
  "top": 607,
  "ayah": 22,
  "page": 457,
  "width": 226,
  "verse_pos": 21
 }
]