[
 {
  "line": 1,
  "left": 16,
  "end": 373,
  "height": 43,
  "top": 7,
  "ayah": 1,
  "page": 515,
  "width": 357,
  "verse_pos": 0
 },
 {
  "line": 2,
  "left": 16,
  "end": 373,
  "height": 45,
  "top": 50,
  "ayah": 1,
  "page": 515,
  "width": 357,
  "verse_pos": 0
 },
 {
  "line": 3,
  "left": 16,
  "end": 373,
  "height": 44,
  "top": 95,
  "ayah": 1,
  "page": 515,
  "width": 357,
  "verse_pos": 0
 },
 {
  "line": 4,
  "left": 16,
  "end": 373,
  "height": 38,
  "top": 139,
  "ayah": 1,
  "page": 515,
  "width": 357,
  "verse_pos": 0
 },
 {
  "line": 5,
  "left": 16,
  "end": 373,
  "height": 47,
  "top": 177,
  "ayah": 1,
  "page": 515,
  "width": 357,
  "verse_pos": 0
 },
 {
  "line": 6,
  "left": 16,
  "end": 373,
  "height": 39,
  "top": 224,
  "ayah": 1,
  "page": 515,
  "width": 357,
  "verse_pos": 0
 },
 {
  "line": 7,
  "left": 16,
  "end": 373,
  "height": 45,
  "top": 351,
  "ayah": 3,
  "page": 515,
  "width": 357,
  "verse_pos": 2
 },
 {
  "line": 8,
  "left": 243,
  "end": 373,
  "height": 45,
  "top": 396,
  "ayah": 3,
  "page": 515,
  "width": 130,
  "verse_pos": 2
 },
 {
  "line": 8,
  "left": 16,
  "end": 242,
  "height": 45,
  "top": 396,
  "ayah": 4,
  "page": 515,
  "width": 226,
  "verse_pos": 3
 },
 {
  "line": 9,
  "left": 16,
  "end": 373,
  "height": 41,
  "top": 441,
  "ayah": 4,
  "page": 515,
  "width": 357,
  "verse_pos": 3
 },
 {
  "line": 10,
  "left": 78,
  "end": 373,
  "height": 41,
  "top": 482,
  "ayah": 4,
  "page": 515,
  "width": 295,
  "verse_pos": 3
 },
 {
  "line": 10,
  "left": 16,
  "end": 78,
  "height": 41,
  "top": 482,
  "ayah": 5,
  "page": 515,
  "width": 62,
  "verse_pos": 4
 },
 {
  "line": 11,
  "left": 16,
  "end": 373,
  "height": 44,
  "top": 523,
  "ayah": 5,
  "page": 515,
  "width": 357,
  "verse_pos": 4
 },
 {
  "line": 12,
  "left": 85,
  "end": 373,
  "height": 43,
  "top": 567,
  "ayah": 5,
  "page": 515,
  "width": 288,
  "verse_pos": 4
 },
 {
  "line": 12,
  "left": 16,
  "end": 84,
  "height": 43,
  "top": 567,
  "ayah": 6,
  "page": 515,
  "width": 68,
  "verse_pos": 5
 },
 {
  "line": 13,
  "left": 16,
  "end": 373,
  "height": 42,
  "top": 610,
  "ayah": 6,
  "page": 515,
  "width": 357,
  "verse_pos": 5
 }
]