[
 {
  "line": 1,
  "left": 12,
  "end": 374,
  "height": 40,
  "top": 7,
  "ayah": 1,
  "page": 278,
  "width": 362,
  "verse_pos": 0
 },
 {
  "line": 2,
  "left": 12,
  "end": 374,
  "height": 45,
  "top": 47,
  "ayah": 1,
  "page": 278,
  "width": 362,
  "verse_pos": 0
 },
 {
  "line": 3,
  "left": 294,
  "end": 374,
  "height": 41,
  "top": 92,
  "ayah": 1,
  "page": 278,
  "width": 80,
  "verse_pos": 0
 },
 {
  "line": 3,
  "left": 12,
  "end": 293,
  "height": 41,
  "top": 92,
  "ayah": 2,
  "page": 278,
  "width": 281,
  "verse_pos": 1
 },
 {
  "line": 4,
  "left": 107,
  "end": 374,
  "height": 45,
  "top": 133,
  "ayah": 2,
  "page": 278,
  "width": 267,
  "verse_pos": 1
 },
 {
  "line": 4,
  "left": 12,
  "end": 106,
  "height": 45,
  "top": 133,
  "ayah": 3,
  "page": 278,
  "width": 94,
  "verse_pos": 2
 },
 {
  "line": 5,
  "left": 12,
  "end": 374,
  "height": 48,
  "top": 178,
  "ayah": 3,
  "page": 278,
  "width": 362,
  "verse_pos": 2
 },
 {
  "line": 6,
  "left": 197,
  "end": 374,
  "height": 36,
  "top": 226,
  "ayah": 3,
  "page": 278,
  "width": 177,
  "verse_pos": 2
 },
 {
  "line": 6,
  "left": 12,
  "end": 196,
  "height": 36,
  "top": 226,
  "ayah": 4,
  "page": 278,
  "width": 184,
  "verse_pos": 3
 },
 {
  "line": 7,
  "left": 12,
  "end": 374,
  "height": 46,
  "top": 262,
  "ayah": 4,
  "page": 278,
  "width": 362,
  "verse_pos": 3
 },
 {
  "line": 8,
  "left": 117,
  "end": 374,
  "height": 44,
  "top": 308,
  "ayah": 4,
  "page": 278,
  "width": 257,
  "verse_pos": 3
 },
 {
  "line": 8,
  "left": 12,
  "end": 116,
  "height": 44,
  "top": 308,
  "ayah": 5,
  "page": 278,
  "width": 104,
  "verse_pos": 4
 },
 {
  "line": 9,
  "left": 129,
  "end": 374,
  "height": 43,
  "top": 352,
  "ayah": 5,
  "page": 278,
  "width": 245,
  "verse_pos": 4
 },
 {
  "line": 9,
  "left": 12,
  "end": 128,
  "height": 43,
  "top": 352,
  "ayah": 6,
  "page": 278,
  "width": 116,
  "verse_pos": 5
 },
 {
  "line": 10,
  "left": 50,
  "end": 374,
  "height": 41,
  "top": 395,
  "ayah": 6,
  "page": 278,
  "width": 324,
  "verse_pos": 5
 },
 {
  "line": 10,
  "left": 12,
  "end": 49,
  "height": 41,
  "top": 395,
  "ayah": 7,
  "page": 278,
  "width": 37,
  "verse_pos": 6
 },
 {
  "line": 11,
  "left": 12,
  "end": 374,
  "height": 45,
  "top": 436,
  "ayah": 7,
  "page": 278,
  "width": 362,
  "verse_pos": 6
 },
 {
  "line": 12,
  "left": 339,
  "end": 374,
  "height": 40,
  "top": 481,
  "ayah": 7,
  "page": 278,
  "width": 35,
  "verse_pos": 6
 },
 {
  "line": 12,
  "left": 12,
  "end": 338,
  "height": 40,
  "top": 481,
  "ayah": 8,
  "page": 278,
  "width": 326,
  "verse_pos": 7
 },
 {
  "line": 12,
  "left": 12,
  "end": 374,
  "height": 45,
  "top": 521,
  "ayah": 8,
  "page": 278,
  "width": 362,
  "verse_pos": 7
 },
 {
  "line": 14,
  "left": 337,
  "end": 374,
  "height": 42,
  "top": 566,
  "ayah": 8,
  "page": 278,
  "width": 37,
  "verse_pos": 7
 },
 {
  "line": 14,
  "left": 12,
  "end": 336,
  "height": 42,
  "top": 566,
  "ayah": 9,
  "page": 278,
  "width": 324,
  "verse_pos": 8
 },
 {
  "line": 15,
  "left": 12,
  "end": 374,
  "height": 46,
  "top": 608,
  "ayah": 9,
  "page": 278,
  "width": 362,
  "verse_pos": 8
 }
]