[
 {
  "line": 1,
  "left": 15,
  "end": 372,
  "height": 41,
  "top": 7,
  "ayah": 1,
  "page": 421,
  "width": 357,
  "verse_pos": 0
 },
 {
  "line": 2,
  "left": 69,
  "end": 372,
  "height": 46,
  "top": 48,
  "ayah": 1,
  "page": 421,
  "width": 303,
  "verse_pos": 0
 },
 {
  "line": 2,
  "left": 15,
  "end": 68,
  "height": 46,
  "top": 48,
  "ayah": 2,
  "page": 421,
  "width": 53,
  "verse_pos": 1
 },
 {
  "line": 3,
  "left": 15,
  "end": 372,
  "height": 40,
  "top": 94,
  "ayah": 2,
  "page": 421,
  "width": 357,
  "verse_pos": 1
 },
 {
  "line": 4,
  "left": 99,
  "end": 372,
  "height": 41,
  "top": 134,
  "ayah": 2,
  "page": 421,
  "width": 273,
  "verse_pos": 1
 },
 {
  "line": 4,
  "left": 15,
  "end": 98,
  "height": 41,
  "top": 134,
  "ayah": 3,
  "page": 421,
  "width": 83,
  "verse_pos": 2
 },
 {
  "line": 5,
  "left": 15,
  "end": 372,
  "height": 46,
  "top": 175,
  "ayah": 3,
  "page": 421,
  "width": 357,
  "verse_pos": 2
 },
 {
  "line": 6,
  "left": 190,
  "end": 372,
  "height": 43,
  "top": 221,
  "ayah": 3,
  "page": 421,
  "width": 182,
  "verse_pos": 2
 },
 {
  "line": 6,
  "left": 15,
  "end": 189,
  "height": 43,
  "top": 221,
  "ayah": 4,
  "page": 421,
  "width": 174,
  "verse_pos": 3
 },
 {
  "line": 7,
  "left": 15,
  "end": 372,
  "height": 42,
  "top": 264,
  "ayah": 4,
  "page": 421,
  "width": 357,
  "verse_pos": 3
 },
 {
  "line": 8,
  "left": 126,
  "end": 372,
  "height": 43,
  "top": 306,
  "ayah": 4,
  "page": 421,
  "width": 246,
  "verse_pos": 3
 },
 {
  "line": 8,
  "left": 15,
  "end": 125,
  "height": 43,
  "top": 306,
  "ayah": 5,
  "page": 421,
  "width": 110,
  "verse_pos": 4
 },
 {
  "line": 9,
  "left": 15,
  "end": 372,
  "height": 44,
  "top": 349,
  "ayah": 5,
  "page": 421,
  "width": 357,
  "verse_pos": 4
 },
 {
  "line": 10,
  "left": 272,
  "end": 372,
  "height": 41,
  "top": 393,
  "ayah": 5,
  "page": 421,
  "width": 100,
  "verse_pos": 4
 },
 {
  "line": 10,
  "left": 15,
  "end": 271,
  "height": 41,
  "top": 393,
  "ayah": 6,
  "page": 421,
  "width": 256,
  "verse_pos": 5
 },
 {
  "line": 11,
  "left": 15,
  "end": 372,
  "height": 45,
  "top": 434,
  "ayah": 6,
  "page": 421,
  "width": 357,
  "verse_pos": 5
 },
 {
  "line": 12,
  "left": 260,
  "end": 372,
  "height": 43,
  "top": 479,
  "ayah": 6,
  "page": 421,
  "width": 112,
  "verse_pos": 5
 },
 {
  "line": 12,
  "left": 15,
  "end": 259,
  "height": 43,
  "top": 479,
  "ayah": 7,
  "page": 421,
  "width": 244,
  "verse_pos": 6
 },
 {
  "line": 13,
  "left": 15,
  "end": 372,
  "height": 42,
  "top": 522,
  "ayah": 7,
  "page": 421,
  "width": 357,
  "verse_pos": 6
 },
 {
  "line": 14,
  "left": 15,
  "end": 372,
  "height": 44,
  "top": 564,
  "ayah": 8,
  "page": 421,
  "width": 357,
  "verse_pos": 7
 },
 {
  "line": 15,
  "left": 15,
  "end": 372,
  "height": 42,
  "top": 608,
  "ayah": 8,
  "page": 421,
  "width": 357,
  "verse_pos": 7
 }
]