[
 {
  "line": 1,
  "left": 15,
  "end": 372,
  "height": 40,
  "top": 7,
  "ayah": 1,
  "page": 70,
  "width": 357,
  "verse_pos": 0
 },
 {
  "line": 2,
  "left": 15,
  "end": 372,
  "height": 40,
  "top": 47,
  "ayah": 1,
  "page": 70,
  "width": 357,
  "verse_pos": 0
 },
 {
  "line": 3,
  "left": 15,
  "end": 372,
  "height": 45,
  "top": 87,
  "ayah": 1,
  "page": 70,
  "width": 357,
  "verse_pos": 0
 },
 {
  "line": 4,
  "left": 15,
  "end": 372,
  "height": 45,
  "top": 132,
  "ayah": 1,
  "page": 70,
  "width": 357,
  "verse_pos": 0
 },
 {
  "line": 5,
  "left": 15,
  "end": 372,
  "height": 44,
  "top": 177,
  "ayah": 1,
  "page": 70,
  "width": 357,
  "verse_pos": 0
 },
 {
  "line": 6,
  "left": 15,
  "end": 372,
  "height": 42,
  "top": 221,
  "ayah": 1,
  "page": 70,
  "width": 357,
  "verse_pos": 0
 },
 {
  "line": 7,
  "left": 15,
  "end": 372,
  "height": 43,
  "top": 263,
  "ayah": 1,
  "page": 70,
  "width": 357,
  "verse_pos": 0
 },
 {
  "line": 8,
  "left": 155,
  "end": 372,
  "height": 44,
  "top": 306,
  "ayah": 1,
  "page": 70,
  "width": 217,
  "verse_pos": 0
 },
 {
  "line": 8,
  "left": 15,
  "end": 154,
  "height": 44,
  "top": 306,
  "ayah": 2,
  "page": 70,
  "width": 139,
  "verse_pos": 1
 },
 {
  "line": 9,
  "left": 15,
  "end": 372,
  "height": 39,
  "top": 350,
  "ayah": 2,
  "page": 70,
  "width": 357,
  "verse_pos": 1
 },
 {
  "line": 10,
  "left": 55,
  "end": 372,
  "height": 48,
  "top": 389,
  "ayah": 2,
  "page": 70,
  "width": 317,
  "verse_pos": 1
 },
 {
  "line": 10,
  "left": 15,
  "end": 54,
  "height": 48,
  "top": 389,
  "ayah": 3,
  "page": 70,
  "width": 39,
  "verse_pos": 2
 },
 {
  "line": 11,
  "left": 15,
  "end": 372,
  "height": 40,
  "top": 437,
  "ayah": 3,
  "page": 70,
  "width": 357,
  "verse_pos": 2
 },
 {
  "line": 12,
  "left": 15,
  "end": 372,
  "height": 44,
  "top": 477,
  "ayah": 3,
  "page": 70,
  "width": 357,
  "verse_pos": 2
 },
 {
  "line": 13,
  "left": 15,
  "end": 372,
  "height": 45,
  "top": 521,
  "ayah": 3,
  "page": 70,
  "width": 357,
  "verse_pos": 2
 },
 {
  "line": 14,
  "left": 183,
  "end": 372,
  "height": 40,
  "top": 566,
  "ayah": 3,
  "page": 70,
  "width": 189,
  "verse_pos": 2
 },
 {
  "line": 14,
  "left": 15,
  "end": 188,
  "height": 40,
  "top": 566,
  "ayah": 4,
  "page": 70,
  "width": 173,
  "verse_pos": 3
 },
 {
  "line": 15,
  "left": 15,
  "end": 372,
  "height": 44,
  "top": 606,
  "ayah": 4,
  "page": 70,
  "width": 357,
  "verse_pos": 3
 }
]