[
 {
  "line": 1,
  "left": 15,
  "end": 372,
  "height": 42,
  "top": 6,
  "ayah": 1,
  "page": 464,
  "width": 357,
  "verse_pos": 0
 },
 {
  "line": 2,
  "left": 263,
  "end": 372,
  "height": 42,
  "top": 48,
  "ayah": 1,
  "page": 464,
  "width": 109,
  "verse_pos": 0
 },
 {
  "line": 2,
  "left": 15,
  "end": 263,
  "height": 42,
  "top": 48,
  "ayah": 2,
  "page": 464,
  "width": 248,
  "verse_pos": 1
 },
 {
  "line": 3,
  "left": 15,
  "end": 372,
  "height": 44,
  "top": 90,
  "ayah": 2,
  "page": 464,
  "width": 357,
  "verse_pos": 1
 },
 {
  "line": 4,
  "left": 229,
  "end": 372,
  "height": 39,
  "top": 134,
  "ayah": 2,
  "page": 464,
  "width": 143,
  "verse_pos": 1
 },
 {
  "line": 4,
  "left": 15,
  "end": 228,
  "height": 39,
  "top": 134,
  "ayah": 3,
  "page": 464,
  "width": 213,
  "verse_pos": 2
 },
 {
  "line": 5,
  "left": 190,
  "end": 372,
  "height": 45,
  "top": 173,
  "ayah": 3,
  "page": 464,
  "width": 182,
  "verse_pos": 2
 },
 {
  "line": 5,
  "left": 15,
  "end": 189,
  "height": 45,
  "top": 173,
  "ayah": 4,
  "page": 464,
  "width": 174,
  "verse_pos": 3
 },
 {
  "line": 6,
  "left": 15,
  "end": 372,
  "height": 46,
  "top": 218,
  "ayah": 4,
  "page": 464,
  "width": 357,
  "verse_pos": 3
 },
 {
  "line": 7,
  "left": 220,
  "end": 372,
  "height": 40,
  "top": 264,
  "ayah": 4,
  "page": 464,
  "width": 152,
  "verse_pos": 3
 },
 {
  "line": 7,
  "left": 15,
  "end": 219,
  "height": 40,
  "top": 264,
  "ayah": 5,
  "page": 464,
  "width": 204,
  "verse_pos": 4
 },
 {
  "line": 8,
  "left": 15,
  "end": 372,
  "height": 46,
  "top": 304,
  "ayah": 5,
  "page": 464,
  "width": 357,
  "verse_pos": 4
 },
 {
  "line": 9,
  "left": 15,
  "end": 372,
  "height": 39,
  "top": 350,
  "ayah": 6,
  "page": 464,
  "width": 357,
  "verse_pos": 5
 },
 {
  "line": 10,
  "left": 15,
  "end": 372,
  "height": 45,
  "top": 389,
  "ayah": 6,
  "page": 464,
  "width": 357,
  "verse_pos": 5
 },
 {
  "line": 11,
  "left": 335,
  "end": 372,
  "height": 43,
  "top": 434,
  "ayah": 6,
  "page": 464,
  "width": 37,
  "verse_pos": 5
 },
 {
  "line": 11,
  "left": 15,
  "end": 334,
  "height": 43,
  "top": 434,
  "ayah": 7,
  "page": 464,
  "width": 319,
  "verse_pos": 6
 },
 {
  "line": 12,
  "left": 167,
  "end": 372,
  "height": 44,
  "top": 477,
  "ayah": 7,
  "page": 464,
  "width": 205,
  "verse_pos": 6
 },
 {
  "line": 12,
  "left": 15,
  "end": 166,
  "height": 44,
  "top": 477,
  "ayah": 8,
  "page": 464,
  "width": 151,
  "verse_pos": 7
 },
 {
  "line": 13,
  "left": 15,
  "end": 372,
  "height": 43,
  "top": 521,
  "ayah": 8,
  "page": 464,
  "width": 357,
  "verse_pos": 7
 },
 {
  "line": 14,
  "left": 164,
  "end": 372,
  "height": 43,
  "top": 564,
  "ayah": 8,
  "page": 464,
  "width": 208,
  "verse_pos": 7
 },
 {
  "line": 14,
  "left": 15,
  "end": 163,
  "height": 43,
  "top": 564,
  "ayah": 9,
  "page": 464,
  "width": 148,
  "verse_pos": 8
 },
 {
  "line": 15,
  "left": 15,
  "end": 372,
  "height": 42,
  "top": 607,
  "ayah": 9,
  "page": 464,
  "width": 357,
  "verse_pos": 8
 }
]