[
 {
  "line": 1,
  "left": 97,
  "end": 376,
  "height": 45,
  "top": 7,
  "ayah": 1,
  "page": 492,
  "width": 279,
  "verse_pos": 0
 },
 {
  "line": 1,
  "left": 12,
  "end": 96,
  "height": 45,
  "top": 7,
  "ayah": 2,
  "page": 492,
  "width": 84,
  "verse_pos": 1
 },
 {
  "line": 2,
  "left": 12,
  "end": 376,
  "height": 44,
  "top": 52,
  "ayah": 2,
  "page": 492,
  "width": 364,
  "verse_pos": 1
 },
 {
  "line": 3,
  "left": 283,
  "end": 376,
  "height": 45,
  "top": 96,
  "ayah": 2,
  "page": 492,
  "width": 93,
  "verse_pos": 1
 },
 {
  "line": 3,
  "left": 12,
  "end": 282,
  "height": 45,
  "top": 96,
  "ayah": 3,
  "page": 492,
  "width": 270,
  "verse_pos": 2
 },
 {
  "line": 4,
  "left": 263,
  "end": 376,
  "height": 43,
  "top": 141,
  "ayah": 3,
  "page": 492,
  "width": 113,
  "verse_pos": 2
 },
 {
  "line": 4,
  "left": 12,
  "end": 262,
  "height": 43,
  "top": 141,
  "ayah": 4,
  "page": 492,
  "width": 250,
  "verse_pos": 3
 },
 {
  "line": 5,
  "left": 252,
  "end": 376,
  "height": 43,
  "top": 184,
  "ayah": 4,
  "page": 492,
  "width": 124,
  "verse_pos": 3
 },
 {
  "line": 5,
  "left": 12,
  "end": 251,
  "height": 43,
  "top": 184,
  "ayah": 5,
  "page": 492,
  "width": 239,
  "verse_pos": 4
 },
 {
  "line": 6,
  "left": 158,
  "end": 376,
  "height": 40,
  "top": 227,
  "ayah": 5,
  "page": 492,
  "width": 218,
  "verse_pos": 4
 },
 {
  "line": 6,
  "left": 12,
  "end": 157,
  "height": 40,
  "top": 227,
  "ayah": 6,
  "page": 492,
  "width": 145,
  "verse_pos": 5
 },
 {
  "line": 7,
  "left": 107,
  "end": 376,
  "height": 44,
  "top": 267,
  "ayah": 6,
  "page": 492,
  "width": 269,
  "verse_pos": 5
 },
 {
  "line": 7,
  "left": 12,
  "end": 106,
  "height": 44,
  "top": 267,
  "ayah": 7,
  "page": 492,
  "width": 94,
  "verse_pos": 6
 },
 {
  "line": 8,
  "left": 12,
  "end": 376,
  "height": 43,
  "top": 311,
  "ayah": 7,
  "page": 492,
  "width": 364,
  "verse_pos": 6
 },
 {
  "line": 9,
  "left": 116,
  "end": 376,
  "height": 44,
  "top": 354,
  "ayah": 8,
  "page": 492,
  "width": 260,
  "verse_pos": 7
 },
 {
  "line": 9,
  "left": 12,
  "end": 115,
  "height": 44,
  "top": 354,
  "ayah": 9,
  "page": 492,
  "width": 103,
  "verse_pos": 8
 },
 {
  "line": 10,
  "left": 156,
  "end": 376,
  "height": 39,
  "top": 398,
  "ayah": 9,
  "page": 492,
  "width": 220,
  "verse_pos": 8
 },
 {
  "line": 10,
  "left": 12,
  "end": 155,
  "height": 39,
  "top": 398,
  "ayah": 10,
  "page": 492,
  "width": 143,
  "verse_pos": 9
 },
 {
  "line": 11,
  "left": 161,
  "end": 376,
  "height": 47,
  "top": 437,
  "ayah": 10,
  "page": 492,
  "width": 215,
  "verse_pos": 9
 },
 {
  "line": 11,
  "left": 12,
  "end": 160,
  "height": 47,
  "top": 437,
  "ayah": 11,
  "page": 492,
  "width": 148,
  "verse_pos": 10
 },
 {
  "line": 12,
  "left": 244,
  "end": 376,
  "height": 42,
  "top": 484,
  "ayah": 11,
  "page": 492,
  "width": 132,
  "verse_pos": 10
 },
 {
  "line": 12,
  "left": 12,
  "end": 243,
  "height": 42,
  "top": 484,
  "ayah": 12,
  "page": 492,
  "width": 231,
  "verse_pos": 11
 },
 {
  "line": 13,
  "left": 91,
  "end": 376,
  "height": 45,
  "top": 526,
  "ayah": 12,
  "page": 492,
  "width": 285,
  "verse_pos": 11
 },
 {
  "line": 13,
  "left": 12,
  "end": 90,
  "height": 45,
  "top": 526,
  "ayah": 13,
  "page": 492,
  "width": 78,
  "verse_pos": 12
 },
 {
  "line": 14,
  "left": 12,
  "end": 376,
  "height": 41,
  "top": 571,
  "ayah": 13,
  "page": 492,
  "width": 364,
  "verse_pos": 12
 },
 {
  "line": 15,
  "left": 264,
  "end": 376,
  "height": 42,
  "top": 612,
  "ayah": 13,
  "page": 492,
  "width": 112,
  "verse_pos": 12
 },
 {
  "line": 15,
  "left": 12,
  "end": 263,
  "height": 42,
  "top": 612,
  "ayah": 14,
  "page": 492,
  "width": 251,
  "verse_pos": 13
 }
]