[
 {
  "line": 1,
  "left": 16,
  "end": 371,
  "height": 47,
  "top": 7,
  "ayah": 1,
  "page": 114,
  "width": 355,
  "verse_pos": 0
 },
 {
  "line": 2,
  "left": 213,
  "end": 371,
  "height": 39,
  "top": 54,
  "ayah": 1,
  "page": 114,
  "width": 158,
  "verse_pos": 0
 },
 {
  "line": 2,
  "left": 16,
  "end": 212,
  "height": 39,
  "top": 54,
  "ayah": 2,
  "page": 114,
  "width": 196,
  "verse_pos": 1
 },
 {
  "line": 3,
  "left": 16,
  "end": 371,
  "height": 46,
  "top": 93,
  "ayah": 2,
  "page": 114,
  "width": 355,
  "verse_pos": 1
 },
 {
  "line": 4,
  "left": 337,
  "end": 371,
  "height": 44,
  "top": 139,
  "ayah": 2,
  "page": 114,
  "width": 34,
  "verse_pos": 1
 },
 {
  "line": 4,
  "left": 16,
  "end": 336,
  "height": 44,
  "top": 139,
  "ayah": 3,
  "page": 114,
  "width": 320,
  "verse_pos": 2
 },
 {
  "line": 5,
  "left": 186,
  "end": 371,
  "height": 41,
  "top": 183,
  "ayah": 3,
  "page": 114,
  "width": 185,
  "verse_pos": 2
 },
 {
  "line": 5,
  "left": 16,
  "end": 185,
  "height": 41,
  "top": 183,
  "ayah": 4,
  "page": 114,
  "width": 169,
  "verse_pos": 3
 },
 {
  "line": 6,
  "left": 16,
  "end": 371,
  "height": 45,
  "top": 224,
  "ayah": 4,
  "page": 114,
  "width": 355,
  "verse_pos": 3
 },
 {
  "line": 7,
  "left": 148,
  "end": 371,
  "height": 41,
  "top": 269,
  "ayah": 4,
  "page": 114,
  "width": 223,
  "verse_pos": 3
 },
 {
  "line": 7,
  "left": 16,
  "end": 147,
  "height": 41,
  "top": 269,
  "ayah": 5,
  "page": 114,
  "width": 131,
  "verse_pos": 4
 },
 {
  "line": 8,
  "left": 16,
  "end": 371,
  "height": 41,
  "top": 310,
  "ayah": 5,
  "page": 114,
  "width": 355,
  "verse_pos": 4
 },
 {
  "line": 9,
  "left": 16,
  "end": 371,
  "height": 41,
  "top": 351,
  "ayah": 5,
  "page": 114,
  "width": 355,
  "verse_pos": 4
 },
 {
  "line": 10,
  "left": 16,
  "end": 371,
  "height": 44,
  "top": 392,
  "ayah": 5,
  "page": 114,
  "width": 355,
  "verse_pos": 4
 },
 {
  "line": 11,
  "left": 16,
  "end": 371,
  "height": 42,
  "top": 436,
  "ayah": 5,
  "page": 114,
  "width": 355,
  "verse_pos": 4
 },
 {
  "line": 12,
  "left": 16,
  "end": 371,
  "height": 47,
  "top": 478,
  "ayah": 5,
  "page": 114,
  "width": 355,
  "verse_pos": 4
 },
 {
  "line": 13,
  "left": 16,
  "end": 371,
  "height": 43,
  "top": 525,
  "ayah": 5,
  "page": 114,
  "width": 355,
  "verse_pos": 4
 },
 {
  "line": 14,
  "left": 16,
  "end": 371,
  "height": 41,
  "top": 568,
  "ayah": 5,
  "page": 114,
  "width": 355,
  "verse_pos": 4
 },
 {
  "line": 15,
  "left": 16,
  "end": 371,
  "height": 46,
  "top": 609,
  "ayah": 5,
  "page": 114,
  "width": 355,
  "verse_pos": 4
 }
]