[
 {
  "line": 1,
  "left": 13,
  "end": 376,
  "height": 45,
  "top": 7,
  "ayah": 1,
  "page": 479,
  "width": 363,
  "verse_pos": 0
 },
 {
  "line": 2,
  "left": 13,
  "end": 376,
  "height": 43,
  "top": 52,
  "ayah": 1,
  "page": 479,
  "width": 363,
  "verse_pos": 0
 },
 {
  "line": 3,
  "left": 13,
  "end": 376,
  "height": 44,
  "top": 95,
  "ayah": 2,
  "page": 479,
  "width": 363,
  "verse_pos": 1
 },
 {
  "line": 4,
  "left": 13,
  "end": 376,
  "height": 40,
  "top": 139,
  "ayah": 2,
  "page": 479,
  "width": 363,
  "verse_pos": 1
 },
 {
  "line": 5,
  "left": 336,
  "end": 376,
  "height": 41,
  "top": 179,
  "ayah": 2,
  "page": 479,
  "width": 40,
  "verse_pos": 1
 },
 {
  "line": 5,
  "left": 13,
  "end": 335,
  "height": 41,
  "top": 179,
  "ayah": 3,
  "page": 479,
  "width": 322,
  "verse_pos": 2
 },
 {
  "line": 6,
  "left": 245,
  "end": 376,
  "height": 48,
  "top": 220,
  "ayah": 3,
  "page": 479,
  "width": 131,
  "verse_pos": 2
 },
 {
  "line": 6,
  "left": 13,
  "end": 244,
  "height": 48,
  "top": 220,
  "ayah": 4,
  "page": 479,
  "width": 231,
  "verse_pos": 3
 },
 {
  "line": 7,
  "left": 137,
  "end": 376,
  "height": 42,
  "top": 268,
  "ayah": 4,
  "page": 479,
  "width": 239,
  "verse_pos": 3
 },
 {
  "line": 7,
  "left": 13,
  "end": 136,
  "height": 42,
  "top": 268,
  "ayah": 5,
  "page": 479,
  "width": 123,
  "verse_pos": 4
 },
 {
  "line": 8,
  "left": 13,
  "end": 376,
  "height": 42,
  "top": 310,
  "ayah": 5,
  "page": 479,
  "width": 363,
  "verse_pos": 4
 },
 {
  "line": 9,
  "left": 13,
  "end": 376,
  "height": 44,
  "top": 352,
  "ayah": 5,
  "page": 479,
  "width": 363,
  "verse_pos": 4
 },
 {
  "line": 10,
  "left": 254,
  "end": 376,
  "height": 41,
  "top": 396,
  "ayah": 5,
  "page": 479,
  "width": 122,
  "verse_pos": 4
 },
 {
  "line": 10,
  "left": 13,
  "end": 253,
  "height": 41,
  "top": 396,
  "ayah": 6,
  "page": 479,
  "width": 240,
  "verse_pos": 5
 },
 {
  "line": 11,
  "left": 193,
  "end": 376,
  "height": 45,
  "top": 437,
  "ayah": 6,
  "page": 479,
  "width": 183,
  "verse_pos": 5
 },
 {
  "line": 11,
  "left": 13,
  "end": 192,
  "height": 45,
  "top": 437,
  "ayah": 7,
  "page": 479,
  "width": 179,
  "verse_pos": 6
 },
 {
  "line": 12,
  "left": 84,
  "end": 376,
  "height": 40,
  "top": 482,
  "ayah": 7,
  "page": 479,
  "width": 292,
  "verse_pos": 6
 },
 {
  "line": 12,
  "left": 13,
  "end": 83,
  "height": 40,
  "top": 482,
  "ayah": 8,
  "page": 479,
  "width": 70,
  "verse_pos": 7
 },
 {
  "line": 13,
  "left": 13,
  "end": 376,
  "height": 45,
  "top": 522,
  "ayah": 8,
  "page": 479,
  "width": 363,
  "verse_pos": 7
 },
 {
  "line": 14,
  "left": 335,
  "end": 376,
  "height": 43,
  "top": 567,
  "ayah": 8,
  "page": 479,
  "width": 41,
  "verse_pos": 7
 },
 {
  "line": 14,
  "left": 13,
  "end": 334,
  "height": 43,
  "top": 567,
  "ayah": 9,
  "page": 479,
  "width": 321,
  "verse_pos": 8
 },
 {
  "line": 15,
  "left": 13,
  "end": 376,
  "height": 42,
  "top": 610,
  "ayah": 9,
  "page": 479,
  "width": 363,
  "verse_pos": 8
 }
]