[
 {
  "line": 1,
  "left": 13,
  "end": 376,
  "height": 41,
  "top": 7,
  "ayah": 1,
  "page": 135,
  "width": 363,
  "verse_pos": 0
 },
 {
  "line": 2,
  "left": 13,
  "end": 376,
  "height": 45,
  "top": 48,
  "ayah": 1,
  "page": 135,
  "width": 363,
  "verse_pos": 0
 },
 {
  "line": 3,
  "left": 165,
  "end": 376,
  "height": 43,
  "top": 93,
  "ayah": 1,
  "page": 135,
  "width": 211,
  "verse_pos": 0
 },
 {
  "line": 3,
  "left": 13,
  "end": 164,
  "height": 43,
  "top": 93,
  "ayah": 2,
  "page": 135,
  "width": 151,
  "verse_pos": 1
 },
 {
  "line": 4,
  "left": 13,
  "end": 376,
  "height": 42,
  "top": 136,
  "ayah": 2,
  "page": 135,
  "width": 363,
  "verse_pos": 1
 },
 {
  "line": 5,
  "left": 200,
  "end": 376,
  "height": 44,
  "top": 178,
  "ayah": 2,
  "page": 135,
  "width": 176,
  "verse_pos": 1
 },
 {
  "line": 5,
  "left": 13,
  "end": 199,
  "height": 44,
  "top": 178,
  "ayah": 3,
  "page": 135,
  "width": 186,
  "verse_pos": 2
 },
 {
  "line": 6,
  "left": 136,
  "end": 376,
  "height": 41,
  "top": 222,
  "ayah": 3,
  "page": 135,
  "width": 240,
  "verse_pos": 2
 },
 {
  "line": 6,
  "left": 13,
  "end": 135,
  "height": 41,
  "top": 222,
  "ayah": 4,
  "page": 135,
  "width": 122,
  "verse_pos": 3
 },
 {
  "line": 7,
  "left": 13,
  "end": 376,
  "height": 45,
  "top": 263,
  "ayah": 4,
  "page": 135,
  "width": 363,
  "verse_pos": 3
 },
 {
  "line": 8,
  "left": 218,
  "end": 376,
  "height": 44,
  "top": 308,
  "ayah": 4,
  "page": 135,
  "width": 158,
  "verse_pos": 3
 },
 {
  "line": 8,
  "left": 13,
  "end": 217,
  "height": 44,
  "top": 308,
  "ayah": 5,
  "page": 135,
  "width": 204,
  "verse_pos": 4
 },
 {
  "line": 9,
  "left": 246,
  "end": 376,
  "height": 43,
  "top": 352,
  "ayah": 5,
  "page": 135,
  "width": 130,
  "verse_pos": 4
 },
 {
  "line": 9,
  "left": 13,
  "end": 245,
  "height": 43,
  "top": 352,
  "ayah": 6,
  "page": 135,
  "width": 232,
  "verse_pos": 5
 },
 {
  "line": 10,
  "left": 13,
  "end": 376,
  "height": 42,
  "top": 395,
  "ayah": 6,
  "page": 135,
  "width": 363,
  "verse_pos": 5
 },
 {
  "line": 11,
  "left": 13,
  "end": 376,
  "height": 40,
  "top": 437,
  "ayah": 6,
  "page": 135,
  "width": 363,
  "verse_pos": 5
 },
 {
  "line": 12,
  "left": 44,
  "end": 376,
  "height": 41,
  "top": 477,
  "ayah": 7,
  "page": 135,
  "width": 332,
  "verse_pos": 6
 },
 {
  "line": 12,
  "left": 13,
  "end": 44,
  "height": 41,
  "top": 477,
  "ayah": 8,
  "page": 135,
  "width": 31,
  "verse_pos": 7
 },
 {
  "line": 13,
  "left": 183,
  "end": 376,
  "height": 48,
  "top": 518,
  "ayah": 8,
  "page": 135,
  "width": 193,
  "verse_pos": 7
 },
 {
  "line": 13,
  "left": 13,
  "end": 182,
  "height": 48,
  "top": 518,
  "ayah": 9,
  "page": 135,
  "width": 169,
  "verse_pos": 8
 },
 {
  "line": 14,
  "left": 13,
  "end": 376,
  "height": 44,
  "top": 566,
  "ayah": 9,
  "page": 135,
  "width": 363,
  "verse_pos": 8
 },
 {
  "line": 15,
  "left": 13,
  "end": 376,
  "height": 44,
  "top": 610,
  "ayah": 9,
  "page": 135,
  "width": 363,
  "verse_pos": 8
 }
]