[
 {
  "line": 1,
  "left": 246,
  "end": 379,
  "height": 45,
  "top": 7,
  "ayah": 1,
  "page": 578,
  "width": 133,
  "verse_pos": 0
 },
 {
  "line": 1,
  "left": 137,
  "end": 246,
  "height": 45,
  "top": 7,
  "ayah": 2,
  "page": 578,
  "width": 109,
  "verse_pos": 1
 },
 {
  "line": 1,
  "left": 11,
  "end": 136,
  "height": 45,
  "top": 7,
  "ayah": 3,
  "page": 578,
  "width": 125,
  "verse_pos": 2
 },
 {
  "line": 2,
  "left": 280,
  "end": 379,
  "height": 44,
  "top": 52,
  "ayah": 4,
  "page": 578,
  "width": 99,
  "verse_pos": 3
 },
 {
  "line": 2,
  "left": 150,
  "end": 279,
  "height": 44,
  "top": 52,
  "ayah": 5,
  "page": 578,
  "width": 129,
  "verse_pos": 4
 },
 {
  "line": 2,
  "left": 11,
  "end": 150,
  "height": 44,
  "top": 52,
  "ayah": 6,
  "page": 578,
  "width": 139,
  "verse_pos": 5
 },
 {
  "line": 3,
  "left": 249,
  "end": 379,
  "height": 43,
  "top": 96,
  "ayah": 7,
  "page": 578,
  "width": 130,
  "verse_pos": 6
 },
 {
  "line": 3,
  "left": 157,
  "end": 249,
  "height": 43,
  "top": 96,
  "ayah": 8,
  "page": 578,
  "width": 92,
  "verse_pos": 7
 },
 {
  "line": 3,
  "left": 54,
  "end": 157,
  "height": 43,
  "top": 96,
  "ayah": 9,
  "page": 578,
  "width": 103,
  "verse_pos": 8
 },
 {
  "line": 3,
  "left": 11,
  "end": 54,
  "height": 43,
  "top": 96,
  "ayah": 10,
  "page": 578,
  "width": 43,
  "verse_pos": 9
 },
 {
  "line": 4,
  "left": 268,
  "end": 379,
  "height": 40,
  "top": 139,
  "ayah": 10,
  "page": 578,
  "width": 111,
  "verse_pos": 9
 },
 {
  "line": 4,
  "left": 104,
  "end": 268,
  "height": 40,
  "top": 139,
  "ayah": 11,
  "page": 578,
  "width": 164,
  "verse_pos": 10
 },
 {
  "line": 4,
  "left": 11,
  "end": 103,
  "height": 40,
  "top": 139,
  "ayah": 12,
  "page": 578,
  "width": 92,
  "verse_pos": 11
 },
 {
  "line": 5,
  "left": 344,
  "end": 379,
  "height": 45,
  "top": 179,
  "ayah": 12,
  "page": 578,
  "width": 35,
  "verse_pos": 11
 },
 {
  "line": 5,
  "left": 220,
  "end": 343,
  "height": 45,
  "top": 179,
  "ayah": 13,
  "page": 578,
  "width": 123,
  "verse_pos": 12
 },
 {
  "line": 5,
  "left": 60,
  "end": 219,
  "height": 45,
  "top": 179,
  "ayah": 14,
  "page": 578,
  "width": 159,
  "verse_pos": 13
 },
 {
  "line": 5,
  "left": 11,
  "end": 59,
  "height": 45,
  "top": 179,
  "ayah": 15,
  "page": 578,
  "width": 48,
  "verse_pos": 14
 },
 {
  "line": 6,
  "left": 316,
  "end": 379,
  "height": 43,
  "top": 224,
  "ayah": 15,
  "page": 578,
  "width": 63,
  "verse_pos": 14
 },
 {
  "line": 6,
  "left": 199,
  "end": 316,
  "height": 43,
  "top": 224,
  "ayah": 16,
  "page": 578,
  "width": 117,
  "verse_pos": 15
 },
 {
  "line": 6,
  "left": 11,
  "end": 199,
  "height": 43,
  "top": 224,
  "ayah": 17,
  "page": 578,
  "width": 188,
  "verse_pos": 16
 },
 {
  "line": 7,
  "left": 221,
  "end": 379,
  "height": 41,
  "top": 267,
  "ayah": 18,
  "page": 578,
  "width": 158,
  "verse_pos": 17
 },
 {
  "line": 7,
  "left": 64,
  "end": 221,
  "height": 41,
  "top": 267,
  "ayah": 19,
  "page": 578,
  "width": 157,
  "verse_pos": 18
 },
 {
  "line": 7,
  "left": 11,
  "end": 63,
  "height": 41,
  "top": 267,
  "ayah": 20,
  "page": 578,
  "width": 52,
  "verse_pos": 19
 },
 {
  "line": 8,
  "left": 223,
  "end": 379,
  "height": 39,
  "top": 308,
  "ayah": 20,
  "page": 578,
  "width": 156,
  "verse_pos": 19
 },
 {
  "line": 8,
  "left": 11,
  "end": 222,
  "height": 39,
  "top": 308,
  "ayah": 21,
  "page": 578,
  "width": 211,
  "verse_pos": 20
 },
 {
  "line": 9,
  "left": 11,
  "end": 379,
  "height": 41,
  "top": 439,
  "ayah": 23,
  "page": 578,
  "width": 368,
  "verse_pos": 22
 },
 {
  "line": 10,
  "left": 11,
  "end": 379,
  "height": 45,
  "top": 480,
  "ayah": 24,
  "page": 578,
  "width": 368,
  "verse_pos": 23
 },
 {
  "line": 11,
  "left": 307,
  "end": 379,
  "height": 42,
  "top": 525,
  "ayah": 24,
  "page": 578,
  "width": 72,
  "verse_pos": 23
 },
 {
  "line": 11,
  "left": 11,
  "end": 307,
  "height": 42,
  "top": 525,
  "ayah": 25,
  "page": 578,
  "width": 296,
  "verse_pos": 24
 },
 {
  "line": 12,
  "left": 33,
  "end": 379,
  "height": 41,
  "top": 567,
  "ayah": 26,
  "page": 578,
  "width": 346,
  "verse_pos": 25
 },
 {
  "line": 12,
  "left": 11,
  "end": 33,
  "height": 41,
  "top": 567,
  "ayah": 27,
  "page": 578,
  "width": 22,
  "verse_pos": 26
 },
 {
  "line": 13,
  "left": 11,
  "end": 379,
  "height": 42,
  "top": 608,
  "ayah": 27,
  "page": 578,
  "width": 368,
  "verse_pos": 26
 }
]