[
 {
  "line": 1,
  "left": 16,
  "end": 372,
  "height": 42,
  "top": 7,
  "ayah": 1,
  "page": 241,
  "width": 356,
  "verse_pos": 0
 },
 {
  "line": 2,
  "left": 16,
  "end": 372,
  "height": 45,
  "top": 49,
  "ayah": 2,
  "page": 241,
  "width": 356,
  "verse_pos": 1
 },
 {
  "line": 3,
  "left": 278,
  "end": 372,
  "height": 43,
  "top": 94,
  "ayah": 2,
  "page": 241,
  "width": 94,
  "verse_pos": 1
 },
 {
  "line": 3,
  "left": 16,
  "end": 277,
  "height": 43,
  "top": 94,
  "ayah": 3,
  "page": 241,
  "width": 261,
  "verse_pos": 2
 },
 {
  "line": 4,
  "left": 16,
  "end": 372,
  "height": 41,
  "top": 137,
  "ayah": 3,
  "page": 241,
  "width": 356,
  "verse_pos": 2
 },
 {
  "line": 5,
  "left": 43,
  "end": 372,
  "height": 43,
  "top": 178,
  "ayah": 3,
  "page": 241,
  "width": 329,
  "verse_pos": 2
 },
 {
  "line": 5,
  "left": 16,
  "end": 42,
  "height": 43,
  "top": 178,
  "ayah": 4,
  "page": 241,
  "width": 26,
  "verse_pos": 3
 },
 {
  "line": 6,
  "left": 16,
  "end": 372,
  "height": 44,
  "top": 221,
  "ayah": 4,
  "page": 241,
  "width": 356,
  "verse_pos": 3
 },
 {
  "line": 7,
  "left": 236,
  "end": 372,
  "height": 44,
  "top": 265,
  "ayah": 4,
  "page": 241,
  "width": 136,
  "verse_pos": 3
 },
 {
  "line": 7,
  "left": 16,
  "end": 235,
  "height": 44,
  "top": 265,
  "ayah": 5,
  "page": 241,
  "width": 219,
  "verse_pos": 4
 },
 {
  "line": 8,
  "left": 134,
  "end": 372,
  "height": 44,
  "top": 309,
  "ayah": 5,
  "page": 241,
  "width": 238,
  "verse_pos": 4
 },
 {
  "line": 8,
  "left": 16,
  "end": 133,
  "height": 44,
  "top": 309,
  "ayah": 6,
  "page": 241,
  "width": 117,
  "verse_pos": 5
 },
 {
  "line": 9,
  "left": 122,
  "end": 372,
  "height": 42,
  "top": 353,
  "ayah": 6,
  "page": 241,
  "width": 250,
  "verse_pos": 5
 },
 {
  "line": 9,
  "left": 16,
  "end": 121,
  "height": 42,
  "top": 353,
  "ayah": 7,
  "page": 241,
  "width": 105,
  "verse_pos": 6
 },
 {
  "line": 10,
  "left": 16,
  "end": 372,
  "height": 39,
  "top": 395,
  "ayah": 7,
  "page": 241,
  "width": 356,
  "verse_pos": 6
 },
 {
  "line": 11,
  "left": 47,
  "end": 372,
  "height": 46,
  "top": 434,
  "ayah": 7,
  "page": 241,
  "width": 325,
  "verse_pos": 6
 },
 {
  "line": 11,
  "left": 16,
  "end": 46,
  "height": 46,
  "top": 434,
  "ayah": 8,
  "page": 241,
  "width": 30,
  "verse_pos": 7
 },
 {
  "line": 12,
  "left": 16,
  "end": 372,
  "height": 45,
  "top": 480,
  "ayah": 8,
  "page": 241,
  "width": 356,
  "verse_pos": 7
 },
 {
  "line": 13,
  "left": 16,
  "end": 372,
  "height": 42,
  "top": 525,
  "ayah": 8,
  "page": 241,
  "width": 356,
  "verse_pos": 7
 },
 {
  "line": 14,
  "left": 49,
  "end": 372,
  "height": 43,
  "top": 567,
  "ayah": 8,
  "page": 241,
  "width": 323,
  "verse_pos": 7
 },
 {
  "line": 14,
  "left": 16,
  "end": 48,
  "height": 43,
  "top": 567,
  "ayah": 9,
  "page": 241,
  "width": 32,
  "verse_pos": 8
 },
 {
  "line": 15,
  "left": 16,
  "end": 372,
  "height": 42,
  "top": 610,
  "ayah": 9,
  "page": 241,
  "width": 356,
  "verse_pos": 8
 }
]