[
 {
  "line": 1,
  "left": 44,
  "end": 376,
  "height": 41,
  "top": 7,
  "ayah": 1,
  "page": 533,
  "width": 332,
  "verse_pos": 0
 },
 {
  "line": 1,
  "left": 9,
  "end": 43,
  "height": 41,
  "top": 7,
  "ayah": 2,
  "page": 533,
  "width": 34,
  "verse_pos": 1
 },
 {
  "line": 2,
  "left": 223,
  "end": 376,
  "height": 44,
  "top": 48,
  "ayah": 2,
  "page": 533,
  "width": 153,
  "verse_pos": 1
 },
 {
  "line": 2,
  "left": 9,
  "end": 222,
  "height": 44,
  "top": 48,
  "ayah": 3,
  "page": 533,
  "width": 213,
  "verse_pos": 2
 },
 {
  "line": 3,
  "left": 342,
  "end": 376,
  "height": 44,
  "top": 92,
  "ayah": 3,
  "page": 533,
  "width": 34,
  "verse_pos": 2
 },
 {
  "line": 3,
  "left": 152,
  "end": 341,
  "height": 44,
  "top": 92,
  "ayah": 4,
  "page": 533,
  "width": 189,
  "verse_pos": 3
 },
 {
  "line": 3,
  "left": 9,
  "end": 151,
  "height": 44,
  "top": 92,
  "ayah": 5,
  "page": 533,
  "width": 142,
  "verse_pos": 4
 },
 {
  "line": 4,
  "left": 342,
  "end": 376,
  "height": 42,
  "top": 136,
  "ayah": 5,
  "page": 533,
  "width": 34,
  "verse_pos": 4
 },
 {
  "line": 4,
  "left": 153,
  "end": 341,
  "height": 42,
  "top": 136,
  "ayah": 6,
  "page": 533,
  "width": 188,
  "verse_pos": 5
 },
 {
  "line": 4,
  "left": 9,
  "end": 152,
  "height": 42,
  "top": 136,
  "ayah": 7,
  "page": 533,
  "width": 143,
  "verse_pos": 6
 },
 {
  "line": 5,
  "left": 342,
  "end": 376,
  "height": 43,
  "top": 178,
  "ayah": 7,
  "page": 533,
  "width": 34,
  "verse_pos": 6
 },
 {
  "line": 5,
  "left": 244,
  "end": 341,
  "height": 43,
  "top": 178,
  "ayah": 8,
  "page": 533,
  "width": 97,
  "verse_pos": 7
 },
 {
  "line": 5,
  "left": 75,
  "end": 243,
  "height": 43,
  "top": 178,
  "ayah": 9,
  "page": 533,
  "width": 168,
  "verse_pos": 8
 },
 {
  "line": 5,
  "left": 9,
  "end": 75,
  "height": 43,
  "top": 178,
  "ayah": 10,
  "page": 533,
  "width": 66,
  "verse_pos": 9
 },
 {
  "line": 6,
  "left": 305,
  "end": 376,
  "height": 43,
  "top": 221,
  "ayah": 10,
  "page": 533,
  "width": 71,
  "verse_pos": 9
 },
 {
  "line": 6,
  "left": 125,
  "end": 304,
  "height": 43,
  "top": 221,
  "ayah": 11,
  "page": 533,
  "width": 179,
  "verse_pos": 10
 },
 {
  "line": 6,
  "left": 9,
  "end": 125,
  "height": 43,
  "top": 221,
  "ayah": 12,
  "page": 533,
  "width": 116,
  "verse_pos": 11
 },
 {
  "line": 7,
  "left": 299,
  "end": 376,
  "height": 43,
  "top": 264,
  "ayah": 12,
  "page": 533,
  "width": 77,
  "verse_pos": 11
 },
 {
  "line": 7,
  "left": 121,
  "end": 298,
  "height": 43,
  "top": 264,
  "ayah": 13,
  "page": 533,
  "width": 177,
  "verse_pos": 12
 },
 {
  "line": 7,
  "left": 9,
  "end": 120,
  "height": 43,
  "top": 264,
  "ayah": 14,
  "page": 533,
  "width": 111,
  "verse_pos": 13
 },
 {
  "line": 8,
  "left": 116,
  "end": 376,
  "height": 43,
  "top": 307,
  "ayah": 14,
  "page": 533,
  "width": 260,
  "verse_pos": 13
 },
 {
  "line": 8,
  "left": 9,
  "end": 115,
  "height": 43,
  "top": 307,
  "ayah": 15,
  "page": 533,
  "width": 106,
  "verse_pos": 14
 },
 {
  "line": 9,
  "left": 294,
  "end": 376,
  "height": 43,
  "top": 350,
  "ayah": 15,
  "page": 533,
  "width": 82,
  "verse_pos": 14
 },
 {
  "line": 9,
  "left": 9,
  "end": 294,
  "height": 43,
  "top": 350,
  "ayah": 16,
  "page": 533,
  "width": 285,
  "verse_pos": 15
 },
 {
  "line": 10,
  "left": 290,
  "end": 376,
  "height": 43,
  "top": 393,
  "ayah": 16,
  "page": 533,
  "width": 86,
  "verse_pos": 15
 },
 {
  "line": 10,
  "left": 105,
  "end": 289,
  "height": 43,
  "top": 393,
  "ayah": 17,
  "page": 533,
  "width": 184,
  "verse_pos": 16
 },
 {
  "line": 10,
  "left": 9,
  "end": 105,
  "height": 43,
  "top": 393,
  "ayah": 18,
  "page": 533,
  "width": 96,
  "verse_pos": 17
 },
 {
  "line": 11,
  "left": 280,
  "end": 376,
  "height": 42,
  "top": 436,
  "ayah": 18,
  "page": 533,
  "width": 96,
  "verse_pos": 17
 },
 {
  "line": 11,
  "left": 88,
  "end": 279,
  "height": 42,
  "top": 436,
  "ayah": 19,
  "page": 533,
  "width": 191,
  "verse_pos": 18
 },
 {
  "line": 11,
  "left": 9,
  "end": 87,
  "height": 42,
  "top": 436,
  "ayah": 20,
  "page": 533,
  "width": 78,
  "verse_pos": 19
 },
 {
  "line": 12,
  "left": 192,
  "end": 376,
  "height": 44,
  "top": 478,
  "ayah": 20,
  "page": 533,
  "width": 184,
  "verse_pos": 19
 },
 {
  "line": 12,
  "left": 9,
  "end": 191,
  "height": 44,
  "top": 478,
  "ayah": 21,
  "page": 533,
  "width": 182,
  "verse_pos": 20
 },
 {
  "line": 13,
  "left": 341,
  "end": 376,
  "height": 42,
  "top": 522,
  "ayah": 21,
  "page": 533,
  "width": 35,
  "verse_pos": 20
 },
 {
  "line": 13,
  "left": 186,
  "end": 340,
  "height": 42,
  "top": 522,
  "ayah": 22,
  "page": 533,
  "width": 154,
  "verse_pos": 21
 },
 {
  "line": 13,
  "left": 9,
  "end": 185,
  "height": 42,
  "top": 522,
  "ayah": 23,
  "page": 533,
  "width": 176,
  "verse_pos": 22
 },
 {
  "line": 14,
  "left": 342,
  "end": 376,
  "height": 44,
  "top": 564,
  "ayah": 23,
  "page": 533,
  "width": 34,
  "verse_pos": 22
 },
 {
  "line": 14,
  "left": 242,
  "end": 341,
  "height": 44,
  "top": 564,
  "ayah": 24,
  "page": 533,
  "width": 99,
  "verse_pos": 23
 },
 {
  "line": 14,
  "left": 51,
  "end": 241,
  "height": 44,
  "top": 564,
  "ayah": 25,
  "page": 533,
  "width": 190,
  "verse_pos": 24
 },
 {
  "line": 14,
  "left": 9,
  "end": 50,
  "height": 44,
  "top": 564,
  "ayah": 26,
  "page": 533,
  "width": 41,
  "verse_pos": 25
 },
 {
  "line": 15,
  "left": 234,
  "end": 376,
  "height": 42,
  "top": 608,
  "ayah": 26,
  "page": 533,
  "width": 142,
  "verse_pos": 25
 },
 {
  "line": 15,
  "left": 9,
  "end": 233,
  "height": 42,
  "top": 608,
  "ayah": 27,
  "page": 533,
  "width": 224,
  "verse_pos": 26
 }
]