[
 {
  "line": 1,
  "left": 18,
  "end": 372,
  "height": 44,
  "top": 11,
  "ayah": 1,
  "page": 183,
  "width": 354,
  "verse_pos": 0
 },
 {
  "line": 2,
  "left": 136,
  "end": 372,
  "height": 47,
  "top": 55,
  "ayah": 1,
  "page": 183,
  "width": 236,
  "verse_pos": 0
 },
 {
  "line": 2,
  "left": 18,
  "end": 135,
  "height": 47,
  "top": 55,
  "ayah": 2,
  "page": 183,
  "width": 117,
  "verse_pos": 1
 },
 {
  "line": 3,
  "left": 18,
  "end": 372,
  "height": 40,
  "top": 102,
  "ayah": 2,
  "page": 183,
  "width": 354,
  "verse_pos": 1
 },
 {
  "line": 4,
  "left": 101,
  "end": 372,
  "height": 42,
  "top": 142,
  "ayah": 2,
  "page": 183,
  "width": 271,
  "verse_pos": 1
 },
 {
  "line": 4,
  "left": 18,
  "end": 100,
  "height": 42,
  "top": 142,
  "ayah": 3,
  "page": 183,
  "width": 82,
  "verse_pos": 2
 },
 {
  "line": 5,
  "left": 18,
  "end": 372,
  "height": 42,
  "top": 184,
  "ayah": 3,
  "page": 183,
  "width": 354,
  "verse_pos": 2
 },
 {
  "line": 6,
  "left": 18,
  "end": 372,
  "height": 47,
  "top": 226,
  "ayah": 3,
  "page": 183,
  "width": 354,
  "verse_pos": 2
 },
 {
  "line": 7,
  "left": 18,
  "end": 372,
  "height": 42,
  "top": 273,
  "ayah": 3,
  "page": 183,
  "width": 354,
  "verse_pos": 2
 },
 {
  "line": 8,
  "left": 92,
  "end": 372,
  "height": 40,
  "top": 315,
  "ayah": 3,
  "page": 183,
  "width": 280,
  "verse_pos": 2
 },
 {
  "line": 8,
  "left": 18,
  "end": 91,
  "height": 40,
  "top": 315,
  "ayah": 4,
  "page": 183,
  "width": 73,
  "verse_pos": 3
 },
 {
  "line": 9,
  "left": 18,
  "end": 372,
  "height": 48,
  "top": 355,
  "ayah": 4,
  "page": 183,
  "width": 354,
  "verse_pos": 3
 },
 {
  "line": 10,
  "left": 18,
  "end": 372,
  "height": 35,
  "top": 403,
  "ayah": 4,
  "page": 183,
  "width": 354,
  "verse_pos": 3
 },
 {
  "line": 11,
  "left": 18,
  "end": 372,
  "height": 51,
  "top": 438,
  "ayah": 5,
  "page": 183,
  "width": 354,
  "verse_pos": 4
 },
 {
  "line": 12,
  "left": 57,
  "end": 372,
  "height": 42,
  "top": 489,
  "ayah": 5,
  "page": 183,
  "width": 315,
  "verse_pos": 4
 },
 {
  "line": 12,
  "left": 18,
  "end": 56,
  "height": 42,
  "top": 489,
  "ayah": 6,
  "page": 183,
  "width": 38,
  "verse_pos": 5
 },
 {
  "line": 13,
  "left": 18,
  "end": 372,
  "height": 40,
  "top": 531,
  "ayah": 6,
  "page": 183,
  "width": 354,
  "verse_pos": 5
 },
 {
  "line": 14,
  "left": 18,
  "end": 372,
  "height": 47,
  "top": 571,
  "ayah": 7,
  "page": 183,
  "width": 354,
  "verse_pos": 6
 },
 {
  "line": 15,
  "left": 18,
  "end": 372,
  "height": 38,
  "top": 618,
  "ayah": 7,
  "page": 183,
  "width": 354,
  "verse_pos": 6
 }
]