[
    {
        "line": 1,
        "left": 237,
        "end": 376,
        "height": 44,
        "top": 7,
        "ayah": 1,
        "page": 565,
        "width": 139,
        "verse_pos": 0
    },
    {
        "line": 1,
        "left": 13,
        "end": 236,
        "height": 44,
        "top": 7,
        "ayah": 2,
        "page": 565,
        "width": 223,
        "verse_pos": 1
    },
    {
        "line": 2,
        "left": 246,
        "end": 376,
        "height": 41,
        "top": 51,
        "ayah": 2,
        "page": 565,
        "width": 130,
        "verse_pos": 1
    },
    {
        "line": 2,
        "left": 152,
        "end": 245,
        "height": 41,
        "top": 51,
        "ayah": 3,
        "page": 565,
        "width": 93,
        "verse_pos": 2
    },
    {
        "line": 2,
        "left": 13,
        "end": 151,
        "height": 41,
        "top": 51,
        "ayah": 4,
        "page": 565,
        "width": 138,
        "verse_pos": 3
    },
    {
        "line": 3,
        "left": 283,
        "end": 376,
        "height": 41,
        "top": 92,
        "ayah": 4,
        "page": 565,
        "width": 93,
        "verse_pos": 3
    },
    {
        "line": 3,
        "left": 154,
        "end": 282,
        "height": 41,
        "top": 92,
        "ayah": 5,
        "page": 565,
        "width": 128,
        "verse_pos": 4
    },
    {
        "line": 3,
        "left": 33,
        "end": 154,
        "height": 41,
        "top": 92,
        "ayah": 6,
        "page": 565,
        "width": 121,
        "verse_pos": 5
    },
    {
        "line": 3,
        "left": 13,
        "end": 32,
        "height": 41,
        "top": 92,
        "ayah": 7,
        "page": 565,
        "width": 19,
        "verse_pos": 6
    },
    {
        "line": 4,
        "left": 173,
        "end": 376,
        "height": 45,
        "top": 133,
        "ayah": 7,
        "page": 565,
        "width": 203,
        "verse_pos": 6
    },
    {
        "line": 4,
        "left": 13,
        "end": 172,
        "height": 45,
        "top": 133,
        "ayah": 8,
        "page": 565,
        "width": 159,
        "verse_pos": 7
    },
    {
        "line": 5,
        "left": 176,
        "end": 376,
        "height": 41,
        "top": 178,
        "ayah": 9,
        "page": 565,
        "width": 200,
        "verse_pos": 8
    },
    {
        "line": 5,
        "left": 36,
        "end": 176,
        "height": 41,
        "top": 178,
        "ayah": 10,
        "page": 565,
        "width": 140,
        "verse_pos": 9
    },
    {
        "line": 5,
        "left": 13,
        "end": 35,
        "height": 41,
        "top": 178,
        "ayah": 11,
        "page": 565,
        "width": 22,
        "verse_pos": 10
    },
    {
        "line": 6,
        "left": 227,
        "end": 376,
        "height": 44,
        "top": 219,
        "ayah": 11,
        "page": 565,
        "width": 149,
        "verse_pos": 10
    },
    {
        "line": 6,
        "left": 113,
        "end": 226,
        "height": 44,
        "top": 219,
        "ayah": 12,
        "page": 565,
        "width": 113,
        "verse_pos": 11
    },
    {
        "line": 6,
        "left": 13,
        "end": 112,
        "height": 44,
        "top": 219,
        "ayah": 13,
        "page": 565,
        "width": 99,
        "verse_pos": 12
    },
    {
        "line": 7,
        "left": 255,
        "end": 376,
        "height": 43,
        "top": 263,
        "ayah": 13,
        "page": 565,
        "width": 121,
        "verse_pos": 12
    },
    {
        "line": 7,
        "left": 55,
        "end": 254,
        "height": 43,
        "top": 263,
        "ayah": 14,
        "page": 565,
        "width": 199,
        "verse_pos": 13
    },
    {
        "line": 7,
        "left": 13,
        "end": 54,
        "height": 43,
        "top": 263,
        "ayah": 15,
        "page": 565,
        "width": 41,
        "verse_pos": 14
    },
    {
        "line": 8,
        "left": 204,
        "end": 376,
        "height": 42,
        "top": 306,
        "ayah": 15,
        "page": 565,
        "width": 172,
        "verse_pos": 14
    },
    {
        "line": 8,
        "left": 48,
        "end": 203,
        "height": 42,
        "top": 306,
        "ayah": 16,
        "page": 565,
        "width": 155,
        "verse_pos": 15
    },
    {
        "line": 8,
        "left": 13,
        "end": 47,
        "height": 42,
        "top": 306,
        "ayah": 17,
        "page": 565,
        "width": 34,
        "verse_pos": 16
    },
    {
        "line": 9,
        "left": 128,
        "end": 376,
        "height": 40,
        "top": 348,
        "ayah": 17,
        "page": 565,
        "width": 248,
        "verse_pos": 16
    },
    {
        "line": 9,
        "left": 13,
        "end": 127,
        "height": 40,
        "top": 348,
        "ayah": 18,
        "page": 565,
        "width": 114,
        "verse_pos": 17
    },
    {
        "line": 10,
        "left": 201,
        "end": 376,
        "height": 48,
        "top": 388,
        "ayah": 18,
        "page": 565,
        "width": 175,
        "verse_pos": 17
    },
    {
        "line": 10,
        "left": 13,
        "end": 200,
        "height": 48,
        "top": 388,
        "ayah": 19,
        "page": 565,
        "width": 187,
        "verse_pos": 18
    },
    {
        "line": 11,
        "left": 341,
        "end": 376,
        "height": 41,
        "top": 436,
        "ayah": 19,
        "page": 565,
        "width": 35,
        "verse_pos": 18
    },
    {
        "line": 11,
        "left": 166,
        "end": 341,
        "height": 41,
        "top": 436,
        "ayah": 20,
        "page": 565,
        "width": 175,
        "verse_pos": 19
    },
    {
        "line": 11,
        "left": 31,
        "end": 166,
        "height": 41,
        "top": 436,
        "ayah": 21,
        "page": 565,
        "width": 135,
        "verse_pos": 20
    },
    {
        "line": 11,
        "left": 13,
        "end": 31,
        "height": 41,
        "top": 436,
        "ayah": 22,
        "page": 565,
        "width": 18,
        "verse_pos": 21
    },
    {
        "line": 12,
        "left": 224,
        "end": 376,
        "height": 44,
        "top": 477,
        "ayah": 22,
        "page": 565,
        "width": 152,
        "verse_pos": 21
    },
    {
        "line": 12,
        "left": 87,
        "end": 223,
        "height": 44,
        "top": 477,
        "ayah": 23,
        "page": 565,
        "width": 136,
        "verse_pos": 22
    },
    {
        "line": 12,
        "left": 13,
        "end": 86,
        "height": 44,
        "top": 477,
        "ayah": 24,
        "page": 565,
        "width": 73,
        "verse_pos": 23
    },
    {
        "line": 13,
        "left": 96,
        "end": 376,
        "height": 43,
        "top": 521,
        "ayah": 24,
        "page": 565,
        "width": 280,
        "verse_pos": 23
    },
    {
        "line": 13,
        "left": 13,
        "end": 95,
        "height": 43,
        "top": 521,
        "ayah": 25,
        "page": 565,
        "width": 82,
        "verse_pos": 24
    },
    {
        "line": 14,
        "left": 282,
        "end": 376,
        "height": 45,
        "top": 564,
        "ayah": 25,
        "page": 565,
        "width": 94,
        "verse_pos": 24
    },
    {
        "line": 14,
        "left": 13,
        "end": 281,
        "height": 45,
        "top": 564,
        "ayah": 26,
        "page": 565,
        "width": 268,
        "verse_pos": 25
    },
    {
        "line": 15,
        "left": 13,
        "end": 376,
        "height": 42,
        "top": 609,
        "ayah": 27,
        "page": 565,
        "width": 363,
        "verse_pos": 26
    }
]