[
 {
  "line": 1,
  "left": 13,
  "end": 377,
  "height": 40,
  "top": 7,
  "ayah": 1,
  "page": 174,
  "width": 364,
  "verse_pos": 0
 },
 {
  "line": 2,
  "left": 13,
  "end": 377,
  "height": 39,
  "top": 47,
  "ayah": 1,
  "page": 174,
  "width": 364,
  "verse_pos": 0
 },
 {
  "line": 3,
  "left": 13,
  "end": 377,
  "height": 45,
  "top": 86,
  "ayah": 1,
  "page": 174,
  "width": 364,
  "verse_pos": 0
 },
 {
  "line": 4,
  "left": 13,
  "end": 377,
  "height": 44,
  "top": 131,
  "ayah": 2,
  "page": 174,
  "width": 364,
  "verse_pos": 1
 },
 {
  "line": 5,
  "left": 124,
  "end": 377,
  "height": 43,
  "top": 175,
  "ayah": 2,
  "page": 174,
  "width": 253,
  "verse_pos": 1
 },
 {
  "line": 5,
  "left": 13,
  "end": 123,
  "height": 43,
  "top": 175,
  "ayah": 3,
  "page": 174,
  "width": 110,
  "verse_pos": 2
 },
 {
  "line": 6,
  "left": 148,
  "end": 377,
  "height": 44,
  "top": 218,
  "ayah": 3,
  "page": 174,
  "width": 229,
  "verse_pos": 2
 },
 {
  "line": 6,
  "left": 13,
  "end": 147,
  "height": 44,
  "top": 218,
  "ayah": 4,
  "page": 174,
  "width": 134,
  "verse_pos": 3
 },
 {
  "line": 7,
  "left": 115,
  "end": 377,
  "height": 39,
  "top": 262,
  "ayah": 4,
  "page": 174,
  "width": 262,
  "verse_pos": 3
 },
 {
  "line": 7,
  "left": 13,
  "end": 114,
  "height": 39,
  "top": 262,
  "ayah": 5,
  "page": 174,
  "width": 101,
  "verse_pos": 4
 },
 {
  "line": 8,
  "left": 259,
  "end": 377,
  "height": 47,
  "top": 301,
  "ayah": 5,
  "page": 174,
  "width": 118,
  "verse_pos": 4
 },
 {
  "line": 8,
  "left": 13,
  "end": 258,
  "height": 47,
  "top": 301,
  "ayah": 6,
  "page": 174,
  "width": 245,
  "verse_pos": 5
 },
 {
  "line": 9,
  "left": 231,
  "end": 377,
  "height": 44,
  "top": 348,
  "ayah": 6,
  "page": 174,
  "width": 146,
  "verse_pos": 5
 },
 {
  "line": 9,
  "left": 13,
  "end": 230,
  "height": 44,
  "top": 348,
  "ayah": 7,
  "page": 174,
  "width": 217,
  "verse_pos": 6
 },
 {
  "line": 10,
  "left": 13,
  "end": 377,
  "height": 38,
  "top": 392,
  "ayah": 7,
  "page": 174,
  "width": 364,
  "verse_pos": 6
 },
 {
  "line": 11,
  "left": 136,
  "end": 377,
  "height": 44,
  "top": 430,
  "ayah": 7,
  "page": 174,
  "width": 241,
  "verse_pos": 6
 },
 {
  "line": 11,
  "left": 13,
  "end": 135,
  "height": 44,
  "top": 430,
  "ayah": 8,
  "page": 174,
  "width": 122,
  "verse_pos": 7
 },
 {
  "line": 12,
  "left": 131,
  "end": 377,
  "height": 44,
  "top": 474,
  "ayah": 8,
  "page": 174,
  "width": 246,
  "verse_pos": 7
 },
 {
  "line": 12,
  "left": 13,
  "end": 130,
  "height": 44,
  "top": 474,
  "ayah": 9,
  "page": 174,
  "width": 117,
  "verse_pos": 8
 },
 {
  "line": 13,
  "left": 13,
  "end": 377,
  "height": 40,
  "top": 518,
  "ayah": 9,
  "page": 174,
  "width": 364,
  "verse_pos": 8
 },
 {
  "line": 14,
  "left": 13,
  "end": 377,
  "height": 48,
  "top": 558,
  "ayah": 9,
  "page": 174,
  "width": 364,
  "verse_pos": 8
 },
 {
  "line": 15,
  "left": 13,
  "end": 377,
  "height": 46,
  "top": 606,
  "ayah": 9,
  "page": 174,
  "width": 364,
  "verse_pos": 8
 }
]