[
 {
  "line": 1,
  "left": 208,
  "end": 371,
  "height": 39,
  "top": 7,
  "ayah": 1,
  "page": 600,
  "width": 163,
  "verse_pos": 0
 },
 {
  "line": 1,
  "left": 16,
  "end": 207,
  "height": 39,
  "top": 7,
  "ayah": 2,
  "page": 600,
  "width": 191,
  "verse_pos": 1
 },
 {
  "line": 2,
  "left": 263,
  "end": 371,
  "height": 43,
  "top": 136,
  "ayah": 4,
  "page": 600,
  "width": 108,
  "verse_pos": 3
 },
 {
  "line": 2,
  "left": 157,
  "end": 262,
  "height": 43,
  "top": 136,
  "ayah": 5,
  "page": 600,
  "width": 105,
  "verse_pos": 4
 },
 {
  "line": 2,
  "left": 16,
  "end": 156,
  "height": 43,
  "top": 136,
  "ayah": 6,
  "page": 600,
  "width": 140,
  "verse_pos": 5
 },
 {
  "line": 3,
  "left": 333,
  "end": 371,
  "height": 41,
  "top": 179,
  "ayah": 6,
  "page": 600,
  "width": 38,
  "verse_pos": 5
 },
 {
  "line": 3,
  "left": 16,
  "end": 332,
  "height": 41,
  "top": 179,
  "ayah": 7,
  "page": 600,
  "width": 316,
  "verse_pos": 6
 },
 {
  "line": 4,
  "left": 52,
  "end": 371,
  "height": 45,
  "top": 220,
  "ayah": 8,
  "page": 600,
  "width": 319,
  "verse_pos": 7
 },
 {
  "line": 4,
  "left": 16,
  "end": 51,
  "height": 45,
  "top": 220,
  "ayah": 9,
  "page": 600,
  "width": 35,
  "verse_pos": 8
 },
 {
  "line": 5,
  "left": 189,
  "end": 371,
  "height": 41,
  "top": 265,
  "ayah": 9,
  "page": 600,
  "width": 182,
  "verse_pos": 8
 },
 {
  "line": 5,
  "left": 16,
  "end": 188,
  "height": 41,
  "top": 265,
  "ayah": 10,
  "page": 600,
  "width": 172,
  "verse_pos": 9
 },
 {
  "line": 6,
  "left": 335,
  "end": 371,
  "height": 44,
  "top": 306,
  "ayah": 10,
  "page": 600,
  "width": 36,
  "verse_pos": 9
 },
 {
  "line": 6,
  "left": 135,
  "end": 334,
  "height": 44,
  "top": 306,
  "ayah": 11,
  "page": 600,
  "width": 199,
  "verse_pos": 10
 },
 {
  "line": 6,
  "left": 16,
  "end": 134,
  "height": 44,
  "top": 306,
  "ayah": 12,
  "page": 600,
  "width": 118,
  "verse_pos": 11
 },
 {
  "line": 7,
  "left": 313,
  "end": 345,
  "height": 39,
  "top": 350,
  "ayah": 12,
  "page": 600,
  "width": 32,
  "verse_pos": 11
 },
 {
  "line": 7,
  "left": 155,
  "end": 312,
  "height": 39,
  "top": 350,
  "ayah": 13,
  "page": 600,
  "width": 157,
  "verse_pos": 12
 },
 {
  "line": 7,
  "left": 40,
  "end": 154,
  "height": 39,
  "top": 350,
  "ayah": 14,
  "page": 600,
  "width": 114,
  "verse_pos": 13
 },
 {
  "line": 8,
  "left": 235,
  "end": 371,
  "height": 43,
  "top": 479,
  "ayah": 16,
  "page": 600,
  "width": 136,
  "verse_pos": 15
 },
 {
  "line": 8,
  "left": 92,
  "end": 234,
  "height": 43,
  "top": 479,
  "ayah": 17,
  "page": 600,
  "width": 142,
  "verse_pos": 16
 },
 {
  "line": 8,
  "left": 16,
  "end": 91,
  "height": 43,
  "top": 479,
  "ayah": 18,
  "page": 600,
  "width": 75,
  "verse_pos": 17
 },
 {
  "line": 9,
  "left": 284,
  "end": 371,
  "height": 44,
  "top": 522,
  "ayah": 18,
  "page": 600,
  "width": 87,
  "verse_pos": 17
 },
 {
  "line": 9,
  "left": 115,
  "end": 283,
  "height": 44,
  "top": 522,
  "ayah": 19,
  "page": 600,
  "width": 168,
  "verse_pos": 18
 },
 {
  "line": 9,
  "left": 16,
  "end": 113,
  "height": 44,
  "top": 522,
  "ayah": 20,
  "page": 600,
  "width": 97,
  "verse_pos": 19
 },
 {
  "line": 10,
  "left": 260,
  "end": 371,
  "height": 40,
  "top": 566,
  "ayah": 20,
  "page": 600,
  "width": 111,
  "verse_pos": 19
 },
 {
  "line": 10,
  "left": 97,
  "end": 259,
  "height": 40,
  "top": 566,
  "ayah": 21,
  "page": 600,
  "width": 162,
  "verse_pos": 20
 },
 {
  "line": 10,
  "left": 16,
  "end": 96,
  "height": 40,
  "top": 566,
  "ayah": 22,
  "page": 600,
  "width": 80,
  "verse_pos": 21
 },
 {
  "line": 11,
  "left": 245,
  "end": 371,
  "height": 42,
  "top": 606,
  "ayah": 22,
  "page": 600,
  "width": 126,
  "verse_pos": 21
 },
 {
  "line": 11,
  "left": 16,
  "end": 244,
  "height": 42,
  "top": 606,
  "ayah": 23,
  "page": 600,
  "width": 228,
  "verse_pos": 22
 }
]