[
 {
  "line": 1,
  "left": 15,
  "end": 375,
  "height": 44,
  "top": 7,
  "ayah": 1,
  "page": 351,
  "width": 360,
  "verse_pos": 0
 },
 {
  "line": 2,
  "left": 15,
  "end": 375,
  "height": 47,
  "top": 51,
  "ayah": 1,
  "page": 351,
  "width": 360,
  "verse_pos": 0
 },
 {
  "line": 3,
  "left": 186,
  "end": 375,
  "height": 42,
  "top": 98,
  "ayah": 1,
  "page": 351,
  "width": 189,
  "verse_pos": 0
 },
 {
  "line": 3,
  "left": 15,
  "end": 185,
  "height": 42,
  "top": 98,
  "ayah": 2,
  "page": 351,
  "width": 170,
  "verse_pos": 1
 },
 {
  "line": 4,
  "left": 48,
  "end": 375,
  "height": 40,
  "top": 140,
  "ayah": 2,
  "page": 351,
  "width": 327,
  "verse_pos": 1
 },
 {
  "line": 4,
  "left": 15,
  "end": 47,
  "height": 40,
  "top": 140,
  "ayah": 3,
  "page": 351,
  "width": 32,
  "verse_pos": 2
 },
 {
  "line": 5,
  "left": 15,
  "end": 375,
  "height": 46,
  "top": 180,
  "ayah": 3,
  "page": 351,
  "width": 360,
  "verse_pos": 2
 },
 {
  "line": 6,
  "left": 205,
  "end": 375,
  "height": 42,
  "top": 226,
  "ayah": 3,
  "page": 351,
  "width": 170,
  "verse_pos": 2
 },
 {
  "line": 6,
  "left": 15,
  "end": 204,
  "height": 42,
  "top": 226,
  "ayah": 4,
  "page": 351,
  "width": 189,
  "verse_pos": 3
 },
 {
  "line": 7,
  "left": 15,
  "end": 375,
  "height": 44,
  "top": 268,
  "ayah": 4,
  "page": 351,
  "width": 360,
  "verse_pos": 3
 },
 {
  "line": 8,
  "left": 15,
  "end": 375,
  "height": 45,
  "top": 312,
  "ayah": 5,
  "page": 351,
  "width": 360,
  "verse_pos": 4
 },
 {
  "line": 9,
  "left": 131,
  "end": 375,
  "height": 40,
  "top": 357,
  "ayah": 5,
  "page": 351,
  "width": 244,
  "verse_pos": 4
 },
 {
  "line": 9,
  "left": 15,
  "end": 130,
  "height": 40,
  "top": 357,
  "ayah": 6,
  "page": 351,
  "width": 115,
  "verse_pos": 5
 },
 {
  "line": 10,
  "left": 15,
  "end": 375,
  "height": 43,
  "top": 397,
  "ayah": 6,
  "page": 351,
  "width": 360,
  "verse_pos": 5
 },
 {
  "line": 11,
  "left": 338,
  "end": 375,
  "height": 43,
  "top": 440,
  "ayah": 6,
  "page": 351,
  "width": 37,
  "verse_pos": 5
 },
 {
  "line": 11,
  "left": 15,
  "end": 337,
  "height": 43,
  "top": 440,
  "ayah": 7,
  "page": 351,
  "width": 322,
  "verse_pos": 6
 },
 {
  "line": 12,
  "left": 84,
  "end": 375,
  "height": 43,
  "top": 483,
  "ayah": 8,
  "page": 351,
  "width": 291,
  "verse_pos": 7
 },
 {
  "line": 12,
  "left": 15,
  "end": 83,
  "height": 43,
  "top": 483,
  "ayah": 9,
  "page": 351,
  "width": 68,
  "verse_pos": 8
 },
 {
  "line": 13,
  "left": 15,
  "end": 375,
  "height": 44,
  "top": 526,
  "ayah": 9,
  "page": 351,
  "width": 360,
  "verse_pos": 8
 },
 {
  "line": 14,
  "left": 58,
  "end": 375,
  "height": 43,
  "top": 570,
  "ayah": 9,
  "page": 351,
  "width": 317,
  "verse_pos": 8
 },
 {
  "line": 14,
  "left": 15,
  "end": 57,
  "height": 43,
  "top": 570,
  "ayah": 10,
  "page": 351,
  "width": 42,
  "verse_pos": 9
 },
 {
  "line": 15,
  "left": 15,
  "end": 375,
  "height": 42,
  "top": 613,
  "ayah": 10,
  "page": 351,
  "width": 360,
  "verse_pos": 9
 }
]