[
 {
  "line": 1,
  "left": 12,
  "end": 376,
  "height": 43,
  "top": 7,
  "ayah": 1,
  "page": 290,
  "width": 364,
  "verse_pos": 0
 },
 {
  "line": 2,
  "left": 108,
  "end": 376,
  "height": 42,
  "top": 50,
  "ayah": 1,
  "page": 290,
  "width": 268,
  "verse_pos": 0
 },
 {
  "line": 2,
  "left": 12,
  "end": 107,
  "height": 42,
  "top": 50,
  "ayah": 2,
  "page": 290,
  "width": 95,
  "verse_pos": 1
 },
 {
  "line": 3,
  "left": 43,
  "end": 376,
  "height": 44,
  "top": 92,
  "ayah": 2,
  "page": 290,
  "width": 333,
  "verse_pos": 1
 },
 {
  "line": 3,
  "left": 12,
  "end": 42,
  "height": 44,
  "top": 92,
  "ayah": 3,
  "page": 290,
  "width": 30,
  "verse_pos": 2
 },
 {
  "line": 4,
  "left": 12,
  "end": 376,
  "height": 41,
  "top": 136,
  "ayah": 3,
  "page": 290,
  "width": 364,
  "verse_pos": 2
 },
 {
  "line": 5,
  "left": 170,
  "end": 376,
  "height": 45,
  "top": 177,
  "ayah": 3,
  "page": 290,
  "width": 206,
  "verse_pos": 2
 },
 {
  "line": 5,
  "left": 12,
  "end": 169,
  "height": 45,
  "top": 177,
  "ayah": 4,
  "page": 290,
  "width": 157,
  "verse_pos": 3
 },
 {
  "line": 6,
  "left": 69,
  "end": 376,
  "height": 44,
  "top": 222,
  "ayah": 4,
  "page": 290,
  "width": 307,
  "verse_pos": 3
 },
 {
  "line": 6,
  "left": 12,
  "end": 68,
  "height": 44,
  "top": 222,
  "ayah": 5,
  "page": 290,
  "width": 56,
  "verse_pos": 4
 },
 {
  "line": 7,
  "left": 12,
  "end": 376,
  "height": 41,
  "top": 266,
  "ayah": 5,
  "page": 290,
  "width": 364,
  "verse_pos": 4
 },
 {
  "line": 8,
  "left": 205,
  "end": 376,
  "height": 45,
  "top": 307,
  "ayah": 5,
  "page": 290,
  "width": 171,
  "verse_pos": 4
 },
 {
  "line": 8,
  "left": 12,
  "end": 204,
  "height": 45,
  "top": 307,
  "ayah": 6,
  "page": 290,
  "width": 192,
  "verse_pos": 5
 },
 {
  "line": 9,
  "left": 213,
  "end": 376,
  "height": 39,
  "top": 352,
  "ayah": 6,
  "page": 290,
  "width": 163,
  "verse_pos": 5
 },
 {
  "line": 9,
  "left": 12,
  "end": 212,
  "height": 39,
  "top": 352,
  "ayah": 7,
  "page": 290,
  "width": 200,
  "verse_pos": 6
 },
 {
  "line": 10,
  "left": 50,
  "end": 376,
  "height": 47,
  "top": 391,
  "ayah": 7,
  "page": 290,
  "width": 326,
  "verse_pos": 6
 },
 {
  "line": 10,
  "left": 12,
  "end": 49,
  "height": 47,
  "top": 391,
  "ayah": 8,
  "page": 290,
  "width": 37,
  "verse_pos": 7
 },
 {
  "line": 11,
  "left": 12,
  "end": 376,
  "height": 44,
  "top": 438,
  "ayah": 8,
  "page": 290,
  "width": 364,
  "verse_pos": 7
 },
 {
  "line": 12,
  "left": 338,
  "end": 376,
  "height": 43,
  "top": 482,
  "ayah": 8,
  "page": 290,
  "width": 38,
  "verse_pos": 7
 },
 {
  "line": 12,
  "left": 12,
  "end": 337,
  "height": 43,
  "top": 482,
  "ayah": 9,
  "page": 290,
  "width": 325,
  "verse_pos": 8
 },
 {
  "line": 13,
  "left": 299,
  "end": 376,
  "height": 40,
  "top": 525,
  "ayah": 9,
  "page": 290,
  "width": 77,
  "verse_pos": 8
 },
 {
  "line": 13,
  "left": 12,
  "end": 300,
  "height": 40,
  "top": 525,
  "ayah": 10,
  "page": 290,
  "width": 288,
  "verse_pos": 9
 },
 {
  "line": 14,
  "left": 150,
  "end": 376,
  "height": 44,
  "top": 565,
  "ayah": 10,
  "page": 290,
  "width": 226,
  "verse_pos": 9
 },
 {
  "line": 14,
  "left": 12,
  "end": 149,
  "height": 44,
  "top": 565,
  "ayah": 11,
  "page": 290,
  "width": 137,
  "verse_pos": 10
 },
 {
  "line": 15,
  "left": 12,
  "end": 376,
  "height": 46,
  "top": 609,
  "ayah": 11,
  "page": 290,
  "width": 364,
  "verse_pos": 10
 }
]