[
 {
  "line": 1,
  "left": 13,
  "end": 377,
  "height": 38,
  "top": 7,
  "ayah": 1,
  "page": 456,
  "width": 364,
  "verse_pos": 0
 },
 {
  "line": 2,
  "left": 338,
  "end": 377,
  "height": 43,
  "top": 45,
  "ayah": 1,
  "page": 456,
  "width": 39,
  "verse_pos": 0
 },
 {
  "line": 2,
  "left": 13,
  "end": 337,
  "height": 43,
  "top": 45,
  "ayah": 2,
  "page": 456,
  "width": 324,
  "verse_pos": 1
 },
 {
  "line": 3,
  "left": 225,
  "end": 377,
  "height": 47,
  "top": 88,
  "ayah": 2,
  "page": 456,
  "width": 152,
  "verse_pos": 1
 },
 {
  "line": 3,
  "left": 13,
  "end": 224,
  "height": 47,
  "top": 88,
  "ayah": 3,
  "page": 456,
  "width": 211,
  "verse_pos": 2
 },
 {
  "line": 4,
  "left": 198,
  "end": 377,
  "height": 42,
  "top": 135,
  "ayah": 3,
  "page": 456,
  "width": 179,
  "verse_pos": 2
 },
 {
  "line": 4,
  "left": 13,
  "end": 197,
  "height": 42,
  "top": 135,
  "ayah": 4,
  "page": 456,
  "width": 184,
  "verse_pos": 3
 },
 {
  "line": 5,
  "left": 304,
  "end": 377,
  "height": 39,
  "top": 177,
  "ayah": 4,
  "page": 456,
  "width": 73,
  "verse_pos": 3
 },
 {
  "line": 5,
  "left": 59,
  "end": 303,
  "height": 39,
  "top": 177,
  "ayah": 5,
  "page": 456,
  "width": 244,
  "verse_pos": 4
 },
 {
  "line": 5,
  "left": 13,
  "end": 58,
  "height": 39,
  "top": 177,
  "ayah": 6,
  "page": 456,
  "width": 45,
  "verse_pos": 5
 },
 {
  "line": 6,
  "left": 75,
  "end": 377,
  "height": 47,
  "top": 216,
  "ayah": 6,
  "page": 456,
  "width": 302,
  "verse_pos": 5
 },
 {
  "line": 6,
  "left": 13,
  "end": 74,
  "height": 47,
  "top": 216,
  "ayah": 7,
  "page": 456,
  "width": 61,
  "verse_pos": 6
 },
 {
  "line": 7,
  "left": 188,
  "end": 377,
  "height": 44,
  "top": 263,
  "ayah": 7,
  "page": 456,
  "width": 189,
  "verse_pos": 6
 },
 {
  "line": 7,
  "left": 13,
  "end": 187,
  "height": 44,
  "top": 263,
  "ayah": 8,
  "page": 456,
  "width": 174,
  "verse_pos": 7
 },
 {
  "line": 8,
  "left": 340,
  "end": 377,
  "height": 44,
  "top": 307,
  "ayah": 8,
  "page": 456,
  "width": 37,
  "verse_pos": 7
 },
 {
  "line": 8,
  "left": 13,
  "end": 339,
  "height": 44,
  "top": 307,
  "ayah": 9,
  "page": 456,
  "width": 326,
  "verse_pos": 8
 },
 {
  "line": 9,
  "left": 143,
  "end": 377,
  "height": 38,
  "top": 351,
  "ayah": 10,
  "page": 456,
  "width": 234,
  "verse_pos": 9
 },
 {
  "line": 9,
  "left": 13,
  "end": 142,
  "height": 38,
  "top": 351,
  "ayah": 11,
  "page": 456,
  "width": 129,
  "verse_pos": 10
 },
 {
  "line": 10,
  "left": 291,
  "end": 377,
  "height": 45,
  "top": 389,
  "ayah": 11,
  "page": 456,
  "width": 86,
  "verse_pos": 10
 },
 {
  "line": 10,
  "left": 96,
  "end": 290,
  "height": 45,
  "top": 389,
  "ayah": 12,
  "page": 456,
  "width": 194,
  "verse_pos": 11
 },
 {
  "line": 10,
  "left": 13,
  "end": 95,
  "height": 45,
  "top": 389,
  "ayah": 13,
  "page": 456,
  "width": 82,
  "verse_pos": 12
 },
 {
  "line": 11,
  "left": 224,
  "end": 377,
  "height": 45,
  "top": 434,
  "ayah": 13,
  "page": 456,
  "width": 153,
  "verse_pos": 12
 },
 {
  "line": 11,
  "left": 44,
  "end": 223,
  "height": 45,
  "top": 434,
  "ayah": 14,
  "page": 456,
  "width": 179,
  "verse_pos": 13
 },
 {
  "line": 11,
  "left": 13,
  "end": 43,
  "height": 45,
  "top": 434,
  "ayah": 15,
  "page": 456,
  "width": 30,
  "verse_pos": 14
 },
 {
  "line": 12,
  "left": 198,
  "end": 377,
  "height": 37,
  "top": 479,
  "ayah": 15,
  "page": 456,
  "width": 179,
  "verse_pos": 14
 },
 {
  "line": 12,
  "left": 13,
  "end": 197,
  "height": 37,
  "top": 484,
  "ayah": 16,
  "page": 456,
  "width": 184,
  "verse_pos": 15
 },
 {
  "line": 13,
  "left": 13,
  "end": 377,
  "height": 45,
  "top": 521,
  "ayah": 16,
  "page": 456,
  "width": 364,
  "verse_pos": 16
 },
 {
  "line": 14,
  "left": 13,
  "end": 377,
  "height": 47,
  "top": 561,
  "ayah": 17,
  "page": 456,
  "width": 364,
  "verse_pos": 17
 },
 {
  "line": 15,
  "left": 13,
  "end": 377,
  "height": 42,
  "top": 608,
  "ayah": 18,
  "page": 456,
  "width": 364,
  "verse_pos": 18
 }
]
