[
 {
  "line": 1,
  "left": 16,
  "end": 374,
  "height": 37,
  "top": 50,
  "ayah": 1,
  "page": 187,
  "width": 358,
  "verse_pos": 0
 },
 {
  "line": 2,
  "left": 16,
  "end": 374,
  "height": 47,
  "top": 87,
  "ayah": 2,
  "page": 187,
  "width": 358,
  "verse_pos": 1
 },
 {
  "line": 3,
  "left": 168,
  "end": 374,
  "height": 42,
  "top": 134,
  "ayah": 2,
  "page": 187,
  "width": 206,
  "verse_pos": 1
 },
 {
  "line": 3,
  "left": 16,
  "end": 167,
  "height": 42,
  "top": 134,
  "ayah": 3,
  "page": 187,
  "width": 151,
  "verse_pos": 2
 },
 {
  "line": 4,
  "left": 16,
  "end": 374,
  "height": 43,
  "top": 176,
  "ayah": 3,
  "page": 187,
  "width": 358,
  "verse_pos": 2
 },
 {
  "line": 5,
  "left": 16,
  "end": 374,
  "height": 43,
  "top": 219,
  "ayah": 3,
  "page": 187,
  "width": 358,
  "verse_pos": 2
 },
 {
  "line": 6,
  "left": 16,
  "end": 374,
  "height": 46,
  "top": 262,
  "ayah": 3,
  "page": 187,
  "width": 358,
  "verse_pos": 2
 },
 {
  "line": 7,
  "left": 335,
  "end": 374,
  "height": 43,
  "top": 308,
  "ayah": 33,
  "page": 187,
  "width": 39,
  "verse_pos": 2
 },
 {
  "line": 7,
  "left": 16,
  "end": 334,
  "height": 43,
  "top": 308,
  "ayah": 4,
  "page": 187,
  "width": 318,
  "verse_pos": 3
 },
 {
  "line": 8,
  "left": 16,
  "end": 374,
  "height": 43,
  "top": 351,
  "ayah": 4,
  "page": 187,
  "width": 358,
  "verse_pos": 3
 },
 {
  "line": 9,
  "left": 167,
  "end": 374,
  "height": 40,
  "top": 394,
  "ayah": 4,
  "page": 187,
  "width": 207,
  "verse_pos": 3
 },
 {
  "line": 9,
  "left": 16,
  "end": 166,
  "height": 40,
  "top": 394,
  "ayah": 5,
  "page": 187,
  "width": 150,
  "verse_pos": 4
 },
 {
  "line": 10,
  "left": 16,
  "end": 374,
  "height": 45,
  "top": 434,
  "ayah": 5,
  "page": 187,
  "width": 358,
  "verse_pos": 4
 },
 {
  "line": 11,
  "left": 16,
  "end": 374,
  "height": 41,
  "top": 479,
  "ayah": 5,
  "page": 187,
  "width": 358,
  "verse_pos": 4
 },
 {
  "line": 12,
  "left": 16,
  "end": 374,
  "height": 45,
  "top": 520,
  "ayah": 5,
  "page": 187,
  "width": 358,
  "verse_pos": 4
 },
 {
  "line": 13,
  "left": 16,
  "end": 374,
  "height": 40,
  "top": 565,
  "ayah": 6,
  "page": 187,
  "width": 358,
  "verse_pos": 5
 },
 {
  "line": 14,
  "left": 16,
  "end": 374,
  "height": 42,
  "top": 605,
  "ayah": 6,
  "page": 187,
  "width": 358,
  "verse_pos": 5
 }
]