[
 {
  "line": 1,
  "left": 15,
  "end": 373,
  "height": 47,
  "top": 7,
  "ayah": 1,
  "page": 326,
  "width": 358,
  "verse_pos": 0
 },
 {
  "line": 2,
  "left": 256,
  "end": 373,
  "height": 40,
  "top": 54,
  "ayah": 1,
  "page": 326,
  "width": 117,
  "verse_pos": 0
 },
 {
  "line": 2,
  "left": 15,
  "end": 255,
  "height": 40,
  "top": 54,
  "ayah": 2,
  "page": 326,
  "width": 240,
  "verse_pos": 1
 },
 {
  "line": 3,
  "left": 103,
  "end": 373,
  "height": 42,
  "top": 94,
  "ayah": 2,
  "page": 326,
  "width": 270,
  "verse_pos": 1
 },
 {
  "line": 3,
  "left": 15,
  "end": 102,
  "height": 42,
  "top": 94,
  "ayah": 3,
  "page": 326,
  "width": 87,
  "verse_pos": 2
 },
 {
  "line": 4,
  "left": 15,
  "end": 373,
  "height": 44,
  "top": 136,
  "ayah": 3,
  "page": 326,
  "width": 358,
  "verse_pos": 2
 },
 {
  "line": 5,
  "left": 15,
  "end": 373,
  "height": 45,
  "top": 180,
  "ayah": 3,
  "page": 326,
  "width": 358,
  "verse_pos": 2
 },
 {
  "line": 6,
  "left": 337,
  "end": 373,
  "height": 41,
  "top": 225,
  "ayah": 3,
  "page": 326,
  "width": 36,
  "verse_pos": 2
 },
 {
  "line": 6,
  "left": 15,
  "end": 336,
  "height": 41,
  "top": 225,
  "ayah": 4,
  "page": 326,
  "width": 321,
  "verse_pos": 3
 },
 {
  "line": 7,
  "left": 270,
  "end": 373,
  "height": 40,
  "top": 266,
  "ayah": 4,
  "page": 326,
  "width": 103,
  "verse_pos": 3
 },
 {
  "line": 7,
  "left": 15,
  "end": 269,
  "height": 40,
  "top": 266,
  "ayah": 5,
  "page": 326,
  "width": 254,
  "verse_pos": 4
 },
 {
  "line": 8,
  "left": 216,
  "end": 373,
  "height": 48,
  "top": 306,
  "ayah": 5,
  "page": 326,
  "width": 157,
  "verse_pos": 4
 },
 {
  "line": 8,
  "left": 15,
  "end": 215,
  "height": 48,
  "top": 306,
  "ayah": 6,
  "page": 326,
  "width": 200,
  "verse_pos": 5
 },
 {
  "line": 9,
  "left": 283,
  "end": 373,
  "height": 41,
  "top": 354,
  "ayah": 6,
  "page": 326,
  "width": 90,
  "verse_pos": 5
 },
 {
  "line": 9,
  "left": 15,
  "end": 282,
  "height": 41,
  "top": 354,
  "ayah": 7,
  "page": 326,
  "width": 267,
  "verse_pos": 6
 },
 {
  "line": 10,
  "left": 265,
  "end": 373,
  "height": 43,
  "top": 395,
  "ayah": 7,
  "page": 326,
  "width": 108,
  "verse_pos": 6
 },
 {
  "line": 10,
  "left": 15,
  "end": 264,
  "height": 43,
  "top": 395,
  "ayah": 8,
  "page": 326,
  "width": 249,
  "verse_pos": 7
 },
 {
  "line": 11,
  "left": 242,
  "end": 373,
  "height": 44,
  "top": 438,
  "ayah": 8,
  "page": 326,
  "width": 131,
  "verse_pos": 7
 },
 {
  "line": 11,
  "left": 15,
  "end": 241,
  "height": 44,
  "top": 438,
  "ayah": 9,
  "page": 326,
  "width": 226,
  "verse_pos": 8
 },
 {
  "line": 12,
  "left": 48,
  "end": 373,
  "height": 42,
  "top": 482,
  "ayah": 10,
  "page": 326,
  "width": 325,
  "verse_pos": 9
 },
 {
  "line": 12,
  "left": 15,
  "end": 47,
  "height": 42,
  "top": 482,
  "ayah": 11,
  "page": 326,
  "width": 32,
  "verse_pos": 10
 },
 {
  "line": 13,
  "left": 153,
  "end": 373,
  "height": 44,
  "top": 524,
  "ayah": 11,
  "page": 326,
  "width": 220,
  "verse_pos": 10
 },
 {
  "line": 13,
  "left": 15,
  "end": 152,
  "height": 44,
  "top": 524,
  "ayah": 12,
  "page": 326,
  "width": 137,
  "verse_pos": 11
 },
 {
  "line": 14,
  "left": 15,
  "end": 373,
  "height": 39,
  "top": 568,
  "ayah": 12,
  "page": 326,
  "width": 358,
  "verse_pos": 11
 },
 {
  "line": 15,
  "left": 337,
  "end": 373,
  "height": 42,
  "top": 607,
  "ayah": 12,
  "page": 326,
  "width": 36,
  "verse_pos": 11
 },
 {
  "line": 15,
  "left": 15,
  "end": 336,
  "height": 42,
  "top": 607,
  "ayah": 13,
  "page": 326,
  "width": 321,
  "verse_pos": 12
 }
]