[
 {
  "line": 1,
  "left": 14,
  "end": 373,
  "height": 47,
  "top": 7,
  "ayah": 1,
  "page": 247,
  "width": 359,
  "verse_pos": 0
 },
 {
  "line": 2,
  "left": 48,
  "end": 373,
  "height": 42,
  "top": 54,
  "ayah": 1,
  "page": 247,
  "width": 325,
  "verse_pos": 0
 },
 {
  "line": 2,
  "left": 14,
  "end": 48,
  "height": 42,
  "top": 54,
  "ayah": 2,
  "page": 247,
  "width": 34,
  "verse_pos": 1
 },
 {
  "line": 3,
  "left": 89,
  "end": 373,
  "height": 41,
  "top": 96,
  "ayah": 2,
  "page": 247,
  "width": 284,
  "verse_pos": 1
 },
 {
  "line": 3,
  "left": 14,
  "end": 88,
  "height": 41,
  "top": 96,
  "ayah": 3,
  "page": 247,
  "width": 74,
  "verse_pos": 2
 },
 {
  "line": 4,
  "left": 61,
  "end": 373,
  "height": 46,
  "top": 137,
  "ayah": 3,
  "page": 247,
  "width": 312,
  "verse_pos": 2
 },
 {
  "line": 4,
  "left": 14,
  "end": 60,
  "height": 46,
  "top": 137,
  "ayah": 4,
  "page": 247,
  "width": 46,
  "verse_pos": 3
 },
 {
  "line": 5,
  "left": 14,
  "end": 373,
  "height": 44,
  "top": 183,
  "ayah": 4,
  "page": 247,
  "width": 359,
  "verse_pos": 3
 },
 {
  "line": 6,
  "left": 214,
  "end": 373,
  "height": 37,
  "top": 227,
  "ayah": 4,
  "page": 247,
  "width": 159,
  "verse_pos": 3
 },
 {
  "line": 6,
  "left": 14,
  "end": 213,
  "height": 37,
  "top": 227,
  "ayah": 5,
  "page": 247,
  "width": 199,
  "verse_pos": 4
 },
 {
  "line": 7,
  "left": 14,
  "end": 373,
  "height": 44,
  "top": 264,
  "ayah": 5,
  "page": 247,
  "width": 359,
  "verse_pos": 4
 },
 {
  "line": 8,
  "left": 14,
  "end": 373,
  "height": 47,
  "top": 308,
  "ayah": 5,
  "page": 247,
  "width": 359,
  "verse_pos": 4
 },
 {
  "line": 9,
  "left": 14,
  "end": 373,
  "height": 40,
  "top": 355,
  "ayah": 5,
  "page": 247,
  "width": 359,
  "verse_pos": 4
 },
 {
  "line": 10,
  "left": 72,
  "end": 373,
  "height": 45,
  "top": 395,
  "ayah": 5,
  "page": 247,
  "width": 301,
  "verse_pos": 4
 },
 {
  "line": 10,
  "left": 14,
  "end": 71,
  "height": 45,
  "top": 395,
  "ayah": 6,
  "page": 247,
  "width": 57,
  "verse_pos": 5
 },
 {
  "line": 11,
  "left": 14,
  "end": 373,
  "height": 44,
  "top": 440,
  "ayah": 6,
  "page": 247,
  "width": 359,
  "verse_pos": 5
 },
 {
  "line": 12,
  "left": 14,
  "end": 373,
  "height": 43,
  "top": 484,
  "ayah": 6,
  "page": 247,
  "width": 359,
  "verse_pos": 5
 },
 {
  "line": 13,
  "left": 149,
  "end": 373,
  "height": 42,
  "top": 527,
  "ayah": 6,
  "page": 247,
  "width": 224,
  "verse_pos": 5
 },
 {
  "line": 13,
  "left": 14,
  "end": 148,
  "height": 42,
  "top": 527,
  "ayah": 7,
  "page": 247,
  "width": 134,
  "verse_pos": 6
 },
 {
  "line": 14,
  "left": 14,
  "end": 373,
  "height": 44,
  "top": 569,
  "ayah": 7,
  "page": 247,
  "width": 359,
  "verse_pos": 6
 },
 {
  "line": 15,
  "left": 335,
  "end": 373,
  "height": 42,
  "top": 613,
  "ayah": 7,
  "page": 247,
  "width": 38,
  "verse_pos": 6
 },
 {
  "line": 15,
  "left": 14,
  "end": 334,
  "height": 42,
  "top": 613,
  "ayah": 8,
  "page": 247,
  "width": 320,
  "verse_pos": 7
 }
]