[
 {
  "line": 1,
  "left": 15,
  "end": 370,
  "height": 44,
  "top": 7,
  "ayah": 1,
  "page": 381,
  "width": 355,
  "verse_pos": 0
 },
 {
  "line": 2,
  "left": 174,
  "end": 370,
  "height": 40,
  "top": 51,
  "ayah": 1,
  "page": 381,
  "width": 196,
  "verse_pos": 0
 },
 {
  "line": 2,
  "left": 15,
  "end": 173,
  "height": 40,
  "top": 51,
  "ayah": 2,
  "page": 381,
  "width": 158,
  "verse_pos": 1
 },
 {
  "line": 3,
  "left": 15,
  "end": 370,
  "height": 43,
  "top": 91,
  "ayah": 2,
  "page": 381,
  "width": 355,
  "verse_pos": 1
 },
 {
  "line": 4,
  "left": 265,
  "end": 370,
  "height": 40,
  "top": 134,
  "ayah": 2,
  "page": 381,
  "width": 105,
  "verse_pos": 1
 },
 {
  "line": 4,
  "left": 15,
  "end": 264,
  "height": 40,
  "top": 134,
  "ayah": 3,
  "page": 381,
  "width": 249,
  "verse_pos": 2
 },
 {
  "line": 5,
  "left": 160,
  "end": 370,
  "height": 47,
  "top": 174,
  "ayah": 3,
  "page": 381,
  "width": 210,
  "verse_pos": 2
 },
 {
  "line": 5,
  "left": 15,
  "end": 159,
  "height": 47,
  "top": 174,
  "ayah": 4,
  "page": 381,
  "width": 144,
  "verse_pos": 3
 },
 {
  "line": 6,
  "left": 56,
  "end": 370,
  "height": 42,
  "top": 221,
  "ayah": 4,
  "page": 381,
  "width": 314,
  "verse_pos": 3
 },
 {
  "line": 6,
  "left": 15,
  "end": 55,
  "height": 42,
  "top": 221,
  "ayah": 5,
  "page": 381,
  "width": 40,
  "verse_pos": 4
 },
 {
  "line": 7,
  "left": 15,
  "end": 370,
  "height": 43,
  "top": 263,
  "ayah": 5,
  "page": 381,
  "width": 355,
  "verse_pos": 4
 },
 {
  "line": 8,
  "left": 118,
  "end": 370,
  "height": 46,
  "top": 306,
  "ayah": 5,
  "page": 381,
  "width": 252,
  "verse_pos": 4
 },
 {
  "line": 8,
  "left": 15,
  "end": 117,
  "height": 46,
  "top": 306,
  "ayah": 6,
  "page": 381,
  "width": 102,
  "verse_pos": 5
 },
 {
  "line": 9,
  "left": 109,
  "end": 370,
  "height": 42,
  "top": 352,
  "ayah": 6,
  "page": 381,
  "width": 261,
  "verse_pos": 5
 },
 {
  "line": 9,
  "left": 15,
  "end": 108,
  "height": 42,
  "top": 352,
  "ayah": 7,
  "page": 381,
  "width": 93,
  "verse_pos": 6
 },
 {
  "line": 10,
  "left": 15,
  "end": 370,
  "height": 38,
  "top": 394,
  "ayah": 7,
  "page": 381,
  "width": 355,
  "verse_pos": 6
 },
 {
  "line": 11,
  "left": 334,
  "end": 370,
  "height": 48,
  "top": 432,
  "ayah": 7,
  "page": 381,
  "width": 36,
  "verse_pos": 6
 },
 {
  "line": 11,
  "left": 15,
  "end": 333,
  "height": 48,
  "top": 432,
  "ayah": 8,
  "page": 381,
  "width": 318,
  "verse_pos": 7
 },
 {
  "line": 12,
  "left": 176,
  "end": 370,
  "height": 42,
  "top": 480,
  "ayah": 8,
  "page": 381,
  "width": 194,
  "verse_pos": 7
 },
 {
  "line": 12,
  "left": 15,
  "end": 175,
  "height": 42,
  "top": 480,
  "ayah": 9,
  "page": 381,
  "width": 160,
  "verse_pos": 8
 },
 {
  "line": 13,
  "left": 203,
  "end": 370,
  "height": 42,
  "top": 522,
  "ayah": 9,
  "page": 381,
  "width": 167,
  "verse_pos": 8
 },
 {
  "line": 13,
  "left": 15,
  "end": 202,
  "height": 42,
  "top": 522,
  "ayah": 10,
  "page": 381,
  "width": 187,
  "verse_pos": 9
 },
 {
  "line": 14,
  "left": 100,
  "end": 370,
  "height": 42,
  "top": 564,
  "ayah": 10,
  "page": 381,
  "width": 270,
  "verse_pos": 9
 },
 {
  "line": 14,
  "left": 15,
  "end": 99,
  "height": 42,
  "top": 564,
  "ayah": 11,
  "page": 381,
  "width": 84,
  "verse_pos": 10
 },
 {
  "line": 15,
  "left": 15,
  "end": 370,
  "height": 46,
  "top": 606,
  "ayah": 11,
  "page": 381,
  "width": 355,
  "verse_pos": 10
 }
]