[
 {
  "line": 1,
  "left": 14,
  "end": 372,
  "height": 47,
  "top": 4,
  "ayah": 1,
  "page": 237,
  "width": 358,
  "verse_pos": 0
 },
 {
  "line": 2,
  "left": 64,
  "end": 372,
  "height": 43,
  "top": 51,
  "ayah": 1,
  "page": 237,
  "width": 308,
  "verse_pos": 0
 },
 {
  "line": 2,
  "left": 14,
  "end": 63,
  "height": 43,
  "top": 51,
  "ayah": 2,
  "page": 237,
  "width": 49,
  "verse_pos": 1
 },
 {
  "line": 3,
  "left": 201,
  "end": 372,
  "height": 37,
  "top": 94,
  "ayah": 2,
  "page": 237,
  "width": 171,
  "verse_pos": 1
 },
 {
  "line": 3,
  "left": 14,
  "end": 200,
  "height": 37,
  "top": 94,
  "ayah": 3,
  "page": 237,
  "width": 186,
  "verse_pos": 2
 },
 {
  "line": 4,
  "left": 14,
  "end": 372,
  "height": 48,
  "top": 131,
  "ayah": 3,
  "page": 237,
  "width": 358,
  "verse_pos": 2
 },
 {
  "line": 5,
  "left": 138,
  "end": 372,
  "height": 38,
  "top": 179,
  "ayah": 3,
  "page": 237,
  "width": 234,
  "verse_pos": 2
 },
 {
  "line": 5,
  "left": 14,
  "end": 137,
  "height": 38,
  "top": 179,
  "ayah": 4,
  "page": 237,
  "width": 123,
  "verse_pos": 3
 },
 {
  "line": 6,
  "left": 14,
  "end": 372,
  "height": 46,
  "top": 217,
  "ayah": 4,
  "page": 237,
  "width": 358,
  "verse_pos": 3
 },
 {
  "line": 7,
  "left": 153,
  "end": 372,
  "height": 40,
  "top": 263,
  "ayah": 4,
  "page": 237,
  "width": 219,
  "verse_pos": 3
 },
 {
  "line": 7,
  "left": 14,
  "end": 152,
  "height": 40,
  "top": 263,
  "ayah": 5,
  "page": 237,
  "width": 138,
  "verse_pos": 4
 },
 {
  "line": 8,
  "left": 14,
  "end": 372,
  "height": 50,
  "top": 303,
  "ayah": 5,
  "page": 237,
  "width": 358,
  "verse_pos": 4
 },
 {
  "line": 9,
  "left": 164,
  "end": 372,
  "height": 41,
  "top": 353,
  "ayah": 5,
  "page": 237,
  "width": 208,
  "verse_pos": 4
 },
 {
  "line": 9,
  "left": 14,
  "end": 163,
  "height": 44,
  "top": 353,
  "ayah": 6,
  "page": 237,
  "width": 149,
  "verse_pos": 5
 },
 {
  "line": 10,
  "left": 54,
  "end": 372,
  "height": 38,
  "top": 397,
  "ayah": 6,
  "page": 237,
  "width": 318,
  "verse_pos": 5
 },
 {
  "line": 10,
  "left": 14,
  "end": 53,
  "height": 38,
  "top": 397,
  "ayah": 7,
  "page": 237,
  "width": 39,
  "verse_pos": 6
 },
 {
  "line": 11,
  "left": 14,
  "end": 372,
  "height": 42,
  "top": 435,
  "ayah": 7,
  "page": 237,
  "width": 358,
  "verse_pos": 6
 },
 {
  "line": 12,
  "left": 14,
  "end": 372,
  "height": 43,
  "top": 477,
  "ayah": 7,
  "page": 237,
  "width": 358,
  "verse_pos": 6
 },
 {
  "line": 13,
  "left": 14,
  "end": 372,
  "height": 45,
  "top": 520,
  "ayah": 7,
  "page": 237,
  "width": 358,
  "verse_pos": 6
 },
 {
  "line": 14,
  "left": 70,
  "end": 372,
  "height": 40,
  "top": 565,
  "ayah": 7,
  "page": 237,
  "width": 302,
  "verse_pos": 6
 },
 {
  "line": 14,
  "left": 14,
  "end": 70,
  "height": 40,
  "top": 565,
  "ayah": 8,
  "page": 237,
  "width": 56,
  "verse_pos": 7
 },
 {
  "line": 15,
  "left": 14,
  "end": 372,
  "height": 46,
  "top": 605,
  "ayah": 8,
  "page": 237,
  "width": 358,
  "verse_pos": 7
 }
]