[
 {
  "line": 1,
  "left": 18,
  "end": 369,
  "height": 44,
  "top": 7,
  "ayah": 1,
  "page": 561,
  "width": 351,
  "verse_pos": 0
 },
 {
  "line": 2,
  "left": 18,
  "end": 369,
  "height": 42,
  "top": 51,
  "ayah": 1,
  "page": 561,
  "width": 351,
  "verse_pos": 0
 },
 {
  "line": 3,
  "left": 18,
  "end": 369,
  "height": 41,
  "top": 93,
  "ayah": 1,
  "page": 561,
  "width": 351,
  "verse_pos": 0
 },
 {
  "line": 4,
  "left": 18,
  "end": 369,
  "height": 42,
  "top": 134,
  "ayah": 1,
  "page": 561,
  "width": 351,
  "verse_pos": 0
 },
 {
  "line": 5,
  "left": 18,
  "end": 369,
  "height": 46,
  "top": 176,
  "ayah": 1,
  "page": 561,
  "width": 351,
  "verse_pos": 0
 },
 {
  "line": 6,
  "left": 18,
  "end": 369,
  "height": 41,
  "top": 222,
  "ayah": 2,
  "page": 561,
  "width": 351,
  "verse_pos": 1
 },
 {
  "line": 7,
  "left": 134,
  "end": 369,
  "height": 44,
  "top": 263,
  "ayah": 2,
  "page": 561,
  "width": 235,
  "verse_pos": 1
 },
 {
  "line": 7,
  "left": 18,
  "end": 133,
  "height": 44,
  "top": 263,
  "ayah": 3,
  "page": 561,
  "width": 115,
  "verse_pos": 2
 },
 {
  "line": 8,
  "left": 18,
  "end": 369,
  "height": 45,
  "top": 307,
  "ayah": 3,
  "page": 561,
  "width": 351,
  "verse_pos": 2
 },
 {
  "line": 9,
  "left": 18,
  "end": 369,
  "height": 44,
  "top": 352,
  "ayah": 3,
  "page": 561,
  "width": 351,
  "verse_pos": 2
 },
 {
  "line": 10,
  "left": 18,
  "end": 369,
  "height": 42,
  "top": 396,
  "ayah": 3,
  "page": 561,
  "width": 351,
  "verse_pos": 2
 },
 {
  "line": 11,
  "left": 18,
  "end": 369,
  "height": 44,
  "top": 438,
  "ayah": 4,
  "page": 561,
  "width": 351,
  "verse_pos": 3
 },
 {
  "line": 12,
  "left": 18,
  "end": 369,
  "height": 41,
  "top": 482,
  "ayah": 4,
  "page": 561,
  "width": 351,
  "verse_pos": 3
 },
 {
  "line": 13,
  "left": 89,
  "end": 369,
  "height": 44,
  "top": 523,
  "ayah": 4,
  "page": 561,
  "width": 280,
  "verse_pos": 3
 },
 {
  "line": 13,
  "left": 18,
  "end": 88,
  "height": 44,
  "top": 523,
  "ayah": 5,
  "page": 561,
  "width": 70,
  "verse_pos": 4
 },
 {
  "line": 14,
  "left": 18,
  "end": 369,
  "height": 41,
  "top": 567,
  "ayah": 5,
  "page": 561,
  "width": 351,
  "verse_pos": 4
 },
 {
  "line": 15,
  "left": 18,
  "end": 369,
  "height": 42,
  "top": 608,
  "ayah": 5,
  "page": 561,
  "width": 351,
  "verse_pos": 4
 }
]