[
 {
  "line": 1,
  "left": 9,
  "end": 376,
  "height": 45,
  "top": 6,
  "ayah": 1,
  "page": 214,
  "width": 367,
  "verse_pos": 0
 },
 {
  "line": 2,
  "left": 247,
  "end": 376,
  "height": 40,
  "top": 51,
  "ayah": 1,
  "page": 214,
  "width": 129,
  "verse_pos": 0
 },
 {
  "line": 2,
  "left": 9,
  "end": 246,
  "height": 40,
  "top": 51,
  "ayah": 2,
  "page": 214,
  "width": 237,
  "verse_pos": 1
 },
 {
  "line": 3,
  "left": 192,
  "end": 376,
  "height": 43,
  "top": 91,
  "ayah": 2,
  "page": 214,
  "width": 184,
  "verse_pos": 1
 },
 {
  "line": 3,
  "left": 9,
  "end": 192,
  "height": 43,
  "top": 91,
  "ayah": 3,
  "page": 214,
  "width": 183,
  "verse_pos": 2
 },
 {
  "line": 4,
  "left": 9,
  "end": 376,
  "height": 44,
  "top": 134,
  "ayah": 3,
  "page": 214,
  "width": 367,
  "verse_pos": 2
 },
 {
  "line": 5,
  "left": 235,
  "end": 376,
  "height": 46,
  "top": 178,
  "ayah": 3,
  "page": 214,
  "width": 141,
  "verse_pos": 2
 },
 {
  "line": 5,
  "left": 9,
  "end": 234,
  "height": 46,
  "top": 178,
  "ayah": 4,
  "page": 214,
  "width": 225,
  "verse_pos": 3
 },
 {
  "line": 6,
  "left": 66,
  "end": 376,
  "height": 37,
  "top": 224,
  "ayah": 4,
  "page": 214,
  "width": 310,
  "verse_pos": 3
 },
 {
  "line": 6,
  "left": 9,
  "end": 66,
  "height": 37,
  "top": 224,
  "ayah": 5,
  "page": 214,
  "width": 57,
  "verse_pos": 4
 },
 {
  "line": 7,
  "left": 9,
  "end": 376,
  "height": 47,
  "top": 261,
  "ayah": 5,
  "page": 214,
  "width": 367,
  "verse_pos": 4
 },
 {
  "line": 8,
  "left": 266,
  "end": 376,
  "height": 38,
  "top": 308,
  "ayah": 5,
  "page": 214,
  "width": 110,
  "verse_pos": 4
 },
 {
  "line": 8,
  "left": 9,
  "end": 265,
  "height": 38,
  "top": 308,
  "ayah": 6,
  "page": 214,
  "width": 256,
  "verse_pos": 5
 },
 {
  "line": 9,
  "left": 340,
  "end": 376,
  "height": 43,
  "top": 346,
  "ayah": 6,
  "page": 214,
  "width": 36,
  "verse_pos": 5
 },
 {
  "line": 9,
  "left": 9,
  "end": 339,
  "height": 43,
  "top": 346,
  "ayah": 7,
  "page": 214,
  "width": 330,
  "verse_pos": 6
 },
 {
  "line": 10,
  "left": 9,
  "end": 376,
  "height": 47,
  "top": 389,
  "ayah": 7,
  "page": 214,
  "width": 367,
  "verse_pos": 6
 },
 {
  "line": 11,
  "left": 9,
  "end": 376,
  "height": 45,
  "top": 436,
  "ayah": 8,
  "page": 214,
  "width": 367,
  "verse_pos": 7
 },
 {
  "line": 12,
  "left": 273,
  "end": 376,
  "height": 42,
  "top": 481,
  "ayah": 8,
  "page": 214,
  "width": 103,
  "verse_pos": 7
 },
 {
  "line": 12,
  "left": 9,
  "end": 272,
  "height": 42,
  "top": 481,
  "ayah": 9,
  "page": 214,
  "width": 263,
  "verse_pos": 8
 },
 {
  "line": 13,
  "left": 267,
  "end": 376,
  "height": 41,
  "top": 523,
  "ayah": 9,
  "page": 214,
  "width": 109,
  "verse_pos": 8
 },
 {
  "line": 13,
  "left": 9,
  "end": 266,
  "height": 41,
  "top": 523,
  "ayah": 10,
  "page": 214,
  "width": 257,
  "verse_pos": 9
 },
 {
  "line": 14,
  "left": 121,
  "end": 376,
  "height": 40,
  "top": 564,
  "ayah": 10,
  "page": 214,
  "width": 255,
  "verse_pos": 9
 },
 {
  "line": 14,
  "left": 9,
  "end": 120,
  "height": 40,
  "top": 564,
  "ayah": 11,
  "page": 214,
  "width": 111,
  "verse_pos": 10
 },
 {
  "line": 15,
  "left": 9,
  "end": 376,
  "height": 46,
  "top": 604,
  "ayah": 11,
  "page": 214,
  "width": 367,
  "verse_pos": 10
 }
]