[
 {
  "line": 1,
  "left": 13,
  "end": 375,
  "height": 46,
  "top": 7,
  "ayah": 1,
  "page": 286,
  "width": 362,
  "verse_pos": 0
 },
 {
  "line": 2,
  "left": 134,
  "end": 375,
  "height": 40,
  "top": 53,
  "ayah": 1,
  "page": 286,
  "width": 241,
  "verse_pos": 0
 },
 {
  "line": 2,
  "left": 13,
  "end": 133,
  "height": 40,
  "top": 53,
  "ayah": 2,
  "page": 286,
  "width": 120,
  "verse_pos": 1
 },
 {
  "line": 3,
  "left": 13,
  "end": 375,
  "height": 43,
  "top": 93,
  "ayah": 2,
  "page": 286,
  "width": 362,
  "verse_pos": 1
 },
 {
  "line": 4,
  "left": 13,
  "end": 375,
  "height": 43,
  "top": 136,
  "ayah": 3,
  "page": 286,
  "width": 362,
  "verse_pos": 2
 },
 {
  "line": 5,
  "left": 13,
  "end": 375,
  "height": 44,
  "top": 179,
  "ayah": 4,
  "page": 286,
  "width": 362,
  "verse_pos": 3
 },
 {
  "line": 6,
  "left": 342,
  "end": 375,
  "height": 39,
  "top": 223,
  "ayah": 4,
  "page": 286,
  "width": 33,
  "verse_pos": 3
 },
 {
  "line": 6,
  "left": 105,
  "end": 341,
  "height": 39,
  "top": 223,
  "ayah": 5,
  "page": 286,
  "width": 236,
  "verse_pos": 4
 },
 {
  "line": 6,
  "left": 13,
  "end": 104,
  "height": 39,
  "top": 223,
  "ayah": 6,
  "page": 286,
  "width": 91,
  "verse_pos": 5
 },
 {
  "line": 7,
  "left": 13,
  "end": 375,
  "height": 46,
  "top": 262,
  "ayah": 6,
  "page": 286,
  "width": 362,
  "verse_pos": 5
 },
 {
  "line": 8,
  "left": 93,
  "end": 375,
  "height": 44,
  "top": 308,
  "ayah": 6,
  "page": 286,
  "width": 282,
  "verse_pos": 5
 },
 {
  "line": 8,
  "left": 13,
  "end": 92,
  "height": 44,
  "top": 308,
  "ayah": 7,
  "page": 286,
  "width": 79,
  "verse_pos": 6
 },
 {
  "line": 9,
  "left": 13,
  "end": 375,
  "height": 42,
  "top": 352,
  "ayah": 7,
  "page": 286,
  "width": 362,
  "verse_pos": 6
 },
 {
  "line": 10,
  "left": 293,
  "end": 375,
  "height": 44,
  "top": 394,
  "ayah": 7,
  "page": 286,
  "width": 82,
  "verse_pos": 6
 },
 {
  "line": 10,
  "left": 13,
  "end": 292,
  "height": 44,
  "top": 394,
  "ayah": 8,
  "page": 286,
  "width": 279,
  "verse_pos": 7
 },
 {
  "line": 11,
  "left": 13,
  "end": 375,
  "height": 45,
  "top": 438,
  "ayah": 8,
  "page": 286,
  "width": 362,
  "verse_pos": 7
 },
 {
  "line": 12,
  "left": 338,
  "end": 375,
  "height": 39,
  "top": 483,
  "ayah": 8,
  "page": 286,
  "width": 37,
  "verse_pos": 7
 },
 {
  "line": 12,
  "left": 13,
  "end": 337,
  "height": 39,
  "top": 483,
  "ayah": 9,
  "page": 286,
  "width": 324,
  "verse_pos": 8
 },
 {
  "line": 13,
  "left": 58,
  "end": 375,
  "height": 43,
  "top": 522,
  "ayah": 9,
  "page": 286,
  "width": 317,
  "verse_pos": 8
 },
 {
  "line": 13,
  "left": 13,
  "end": 59,
  "height": 43,
  "top": 522,
  "ayah": 10,
  "page": 286,
  "width": 46,
  "verse_pos": 9
 },
 {
  "line": 14,
  "left": 13,
  "end": 375,
  "height": 43,
  "top": 565,
  "ayah": 10,
  "page": 286,
  "width": 362,
  "verse_pos": 9
 },
 {
  "line": 15,
  "left": 13,
  "end": 375,
  "height": 46,
  "top": 608,
  "ayah": 11,
  "page": 286,
  "width": 362,
  "verse_pos": 10
 }
]