[
 {
  "line": 1,
  "left": 18,
  "end": 368,
  "height": 37,
  "top": 7,
  "ayah": 1,
  "page": 51,
  "width": 350,
  "verse_pos": 0
 },
 {
  "line": 2,
  "left": 110,
  "end": 368,
  "height": 48,
  "top": 44,
  "ayah": 1,
  "page": 51,
  "width": 258,
  "verse_pos": 0
 },
 {
  "line": 2,
  "left": 18,
  "end": 109,
  "height": 48,
  "top": 44,
  "ayah": 2,
  "page": 51,
  "width": 91,
  "verse_pos": 1
 },
 {
  "line": 3,
  "left": 18,
  "end": 368,
  "height": 43,
  "top": 92,
  "ayah": 2,
  "page": 51,
  "width": 350,
  "verse_pos": 1
 },
 {
  "line": 4,
  "left": 212,
  "end": 368,
  "height": 39,
  "top": 135,
  "ayah": 2,
  "page": 51,
  "width": 156,
  "verse_pos": 1
 },
 {
  "line": 4,
  "left": 18,
  "end": 211,
  "height": 39,
  "top": 135,
  "ayah": 3,
  "page": 51,
  "width": 193,
  "verse_pos": 2
 },
 {
  "line": 5,
  "left": 87,
  "end": 368,
  "height": 43,
  "top": 174,
  "ayah": 3,
  "page": 51,
  "width": 281,
  "verse_pos": 2
 },
 {
  "line": 5,
  "left": 18,
  "end": 86,
  "height": 43,
  "top": 174,
  "ayah": 4,
  "page": 51,
  "width": 68,
  "verse_pos": 3
 },
 {
  "line": 6,
  "left": 18,
  "end": 368,
  "height": 48,
  "top": 217,
  "ayah": 4,
  "page": 51,
  "width": 350,
  "verse_pos": 3
 },
 {
  "line": 7,
  "left": 18,
  "end": 368,
  "height": 38,
  "top": 265,
  "ayah": 4,
  "page": 51,
  "width": 350,
  "verse_pos": 3
 },
 {
  "line": 8,
  "left": 18,
  "end": 368,
  "height": 47,
  "top": 303,
  "ayah": 4,
  "page": 51,
  "width": 350,
  "verse_pos": 3
 },
 {
  "line": 9,
  "left": 269,
  "end": 368,
  "height": 42,
  "top": 350,
  "ayah": 4,
  "page": 51,
  "width": 99,
  "verse_pos": 3
 },
 {
  "line": 9,
  "left": 18,
  "end": 268,
  "height": 42,
  "top": 350,
  "ayah": 5,
  "page": 51,
  "width": 250,
  "verse_pos": 4
 },
 {
  "line": 10,
  "left": 18,
  "end": 368,
  "height": 43,
  "top": 392,
  "ayah": 5,
  "page": 51,
  "width": 350,
  "verse_pos": 4
 },
 {
  "line": 11,
  "left": 18,
  "end": 368,
  "height": 39,
  "top": 435,
  "ayah": 5,
  "page": 51,
  "width": 350,
  "verse_pos": 4
 },
 {
  "line": 12,
  "left": 69,
  "end": 368,
  "height": 46,
  "top": 474,
  "ayah": 5,
  "page": 51,
  "width": 299,
  "verse_pos": 4
 },
 {
  "line": 12,
  "left": 18,
  "end": 68,
  "height": 46,
  "top": 474,
  "ayah": 6,
  "page": 51,
  "width": 50,
  "verse_pos": 5
 },
 {
  "line": 13,
  "left": 18,
  "end": 368,
  "height": 45,
  "top": 520,
  "ayah": 6,
  "page": 51,
  "width": 350,
  "verse_pos": 5
 },
 {
  "line": 14,
  "left": 18,
  "end": 368,
  "height": 40,
  "top": 565,
  "ayah": 6,
  "page": 51,
  "width": 350,
  "verse_pos": 5
 },
 {
  "line": 15,
  "left": 18,
  "end": 368,
  "height": 44,
  "top": 605,
  "ayah": 6,
  "page": 51,
  "width": 350,
  "verse_pos": 5
 }
]