[
 {
  "line": 1,
  "left": 16,
  "end": 369,
  "height": 42,
  "top": 7,
  "ayah": 1,
  "page": 227,
  "width": 353,
  "verse_pos": 0
 },
 {
  "line": 2,
  "left": 16,
  "end": 369,
  "height": 42,
  "top": 49,
  "ayah": 1,
  "page": 227,
  "width": 353,
  "verse_pos": 0
 },
 {
  "line": 3,
  "left": 16,
  "end": 369,
  "height": 47,
  "top": 91,
  "ayah": 2,
  "page": 227,
  "width": 353,
  "verse_pos": 1
 },
 {
  "line": 4,
  "left": 81,
  "end": 369,
  "height": 40,
  "top": 138,
  "ayah": 2,
  "page": 227,
  "width": 288,
  "verse_pos": 1
 },
 {
  "line": 4,
  "left": 16,
  "end": 81,
  "height": 40,
  "top": 138,
  "ayah": 3,
  "page": 227,
  "width": 65,
  "verse_pos": 2
 },
 {
  "line": 5,
  "left": 16,
  "end": 369,
  "height": 43,
  "top": 178,
  "ayah": 3,
  "page": 227,
  "width": 353,
  "verse_pos": 2
 },
 {
  "line": 6,
  "left": 64,
  "end": 369,
  "height": 45,
  "top": 221,
  "ayah": 3,
  "page": 227,
  "width": 305,
  "verse_pos": 2
 },
 {
  "line": 6,
  "left": 16,
  "end": 63,
  "height": 45,
  "top": 221,
  "ayah": 4,
  "page": 227,
  "width": 47,
  "verse_pos": 3
 },
 {
  "line": 7,
  "left": 16,
  "end": 369,
  "height": 41,
  "top": 266,
  "ayah": 4,
  "page": 227,
  "width": 353,
  "verse_pos": 3
 },
 {
  "line": 8,
  "left": 77,
  "end": 369,
  "height": 42,
  "top": 307,
  "ayah": 4,
  "page": 227,
  "width": 292,
  "verse_pos": 3
 },
 {
  "line": 8,
  "left": 16,
  "end": 76,
  "height": 42,
  "top": 307,
  "ayah": 5,
  "page": 227,
  "width": 60,
  "verse_pos": 4
 },
 {
  "line": 9,
  "left": 16,
  "end": 369,
  "height": 44,
  "top": 349,
  "ayah": 5,
  "page": 227,
  "width": 353,
  "verse_pos": 4
 },
 {
  "line": 10,
  "left": 152,
  "end": 369,
  "height": 42,
  "top": 393,
  "ayah": 5,
  "page": 227,
  "width": 217,
  "verse_pos": 4
 },
 {
  "line": 10,
  "left": 16,
  "end": 152,
  "height": 42,
  "top": 393,
  "ayah": 6,
  "page": 227,
  "width": 136,
  "verse_pos": 5
 },
 {
  "line": 11,
  "left": 16,
  "end": 369,
  "height": 47,
  "top": 435,
  "ayah": 6,
  "page": 227,
  "width": 353,
  "verse_pos": 5
 },
 {
  "line": 12,
  "left": 16,
  "end": 369,
  "height": 41,
  "top": 482,
  "ayah": 7,
  "page": 227,
  "width": 353,
  "verse_pos": 6
 },
 {
  "line": 13,
  "left": 16,
  "end": 369,
  "height": 45,
  "top": 523,
  "ayah": 7,
  "page": 227,
  "width": 353,
  "verse_pos": 6
 },
 {
  "line": 14,
  "left": 261,
  "end": 369,
  "height": 44,
  "top": 568,
  "ayah": 7,
  "page": 227,
  "width": 108,
  "verse_pos": 6
 },
 {
  "line": 14,
  "left": 16,
  "end": 261,
  "height": 44,
  "top": 568,
  "ayah": 8,
  "page": 227,
  "width": 245,
  "verse_pos": 7
 },
 {
  "line": 15,
  "left": 16,
  "end": 369,
  "height": 42,
  "top": 612,
  "ayah": 8,
  "page": 227,
  "width": 353,
  "verse_pos": 7
 }
]