[
 {
  "line": 1,
  "left": 20,
  "end": 368,
  "height": 43,
  "top": 7,
  "ayah": 1,
  "page": 48,
  "width": 348,
  "verse_pos": 0
 },
 {
  "line": 2,
  "left": 20,
  "end": 368,
  "height": 40,
  "top": 50,
  "ayah": 1,
  "page": 48,
  "width": 348,
  "verse_pos": 0
 },
 {
  "line": 3,
  "left": 20,
  "end": 368,
  "height": 46,
  "top": 90,
  "ayah": 1,
  "page": 48,
  "width": 348,
  "verse_pos": 0
 },
 {
  "line": 4,
  "left": 20,
  "end": 368,
  "height": 43,
  "top": 136,
  "ayah": 1,
  "page": 48,
  "width": 348,
  "verse_pos": 0
 },
 {
  "line": 5,
  "left": 20,
  "end": 368,
  "height": 44,
  "top": 179,
  "ayah": 1,
  "page": 48,
  "width": 348,
  "verse_pos": 0
 },
 {
  "line": 6,
  "left": 20,
  "end": 368,
  "height": 38,
  "top": 223,
  "ayah": 1,
  "page": 48,
  "width": 348,
  "verse_pos": 0
 },
 {
  "line": 7,
  "left": 20,
  "end": 368,
  "height": 48,
  "top": 261,
  "ayah": 1,
  "page": 48,
  "width": 348,
  "verse_pos": 0
 },
 {
  "line": 8,
  "left": 20,
  "end": 368,
  "height": 38,
  "top": 309,
  "ayah": 1,
  "page": 48,
  "width": 348,
  "verse_pos": 0
 },
 {
  "line": 9,
  "left": 20,
  "end": 368,
  "height": 46,
  "top": 347,
  "ayah": 1,
  "page": 48,
  "width": 348,
  "verse_pos": 0
 },
 {
  "line": 10,
  "left": 20,
  "end": 368,
  "height": 40,
  "top": 393,
  "ayah": 1,
  "page": 48,
  "width": 348,
  "verse_pos": 0
 },
 {
  "line": 11,
  "left": 20,
  "end": 368,
  "height": 47,
  "top": 433,
  "ayah": 1,
  "page": 48,
  "width": 348,
  "verse_pos": 0
 },
 {
  "line": 12,
  "left": 20,
  "end": 368,
  "height": 41,
  "top": 480,
  "ayah": 1,
  "page": 48,
  "width": 348,
  "verse_pos": 0
 },
 {
  "line": 13,
  "left": 20,
  "end": 368,
  "height": 41,
  "top": 521,
  "ayah": 1,
  "page": 48,
  "width": 348,
  "verse_pos": 0
 },
 {
  "line": 14,
  "left": 20,
  "end": 368,
  "height": 46,
  "top": 562,
  "ayah": 1,
  "page": 48,
  "width": 348,
  "verse_pos": 0
 },
 {
  "line": 15,
  "left": 20,
  "end": 368,
  "height": 42,
  "top": 608,
  "ayah": 1,
  "page": 48,
  "width": 348,
  "verse_pos": 0
 }
]