[
 {
  "line": 1,
  "left": 149,
  "end": 377,
  "height": 45,
  "top": 7,
  "ayah": 1,
  "page": 522,
  "width": 228,
  "verse_pos": 0
 },
 {
  "line": 1,
  "left": 10,
  "end": 148,
  "height": 45,
  "top": 7,
  "ayah": 2,
  "page": 522,
  "width": 138,
  "verse_pos": 1
 },
 {
  "line": 2,
  "left": 302,
  "end": 377,
  "height": 42,
  "top": 52,
  "ayah": 2,
  "page": 522,
  "width": 75,
  "verse_pos": 1
 },
 {
  "line": 2,
  "left": 110,
  "end": 302,
  "height": 42,
  "top": 52,
  "ayah": 3,
  "page": 522,
  "width": 192,
  "verse_pos": 2
 },
 {
  "line": 2,
  "left": 10,
  "end": 109,
  "height": 42,
  "top": 52,
  "ayah": 4,
  "page": 522,
  "width": 99,
  "verse_pos": 3
 },
 {
  "line": 3,
  "left": 289,
  "end": 377,
  "height": 42,
  "top": 94,
  "ayah": 4,
  "page": 522,
  "width": 88,
  "verse_pos": 3
 },
 {
  "line": 3,
  "left": 69,
  "end": 288,
  "height": 42,
  "top": 94,
  "ayah": 5,
  "page": 522,
  "width": 219,
  "verse_pos": 4
 },
 {
  "line": 3,
  "left": 10,
  "end": 68,
  "height": 42,
  "top": 94,
  "ayah": 6,
  "page": 522,
  "width": 58,
  "verse_pos": 5
 },
 {
  "line": 4,
  "left": 193,
  "end": 377,
  "height": 44,
  "top": 136,
  "ayah": 6,
  "page": 522,
  "width": 184,
  "verse_pos": 5
 },
 {
  "line": 4,
  "left": 10,
  "end": 192,
  "height": 44,
  "top": 136,
  "ayah": 7,
  "page": 522,
  "width": 182,
  "verse_pos": 6
 },
 {
  "line": 5,
  "left": 257,
  "end": 377,
  "height": 43,
  "top": 180,
  "ayah": 7,
  "page": 522,
  "width": 120,
  "verse_pos": 6
 },
 {
  "line": 5,
  "left": 10,
  "end": 256,
  "height": 43,
  "top": 180,
  "ayah": 8,
  "page": 522,
  "width": 246,
  "verse_pos": 7
 },
 {
  "line": 6,
  "left": 314,
  "end": 377,
  "height": 44,
  "top": 223,
  "ayah": 8,
  "page": 522,
  "width": 63,
  "verse_pos": 7
 },
 {
  "line": 6,
  "left": 104,
  "end": 313,
  "height": 44,
  "top": 223,
  "ayah": 9,
  "page": 522,
  "width": 209,
  "verse_pos": 8
 },
 {
  "line": 6,
  "left": 10,
  "end": 103,
  "height": 44,
  "top": 223,
  "ayah": 10,
  "page": 522,
  "width": 93,
  "verse_pos": 9
 },
 {
  "line": 7,
  "left": 192,
  "end": 377,
  "height": 41,
  "top": 267,
  "ayah": 10,
  "page": 522,
  "width": 185,
  "verse_pos": 9
 },
 {
  "line": 7,
  "left": 10,
  "end": 191,
  "height": 41,
  "top": 267,
  "ayah": 11,
  "page": 522,
  "width": 181,
  "verse_pos": 10
 },
 {
  "line": 8,
  "left": 304,
  "end": 377,
  "height": 46,
  "top": 308,
  "ayah": 11,
  "page": 522,
  "width": 73,
  "verse_pos": 10
 },
 {
  "line": 8,
  "left": 10,
  "end": 303,
  "height": 46,
  "top": 308,
  "ayah": 12,
  "page": 522,
  "width": 293,
  "verse_pos": 11
 },
 {
  "line": 9,
  "left": 133,
  "end": 377,
  "height": 40,
  "top": 354,
  "ayah": 13,
  "page": 522,
  "width": 244,
  "verse_pos": 12
 },
 {
  "line": 9,
  "left": 10,
  "end": 132,
  "height": 40,
  "top": 354,
  "ayah": 14,
  "page": 522,
  "width": 122,
  "verse_pos": 13
 },
 {
  "line": 10,
  "left": 147,
  "end": 377,
  "height": 39,
  "top": 394,
  "ayah": 14,
  "page": 522,
  "width": 230,
  "verse_pos": 13
 },
 {
  "line": 10,
  "left": 10,
  "end": 146,
  "height": 39,
  "top": 394,
  "ayah": 15,
  "page": 522,
  "width": 136,
  "verse_pos": 14
 },
 {
  "line": 11,
  "left": 230,
  "end": 377,
  "height": 49,
  "top": 433,
  "ayah": 15,
  "page": 522,
  "width": 147,
  "verse_pos": 14
 },
 {
  "line": 11,
  "left": 10,
  "end": 229,
  "height": 49,
  "top": 433,
  "ayah": 16,
  "page": 522,
  "width": 219,
  "verse_pos": 15
 },
 {
  "line": 12,
  "left": 293,
  "end": 377,
  "height": 42,
  "top": 482,
  "ayah": 16,
  "page": 522,
  "width": 84,
  "verse_pos": 15
 },
 {
  "line": 12,
  "left": 64,
  "end": 292,
  "height": 42,
  "top": 482,
  "ayah": 17,
  "page": 522,
  "width": 228,
  "verse_pos": 16
 },
 {
  "line": 12,
  "left": 10,
  "end": 63,
  "height": 42,
  "top": 482,
  "ayah": 18,
  "page": 522,
  "width": 53,
  "verse_pos": 17
 },
 {
  "line": 13,
  "left": 191,
  "end": 377,
  "height": 40,
  "top": 524,
  "ayah": 18,
  "page": 522,
  "width": 186,
  "verse_pos": 17
 },
 {
  "line": 13,
  "left": 10,
  "end": 190,
  "height": 40,
  "top": 524,
  "ayah": 19,
  "page": 522,
  "width": 180,
  "verse_pos": 18
 },
 {
  "line": 14,
  "left": 254,
  "end": 377,
  "height": 43,
  "top": 564,
  "ayah": 19,
  "page": 522,
  "width": 123,
  "verse_pos": 18
 },
 {
  "line": 14,
  "left": 10,
  "end": 253,
  "height": 43,
  "top": 564,
  "ayah": 20,
  "page": 522,
  "width": 243,
  "verse_pos": 19
 },
 {
  "line": 15,
  "left": 10,
  "end": 377,
  "height": 42,
  "top": 607,
  "ayah": 21,
  "page": 522,
  "width": 367,
  "verse_pos": 20
 }
]