[
 {
  "line": 1,
  "left": 78,
  "end": 373,
  "height": 44,
  "top": 7,
  "ayah": 1,
  "page": 303,
  "width": 295,
  "verse_pos": 0
 },
 {
  "line": 1,
  "left": 14,
  "end": 77,
  "height": 44,
  "top": 7,
  "ayah": 2,
  "page": 303,
  "width": 63,
  "verse_pos": 1
 },
 {
  "line": 2,
  "left": 338,
  "end": 373,
  "height": 40,
  "top": 51,
  "ayah": 2,
  "page": 303,
  "width": 35,
  "verse_pos": 1
 },
 {
  "line": 2,
  "left": 14,
  "end": 337,
  "height": 40,
  "top": 51,
  "ayah": 3,
  "page": 303,
  "width": 323,
  "verse_pos": 2
 },
 {
  "line": 3,
  "left": 14,
  "end": 373,
  "height": 46,
  "top": 91,
  "ayah": 3,
  "page": 303,
  "width": 359,
  "verse_pos": 2
 },
 {
  "line": 4,
  "left": 278,
  "end": 373,
  "height": 44,
  "top": 137,
  "ayah": 3,
  "page": 303,
  "width": 95,
  "verse_pos": 2
 },
 {
  "line": 4,
  "left": 14,
  "end": 277,
  "height": 44,
  "top": 137,
  "ayah": 4,
  "page": 303,
  "width": 263,
  "verse_pos": 3
 },
 {
  "line": 5,
  "left": 228,
  "end": 373,
  "height": 41,
  "top": 181,
  "ayah": 4,
  "page": 303,
  "width": 145,
  "verse_pos": 3
 },
 {
  "line": 5,
  "left": 14,
  "end": 227,
  "height": 41,
  "top": 181,
  "ayah": 5,
  "page": 303,
  "width": 213,
  "verse_pos": 4
 },
 {
  "line": 6,
  "left": 153,
  "end": 373,
  "height": 44,
  "top": 222,
  "ayah": 5,
  "page": 303,
  "width": 220,
  "verse_pos": 4
 },
 {
  "line": 6,
  "left": 49,
  "end": 152,
  "height": 44,
  "top": 222,
  "ayah": 6,
  "page": 303,
  "width": 103,
  "verse_pos": 5
 },
 {
  "line": 6,
  "left": 14,
  "end": 48,
  "height": 44,
  "top": 222,
  "ayah": 7,
  "page": 303,
  "width": 34,
  "verse_pos": 6
 },
 {
  "line": 7,
  "left": 14,
  "end": 373,
  "height": 43,
  "top": 266,
  "ayah": 7,
  "page": 303,
  "width": 359,
  "verse_pos": 6
 },
 {
  "line": 8,
  "left": 276,
  "end": 373,
  "height": 43,
  "top": 309,
  "ayah": 7,
  "page": 303,
  "width": 97,
  "verse_pos": 6
 },
 {
  "line": 8,
  "left": 62,
  "end": 275,
  "height": 43,
  "top": 309,
  "ayah": 8,
  "page": 303,
  "width": 213,
  "verse_pos": 7
 },
 {
  "line": 8,
  "left": 14,
  "end": 61,
  "height": 43,
  "top": 309,
  "ayah": 9,
  "page": 303,
  "width": 47,
  "verse_pos": 8
 },
 {
  "line": 9,
  "left": 308,
  "end": 373,
  "height": 42,
  "top": 352,
  "ayah": 9,
  "page": 303,
  "width": 65,
  "verse_pos": 8
 },
 {
  "line": 9,
  "left": 14,
  "end": 307,
  "height": 42,
  "top": 352,
  "ayah": 10,
  "page": 303,
  "width": 293,
  "verse_pos": 9
 },
 {
  "line": 10,
  "left": 211,
  "end": 373,
  "height": 45,
  "top": 394,
  "ayah": 10,
  "page": 303,
  "width": 162,
  "verse_pos": 9
 },
 {
  "line": 10,
  "left": 14,
  "end": 210,
  "height": 45,
  "top": 394,
  "ayah": 11,
  "page": 303,
  "width": 196,
  "verse_pos": 10
 },
 {
  "line": 11,
  "left": 14,
  "end": 373,
  "height": 37,
  "top": 439,
  "ayah": 11,
  "page": 303,
  "width": 359,
  "verse_pos": 10
 },
 {
  "line": 12,
  "left": 311,
  "end": 373,
  "height": 47,
  "top": 476,
  "ayah": 11,
  "page": 303,
  "width": 62,
  "verse_pos": 10
 },
 {
  "line": 12,
  "left": 14,
  "end": 310,
  "height": 47,
  "top": 476,
  "ayah": 12,
  "page": 303,
  "width": 296,
  "verse_pos": 11
 },
 {
  "line": 13,
  "left": 273,
  "end": 373,
  "height": 38,
  "top": 523,
  "ayah": 12,
  "page": 303,
  "width": 100,
  "verse_pos": 11
 },
 {
  "line": 13,
  "left": 14,
  "end": 272,
  "height": 38,
  "top": 523,
  "ayah": 13,
  "page": 303,
  "width": 258,
  "verse_pos": 12
 },
 {
  "line": 14,
  "left": 14,
  "end": 373,
  "height": 46,
  "top": 561,
  "ayah": 13,
  "page": 303,
  "width": 359,
  "verse_pos": 12
 },
 {
  "line": 15,
  "left": 337,
  "end": 373,
  "height": 42,
  "top": 607,
  "ayah": 13,
  "page": 303,
  "width": 36,
  "verse_pos": 12
 },
 {
  "line": 15,
  "left": 14,
  "end": 336,
  "height": 42,
  "top": 607,
  "ayah": 14,
  "page": 303,
  "width": 322,
  "verse_pos": 13
 }
]