[
 {
  "line": 1,
  "left": 308,
  "end": 375,
  "height": 37,
  "top": 93,
  "ayah": 2,
  "page": 496,
  "width": 67,
  "verse_pos": 1
 },
 {
  "line": 1,
  "left": 142,
  "end": 307,
  "height": 37,
  "top": 93,
  "ayah": 3,
  "page": 496,
  "width": 165,
  "verse_pos": 2
 },
 {
  "line": 1,
  "left": 13,
  "end": 141,
  "height": 37,
  "top": 93,
  "ayah": 4,
  "page": 496,
  "width": 128,
  "verse_pos": 3
 },
 {
  "line": 2,
  "left": 198,
  "end": 375,
  "height": 43,
  "top": 130,
  "ayah": 4,
  "page": 496,
  "width": 177,
  "verse_pos": 3
 },
 {
  "line": 2,
  "left": 13,
  "end": 197,
  "height": 43,
  "top": 130,
  "ayah": 5,
  "page": 496,
  "width": 184,
  "verse_pos": 4
 },
 {
  "line": 3,
  "left": 158,
  "end": 375,
  "height": 43,
  "top": 173,
  "ayah": 6,
  "page": 496,
  "width": 217,
  "verse_pos": 5
 },
 {
  "line": 3,
  "left": 13,
  "end": 157,
  "height": 43,
  "top": 173,
  "ayah": 7,
  "page": 496,
  "width": 144,
  "verse_pos": 6
 },
 {
  "line": 4,
  "left": 242,
  "end": 375,
  "height": 45,
  "top": 216,
  "ayah": 7,
  "page": 496,
  "width": 133,
  "verse_pos": 6
 },
 {
  "line": 4,
  "left": 13,
  "end": 241,
  "height": 45,
  "top": 216,
  "ayah": 8,
  "page": 496,
  "width": 228,
  "verse_pos": 7
 },
 {
  "line": 5,
  "left": 220,
  "end": 375,
  "height": 45,
  "top": 261,
  "ayah": 8,
  "page": 496,
  "width": 155,
  "verse_pos": 7
 },
 {
  "line": 5,
  "left": 13,
  "end": 220,
  "height": 45,
  "top": 261,
  "ayah": 9,
  "page": 496,
  "width": 207,
  "verse_pos": 8
 },
 {
  "line": 6,
  "left": 176,
  "end": 375,
  "height": 44,
  "top": 306,
  "ayah": 9,
  "page": 496,
  "width": 199,
  "verse_pos": 8
 },
 {
  "line": 6,
  "left": 13,
  "end": 175,
  "height": 44,
  "top": 306,
  "ayah": 10,
  "page": 496,
  "width": 162,
  "verse_pos": 9
 },
 {
  "line": 7,
  "left": 338,
  "end": 375,
  "height": 39,
  "top": 350,
  "ayah": 10,
  "page": 496,
  "width": 37,
  "verse_pos": 9
 },
 {
  "line": 7,
  "left": 66,
  "end": 337,
  "height": 39,
  "top": 350,
  "ayah": 11,
  "page": 496,
  "width": 271,
  "verse_pos": 10
 },
 {
  "line": 7,
  "left": 13,
  "end": 65,
  "height": 39,
  "top": 350,
  "ayah": 12,
  "page": 496,
  "width": 52,
  "verse_pos": 11
 },
 {
  "line": 8,
  "left": 178,
  "end": 375,
  "height": 45,
  "top": 389,
  "ayah": 12,
  "page": 496,
  "width": 197,
  "verse_pos": 11
 },
 {
  "line": 8,
  "left": 13,
  "end": 177,
  "height": 45,
  "top": 389,
  "ayah": 13,
  "page": 496,
  "width": 164,
  "verse_pos": 12
 },
 {
  "line": 9,
  "left": 274,
  "end": 375,
  "height": 41,
  "top": 434,
  "ayah": 13,
  "page": 496,
  "width": 101,
  "verse_pos": 12
 },
 {
  "line": 9,
  "left": 13,
  "end": 273,
  "height": 41,
  "top": 434,
  "ayah": 14,
  "page": 496,
  "width": 260,
  "verse_pos": 13
 },
 {
  "line": 10,
  "left": 155,
  "end": 375,
  "height": 47,
  "top": 475,
  "ayah": 15,
  "page": 496,
  "width": 220,
  "verse_pos": 14
 },
 {
  "line": 10,
  "left": 13,
  "end": 154,
  "height": 47,
  "top": 475,
  "ayah": 16,
  "page": 496,
  "width": 141,
  "verse_pos": 15
 },
 {
  "line": 11,
  "left": 259,
  "end": 375,
  "height": 43,
  "top": 522,
  "ayah": 16,
  "page": 496,
  "width": 116,
  "verse_pos": 15
 },
 {
  "line": 11,
  "left": 13,
  "end": 258,
  "height": 43,
  "top": 522,
  "ayah": 17,
  "page": 496,
  "width": 245,
  "verse_pos": 16
 },
 {
  "line": 12,
  "left": 336,
  "end": 375,
  "height": 41,
  "top": 565,
  "ayah": 17,
  "page": 496,
  "width": 39,
  "verse_pos": 16
 },
 {
  "line": 12,
  "left": 13,
  "end": 335,
  "height": 41,
  "top": 565,
  "ayah": 18,
  "page": 496,
  "width": 322,
  "verse_pos": 17
 },
 {
  "line": 13,
  "left": 287,
  "end": 375,
  "height": 42,
  "top": 606,
  "ayah": 18,
  "page": 496,
  "width": 88,
  "verse_pos": 17
 },
 {
  "line": 13,
  "left": 13,
  "end": 286,
  "height": 42,
  "top": 606,
  "ayah": 19,
  "page": 496,
  "width": 273,
  "verse_pos": 18
 }
]