[
 {
  "line": 1,
  "left": 17,
  "end": 372,
  "height": 44,
  "top": 7,
  "ayah": 1,
  "page": 489,
  "width": 355,
  "verse_pos": 0
 },
 {
  "line": 2,
  "left": 17,
  "end": 372,
  "height": 45,
  "top": 51,
  "ayah": 1,
  "page": 489,
  "width": 355,
  "verse_pos": 0
 },
 {
  "line": 3,
  "left": 134,
  "end": 372,
  "height": 40,
  "top": 96,
  "ayah": 1,
  "page": 489,
  "width": 238,
  "verse_pos": 0
 },
 {
  "line": 3,
  "left": 17,
  "end": 133,
  "height": 40,
  "top": 96,
  "ayah": 2,
  "page": 489,
  "width": 116,
  "verse_pos": 1
 },
 {
  "line": 4,
  "left": 17,
  "end": 372,
  "height": 40,
  "top": 136,
  "ayah": 2,
  "page": 489,
  "width": 355,
  "verse_pos": 1
 },
 {
  "line": 5,
  "left": 300,
  "end": 372,
  "height": 40,
  "top": 268,
  "ayah": 4,
  "page": 489,
  "width": 72,
  "verse_pos": 3
 },
 {
  "line": 5,
  "left": 159,
  "end": 299,
  "height": 40,
  "top": 268,
  "ayah": 5,
  "page": 489,
  "width": 140,
  "verse_pos": 4
 },
 {
  "line": 5,
  "left": 17,
  "end": 158,
  "height": 40,
  "top": 268,
  "ayah": 6,
  "page": 489,
  "width": 141,
  "verse_pos": 5
 },
 {
  "line": 6,
  "left": 202,
  "end": 372,
  "height": 46,
  "top": 308,
  "ayah": 6,
  "page": 489,
  "width": 170,
  "verse_pos": 5
 },
 {
  "line": 6,
  "left": 17,
  "end": 201,
  "height": 46,
  "top": 308,
  "ayah": 7,
  "page": 489,
  "width": 184,
  "verse_pos": 6
 },
 {
  "line": 7,
  "left": 245,
  "end": 372,
  "height": 43,
  "top": 354,
  "ayah": 7,
  "page": 489,
  "width": 127,
  "verse_pos": 6
 },
 {
  "line": 7,
  "left": 17,
  "end": 244,
  "height": 43,
  "top": 354,
  "ayah": 8,
  "page": 489,
  "width": 227,
  "verse_pos": 7
 },
 {
  "line": 8,
  "left": 161,
  "end": 372,
  "height": 42,
  "top": 397,
  "ayah": 8,
  "page": 489,
  "width": 211,
  "verse_pos": 7
 },
 {
  "line": 8,
  "left": 17,
  "end": 160,
  "height": 42,
  "top": 397,
  "ayah": 9,
  "page": 489,
  "width": 143,
  "verse_pos": 8
 },
 {
  "line": 9,
  "left": 281,
  "end": 372,
  "height": 42,
  "top": 439,
  "ayah": 9,
  "page": 489,
  "width": 91,
  "verse_pos": 8
 },
 {
  "line": 9,
  "left": 17,
  "end": 280,
  "height": 42,
  "top": 439,
  "ayah": 10,
  "page": 489,
  "width": 263,
  "verse_pos": 9
 },
 {
  "line": 10,
  "left": 336,
  "end": 372,
  "height": 44,
  "top": 481,
  "ayah": 10,
  "page": 489,
  "width": 36,
  "verse_pos": 9
 },
 {
  "line": 10,
  "left": 17,
  "end": 335,
  "height": 44,
  "top": 481,
  "ayah": 11,
  "page": 489,
  "width": 318,
  "verse_pos": 10
 },
 {
  "line": 11,
  "left": 336,
  "end": 372,
  "height": 41,
  "top": 525,
  "ayah": 11,
  "page": 489,
  "width": 36,
  "verse_pos": 10
 },
 {
  "line": 11,
  "left": 17,
  "end": 335,
  "height": 41,
  "top": 525,
  "ayah": 12,
  "page": 489,
  "width": 318,
  "verse_pos": 11
 },
 {
  "line": 12,
  "left": 190,
  "end": 372,
  "height": 44,
  "top": 566,
  "ayah": 12,
  "page": 489,
  "width": 182,
  "verse_pos": 11
 },
 {
  "line": 12,
  "left": 17,
  "end": 189,
  "height": 44,
  "top": 566,
  "ayah": 13,
  "page": 489,
  "width": 172,
  "verse_pos": 12
 },
 {
  "line": 13,
  "left": 17,
  "end": 372,
  "height": 42,
  "top": 610,
  "ayah": 13,
  "page": 489,
  "width": 355,
  "verse_pos": 12
 }
]