[
    {
          "line": 1,
          "left": 23,
          "end": 363,
          "height": 42,
          "top": 7,
          "ayah": 1,
          "page": 13,
          "width": 340,
          "verse_pos": 0
        },
        {
          "line": 2,
          "left": 23,
          "end": 363,
          "height": 44,
          "top": 49,
          "ayah": 1,
          "page": 13,
          "width": 340,
          "verse_pos": 0
        },
        {
          "line": 3,
          "left": 23,
          "end": 363,
          "height": 44,
          "top": 93,
          "ayah": 2,
          "page": 13,
          "width": 340,
          "verse_pos": 1
        },
        {
          "line": 4,
          "left": 23,
          "end": 363,
          "height": 39,
          "top": 137,
          "ayah": 2,
          "page": 13,
          "width": 340,
          "verse_pos": 1
        },
        {
          "line": 5,
          "left": 23,
          "end": 363,
          "height": 42,
          "top": 176,
          "ayah": 2,
          "page": 13,
          "width": 340,
          "verse_pos": 1
        },
        {
          "line": 6,
          "left": 23,
          "end": 363,
          "height": 49,
          "top": 218,
          "ayah": 2,
          "page": 13,
          "width": 340,
          "verse_pos": 1
        },
        {
          "line": 7,
          "left": 23,
          "end": 363,
          "height": 37,
          "top": 267,
          "ayah": 2,
          "page": 13,
          "width": 340,
          "verse_pos": 1
        },
        {
          "line": 8,
          "left": 23,
          "end": 363,
          "height": 46,
          "top": 304,
          "ayah": 2,
          "page": 13,
          "width": 340,
          "verse_pos": 1
        },
        {
          "line": 9,
          "left": 149,
          "end": 363,
          "height": 43,
          "top": 350,
          "ayah": 2,
          "page": 13,
          "width": 214,
          "verse_pos": 1
        },
        {
          "line": 9,
          "left": 23,
          "end": 148,
          "height": 43,
          "top": 350,
          "ayah": 3,
          "page": 13,
          "width": 125,
          "verse_pos": 2
        },
        {
          "line": 10,
          "left": 23,
          "end": 363,
          "height": 44,
          "top": 393,
          "ayah": 3,
          "page": 13,
          "width": 340,
          "verse_pos": 2
        },
        {
          "line": 11,
          "left": 275,
          "end": 363,
          "height": 42,
          "top": 437,
          "ayah": 3,
          "page": 13,
          "width": 88,
          "verse_pos": 2
        },
        {
          "line": 11,
          "left": 23,
          "end": 274,
          "height": 42,
          "top": 437,
          "ayah": 4,
          "page": 13,
          "width": 251,
          "verse_pos": 3
        },
        {
          "line": 12,
          "left": 23,
          "end": 363,
          "height": 43,
          "top": 479,
          "ayah": 4,
          "page": 13,
          "width": 340,
          "verse_pos": 3
        },
        {
          "line": 13,
          "left": 23,
          "end": 363,
          "height": 43,
          "top": 522,
          "ayah": 4,
          "page": 13,
          "width": 340,
          "verse_pos": 3
        },
        {
          "line": 14,
          "left": 66,
          "end": 363,
          "height": 45,
          "top": 565,
          "ayah": 4,
          "page": 13,
          "width": 297,
          "verse_pos": 3
        },
        {
          "line": 14,
          "left": 23,
          "end": 65,
          "height": 40,
          "top": 565,
          "ayah": 5,
          "page": 13,
          "width": 42,
          "verse_pos": 4
        },
        {
          "line": 15,
          "left": 23,
          "end": 363,
          "height": 46,
          "top": 605,
          "ayah": 5,
          "page": 13,
          "width": 340,
          "verse_pos": 4
        }
]
