[
    {
     "line": 1,
     "left": 13,
     "end": 378,
     "height": 37,
     "top": 7,
     "ayah": 1,
     "page": 484,
     "width": 365,
     "verse_pos": 0
    },
    {
     "line": 2,
     "left": 13,
     "end": 378,
     "height": 49,
     "top": 44,
     "ayah": 1,
     "page": 484,
     "width": 365,
     "verse_pos": 0
    },
    {
     "line": 3,
     "left": 203,
     "end": 378,
     "height": 41,
     "top": 93,
     "ayah": 1,
     "page": 484,
     "width": 175,
     "verse_pos": 0
    },
    {
     "line": 3,
     "left": 13,
     "end": 202,
     "height": 41,
     "top": 93,
     "ayah": 2,
     "page": 484,
     "width": 189,
     "verse_pos": 1
    },
    {
     "line": 4,
     "left": 13,
     "end": 378,
     "height": 44,
     "top": 134,
     "ayah": 2,
     "page": 484,
     "width": 365,
     "verse_pos": 1
    },
    {
     "line": 5,
     "left": 13,
     "end": 378,
     "height": 42,
     "top": 178,
     "ayah": 3,
     "page": 484,
     "width": 365,
     "verse_pos": 2
    },
    {
     "line": 6,
     "left": 13,
     "end": 378,
     "height": 44,
     "top": 220,
     "ayah": 3,
     "page": 484,
     "width": 365,
     "verse_pos": 2
    },
    {
     "line": 7,
     "left": 13,
     "end": 378,
     "height": 46,
     "top": 264,
     "ayah": 3,
     "page": 484,
     "width": 365,
     "verse_pos": 2
    },
    {
     "line": 8,
     "left": 41,
     "end": 378,
     "height": 39,
     "top": 310,
     "ayah": 3,
     "page": 484,
     "width": 337,
     "verse_pos": 2
    },
    {
     "line": 8,
     "left": 13,
     "end": 40,
     "height": 39,
     "top": 310,
     "ayah": 4,
     "page": 484,
     "width": 27,
     "verse_pos": 3
    },
    {
     "line": 9,
     "left": 13,
     "end": 378,
     "height": 43,
     "top": 349,
     "ayah": 4,
     "page": 484,
     "width": 365,
     "verse_pos": 3
    },
    {
     "line": 10,
     "left": 13,
     "end": 378,
     "height": 45,
     "top": 392,
     "ayah": 4,
     "page": 484,
     "width": 365,
     "verse_pos": 3
    },
    {
     "line": 11,
     "left": 13,
     "end": 378,
     "height": 38,
     "top": 437,
     "ayah": 4,
     "page": 484,
     "width": 365,
     "verse_pos": 3
    },
    {
     "line": 12,
     "left": 13,
     "end": 378,
     "height": 46,
     "top": 475,
     "ayah": 5,
     "page": 484,
     "width": 365,
     "verse_pos": 4
    },
    {
     "line": 13,
     "left": 13,
     "end": 378,
     "height": 39,
     "top": 521,
     "ayah": 5,
     "page": 484,
     "width": 365,
     "verse_pos": 4
    },
    {
     "line": 14,
     "left": 13,
     "end": 378,
     "height": 44,
     "top": 560,
     "ayah": 5,
     "page": 484,
     "width": 365,
     "verse_pos": 4
    },
    {
     "line": 15,
     "left": 13,
     "end": 378,
     "height": 48,
     "top": 604,
     "ayah": 5,
     "page": 484,
     "width": 365,
     "verse_pos": 4
    }
   ]