[
 {
  "line": 1,
  "left": 15,
  "end": 373,
  "height": 38,
  "top": 7,
  "ayah": 1,
  "page": 246,
  "width": 358,
  "verse_pos": 0
 },
 {
  "line": 2,
  "left": 15,
  "end": 373,
  "height": 46,
  "top": 45,
  "ayah": 1,
  "page": 246,
  "width": 358,
  "verse_pos": 0
 },
 {
  "line": 3,
  "left": 337,
  "end": 373,
  "height": 40,
  "top": 91,
  "ayah": 1,
  "page": 246,
  "width": 36,
  "verse_pos": 0
 },
 {
  "line": 3,
  "left": 15,
  "end": 336,
  "height": 40,
  "top": 91,
  "ayah": 2,
  "page": 246,
  "width": 321,
  "verse_pos": 1
 },
 {
  "line": 4,
  "left": 15,
  "end": 373,
  "height": 49,
  "top": 131,
  "ayah": 2,
  "page": 246,
  "width": 358,
  "verse_pos": 1
 },
 {
  "line": 5,
  "left": 153,
  "end": 373,
  "height": 41,
  "top": 180,
  "ayah": 2,
  "page": 246,
  "width": 220,
  "verse_pos": 1
 },
 {
  "line": 5,
  "left": 15,
  "end": 152,
  "height": 41,
  "top": 180,
  "ayah": 3,
  "page": 246,
  "width": 137,
  "verse_pos": 2
 },
 {
  "line": 6,
  "left": 110,
  "end": 373,
  "height": 39,
  "top": 221,
  "ayah": 3,
  "page": 246,
  "width": 263,
  "verse_pos": 2
 },
 {
  "line": 6,
  "left": 15,
  "end": 109,
  "height": 39,
  "top": 221,
  "ayah": 4,
  "page": 246,
  "width": 94,
  "verse_pos": 3
 },
 {
  "line": 7,
  "left": 15,
  "end": 373,
  "height": 42,
  "top": 260,
  "ayah": 4,
  "page": 246,
  "width": 358,
  "verse_pos": 3
 },
 {
  "line": 8,
  "left": 15,
  "end": 373,
  "height": 49,
  "top": 302,
  "ayah": 4,
  "page": 246,
  "width": 358,
  "verse_pos": 3
 },
 {
  "line": 9,
  "left": 258,
  "end": 373,
  "height": 40,
  "top": 351,
  "ayah": 4,
  "page": 246,
  "width": 115,
  "verse_pos": 3
 },
 {
  "line": 9,
  "left": 15,
  "end": 257,
  "height": 40,
  "top": 351,
  "ayah": 5,
  "page": 246,
  "width": 242,
  "verse_pos": 4
 },
 {
  "line": 10,
  "left": 166,
  "end": 373,
  "height": 42,
  "top": 391,
  "ayah": 5,
  "page": 246,
  "width": 207,
  "verse_pos": 4
 },
 {
  "line": 10,
  "left": 15,
  "end": 165,
  "height": 42,
  "top": 391,
  "ayah": 6,
  "page": 246,
  "width": 150,
  "verse_pos": 5
 },
 {
  "line": 11,
  "left": 15,
  "end": 373,
  "height": 44,
  "top": 433,
  "ayah": 6,
  "page": 246,
  "width": 358,
  "verse_pos": 5
 },
 {
  "line": 12,
  "left": 15,
  "end": 373,
  "height": 44,
  "top": 477,
  "ayah": 7,
  "page": 246,
  "width": 358,
  "verse_pos": 6
 },
 {
  "line": 13,
  "left": 111,
  "end": 373,
  "height": 43,
  "top": 521,
  "ayah": 7,
  "page": 246,
  "width": 262,
  "verse_pos": 6
 },
 {
  "line": 13,
  "left": 15,
  "end": 110,
  "height": 43,
  "top": 521,
  "ayah": 8,
  "page": 246,
  "width": 95,
  "verse_pos": 7
 },
 {
  "line": 14,
  "left": 15,
  "end": 373,
  "height": 44,
  "top": 564,
  "ayah": 8,
  "page": 246,
  "width": 358,
  "verse_pos": 7
 },
 {
  "line": 15,
  "left": 289,
  "end": 373,
  "height": 42,
  "top": 608,
  "ayah": 8,
  "page": 246,
  "width": 84,
  "verse_pos": 7
 },
 {
  "line": 15,
  "left": 15,
  "end": 288,
  "height": 46,
  "top": 608,
  "ayah": 9,
  "page": 246,
  "width": 273,
  "verse_pos": 8
 }
]