[
 {
  "line": 1,
  "left": 18,
  "end": 369,
  "height": 42,
  "top": 7,
  "ayah": 1,
  "page": 306,
  "width": 351,
  "verse_pos": 0
 },
 {
  "line": 2,
  "left": 125,
  "end": 369,
  "height": 48,
  "top": 49,
  "ayah": 2,
  "page": 306,
  "width": 244,
  "verse_pos": 1
 },
 {
  "line": 2,
  "left": 18,
  "end": 124,
  "height": 48,
  "top": 49,
  "ayah": 3,
  "page": 306,
  "width": 106,
  "verse_pos": 2
 },
 {
  "line": 3,
  "left": 217,
  "end": 369,
  "height": 40,
  "top": 97,
  "ayah": 3,
  "page": 306,
  "width": 152,
  "verse_pos": 2
 },
 {
  "line": 3,
  "left": 18,
  "end": 216,
  "height": 40,
  "top": 97,
  "ayah": 4,
  "page": 306,
  "width": 198,
  "verse_pos": 3
 },
 {
  "line": 4,
  "left": 234,
  "end": 369,
  "height": 45,
  "top": 137,
  "ayah": 4,
  "page": 306,
  "width": 135,
  "verse_pos": 3
 },
 {
  "line": 4,
  "left": 18,
  "end": 233,
  "height": 45,
  "top": 137,
  "ayah": 5,
  "page": 306,
  "width": 215,
  "verse_pos": 4
 },
 {
  "line": 5,
  "left": 192,
  "end": 369,
  "height": 42,
  "top": 182,
  "ayah": 5,
  "page": 306,
  "width": 177,
  "verse_pos": 4
 },
 {
  "line": 5,
  "left": 18,
  "end": 191,
  "height": 42,
  "top": 182,
  "ayah": 6,
  "page": 306,
  "width": 173,
  "verse_pos": 5
 },
 {
  "line": 6,
  "left": 71,
  "end": 369,
  "height": 43,
  "top": 224,
  "ayah": 6,
  "page": 306,
  "width": 298,
  "verse_pos": 5
 },
 {
  "line": 6,
  "left": 18,
  "end": 70,
  "height": 43,
  "top": 224,
  "ayah": 7,
  "page": 306,
  "width": 52,
  "verse_pos": 6
 },
 {
  "line": 7,
  "left": 137,
  "end": 369,
  "height": 43,
  "top": 267,
  "ayah": 7,
  "page": 306,
  "width": 232,
  "verse_pos": 6
 },
 {
  "line": 7,
  "left": 18,
  "end": 138,
  "height": 43,
  "top": 267,
  "ayah": 8,
  "page": 306,
  "width": 120,
  "verse_pos": 7
 },
 {
  "line": 8,
  "left": 134,
  "end": 369,
  "height": 43,
  "top": 310,
  "ayah": 8,
  "page": 306,
  "width": 235,
  "verse_pos": 7
 },
 {
  "line": 8,
  "left": 18,
  "end": 133,
  "height": 43,
  "top": 310,
  "ayah": 9,
  "page": 306,
  "width": 115,
  "verse_pos": 8
 },
 {
  "line": 9,
  "left": 106,
  "end": 369,
  "height": 41,
  "top": 353,
  "ayah": 9,
  "page": 306,
  "width": 263,
  "verse_pos": 8
 },
 {
  "line": 9,
  "left": 18,
  "end": 105,
  "height": 41,
  "top": 353,
  "ayah": 10,
  "page": 306,
  "width": 87,
  "verse_pos": 9
 },
 {
  "line": 10,
  "left": 18,
  "end": 369,
  "height": 45,
  "top": 394,
  "ayah": 10,
  "page": 306,
  "width": 351,
  "verse_pos": 9
 },
 {
  "line": 11,
  "left": 174,
  "end": 369,
  "height": 43,
  "top": 439,
  "ayah": 10,
  "page": 306,
  "width": 195,
  "verse_pos": 9
 },
 {
  "line": 11,
  "left": 18,
  "end": 173,
  "height": 43,
  "top": 439,
  "ayah": 11,
  "page": 306,
  "width": 155,
  "verse_pos": 10
 },
 {
  "line": 12,
  "left": 231,
  "end": 369,
  "height": 44,
  "top": 482,
  "ayah": 11,
  "page": 306,
  "width": 138,
  "verse_pos": 10
 },
 {
  "line": 12,
  "left": 18,
  "end": 230,
  "height": 44,
  "top": 482,
  "ayah": 12,
  "page": 306,
  "width": 212,
  "verse_pos": 11
 },
 {
  "line": 13,
  "left": 18,
  "end": 369,
  "height": 42,
  "top": 526,
  "ayah": 12,
  "page": 306,
  "width": 351,
  "verse_pos": 11
 },
 {
  "line": 14,
  "left": 18,
  "end": 369,
  "height": 43,
  "top": 568,
  "ayah": 13,
  "page": 306,
  "width": 351,
  "verse_pos": 12
 },
 {
  "line": 15,
  "left": 18,
  "end": 369,
  "height": 42,
  "top": 611,
  "ayah": 14,
  "page": 306,
  "width": 351,
  "verse_pos": 13
 }
]