[
 {
  "line": 1,
  "left": 14,
  "end": 372,
  "height": 47,
  "top": 7,
  "ayah": 1,
  "page": 279,
  "width": 358,
  "verse_pos": 0
 },
 {
  "line": 2,
  "left": 14,
  "end": 372,
  "height": 43,
  "top": 54,
  "ayah": 1,
  "page": 279,
  "width": 358,
  "verse_pos": 0
 },
 {
  "line": 3,
  "left": 285,
  "end": 372,
  "height": 42,
  "top": 97,
  "ayah": 1,
  "page": 279,
  "width": 87,
  "verse_pos": 0
 },
 {
  "line": 3,
  "left": 14,
  "end": 284,
  "height": 42,
  "top": 97,
  "ayah": 2,
  "page": 279,
  "width": 270,
  "verse_pos": 1
 },
 {
  "line": 4,
  "left": 188,
  "end": 372,
  "height": 40,
  "top": 139,
  "ayah": 2,
  "page": 279,
  "width": 184,
  "verse_pos": 1
 },
 {
  "line": 4,
  "left": 14,
  "end": 187,
  "height": 40,
  "top": 139,
  "ayah": 3,
  "page": 279,
  "width": 173,
  "verse_pos": 2
 },
 {
  "line": 5,
  "left": 14,
  "end": 372,
  "height": 44,
  "top": 179,
  "ayah": 3,
  "page": 279,
  "width": 358,
  "verse_pos": 2
 },
 {
  "line": 6,
  "left": 334,
  "end": 372,
  "height": 47,
  "top": 223,
  "ayah": 3,
  "page": 279,
  "width": 38,
  "verse_pos": 2
 },
 {
  "line": 6,
  "left": 14,
  "end": 333,
  "height": 47,
  "top": 223,
  "ayah": 4,
  "page": 279,
  "width": 319,
  "verse_pos": 3
 },
 {
  "line": 7,
  "left": 14,
  "end": 372,
  "height": 45,
  "top": 270,
  "ayah": 4,
  "page": 279,
  "width": 358,
  "verse_pos": 3
 },
 {
  "line": 8,
  "left": 14,
  "end": 372,
  "height": 40,
  "top": 315,
  "ayah": 4,
  "page": 279,
  "width": 358,
  "verse_pos": 3
 },
 {
  "line": 9,
  "left": 14,
  "end": 372,
  "height": 41,
  "top": 355,
  "ayah": 5,
  "page": 279,
  "width": 358,
  "verse_pos": 4
 },
 {
  "line": 10,
  "left": 78,
  "end": 372,
  "height": 43,
  "top": 396,
  "ayah": 5,
  "page": 279,
  "width": 294,
  "verse_pos": 4
 },
 {
  "line": 10,
  "left": 14,
  "end": 77,
  "height": 43,
  "top": 396,
  "ayah": 6,
  "page": 279,
  "width": 63,
  "verse_pos": 5
 },
 {
  "line": 11,
  "left": 14,
  "end": 372,
  "height": 43,
  "top": 439,
  "ayah": 6,
  "page": 279,
  "width": 358,
  "verse_pos": 5
 },
 {
  "line": 12,
  "left": 151,
  "end": 372,
  "height": 46,
  "top": 482,
  "ayah": 6,
  "page": 279,
  "width": 221,
  "verse_pos": 5
 },
 {
  "line": 12,
  "left": 14,
  "end": 150,
  "height": 46,
  "top": 482,
  "ayah": 7,
  "page": 279,
  "width": 136,
  "verse_pos": 6
 },
 {
  "line": 13,
  "left": 138,
  "end": 372,
  "height": 41,
  "top": 528,
  "ayah": 7,
  "page": 279,
  "width": 234,
  "verse_pos": 6
 },
 {
  "line": 13,
  "left": 14,
  "end": 137,
  "height": 41,
  "top": 528,
  "ayah": 8,
  "page": 279,
  "width": 123,
  "verse_pos": 7
 },
 {
  "line": 14,
  "left": 14,
  "end": 372,
  "height": 43,
  "top": 569,
  "ayah": 8,
  "page": 279,
  "width": 358,
  "verse_pos": 7
 },
 {
  "line": 15,
  "left": 14,
  "end": 372,
  "height": 42,
  "top": 612,
  "ayah": 8,
  "page": 279,
  "width": 358,
  "verse_pos": 7
 }
]