[
 {
  "line": 1,
  "left": 10,
  "end": 377,
  "height": 41,
  "top": 7,
  "ayah": 1,
  "page": 260,
  "width": 367,
  "verse_pos": 0
 },
 {
  "line": 2,
  "left": 50,
  "end": 377,
  "height": 48,
  "top": 48,
  "ayah": 1,
  "page": 260,
  "width": 327,
  "verse_pos": 0
 },
 {
  "line": 2,
  "left": 10,
  "end": 49,
  "height": 48,
  "top": 48,
  "ayah": 2,
  "page": 260,
  "width": 39,
  "verse_pos": 1
 },
 {
  "line": 3,
  "left": 10,
  "end": 377,
  "height": 43,
  "top": 96,
  "ayah": 2,
  "page": 260,
  "width": 367,
  "verse_pos": 1
 },
 {
  "line": 4,
  "left": 218,
  "end": 377,
  "height": 42,
  "top": 139,
  "ayah": 2,
  "page": 260,
  "width": 159,
  "verse_pos": 1
 },
 {
  "line": 4,
  "left": 10,
  "end": 217,
  "height": 42,
  "top": 139,
  "ayah": 3,
  "page": 260,
  "width": 207,
  "verse_pos": 2
 },
 {
  "line": 5,
  "left": 10,
  "end": 377,
  "height": 46,
  "top": 181,
  "ayah": 3,
  "page": 260,
  "width": 367,
  "verse_pos": 2
 },
 {
  "line": 6,
  "left": 10,
  "end": 377,
  "height": 42,
  "top": 227,
  "ayah": 4,
  "page": 260,
  "width": 367,
  "verse_pos": 3
 },
 {
  "line": 7,
  "left": 10,
  "end": 377,
  "height": 40,
  "top": 269,
  "ayah": 4,
  "page": 260,
  "width": 367,
  "verse_pos": 3
 },
 {
  "line": 8,
  "left": 10,
  "end": 377,
  "height": 41,
  "top": 309,
  "ayah": 4,
  "page": 260,
  "width": 367,
  "verse_pos": 3
 },
 {
  "line": 9,
  "left": 10,
  "end": 377,
  "height": 45,
  "top": 350,
  "ayah": 5,
  "page": 260,
  "width": 367,
  "verse_pos": 4
 },
 {
  "line": 10,
  "left": 182,
  "end": 377,
  "height": 42,
  "top": 395,
  "ayah": 5,
  "page": 260,
  "width": 195,
  "verse_pos": 4
 },
 {
  "line": 10,
  "left": 10,
  "end": 181,
  "height": 42,
  "top": 395,
  "ayah": 6,
  "page": 260,
  "width": 171,
  "verse_pos": 5
 },
 {
  "line": 11,
  "left": 10,
  "end": 377,
  "height": 48,
  "top": 437,
  "ayah": 6,
  "page": 260,
  "width": 367,
  "verse_pos": 5
 },
 {
  "line": 12,
  "left": 10,
  "end": 377,
  "height": 43,
  "top": 485,
  "ayah": 7,
  "page": 260,
  "width": 367,
  "verse_pos": 6
 },
 {
  "line": 13,
  "left": 296,
  "end": 377,
  "height": 43,
  "top": 528,
  "ayah": 7,
  "page": 260,
  "width": 81,
  "verse_pos": 6
 },
 {
  "line": 13,
  "left": 10,
  "end": 295,
  "height": 43,
  "top": 528,
  "ayah": 8,
  "page": 260,
  "width": 285,
  "verse_pos": 7
 },
 {
  "line": 14,
  "left": 269,
  "end": 377,
  "height": 37,
  "top": 571,
  "ayah": 8,
  "page": 260,
  "width": 108,
  "verse_pos": 7
 },
 {
  "line": 14,
  "left": 10,
  "end": 268,
  "height": 37,
  "top": 571,
  "ayah": 9,
  "page": 260,
  "width": 258,
  "verse_pos": 8
 },
 {
  "line": 15,
  "left": 10,
  "end": 377,
  "height": 46,
  "top": 608,
  "ayah": 9,
  "page": 260,
  "width": 367,
  "verse_pos": 8
 }
]