[
 {
  "line": 1,
  "left": 119,
  "end": 371,
  "height": 43,
  "top": 7,
  "ayah": 1,
  "page": 460,
  "width": 252,
  "verse_pos": 0
 },
 {
  "line": 1,
  "left": 16,
  "end": 119,
  "height": 43,
  "top": 7,
  "ayah": 2,
  "page": 460,
  "width": 103,
  "verse_pos": 1
 },
 {
  "line": 2,
  "left": 257,
  "end": 371,
  "height": 42,
  "top": 50,
  "ayah": 2,
  "page": 460,
  "width": 114,
  "verse_pos": 1
 },
 {
  "line": 2,
  "left": 16,
  "end": 256,
  "height": 42,
  "top": 50,
  "ayah": 3,
  "page": 460,
  "width": 240,
  "verse_pos": 2
 },
 {
  "line": 3,
  "left": 339,
  "end": 371,
  "height": 42,
  "top": 92,
  "ayah": 3,
  "page": 460,
  "width": 32,
  "verse_pos": 2
 },
 {
  "line": 3,
  "left": 163,
  "end": 339,
  "height": 42,
  "top": 92,
  "ayah": 4,
  "page": 460,
  "width": 176,
  "verse_pos": 3
 },
 {
  "line": 3,
  "left": 16,
  "end": 163,
  "height": 42,
  "top": 92,
  "ayah": 5,
  "page": 460,
  "width": 147,
  "verse_pos": 4
 },
 {
  "line": 4,
  "left": 16,
  "end": 371,
  "height": 46,
  "top": 134,
  "ayah": 5,
  "page": 460,
  "width": 355,
  "verse_pos": 4
 },
 {
  "line": 5,
  "left": 191,
  "end": 371,
  "height": 38,
  "top": 180,
  "ayah": 5,
  "page": 460,
  "width": 180,
  "verse_pos": 4
 },
 {
  "line": 5,
  "left": 16,
  "end": 190,
  "height": 38,
  "top": 180,
  "ayah": 6,
  "page": 460,
  "width": 174,
  "verse_pos": 5
 },
 {
  "line": 6,
  "left": 16,
  "end": 371,
  "height": 48,
  "top": 218,
  "ayah": 6,
  "page": 460,
  "width": 355,
  "verse_pos": 5
 },
 {
  "line": 7,
  "left": 16,
  "end": 371,
  "height": 41,
  "top": 266,
  "ayah": 7,
  "page": 460,
  "width": 355,
  "verse_pos": 6
 },
 {
  "line": 8,
  "left": 275,
  "end": 371,
  "height": 41,
  "top": 307,
  "ayah": 7,
  "page": 460,
  "width": 96,
  "verse_pos": 6
 },
 {
  "line": 8,
  "left": 16,
  "end": 274,
  "height": 41,
  "top": 307,
  "ayah": 8,
  "page": 460,
  "width": 258,
  "verse_pos": 7
 },
 {
  "line": 9,
  "left": 16,
  "end": 371,
  "height": 44,
  "top": 348,
  "ayah": 8,
  "page": 460,
  "width": 355,
  "verse_pos": 7
 },
 {
  "line": 10,
  "left": 16,
  "end": 371,
  "height": 44,
  "top": 392,
  "ayah": 9,
  "page": 460,
  "width": 355,
  "verse_pos": 8
 },
 {
  "line": 11,
  "left": 16,
  "end": 371,
  "height": 41,
  "top": 436,
  "ayah": 10,
  "page": 460,
  "width": 355,
  "verse_pos": 9
 },
 {
  "line": 12,
  "left": 67,
  "end": 371,
  "height": 44,
  "top": 477,
  "ayah": 10,
  "page": 460,
  "width": 304,
  "verse_pos": 9
 },
 {
  "line": 12,
  "left": 16,
  "end": 66,
  "height": 44,
  "top": 477,
  "ayah": 11,
  "page": 460,
  "width": 50,
  "verse_pos": 10
 },
 {
  "line": 13,
  "left": 16,
  "end": 371,
  "height": 43,
  "top": 521,
  "ayah": 11,
  "page": 460,
  "width": 355,
  "verse_pos": 10
 },
 {
  "line": 14,
  "left": 16,
  "end": 371,
  "height": 42,
  "top": 564,
  "ayah": 11,
  "page": 460,
  "width": 355,
  "verse_pos": 10
 },
 {
  "line": 15,
  "left": 16,
  "end": 371,
  "height": 42,
  "top": 606,
  "ayah": 11,
  "page": 460,
  "width": 355,
  "verse_pos": 10
 }
]