[
 {
  "line": 1,
  "left": 15,
  "end": 373,
  "height": 40,
  "top": 7,
  "ayah": 1,
  "page": 420,
  "width": 358,
  "verse_pos": 0
 },
 {
  "line": 2,
  "left": 224,
  "end": 373,
  "height": 40,
  "top": 47,
  "ayah": 1,
  "page": 420,
  "width": 149,
  "verse_pos": 0
 },
 {
  "line": 2,
  "left": 15,
  "end": 223,
  "height": 40,
  "top": 47,
  "ayah": 2,
  "page": 420,
  "width": 208,
  "verse_pos": 1
 },
 {
  "line": 3,
  "left": 15,
  "end": 373,
  "height": 48,
  "top": 87,
  "ayah": 2,
  "page": 420,
  "width": 358,
  "verse_pos": 1
 },
 {
  "line": 4,
  "left": 246,
  "end": 373,
  "height": 40,
  "top": 135,
  "ayah": 2,
  "page": 420,
  "width": 127,
  "verse_pos": 1
 },
 {
  "line": 4,
  "left": 15,
  "end": 245,
  "height": 40,
  "top": 135,
  "ayah": 3,
  "page": 420,
  "width": 230,
  "verse_pos": 2
 },
 {
  "line": 5,
  "left": 67,
  "end": 373,
  "height": 43,
  "top": 175,
  "ayah": 3,
  "page": 420,
  "width": 306,
  "verse_pos": 2
 },
 {
  "line": 5,
  "left": 15,
  "end": 66,
  "height": 43,
  "top": 175,
  "ayah": 4,
  "page": 420,
  "width": 51,
  "verse_pos": 3
 },
 {
  "line": 6,
  "left": 15,
  "end": 373,
  "height": 45,
  "top": 218,
  "ayah": 4,
  "page": 420,
  "width": 358,
  "verse_pos": 3
 },
 {
  "line": 7,
  "left": 15,
  "end": 373,
  "height": 41,
  "top": 263,
  "ayah": 4,
  "page": 420,
  "width": 358,
  "verse_pos": 3
 },
 {
  "line": 8,
  "left": 15,
  "end": 373,
  "height": 44,
  "top": 304,
  "ayah": 4,
  "page": 420,
  "width": 358,
  "verse_pos": 3
 },
 {
  "line": 9,
  "left": 116,
  "end": 373,
  "height": 42,
  "top": 348,
  "ayah": 4,
  "page": 420,
  "width": 257,
  "verse_pos": 3
 },
 {
  "line": 9,
  "left": 15,
  "end": 115,
  "height": 42,
  "top": 348,
  "ayah": 5,
  "page": 420,
  "width": 100,
  "verse_pos": 4
 },
 {
  "line": 10,
  "left": 15,
  "end": 373,
  "height": 42,
  "top": 390,
  "ayah": 5,
  "page": 420,
  "width": 358,
  "verse_pos": 4
 },
 {
  "line": 11,
  "left": 15,
  "end": 373,
  "height": 45,
  "top": 432,
  "ayah": 5,
  "page": 420,
  "width": 358,
  "verse_pos": 4
 },
 {
  "line": 12,
  "left": 224,
  "end": 373,
  "height": 44,
  "top": 477,
  "ayah": 5,
  "page": 420,
  "width": 149,
  "verse_pos": 4
 },
 {
  "line": 12,
  "left": 15,
  "end": 223,
  "height": 44,
  "top": 477,
  "ayah": 6,
  "page": 420,
  "width": 208,
  "verse_pos": 5
 },
 {
  "line": 13,
  "left": 15,
  "end": 373,
  "height": 43,
  "top": 521,
  "ayah": 6,
  "page": 420,
  "width": 358,
  "verse_pos": 5
 },
 {
  "line": 14,
  "left": 15,
  "end": 373,
  "height": 41,
  "top": 564,
  "ayah": 7,
  "page": 420,
  "width": 358,
  "verse_pos": 6
 },
 {
  "line": 15,
  "left": 15,
  "end": 373,
  "height": 42,
  "top": 605,
  "ayah": 7,
  "page": 420,
  "width": 358,
  "verse_pos": 6
 }
]