[
 {
  "line": 1,
  "left": 14,
  "end": 372,
  "height": 44,
  "top": 7,
  "ayah": 1,
  "page": 339,
  "width": 358,
  "verse_pos": 0
 },
 {
  "line": 2,
  "left": 96,
  "end": 372,
  "height": 42,
  "top": 51,
  "ayah": 1,
  "page": 339,
  "width": 276,
  "verse_pos": 0
 },
 {
  "line": 2,
  "left": 14,
  "end": 95,
  "height": 42,
  "top": 51,
  "ayah": 2,
  "page": 339,
  "width": 81,
  "verse_pos": 1
 },
 {
  "line": 3,
  "left": 14,
  "end": 372,
  "height": 45,
  "top": 93,
  "ayah": 2,
  "page": 339,
  "width": 358,
  "verse_pos": 1
 },
 {
  "line": 4,
  "left": 14,
  "end": 372,
  "height": 43,
  "top": 138,
  "ayah": 3,
  "page": 339,
  "width": 358,
  "verse_pos": 2
 },
 {
  "line": 5,
  "left": 14,
  "end": 372,
  "height": 41,
  "top": 181,
  "ayah": 3,
  "page": 339,
  "width": 358,
  "verse_pos": 2
 },
 {
  "line": 6,
  "left": 255,
  "end": 372,
  "height": 48,
  "top": 222,
  "ayah": 3,
  "page": 339,
  "width": 117,
  "verse_pos": 2
 },
 {
  "line": 6,
  "left": 14,
  "end": 254,
  "height": 48,
  "top": 222,
  "ayah": 4,
  "page": 339,
  "width": 240,
  "verse_pos": 3
 },
 {
  "line": 7,
  "left": 204,
  "end": 372,
  "height": 37,
  "top": 270,
  "ayah": 4,
  "page": 339,
  "width": 168,
  "verse_pos": 3
 },
 {
  "line": 7,
  "left": 14,
  "end": 203,
  "height": 37,
  "top": 270,
  "ayah": 5,
  "page": 339,
  "width": 189,
  "verse_pos": 4
 },
 {
  "line": 8,
  "left": 14,
  "end": 372,
  "height": 45,
  "top": 307,
  "ayah": 5,
  "page": 339,
  "width": 358,
  "verse_pos": 4
 },
 {
  "line": 9,
  "left": 242,
  "end": 372,
  "height": 43,
  "top": 352,
  "ayah": 5,
  "page": 339,
  "width": 130,
  "verse_pos": 4
 },
 {
  "line": 9,
  "left": 14,
  "end": 241,
  "height": 43,
  "top": 352,
  "ayah": 6,
  "page": 339,
  "width": 227,
  "verse_pos": 5
 },
 {
  "line": 10,
  "left": 14,
  "end": 372,
  "height": 45,
  "top": 395,
  "ayah": 6,
  "page": 339,
  "width": 358,
  "verse_pos": 5
 },
 {
  "line": 11,
  "left": 337,
  "end": 372,
  "height": 43,
  "top": 440,
  "ayah": 6,
  "page": 339,
  "width": 35,
  "verse_pos": 5
 },
 {
  "line": 11,
  "left": 14,
  "end": 336,
  "height": 43,
  "top": 440,
  "ayah": 7,
  "page": 339,
  "width": 322,
  "verse_pos": 6
 },
 {
  "line": 12,
  "left": 14,
  "end": 372,
  "height": 40,
  "top": 483,
  "ayah": 7,
  "page": 339,
  "width": 358,
  "verse_pos": 6
 },
 {
  "line": 13,
  "left": 14,
  "end": 372,
  "height": 42,
  "top": 523,
  "ayah": 8,
  "page": 339,
  "width": 358,
  "verse_pos": 7
 },
 {
  "line": 14,
  "left": 137,
  "end": 372,
  "height": 46,
  "top": 565,
  "ayah": 8,
  "page": 339,
  "width": 235,
  "verse_pos": 7
 },
 {
  "line": 14,
  "left": 14,
  "end": 136,
  "height": 46,
  "top": 565,
  "ayah": 9,
  "page": 339,
  "width": 122,
  "verse_pos": 8
 },
 {
  "line": 15,
  "left": 14,
  "end": 372,
  "height": 42,
  "top": 611,
  "ayah": 9,
  "page": 339,
  "width": 358,
  "verse_pos": 8
 }
]