[
    {
          "line": 1,
          "left": 16,
          "end": 370,
          "height": 40,
          "top": 7,
          "ayah": 1,
          "page": 26,
          "width": 354,
          "verse_pos": 0
        },
        {
          "line": 2,
          "left": 16,
          "end": 370,
          "height": 46,
          "top": 47,
          "ayah": 1,
          "page": 26,
          "width": 354,
          "verse_pos": 0
        },
        {
          "line": 3,
          "left": 268,
          "end": 370,
          "height": 45,
          "top": 93,
          "ayah": 1,
          "page": 26,
          "width": 102,
          "verse_pos": 0
        },
        {
          "line": 3,
          "left": 16,
          "end": 267,
          "height": 45,
          "top": 93,
          "ayah": 2,
          "page": 26,
          "width": 251,
          "verse_pos": 1
        },
        {
          "line": 4,
          "left": 16,
          "end": 370,
          "height": 42,
          "top": 138,
          "ayah": 2,
          "page": 26,
          "width": 354,
          "verse_pos": 1
        },
        {
          "line": 5,
          "left": 331,
          "end": 370,
          "height": 43,
          "top": 180,
          "ayah": 2,
          "page": 26,
          "width": 39,
          "verse_pos": 1
        },
        {
          "line": 5,
          "left": 16,
          "end": 330,
          "height": 43,
          "top": 180,
          "ayah": 3,
          "page": 26,
          "width": 314,
          "verse_pos": 2
        },
        {
          "line": 6,
          "left": 74,
          "end": 370,
          "height": 42,
          "top": 223,
          "ayah": 3,
          "page": 26,
          "width": 296,
          "verse_pos": 2
        },
        {
          "line": 6,
          "left": 16,
          "end": 74,
          "height": 42,
          "top": 223,
          "ayah": 4,
          "page": 26,
          "width": 58,
          "verse_pos": 3
        },
        {
          "line": 7,
          "left": 16,
          "end": 370,
          "height": 40,
          "top": 265,
          "ayah": 4,
          "page": 26,
          "width": 354,
          "verse_pos": 3
        },
        {
          "line": 8,
          "left": 16,
          "end": 370,
          "height": 47,
          "top": 305,
          "ayah": 4,
          "page": 26,
          "width": 354,
          "verse_pos": 3
        },
        {
          "line": 9,
          "left": 247,
          "end": 370,
          "height": 39,
          "top": 352,
          "ayah": 4,
          "page": 26,
          "width": 123,
          "verse_pos": 3
        },
        {
          "line": 9,
          "left": 16,
          "end": 246,
          "height": 39,
          "top": 352,
          "ayah": 5,
          "page": 26,
          "width": 230,
          "verse_pos": 4
        },
        {
          "line": 10,
          "left": 16,
          "end": 370,
          "height": 48,
          "top": 391,
          "ayah": 5,
          "page": 26,
          "width": 354,
          "verse_pos": 4
        },
        {
          "line": 11,
          "left": 16,
          "end": 370,
          "height": 41,
          "top": 439,
          "ayah": 5,
          "page": 26,
          "width": 354,
          "verse_pos": 4
        },
        {
          "line": 12,
          "left": 107,
          "end": 370,
          "height": 45,
          "top": 480,
          "ayah": 5,
          "page": 26,
          "width": 263,
          "verse_pos": 4
        },
        {
          "line": 12,
          "left": 16,
          "end": 106,
          "height": 45,
          "top": 480,
          "ayah": 6,
          "page": 26,
          "width": 90,
          "verse_pos": 5
        },
        {
          "line": 13,
          "left": 16,
          "end": 370,
          "height": 43,
          "top": 525,
          "ayah": 6,
          "page": 26,
          "width": 354,
          "verse_pos": 5
        },
        {
          "line": 14,
          "left": 207,
          "end": 370,
          "height": 41,
          "top": 568,
          "ayah": 6,
          "page": 26,
          "width": 163,
          "verse_pos": 5
        },
        {
          "line": 14,
          "left": 16,
          "end": 206,
          "height": 41,
          "top": 568,
          "ayah": 7,
          "page": 26,
          "width": 190,
          "verse_pos": 6
        },
        {
          "line": 15,
          "left": 16,
          "end": 370,
          "height": 45,
          "top": 609,
          "ayah": 7,
          "page": 26,
          "width": 354,
          "verse_pos": 6
        }
]
