[
 {
  "line": 1,
  "left": 206,
  "end": 377,
  "height": 41,
  "top": 46,
  "ayah": 2,
  "page": 453,
  "width": 171,
  "verse_pos": 1
 },
 {
  "line": 1,
  "left": 11,
  "end": 205,
  "height": 41,
  "top": 46,
  "ayah": 3,
  "page": 453,
  "width": 194,
  "verse_pos": 2
 },
 {
  "line": 2,
  "left": 53,
  "end": 377,
  "height": 42,
  "top": 87,
  "ayah": 4,
  "page": 453,
  "width": 324,
  "verse_pos": 3
 },
 {
  "line": 2,
  "left": 11,
  "end": 52,
  "height": 42,
  "top": 87,
  "ayah": 5,
  "page": 453,
  "width": 41,
  "verse_pos": 4
 },
 {
  "line": 3,
  "left": 11,
  "end": 377,
  "height": 41,
  "top": 129,
  "ayah": 5,
  "page": 453,
  "width": 366,
  "verse_pos": 4
 },
 {
  "line": 4,
  "left": 88,
  "end": 377,
  "height": 42,
  "top": 170,
  "ayah": 6,
  "page": 453,
  "width": 289,
  "verse_pos": 5
 },
 {
  "line": 4,
  "left": 11,
  "end": 88,
  "height": 42,
  "top": 170,
  "ayah": 7,
  "page": 453,
  "width": 77,
  "verse_pos": 6
 },
 {
  "line": 5,
  "left": 11,
  "end": 377,
  "height": 46,
  "top": 212,
  "ayah": 7,
  "page": 453,
  "width": 366,
  "verse_pos": 6
 },
 {
  "line": 6,
  "left": 56,
  "end": 377,
  "height": 42,
  "top": 258,
  "ayah": 8,
  "page": 453,
  "width": 321,
  "verse_pos": 7
 },
 {
  "line": 6,
  "left": 11,
  "end": 55,
  "height": 42,
  "top": 258,
  "ayah": 9,
  "page": 453,
  "width": 44,
  "verse_pos": 8
 },
 {
  "line": 7,
  "left": 11,
  "end": 377,
  "height": 42,
  "top": 300,
  "ayah": 9,
  "page": 453,
  "width": 366,
  "verse_pos": 8
 },
 {
  "line": 8,
  "left": 340,
  "end": 377,
  "height": 42,
  "top": 342,
  "ayah": 9,
  "page": 453,
  "width": 37,
  "verse_pos": 8
 },
 {
  "line": 8,
  "left": 67,
  "end": 340,
  "height": 42,
  "top": 342,
  "ayah": 10,
  "page": 453,
  "width": 273,
  "verse_pos": 9
 },
 {
  "line": 8,
  "left": 11,
  "end": 67,
  "height": 42,
  "top": 342,
  "ayah": 11,
  "page": 453,
  "width": 56,
  "verse_pos": 10
 },
 {
  "line": 9,
  "left": 11,
  "end": 377,
  "height": 46,
  "top": 384,
  "ayah": 11,
  "page": 453,
  "width": 366,
  "verse_pos": 10
 },
 {
  "line": 10,
  "left": 111,
  "end": 377,
  "height": 42,
  "top": 430,
  "ayah": 12,
  "page": 453,
  "width": 266,
  "verse_pos": 11
 },
 {
  "line": 10,
  "left": 11,
  "end": 111,
  "height": 42,
  "top": 430,
  "ayah": 13,
  "page": 453,
  "width": 100,
  "verse_pos": 12
 },
 {
  "line": 11,
  "left": 167,
  "end": 377,
  "height": 41,
  "top": 472,
  "ayah": 13,
  "page": 453,
  "width": 210,
  "verse_pos": 12
 },
 {
  "line": 11,
  "left": 11,
  "end": 166,
  "height": 41,
  "top": 472,
  "ayah": 14,
  "page": 453,
  "width": 155,
  "verse_pos": 13
 },
 {
  "line": 12,
  "left": 182,
  "end": 377,
  "height": 46,
  "top": 513,
  "ayah": 14,
  "page": 453,
  "width": 195,
  "verse_pos": 13
 },
 {
  "line": 12,
  "left": 11,
  "end": 181,
  "height": 46,
  "top": 513,
  "ayah": 15,
  "page": 453,
  "width": 170,
  "verse_pos": 14
 },
 {
  "line": 13,
  "left": 258,
  "end": 377,
  "height": 40,
  "top": 559,
  "ayah": 15,
  "page": 453,
  "width": 119,
  "verse_pos": 14
 },
 {
  "line": 13,
  "left": 11,
  "end": 257,
  "height": 40,
  "top": 559,
  "ayah": 16,
  "page": 453,
  "width": 246,
  "verse_pos": 15
 },
 {
  "line": 14,
  "left": 294,
  "end": 377,
  "height": 42,
  "top": 599,
  "ayah": 16,
  "page": 453,
  "width": 83,
  "verse_pos": 15
 },
 {
  "line": 14,
  "left": 11,
  "end": 293,
  "height": 42,
  "top": 599,
  "ayah": 17,
  "page": 453,
  "width": 282,
  "verse_pos": 16
 }
]