[
 {
  "line": 1,
  "left": 258,
  "end": 380,
  "height": 44,
  "top": 93,
  "ayah": 2,
  "page": 597,
  "width": 122,
  "verse_pos": 1
 },
 {
  "line": 1,
  "left": 160,
  "end": 257,
  "height": 44,
  "top": 93,
  "ayah": 3,
  "page": 597,
  "width": 97,
  "verse_pos": 2
 },
 {
  "line": 1,
  "left": 9,
  "end": 159,
  "height": 44,
  "top": 93,
  "ayah": 4,
  "page": 597,
  "width": 150,
  "verse_pos": 3
 },
 {
  "line": 2,
  "left": 156,
  "end": 380,
  "height": 41,
  "top": 137,
  "ayah": 5,
  "page": 597,
  "width": 224,
  "verse_pos": 4
 },
 {
  "line": 2,
  "left": 9,
  "end": 155,
  "height": 41,
  "top": 137,
  "ayah": 6,
  "page": 597,
  "width": 146,
  "verse_pos": 5
 },
 {
  "line": 3,
  "left": 343,
  "end": 380,
  "height": 43,
  "top": 178,
  "ayah": 6,
  "page": 597,
  "width": 37,
  "verse_pos": 5
 },
 {
  "line": 3,
  "left": 9,
  "end": 342,
  "height": 43,
  "top": 178,
  "ayah": 7,
  "page": 597,
  "width": 333,
  "verse_pos": 6
 },
 {
  "line": 4,
  "left": 201,
  "end": 380,
  "height": 40,
  "top": 221,
  "ayah": 8,
  "page": 597,
  "width": 179,
  "verse_pos": 7
 },
 {
  "line": 4,
  "left": 9,
  "end": 200,
  "height": 40,
  "top": 221,
  "ayah": 9,
  "page": 597,
  "width": 191,
  "verse_pos": 8
 },
 {
  "line": 5,
  "left": 210,
  "end": 380,
  "height": 42,
  "top": 351,
  "ayah": 11,
  "page": 597,
  "width": 170,
  "verse_pos": 10
 },
 {
  "line": 5,
  "left": 68,
  "end": 209,
  "height": 42,
  "top": 351,
  "ayah": 12,
  "page": 597,
  "width": 141,
  "verse_pos": 11
 },
 {
  "line": 5,
  "left": 9,
  "end": 67,
  "height": 42,
  "top": 351,
  "ayah": 13,
  "page": 597,
  "width": 58,
  "verse_pos": 12
 },
 {
  "line": 6,
  "left": 308,
  "end": 380,
  "height": 48,
  "top": 393,
  "ayah": 13,
  "page": 597,
  "width": 72,
  "verse_pos": 12
 },
 {
  "line": 6,
  "left": 194,
  "end": 308,
  "height": 48,
  "top": 393,
  "ayah": 14,
  "page": 597,
  "width": 114,
  "verse_pos": 13
 },
 {
  "line": 6,
  "left": 50,
  "end": 193,
  "height": 48,
  "top": 393,
  "ayah": 15,
  "page": 597,
  "width": 143,
  "verse_pos": 14
 },
 {
  "line": 6,
  "left": 9,
  "end": 49,
  "height": 48,
  "top": 393,
  "ayah": 16,
  "page": 597,
  "width": 40,
  "verse_pos": 15
 },
 {
  "line": 7,
  "left": 271,
  "end": 380,
  "height": 40,
  "top": 441,
  "ayah": 16,
  "page": 597,
  "width": 109,
  "verse_pos": 15
 },
 {
  "line": 7,
  "left": 168,
  "end": 271,
  "height": 40,
  "top": 441,
  "ayah": 17,
  "page": 597,
  "width": 103,
  "verse_pos": 16
 },
 {
  "line": 7,
  "left": 46,
  "end": 168,
  "height": 40,
  "top": 441,
  "ayah": 18,
  "page": 597,
  "width": 122,
  "verse_pos": 17
 },
 {
  "line": 7,
  "left": 9,
  "end": 46,
  "height": 40,
  "top": 441,
  "ayah": 19,
  "page": 597,
  "width": 37,
  "verse_pos": 18
 },
 {
  "line": 8,
  "left": 291,
  "end": 380,
  "height": 42,
  "top": 481,
  "ayah": 19,
  "page": 597,
  "width": 89,
  "verse_pos": 18
 },
 {
  "line": 8,
  "left": 192,
  "end": 290,
  "height": 42,
  "top": 481,
  "ayah": 20,
  "page": 597,
  "width": 98,
  "verse_pos": 19
 },
 {
  "line": 8,
  "left": 46,
  "end": 191,
  "height": 42,
  "top": 481,
  "ayah": 21,
  "page": 597,
  "width": 145,
  "verse_pos": 20
 },
 {
  "line": 8,
  "left": 9,
  "end": 45,
  "height": 42,
  "top": 481,
  "ayah": 22,
  "page": 597,
  "width": 36,
  "verse_pos": 21
 },
 {
  "line": 9,
  "left": 305,
  "end": 380,
  "height": 45,
  "top": 523,
  "ayah": 22,
  "page": 597,
  "width": 75,
  "verse_pos": 21
 },
 {
  "line": 9,
  "left": 164,
  "end": 304,
  "height": 45,
  "top": 523,
  "ayah": 23,
  "page": 597,
  "width": 140,
  "verse_pos": 22
 },
 {
  "line": 9,
  "left": 47,
  "end": 164,
  "height": 45,
  "top": 523,
  "ayah": 24,
  "page": 597,
  "width": 117,
  "verse_pos": 23
 },
 {
  "line": 9,
  "left": 9,
  "end": 47,
  "height": 45,
  "top": 523,
  "ayah": 25,
  "page": 597,
  "width": 38,
  "verse_pos": 24
 },
 {
  "line": 10,
  "left": 228,
  "end": 380,
  "height": 41,
  "top": 568,
  "ayah": 25,
  "page": 597,
  "width": 152,
  "verse_pos": 24
 },
 {
  "line": 10,
  "left": 91,
  "end": 227,
  "height": 41,
  "top": 568,
  "ayah": 26,
  "page": 597,
  "width": 136,
  "verse_pos": 25
 },
 {
  "line": 10,
  "left": 9,
  "end": 92,
  "height": 41,
  "top": 568,
  "ayah": 27,
  "page": 597,
  "width": 83,
  "verse_pos": 26
 },
 {
  "line": 11,
  "left": 340,
  "end": 380,
  "height": 42,
  "top": 609,
  "ayah": 27,
  "page": 597,
  "width": 40,
  "verse_pos": 26
 },
 {
  "line": 11,
  "left": 232,
  "end": 339,
  "height": 42,
  "top": 609,
  "ayah": 28,
  "page": 597,
  "width": 107,
  "verse_pos": 27
 },
 {
  "line": 11,
  "left": 9,
  "end": 231,
  "height": 42,
  "top": 609,
  "ayah": 29,
  "page": 597,
  "width": 222,
  "verse_pos": 28
 }
]