[
 {
  "line": 1,
  "left": 299,
  "end": 371,
  "height": 43,
  "top": 93,
  "ayah": 2,
  "page": 151,
  "width": 72,
  "verse_pos": 1
 },
 {
  "line": 1,
  "left": 18,
  "end": 299,
  "height": 43,
  "top": 93,
  "ayah": 3,
  "page": 151,
  "width": 281,
  "verse_pos": 2
 },
 {
  "line": 2,
  "left": 145,
  "end": 371,
  "height": 41,
  "top": 136,
  "ayah": 3,
  "page": 151,
  "width": 226,
  "verse_pos": 2
 },
 {
  "line": 2,
  "left": 18,
  "end": 144,
  "height": 41,
  "top": 136,
  "ayah": 4,
  "page": 151,
  "width": 126,
  "verse_pos": 3
 },
 {
  "line": 3,
  "left": 18,
  "end": 371,
  "height": 45,
  "top": 177,
  "ayah": 4,
  "page": 151,
  "width": 353,
  "verse_pos": 3
 },
 {
  "line": 4,
  "left": 18,
  "end": 371,
  "height": 44,
  "top": 222,
  "ayah": 5,
  "page": 151,
  "width": 353,
  "verse_pos": 4
 },
 {
  "line": 5,
  "left": 337,
  "end": 371,
  "height": 41,
  "top": 266,
  "ayah": 5,
  "page": 151,
  "width": 34,
  "verse_pos": 4
 },
 {
  "line": 5,
  "left": 18,
  "end": 336,
  "height": 41,
  "top": 266,
  "ayah": 6,
  "page": 151,
  "width": 318,
  "verse_pos": 5
 },
 {
  "line": 6,
  "left": 290,
  "end": 371,
  "height": 41,
  "top": 307,
  "ayah": 6,
  "page": 151,
  "width": 81,
  "verse_pos": 5
 },
 {
  "line": 6,
  "left": 18,
  "end": 289,
  "height": 41,
  "top": 307,
  "ayah": 7,
  "page": 151,
  "width": 271,
  "verse_pos": 6
 },
 {
  "line": 7,
  "left": 275,
  "end": 371,
  "height": 41,
  "top": 348,
  "ayah": 7,
  "page": 151,
  "width": 96,
  "verse_pos": 6
 },
 {
  "line": 7,
  "left": 18,
  "end": 274,
  "height": 41,
  "top": 348,
  "ayah": 8,
  "page": 151,
  "width": 256,
  "verse_pos": 7
 },
 {
  "line": 8,
  "left": 18,
  "end": 371,
  "height": 47,
  "top": 389,
  "ayah": 9,
  "page": 151,
  "width": 353,
  "verse_pos": 8
 },
 {
  "line": 9,
  "left": 272,
  "end": 371,
  "height": 44,
  "top": 436,
  "ayah": 9,
  "page": 151,
  "width": 99,
  "verse_pos": 8
 },
 {
  "line": 9,
  "left": 18,
  "end": 271,
  "height": 44,
  "top": 436,
  "ayah": 10,
  "page": 151,
  "width": 253,
  "verse_pos": 9
 },
 {
  "line": 10,
  "left": 124,
  "end": 371,
  "height": 43,
  "top": 480,
  "ayah": 10,
  "page": 151,
  "width": 247,
  "verse_pos": 9
 },
 {
  "line": 10,
  "left": 18,
  "end": 123,
  "height": 43,
  "top": 480,
  "ayah": 11,
  "page": 151,
  "width": 105,
  "verse_pos": 10
 },
 {
  "line": 11,
  "left": 18,
  "end": 371,
  "height": 45,
  "top": 523,
  "ayah": 11,
  "page": 151,
  "width": 353,
  "verse_pos": 10
 },
 {
  "line": 12,
  "left": 18,
  "end": 371,
  "height": 41,
  "top": 568,
  "ayah": 12,
  "page": 151,
  "width": 353,
  "verse_pos": 11
 },
 {
  "line": 13,
  "left": 18,
  "end": 371,
  "height": 44,
  "top": 609,
  "ayah": 12,
  "page": 151,
  "width": 353,
  "verse_pos": 11
 }
]