[
 {
  "line": 1,
  "left": 16,
  "end": 370,
  "height": 42,
  "top": 7,
  "ayah": 1,
  "page": 212,
  "width": 354,
  "verse_pos": 0
 },
 {
  "line": 2,
  "left": 66,
  "end": 370,
  "height": 44,
  "top": 49,
  "ayah": 1,
  "page": 212,
  "width": 304,
  "verse_pos": 0
 },
 {
  "line": 2,
  "left": 16,
  "end": 66,
  "height": 44,
  "top": 49,
  "ayah": 2,
  "page": 212,
  "width": 50,
  "verse_pos": 1
 },
 {
  "line": 3,
  "left": 16,
  "end": 370,
  "height": 47,
  "top": 93,
  "ayah": 2,
  "page": 212,
  "width": 354,
  "verse_pos": 1
 },
 {
  "line": 4,
  "left": 16,
  "end": 370,
  "height": 40,
  "top": 140,
  "ayah": 2,
  "page": 212,
  "width": 354,
  "verse_pos": 1
 },
 {
  "line": 5,
  "left": 119,
  "end": 370,
  "height": 42,
  "top": 180,
  "ayah": 2,
  "page": 212,
  "width": 251,
  "verse_pos": 1
 },
 {
  "line": 5,
  "left": 16,
  "end": 118,
  "height": 42,
  "top": 180,
  "ayah": 3,
  "page": 212,
  "width": 102,
  "verse_pos": 2
 },
 {
  "line": 6,
  "left": 16,
  "end": 370,
  "height": 47,
  "top": 222,
  "ayah": 3,
  "page": 212,
  "width": 354,
  "verse_pos": 2
 },
 {
  "line": 7,
  "left": 81,
  "end": 370,
  "height": 41,
  "top": 269,
  "ayah": 3,
  "page": 212,
  "width": 289,
  "verse_pos": 2
 },
 {
  "line": 7,
  "left": 16,
  "end": 80,
  "height": 41,
  "top": 269,
  "ayah": 4,
  "page": 212,
  "width": 64,
  "verse_pos": 3
 },
 {
  "line": 8,
  "left": 16,
  "end": 370,
  "height": 43,
  "top": 310,
  "ayah": 4,
  "page": 212,
  "width": 354,
  "verse_pos": 3
 },
 {
  "line": 9,
  "left": 16,
  "end": 370,
  "height": 44,
  "top": 353,
  "ayah": 5,
  "page": 212,
  "width": 354,
  "verse_pos": 4
 },
 {
  "line": 10,
  "left": 118,
  "end": 370,
  "height": 43,
  "top": 397,
  "ayah": 5,
  "page": 212,
  "width": 252,
  "verse_pos": 4
 },
 {
  "line": 10,
  "left": 16,
  "end": 117,
  "height": 43,
  "top": 397,
  "ayah": 6,
  "page": 212,
  "width": 101,
  "verse_pos": 5
 },
 {
  "line": 11,
  "left": 16,
  "end": 370,
  "height": 43,
  "top": 440,
  "ayah": 6,
  "page": 212,
  "width": 354,
  "verse_pos": 5
 },
 {
  "line": 12,
  "left": 16,
  "end": 370,
  "height": 40,
  "top": 483,
  "ayah": 6,
  "page": 212,
  "width": 354,
  "verse_pos": 5
 },
 {
  "line": 13,
  "left": 153,
  "end": 370,
  "height": 43,
  "top": 523,
  "ayah": 6,
  "page": 212,
  "width": 217,
  "verse_pos": 5
 },
 {
  "line": 13,
  "left": 16,
  "end": 152,
  "height": 43,
  "top": 523,
  "ayah": 7,
  "page": 212,
  "width": 136,
  "verse_pos": 6
 },
 {
  "line": 14,
  "left": 72,
  "end": 370,
  "height": 45,
  "top": 566,
  "ayah": 7,
  "page": 212,
  "width": 298,
  "verse_pos": 6
 },
 {
  "line": 14,
  "left": 16,
  "end": 71,
  "height": 45,
  "top": 566,
  "ayah": 8,
  "page": 212,
  "width": 55,
  "verse_pos": 7
 },
 {
  "line": 15,
  "left": 16,
  "end": 370,
  "height": 43,
  "top": 611,
  "ayah": 8,
  "page": 212,
  "width": 354,
  "verse_pos": 7
 }
]