[
 {
  "line": 1,
  "left": 232,
  "end": 377,
  "height": 42,
  "top": 43,
  "ayah": 2,
  "page": 342,
  "width": 145,
  "verse_pos": 1
 },
 {
  "line": 1,
  "left": 12,
  "end": 231,
  "height": 42,
  "top": 43,
  "ayah": 3,
  "page": 342,
  "width": 219,
  "verse_pos": 2
 },
 {
  "line": 2,
  "left": 137,
  "end": 377,
  "height": 42,
  "top": 85,
  "ayah": 4,
  "page": 342,
  "width": 240,
  "verse_pos": 3
 },
 {
  "line": 2,
  "left": 12,
  "end": 136,
  "height": 42,
  "top": 85,
  "ayah": 5,
  "page": 342,
  "width": 124,
  "verse_pos": 4
 },
 {
  "line": 3,
  "left": 290,
  "end": 377,
  "height": 46,
  "top": 127,
  "ayah": 5,
  "page": 342,
  "width": 87,
  "verse_pos": 4
 },
 {
  "line": 3,
  "left": 62,
  "end": 289,
  "height": 46,
  "top": 127,
  "ayah": 6,
  "page": 342,
  "width": 227,
  "verse_pos": 5
 },
 {
  "line": 3,
  "left": 12,
  "end": 61,
  "height": 46,
  "top": 127,
  "ayah": 7,
  "page": 342,
  "width": 49,
  "verse_pos": 6
 },
 {
  "line": 4,
  "left": 12,
  "end": 377,
  "height": 38,
  "top": 173,
  "ayah": 7,
  "page": 342,
  "width": 365,
  "verse_pos": 6
 },
 {
  "line": 5,
  "left": 76,
  "end": 377,
  "height": 46,
  "top": 211,
  "ayah": 8,
  "page": 342,
  "width": 301,
  "verse_pos": 7
 },
 {
  "line": 5,
  "left": 12,
  "end": 75,
  "height": 46,
  "top": 211,
  "ayah": 9,
  "page": 342,
  "width": 63,
  "verse_pos": 8
 },
 {
  "line": 6,
  "left": 164,
  "end": 377,
  "height": 41,
  "top": 257,
  "ayah": 9,
  "page": 342,
  "width": 213,
  "verse_pos": 8
 },
 {
  "line": 6,
  "left": 12,
  "end": 163,
  "height": 41,
  "top": 257,
  "ayah": 10,
  "page": 342,
  "width": 151,
  "verse_pos": 9
 },
 {
  "line": 7,
  "left": 278,
  "end": 377,
  "height": 48,
  "top": 298,
  "ayah": 10,
  "page": 342,
  "width": 99,
  "verse_pos": 9
 },
 {
  "line": 7,
  "left": 121,
  "end": 277,
  "height": 48,
  "top": 298,
  "ayah": 11,
  "page": 342,
  "width": 156,
  "verse_pos": 10
 },
 {
  "line": 7,
  "left": 12,
  "end": 120,
  "height": 48,
  "top": 298,
  "ayah": 12,
  "page": 342,
  "width": 108,
  "verse_pos": 11
 },
 {
  "line": 8,
  "left": 171,
  "end": 377,
  "height": 42,
  "top": 346,
  "ayah": 12,
  "page": 342,
  "width": 206,
  "verse_pos": 11
 },
 {
  "line": 8,
  "left": 12,
  "end": 170,
  "height": 42,
  "top": 346,
  "ayah": 13,
  "page": 342,
  "width": 158,
  "verse_pos": 12
 },
 {
  "line": 9,
  "left": 248,
  "end": 377,
  "height": 43,
  "top": 388,
  "ayah": 13,
  "page": 342,
  "width": 129,
  "verse_pos": 12
 },
 {
  "line": 9,
  "left": 31,
  "end": 247,
  "height": 43,
  "top": 388,
  "ayah": 14,
  "page": 342,
  "width": 216,
  "verse_pos": 13
 },
 {
  "line": 9,
  "left": 12,
  "end": 30,
  "height": 43,
  "top": 388,
  "ayah": 15,
  "page": 342,
  "width": 18,
  "verse_pos": 14
 },
 {
  "line": 10,
  "left": 12,
  "end": 377,
  "height": 40,
  "top": 431,
  "ayah": 15,
  "page": 342,
  "width": 365,
  "verse_pos": 14
 },
 {
  "line": 11,
  "left": 12,
  "end": 377,
  "height": 41,
  "top": 471,
  "ayah": 15,
  "page": 342,
  "width": 365,
  "verse_pos": 14
 },
 {
  "line": 12,
  "left": 132,
  "end": 377,
  "height": 44,
  "top": 512,
  "ayah": 15,
  "page": 342,
  "width": 245,
  "verse_pos": 14
 },
 {
  "line": 12,
  "left": 12,
  "end": 131,
  "height": 44,
  "top": 512,
  "ayah": 16,
  "page": 342,
  "width": 119,
  "verse_pos": 15
 },
 {
  "line": 13,
  "left": 297,
  "end": 377,
  "height": 44,
  "top": 556,
  "ayah": 16,
  "page": 342,
  "width": 80,
  "verse_pos": 15
 },
 {
  "line": 13,
  "left": 61,
  "end": 296,
  "height": 44,
  "top": 556,
  "ayah": 17,
  "page": 342,
  "width": 235,
  "verse_pos": 16
 },
 {
  "line": 13,
  "left": 12,
  "end": 60,
  "height": 44,
  "top": 556,
  "ayah": 18,
  "page": 342,
  "width": 48,
  "verse_pos": 17
 },
 {
  "line": 14,
  "left": 12,
  "end": 377,
  "height": 46,
  "top": 600,
  "ayah": 18,
  "page": 342,
  "width": 365,
  "verse_pos": 17
 }
]