[
 {
  "line": 1,
  "left": 20,
  "end": 366,
  "height": 41,
  "top": 7,
  "ayah": 1,
  "page": 40,
  "width": 346,
  "verse_pos": 0
 },
 {
  "line": 2,
  "left": 20,
  "end": 366,
  "height": 39,
  "top": 48,
  "ayah": 1,
  "page": 40,
  "width": 346,
  "verse_pos": 0
 },
 {
  "line": 3,
  "left": 20,
  "end": 366,
  "height": 46,
  "top": 87,
  "ayah": 1,
  "page": 40,
  "width": 346,
  "verse_pos": 0
 },
 {
  "line": 4,
  "left": 20,
  "end": 366,
  "height": 40,
  "top": 133,
  "ayah": 1,
  "page": 40,
  "width": 346,
  "verse_pos": 0
 },
 {
  "line": 5,
  "left": 20,
  "end": 366,
  "height": 47,
  "top": 173,
  "ayah": 1,
  "page": 40,
  "width": 346,
  "verse_pos": 0
 },
 {
  "line": 6,
  "left": 58,
  "end": 366,
  "height": 40,
  "top": 220,
  "ayah": 1,
  "page": 40,
  "width": 308,
  "verse_pos": 0
 },
 {
  "line": 6,
  "left": 20,
  "end": 57,
  "height": 40,
  "top": 220,
  "ayah": 2,
  "page": 40,
  "width": 37,
  "verse_pos": 1
 },
 {
  "line": 7,
  "left": 20,
  "end": 366,
  "height": 46,
  "top": 260,
  "ayah": 2,
  "page": 40,
  "width": 346,
  "verse_pos": 1
 },
 {
  "line": 8,
  "left": 20,
  "end": 366,
  "height": 44,
  "top": 306,
  "ayah": 2,
  "page": 40,
  "width": 346,
  "verse_pos": 1
 },
 {
  "line": 9,
  "left": 20,
  "end": 366,
  "height": 43,
  "top": 350,
  "ayah": 2,
  "page": 40,
  "width": 346,
  "verse_pos": 1
 },
 {
  "line": 10,
  "left": 20,
  "end": 366,
  "height": 43,
  "top": 393,
  "ayah": 2,
  "page": 40,
  "width": 346,
  "verse_pos": 1
 },
 {
  "line": 11,
  "left": 20,
  "end": 366,
  "height": 42,
  "top": 436,
  "ayah": 2,
  "page": 40,
  "width": 346,
  "verse_pos": 1
 },
 {
  "line": 12,
  "left": 20,
  "end": 366,
  "height": 44,
  "top": 478,
  "ayah": 3,
  "page": 40,
  "width": 346,
  "verse_pos": 2
 },
 {
  "line": 13,
  "left": 20,
  "end": 366,
  "height": 37,
  "top": 522,
  "ayah": 3,
  "page": 40,
  "width": 346,
  "verse_pos": 2
 },
 {
  "line": 14,
  "left": 20,
  "end": 366,
  "height": 46,
  "top": 559,
  "ayah": 3,
  "page": 40,
  "width": 346,
  "verse_pos": 2
 },
 {
  "line": 15,
  "left": 20,
  "end": 366,
  "height": 45,
  "top": 605,
  "ayah": 3,
  "page": 40,
  "width": 346,
  "verse_pos": 2
 }
]