[
 {
  "line": 1,
  "left": 166,
  "end": 377,
  "height": 41,
  "top": 7,
  "ayah": 1,
  "page": 437,
  "width": 211,
  "verse_pos": 0
 },
 {
  "line": 1,
  "left": 12,
  "end": 165,
  "height": 41,
  "top": 7,
  "ayah": 2,
  "page": 437,
  "width": 153,
  "verse_pos": 1
 },
 {
  "line": 2,
  "left": 341,
  "end": 377,
  "height": 43,
  "top": 48,
  "ayah": 2,
  "page": 437,
  "width": 36,
  "verse_pos": 1
 },
 {
  "line": 2,
  "left": 185,
  "end": 340,
  "height": 43,
  "top": 48,
  "ayah": 3,
  "page": 437,
  "width": 155,
  "verse_pos": 2
 },
 {
  "line": 2,
  "left": 12,
  "end": 184,
  "height": 43,
  "top": 48,
  "ayah": 4,
  "page": 437,
  "width": 172,
  "verse_pos": 3
 },
 {
  "line": 3,
  "left": 35,
  "end": 377,
  "height": 47,
  "top": 91,
  "ayah": 4,
  "page": 437,
  "width": 342,
  "verse_pos": 3
 },
 {
  "line": 3,
  "left": 12,
  "end": 34,
  "height": 47,
  "top": 91,
  "ayah": 5,
  "page": 437,
  "width": 22,
  "verse_pos": 4
 },
 {
  "line": 4,
  "left": 265,
  "end": 377,
  "height": 42,
  "top": 138,
  "ayah": 5,
  "page": 437,
  "width": 112,
  "verse_pos": 4
 },
 {
  "line": 4,
  "left": 12,
  "end": 264,
  "height": 42,
  "top": 138,
  "ayah": 6,
  "page": 437,
  "width": 252,
  "verse_pos": 5
 },
 {
  "line": 5,
  "left": 215,
  "end": 377,
  "height": 42,
  "top": 180,
  "ayah": 6,
  "page": 437,
  "width": 162,
  "verse_pos": 5
 },
 {
  "line": 5,
  "left": 12,
  "end": 214,
  "height": 42,
  "top": 180,
  "ayah": 7,
  "page": 437,
  "width": 202,
  "verse_pos": 6
 },
 {
  "line": 6,
  "left": 12,
  "end": 377,
  "height": 41,
  "top": 222,
  "ayah": 7,
  "page": 437,
  "width": 365,
  "verse_pos": 6
 },
 {
  "line": 7,
  "left": 298,
  "end": 377,
  "height": 46,
  "top": 263,
  "ayah": 7,
  "page": 437,
  "width": 79,
  "verse_pos": 6
 },
 {
  "line": 7,
  "left": 12,
  "end": 297,
  "height": 46,
  "top": 263,
  "ayah": 8,
  "page": 437,
  "width": 285,
  "verse_pos": 7
 },
 {
  "line": 8,
  "left": 12,
  "end": 377,
  "height": 43,
  "top": 309,
  "ayah": 9,
  "page": 437,
  "width": 365,
  "verse_pos": 8
 },
 {
  "line": 9,
  "left": 12,
  "end": 377,
  "height": 44,
  "top": 352,
  "ayah": 9,
  "page": 437,
  "width": 365,
  "verse_pos": 8
 },
 {
  "line": 10,
  "left": 245,
  "end": 377,
  "height": 39,
  "top": 396,
  "ayah": 9,
  "page": 437,
  "width": 132,
  "verse_pos": 8
 },
 {
  "line": 10,
  "left": 12,
  "end": 244,
  "height": 39,
  "top": 396,
  "ayah": 10,
  "page": 437,
  "width": 232,
  "verse_pos": 9
 },
 {
  "line": 11,
  "left": 12,
  "end": 377,
  "height": 47,
  "top": 435,
  "ayah": 10,
  "page": 437,
  "width": 365,
  "verse_pos": 9
 },
 {
  "line": 12,
  "left": 197,
  "end": 377,
  "height": 42,
  "top": 482,
  "ayah": 10,
  "page": 437,
  "width": 180,
  "verse_pos": 9
 },
 {
  "line": 12,
  "left": 12,
  "end": 196,
  "height": 42,
  "top": 482,
  "ayah": 11,
  "page": 437,
  "width": 184,
  "verse_pos": 10
 },
 {
  "line": 13,
  "left": 12,
  "end": 377,
  "height": 43,
  "top": 524,
  "ayah": 11,
  "page": 437,
  "width": 365,
  "verse_pos": 10
 },
 {
  "line": 14,
  "left": 149,
  "end": 377,
  "height": 45,
  "top": 567,
  "ayah": 11,
  "page": 437,
  "width": 228,
  "verse_pos": 10
 },
 {
  "line": 14,
  "left": 12,
  "end": 148,
  "height": 45,
  "top": 567,
  "ayah": 12,
  "page": 437,
  "width": 136,
  "verse_pos": 11
 },
 {
  "line": 15,
  "left": 12,
  "end": 377,
  "height": 42,
  "top": 612,
  "ayah": 12,
  "page": 437,
  "width": 365,
  "verse_pos": 11
 }
]