[
 {
  "line": 1,
  "left": 15,
  "end": 372,
  "height": 44,
  "top": 6,
  "ayah": 1,
  "page": 117,
  "width": 357,
  "verse_pos": 0
 },
 {
  "line": 2,
  "left": 15,
  "end": 372,
  "height": 45,
  "top": 50,
  "ayah": 1,
  "page": 117,
  "width": 357,
  "verse_pos": 0
 },
 {
  "line": 3,
  "left": 281,
  "end": 372,
  "height": 36,
  "top": 95,
  "ayah": 1,
  "page": 117,
  "width": 91,
  "verse_pos": 0
 },
 {
  "line": 3,
  "left": 15,
  "end": 280,
  "height": 36,
  "top": 95,
  "ayah": 2,
  "page": 117,
  "width": 265,
  "verse_pos": 1
 },
 {
  "line": 4,
  "left": 15,
  "end": 372,
  "height": 50,
  "top": 131,
  "ayah": 2,
  "page": 117,
  "width": 357,
  "verse_pos": 1
 },
 {
  "line": 5,
  "left": 15,
  "end": 372,
  "height": 41,
  "top": 181,
  "ayah": 2,
  "page": 117,
  "width": 357,
  "verse_pos": 1
 },
 {
  "line": 6,
  "left": 15,
  "end": 372,
  "height": 41,
  "top": 222,
  "ayah": 3,
  "page": 117,
  "width": 357,
  "verse_pos": 2
 },
 {
  "line": 7,
  "left": 56,
  "end": 372,
  "height": 46,
  "top": 263,
  "ayah": 3,
  "page": 117,
  "width": 316,
  "verse_pos": 2
 },
 {
  "line": 7,
  "left": 15,
  "end": 55,
  "height": 46,
  "top": 263,
  "ayah": 4,
  "page": 117,
  "width": 40,
  "verse_pos": 3
 },
 {
  "line": 8,
  "left": 15,
  "end": 372,
  "height": 44,
  "top": 309,
  "ayah": 4,
  "page": 117,
  "width": 357,
  "verse_pos": 3
 },
 {
  "line": 9,
  "left": 15,
  "end": 372,
  "height": 40,
  "top": 353,
  "ayah": 4,
  "page": 117,
  "width": 357,
  "verse_pos": 3
 },
 {
  "line": 10,
  "left": 15,
  "end": 372,
  "height": 47,
  "top": 393,
  "ayah": 4,
  "page": 117,
  "width": 357,
  "verse_pos": 3
 },
 {
  "line": 11,
  "left": 246,
  "end": 372,
  "height": 43,
  "top": 440,
  "ayah": 4,
  "page": 117,
  "width": 126,
  "verse_pos": 3
 },
 {
  "line": 11,
  "left": 15,
  "end": 246,
  "height": 43,
  "top": 440,
  "ayah": 5,
  "page": 117,
  "width": 231,
  "verse_pos": 4
 },
 {
  "line": 12,
  "left": 93,
  "end": 372,
  "height": 41,
  "top": 483,
  "ayah": 5,
  "page": 117,
  "width": 279,
  "verse_pos": 4
 },
 {
  "line": 12,
  "left": 15,
  "end": 92,
  "height": 41,
  "top": 483,
  "ayah": 6,
  "page": 117,
  "width": 77,
  "verse_pos": 5
 },
 {
  "line": 13,
  "left": 71,
  "end": 372,
  "height": 44,
  "top": 524,
  "ayah": 6,
  "page": 117,
  "width": 301,
  "verse_pos": 5
 },
 {
  "line": 13,
  "left": 15,
  "end": 70,
  "height": 44,
  "top": 524,
  "ayah": 7,
  "page": 117,
  "width": 55,
  "verse_pos": 6
 },
 {
  "line": 14,
  "left": 15,
  "end": 372,
  "height": 39,
  "top": 568,
  "ayah": 7,
  "page": 117,
  "width": 357,
  "verse_pos": 6
 },
 {
  "line": 15,
  "left": 15,
  "end": 372,
  "height": 46,
  "top": 607,
  "ayah": 7,
  "page": 117,
  "width": 357,
  "verse_pos": 6
 }
]