[
 {
  "line": 1,
  "left": 17,
  "end": 371,
  "height": 42,
  "top": 7,
  "ayah": 1,
  "page": 366,
  "width": 354,
  "verse_pos": 0
 },
 {
  "line": 2,
  "left": 17,
  "end": 371,
  "height": 44,
  "top": 49,
  "ayah": 1,
  "page": 366,
  "width": 354,
  "verse_pos": 0
 },
 {
  "line": 3,
  "left": 295,
  "end": 371,
  "height": 43,
  "top": 93,
  "ayah": 1,
  "page": 366,
  "width": 76,
  "verse_pos": 0
 },
 {
  "line": 3,
  "left": 17,
  "end": 294,
  "height": 43,
  "top": 93,
  "ayah": 2,
  "page": 366,
  "width": 277,
  "verse_pos": 1
 },
 {
  "line": 4,
  "left": 288,
  "end": 371,
  "height": 40,
  "top": 136,
  "ayah": 2,
  "page": 366,
  "width": 83,
  "verse_pos": 1
 },
 {
  "line": 4,
  "left": 17,
  "end": 287,
  "height": 40,
  "top": 136,
  "ayah": 3,
  "page": 366,
  "width": 270,
  "verse_pos": 2
 },
 {
  "line": 5,
  "left": 17,
  "end": 371,
  "height": 45,
  "top": 176,
  "ayah": 3,
  "page": 366,
  "width": 354,
  "verse_pos": 2
 },
 {
  "line": 6,
  "left": 288,
  "end": 371,
  "height": 43,
  "top": 221,
  "ayah": 3,
  "page": 366,
  "width": 83,
  "verse_pos": 2
 },
 {
  "line": 6,
  "left": 17,
  "end": 287,
  "height": 43,
  "top": 221,
  "ayah": 4,
  "page": 366,
  "width": 270,
  "verse_pos": 3
 },
 {
  "line": 7,
  "left": 292,
  "end": 371,
  "height": 43,
  "top": 264,
  "ayah": 4,
  "page": 366,
  "width": 79,
  "verse_pos": 3
 },
 {
  "line": 7,
  "left": 17,
  "end": 291,
  "height": 43,
  "top": 264,
  "ayah": 5,
  "page": 366,
  "width": 274,
  "verse_pos": 4
 },
 {
  "line": 8,
  "left": 245,
  "end": 371,
  "height": 43,
  "top": 307,
  "ayah": 5,
  "page": 366,
  "width": 126,
  "verse_pos": 4
 },
 {
  "line": 8,
  "left": 17,
  "end": 244,
  "height": 43,
  "top": 307,
  "ayah": 6,
  "page": 366,
  "width": 227,
  "verse_pos": 5
 },
 {
  "line": 9,
  "left": 152,
  "end": 371,
  "height": 43,
  "top": 350,
  "ayah": 6,
  "page": 366,
  "width": 219,
  "verse_pos": 5
 },
 {
  "line": 9,
  "left": 17,
  "end": 151,
  "height": 43,
  "top": 350,
  "ayah": 7,
  "page": 366,
  "width": 134,
  "verse_pos": 6
 },
 {
  "line": 10,
  "left": 17,
  "end": 371,
  "height": 43,
  "top": 393,
  "ayah": 7,
  "page": 366,
  "width": 354,
  "verse_pos": 6
 },
 {
  "line": 11,
  "left": 234,
  "end": 371,
  "height": 44,
  "top": 436,
  "ayah": 7,
  "page": 366,
  "width": 137,
  "verse_pos": 6
 },
 {
  "line": 11,
  "left": 17,
  "end": 233,
  "height": 44,
  "top": 436,
  "ayah": 8,
  "page": 366,
  "width": 216,
  "verse_pos": 7
 },
 {
  "line": 12,
  "left": 93,
  "end": 371,
  "height": 42,
  "top": 480,
  "ayah": 8,
  "page": 366,
  "width": 278,
  "verse_pos": 7
 },
 {
  "line": 12,
  "left": 17,
  "end": 92,
  "height": 42,
  "top": 480,
  "ayah": 9,
  "page": 366,
  "width": 75,
  "verse_pos": 8
 },
 {
  "line": 14,
  "left": 145,
  "end": 371,
  "height": 41,
  "top": 522,
  "ayah": 9,
  "page": 366,
  "width": 226,
  "verse_pos": 8
 },
 {
  "line": 14,
  "left": 17,
  "end": 144,
  "height": 41,
  "top": 522,
  "ayah": 10,
  "page": 366,
  "width": 127,
  "verse_pos": 9
 },
 {
  "line": 14,
  "left": 17,
  "end": 371,
  "height": 42,
  "top": 563,
  "ayah": 10,
  "page": 366,
  "width": 354,
  "verse_pos": 9
 }
]