[
 {
  "line": 1,
  "left": 12,
  "end": 376,
  "height": 40,
  "top": 7,
  "ayah": 1,
  "page": 308,
  "width": 364,
  "verse_pos": 0
 },
 {
  "line": 2,
  "left": 340,
  "end": 376,
  "height": 42,
  "top": 47,
  "ayah": 1,
  "page": 308,
  "width": 36,
  "verse_pos": 0
 },
 {
  "line": 2,
  "left": 55,
  "end": 341,
  "height": 42,
  "top": 47,
  "ayah": 2,
  "page": 308,
  "width": 286,
  "verse_pos": 1
 },
 {
  "line": 2,
  "left": 12,
  "end": 54,
  "height": 42,
  "top": 47,
  "ayah": 3,
  "page": 308,
  "width": 42,
  "verse_pos": 2
 },
 {
  "line": 3,
  "left": 122,
  "end": 376,
  "height": 46,
  "top": 89,
  "ayah": 3,
  "page": 308,
  "width": 254,
  "verse_pos": 2
 },
 {
  "line": 3,
  "left": 12,
  "end": 121,
  "height": 46,
  "top": 89,
  "ayah": 4,
  "page": 308,
  "width": 109,
  "verse_pos": 3
 },
 {
  "line": 4,
  "left": 55,
  "end": 376,
  "height": 41,
  "top": 135,
  "ayah": 4,
  "page": 308,
  "width": 321,
  "verse_pos": 3
 },
 {
  "line": 4,
  "left": 12,
  "end": 54,
  "height": 41,
  "top": 135,
  "ayah": 5,
  "page": 308,
  "width": 42,
  "verse_pos": 4
 },
 {
  "line": 5,
  "left": 12,
  "end": 376,
  "height": 40,
  "top": 176,
  "ayah": 5,
  "page": 308,
  "width": 364,
  "verse_pos": 4
 },
 {
  "line": 6,
  "left": 310,
  "end": 376,
  "height": 46,
  "top": 216,
  "ayah": 5,
  "page": 308,
  "width": 66,
  "verse_pos": 4
 },
 {
  "line": 6,
  "left": 12,
  "end": 309,
  "height": 46,
  "top": 216,
  "ayah": 6,
  "page": 308,
  "width": 297,
  "verse_pos": 5
 },
 {
  "line": 7,
  "left": 302,
  "end": 376,
  "height": 42,
  "top": 262,
  "ayah": 6,
  "page": 308,
  "width": 74,
  "verse_pos": 5
 },
 {
  "line": 7,
  "left": 12,
  "end": 301,
  "height": 42,
  "top": 262,
  "ayah": 7,
  "page": 308,
  "width": 289,
  "verse_pos": 6
 },
 {
  "line": 8,
  "left": 194,
  "end": 376,
  "height": 42,
  "top": 304,
  "ayah": 7,
  "page": 308,
  "width": 182,
  "verse_pos": 6
 },
 {
  "line": 8,
  "left": 12,
  "end": 193,
  "height": 42,
  "top": 304,
  "ayah": 8,
  "page": 308,
  "width": 181,
  "verse_pos": 7
 },
 {
  "line": 9,
  "left": 42,
  "end": 376,
  "height": 43,
  "top": 346,
  "ayah": 8,
  "page": 308,
  "width": 334,
  "verse_pos": 7
 },
 {
  "line": 9,
  "left": 12,
  "end": 41,
  "height": 43,
  "top": 346,
  "ayah": 9,
  "page": 308,
  "width": 29,
  "verse_pos": 8
 },
 {
  "line": 10,
  "left": 12,
  "end": 376,
  "height": 46,
  "top": 389,
  "ayah": 9,
  "page": 308,
  "width": 364,
  "verse_pos": 8
 },
 {
  "line": 11,
  "left": 12,
  "end": 376,
  "height": 42,
  "top": 435,
  "ayah": 10,
  "page": 308,
  "width": 364,
  "verse_pos": 9
 },
 {
  "line": 12,
  "left": 172,
  "end": 376,
  "height": 43,
  "top": 477,
  "ayah": 10,
  "page": 308,
  "width": 204,
  "verse_pos": 9
 },
 {
  "line": 12,
  "left": 12,
  "end": 171,
  "height": 43,
  "top": 477,
  "ayah": 11,
  "page": 308,
  "width": 159,
  "verse_pos": 10
 },
 {
  "line": 13,
  "left": 12,
  "end": 376,
  "height": 45,
  "top": 520,
  "ayah": 11,
  "page": 308,
  "width": 364,
  "verse_pos": 10
 },
 {
  "line": 14,
  "left": 12,
  "end": 376,
  "height": 40,
  "top": 565,
  "ayah": 12,
  "page": 308,
  "width": 364,
  "verse_pos": 11
 },
 {
  "line": 15,
  "left": 12,
  "end": 376,
  "height": 42,
  "top": 605,
  "ayah": 13,
  "page": 308,
  "width": 364,
  "verse_pos": 12
 }
]