[
 {
  "line": 1,
  "left": 13,
  "end": 378,
  "height": 43,
  "top": 7,
  "ayah": 1,
  "page": 409,
  "width": 365,
  "verse_pos": 0
 },
 {
  "line": 2,
  "left": 196,
  "end": 378,
  "height": 41,
  "top": 50,
  "ayah": 1,
  "page": 409,
  "width": 182,
  "verse_pos": 0
 },
 {
  "line": 2,
  "left": 13,
  "end": 195,
  "height": 41,
  "top": 50,
  "ayah": 2,
  "page": 409,
  "width": 182,
  "verse_pos": 1
 },
 {
  "line": 3,
  "left": 40,
  "end": 378,
  "height": 42,
  "top": 91,
  "ayah": 2,
  "page": 409,
  "width": 338,
  "verse_pos": 1
 },
 {
  "line": 3,
  "left": 13,
  "end": 39,
  "height": 42,
  "top": 91,
  "ayah": 3,
  "page": 409,
  "width": 26,
  "verse_pos": 2
 },
 {
  "line": 4,
  "left": 13,
  "end": 378,
  "height": 46,
  "top": 133,
  "ayah": 3,
  "page": 409,
  "width": 365,
  "verse_pos": 2
 },
 {
  "line": 5,
  "left": 13,
  "end": 378,
  "height": 44,
  "top": 179,
  "ayah": 4,
  "page": 409,
  "width": 365,
  "verse_pos": 3
 },
 {
  "line": 6,
  "left": 283,
  "end": 378,
  "height": 44,
  "top": 223,
  "ayah": 4,
  "page": 409,
  "width": 95,
  "verse_pos": 3
 },
 {
  "line": 6,
  "left": 13,
  "end": 282,
  "height": 44,
  "top": 223,
  "ayah": 5,
  "page": 409,
  "width": 269,
  "verse_pos": 4
 },
 {
  "line": 7,
  "left": 13,
  "end": 378,
  "height": 44,
  "top": 267,
  "ayah": 5,
  "page": 409,
  "width": 365,
  "verse_pos": 4
 },
 {
  "line": 8,
  "left": 284,
  "end": 378,
  "height": 38,
  "top": 311,
  "ayah": 5,
  "page": 409,
  "width": 94,
  "verse_pos": 4
 },
 {
  "line": 8,
  "left": 13,
  "end": 283,
  "height": 38,
  "top": 311,
  "ayah": 6,
  "page": 409,
  "width": 270,
  "verse_pos": 5
 },
 {
  "line": 9,
  "left": 13,
  "end": 378,
  "height": 46,
  "top": 349,
  "ayah": 6,
  "page": 409,
  "width": 365,
  "verse_pos": 5
 },
 {
  "line": 10,
  "left": 284,
  "end": 378,
  "height": 44,
  "top": 395,
  "ayah": 6,
  "page": 409,
  "width": 94,
  "verse_pos": 5
 },
 {
  "line": 10,
  "left": 13,
  "end": 283,
  "height": 44,
  "top": 395,
  "ayah": 7,
  "page": 409,
  "width": 270,
  "verse_pos": 6
 },
 {
  "line": 11,
  "left": 13,
  "end": 378,
  "height": 43,
  "top": 439,
  "ayah": 7,
  "page": 409,
  "width": 365,
  "verse_pos": 6
 },
 {
  "line": 12,
  "left": 13,
  "end": 378,
  "height": 42,
  "top": 482,
  "ayah": 7,
  "page": 409,
  "width": 365,
  "verse_pos": 6
 },
 {
  "line": 13,
  "left": 340,
  "end": 378,
  "height": 45,
  "top": 524,
  "ayah": 7,
  "page": 409,
  "width": 38,
  "verse_pos": 6
 },
 {
  "line": 13,
  "left": 13,
  "end": 339,
  "height": 45,
  "top": 524,
  "ayah": 8,
  "page": 409,
  "width": 326,
  "verse_pos": 7
 },
 {
  "line": 14,
  "left": 340,
  "end": 378,
  "height": 38,
  "top": 569,
  "ayah": 8,
  "page": 409,
  "width": 38,
  "verse_pos": 7
 },
 {
  "line": 14,
  "left": 13,
  "end": 339,
  "height": 38,
  "top": 569,
  "ayah": 9,
  "page": 409,
  "width": 326,
  "verse_pos": 8
 },
 {
  "line": 15,
  "left": 13,
  "end": 378,
  "height": 42,
  "top": 607,
  "ayah": 9,
  "page": 409,
  "width": 365,
  "verse_pos": 8
 }
]