[
 {
  "line": 1,
  "left": 14,
  "end": 373,
  "height": 43,
  "top": 8,
  "ayah": 1,
  "page": 27,
  "width": 359,
  "verse_pos": 0
 },
 {
  "line": 2,
  "left": 14,
  "end": 373,
  "height": 45,
  "top": 51,
  "ayah": 1,
  "page": 27,
  "width": 359,
  "verse_pos": 0
 },
 {
  "line": 3,
  "left": 14,
  "end": 373,
  "height": 42,
  "top": 96,
  "ayah": 1,
  "page": 27,
  "width": 359,
  "verse_pos": 0
 },
 {
  "line": 4,
  "left": 14,
  "end": 373,
  "height": 37,
  "top": 138,
  "ayah": 1,
  "page": 27,
  "width": 359,
  "verse_pos": 0
 },
 {
  "line": 5,
  "left": 14,
  "end": 373,
  "height": 46,
  "top": 175,
  "ayah": 1,
  "page": 27,
  "width": 359,
  "verse_pos": 0
 },
 {
  "line": 6,
  "left": 14,
  "end": 373,
  "height": 42,
  "top": 221,
  "ayah": 1,
  "page": 27,
  "width": 359,
  "verse_pos": 0
 },
 {
  "line": 7,
  "left": 155,
  "end": 373,
  "height": 43,
  "top": 263,
  "ayah": 1,
  "page": 27,
  "width": 218,
  "verse_pos": 0
 },
 {
  "line": 7,
  "left": 14,
  "end": 154,
  "height": 43,
  "top": 263,
  "ayah": 2,
  "page": 27,
  "width": 140,
  "verse_pos": 1
 },
 {
  "line": 8,
  "left": 14,
  "end": 373,
  "height": 44,
  "top": 306,
  "ayah": 2,
  "page": 27,
  "width": 359,
  "verse_pos": 1
 },
 {
  "line": 9,
  "left": 14,
  "end": 373,
  "height": 40,
  "top": 350,
  "ayah": 2,
  "page": 27,
  "width": 359,
  "verse_pos": 1
 },
 {
  "line": 10,
  "left": 14,
  "end": 373,
  "height": 49,
  "top": 390,
  "ayah": 2,
  "page": 27,
  "width": 359,
  "verse_pos": 1
 },
 {
  "line": 11,
  "left": 166,
  "end": 373,
  "height": 41,
  "top": 439,
  "ayah": 2,
  "page": 27,
  "width": 207,
  "verse_pos": 1
 },
 {
  "line": 11,
  "left": 14,
  "end": 165,
  "height": 41,
  "top": 439,
  "ayah": 3,
  "page": 27,
  "width": 151,
  "verse_pos": 2
 },
 {
  "line": 12,
  "left": 112,
  "end": 373,
  "height": 44,
  "top": 480,
  "ayah": 3,
  "page": 27,
  "width": 261,
  "verse_pos": 2
 },
 {
  "line": 12,
  "left": 14,
  "end": 111,
  "height": 44,
  "top": 480,
  "ayah": 4,
  "page": 27,
  "width": 97,
  "verse_pos": 3
 },
 {
  "line": 13,
  "left": 14,
  "end": 373,
  "height": 43,
  "top": 524,
  "ayah": 4,
  "page": 27,
  "width": 359,
  "verse_pos": 3
 },
 {
  "line": 14,
  "left": 84,
  "end": 373,
  "height": 44,
  "top": 567,
  "ayah": 4,
  "page": 27,
  "width": 289,
  "verse_pos": 3
 },
 {
  "line": 14,
  "left": 14,
  "end": 83,
  "height": 44,
  "top": 567,
  "ayah": 5,
  "page": 27,
  "width": 69,
  "verse_pos": 4
 },
 {
  "line": 15,
  "left": 14,
  "end": 373,
  "height": 44,
  "top": 611,
  "ayah": 5,
  "page": 27,
  "width": 359,
  "verse_pos": 4
 }
]