[
 {
  "line": 1,
  "left": 15,
  "end": 370,
  "height": 39,
  "top": 7,
  "ayah": 1,
  "page": 386,
  "width": 355,
  "verse_pos": 0
 },
 {
  "line": 2,
  "left": 154,
  "end": 370,
  "height": 44,
  "top": 46,
  "ayah": 1,
  "page": 386,
  "width": 216,
  "verse_pos": 0
 },
 {
  "line": 2,
  "left": 15,
  "end": 153,
  "height": 44,
  "top": 46,
  "ayah": 2,
  "page": 386,
  "width": 138,
  "verse_pos": 1
 },
 {
  "line": 3,
  "left": 15,
  "end": 370,
  "height": 43,
  "top": 90,
  "ayah": 2,
  "page": 386,
  "width": 355,
  "verse_pos": 1
 },
 {
  "line": 4,
  "left": 15,
  "end": 370,
  "height": 40,
  "top": 133,
  "ayah": 2,
  "page": 386,
  "width": 355,
  "verse_pos": 1
 },
 {
  "line": 5,
  "left": 15,
  "end": 370,
  "height": 50,
  "top": 173,
  "ayah": 3,
  "page": 386,
  "width": 355,
  "verse_pos": 2
 },
 {
  "line": 6,
  "left": 15,
  "end": 370,
  "height": 36,
  "top": 223,
  "ayah": 3,
  "page": 386,
  "width": 355,
  "verse_pos": 2
 },
 {
  "line": 7,
  "left": 15,
  "end": 370,
  "height": 47,
  "top": 259,
  "ayah": 4,
  "page": 386,
  "width": 355,
  "verse_pos": 3
 },
 {
  "line": 8,
  "left": 70,
  "end": 370,
  "height": 40,
  "top": 306,
  "ayah": 4,
  "page": 386,
  "width": 300,
  "verse_pos": 3
 },
 {
  "line": 8,
  "left": 15,
  "end": 69,
  "height": 40,
  "top": 306,
  "ayah": 5,
  "page": 386,
  "width": 54,
  "verse_pos": 4
 },
 {
  "line": 9,
  "left": 15,
  "end": 370,
  "height": 47,
  "top": 346,
  "ayah": 5,
  "page": 386,
  "width": 355,
  "verse_pos": 4
 },
 {
  "line": 10,
  "left": 66,
  "end": 370,
  "height": 41,
  "top": 393,
  "ayah": 5,
  "page": 386,
  "width": 304,
  "verse_pos": 4
 },
 {
  "line": 10,
  "left": 15,
  "end": 65,
  "height": 41,
  "top": 393,
  "ayah": 6,
  "page": 386,
  "width": 50,
  "verse_pos": 5
 },
 {
  "line": 11,
  "left": 15,
  "end": 370,
  "height": 40,
  "top": 434,
  "ayah": 6,
  "page": 386,
  "width": 355,
  "verse_pos": 5
 },
 {
  "line": 12,
  "left": 333,
  "end": 370,
  "height": 47,
  "top": 474,
  "ayah": 6,
  "page": 386,
  "width": 37,
  "verse_pos": 5
 },
 {
  "line": 12,
  "left": 15,
  "end": 332,
  "height": 47,
  "top": 474,
  "ayah": 7,
  "page": 386,
  "width": 317,
  "verse_pos": 6
 },
 {
  "line": 13,
  "left": 15,
  "end": 370,
  "height": 42,
  "top": 521,
  "ayah": 7,
  "page": 386,
  "width": 355,
  "verse_pos": 6
 },
 {
  "line": 14,
  "left": 15,
  "end": 370,
  "height": 44,
  "top": 563,
  "ayah": 8,
  "page": 386,
  "width": 355,
  "verse_pos": 7
 },
 {
  "line": 15,
  "left": 15,
  "end": 370,
  "height": 42,
  "top": 607,
  "ayah": 8,
  "page": 386,
  "width": 355,
  "verse_pos": 7
 }
]
