[
 {
  "line": 1,
  "left": 15,
  "end": 373,
  "height": 41,
  "top": 7,
  "ayah": 1,
  "page": 334,
  "width": 358,
  "verse_pos": 0
 },
 {
  "line": 2,
  "left": 335,
  "end": 373,
  "height": 43,
  "top": 48,
  "ayah": 1,
  "page": 334,
  "width": 38,
  "verse_pos": 0
 },
 {
  "line": 2,
  "left": 15,
  "end": 334,
  "height": 43,
  "top": 48,
  "ayah": 2,
  "page": 334,
  "width": 319,
  "verse_pos": 1
 },
 {
  "line": 3,
  "left": 15,
  "end": 373,
  "height": 42,
  "top": 91,
  "ayah": 2,
  "page": 334,
  "width": 358,
  "verse_pos": 1
 },
 {
  "line": 4,
  "left": 107,
  "end": 373,
  "height": 46,
  "top": 133,
  "ayah": 2,
  "page": 334,
  "width": 266,
  "verse_pos": 1
 },
 {
  "line": 4,
  "left": 15,
  "end": 106,
  "height": 46,
  "top": 133,
  "ayah": 3,
  "page": 334,
  "width": 91,
  "verse_pos": 2
 },
 {
  "line": 5,
  "left": 15,
  "end": 373,
  "height": 42,
  "top": 179,
  "ayah": 3,
  "page": 334,
  "width": 358,
  "verse_pos": 2
 },
 {
  "line": 6,
  "left": 15,
  "end": 373,
  "height": 43,
  "top": 221,
  "ayah": 3,
  "page": 334,
  "width": 358,
  "verse_pos": 2
 },
 {
  "line": 7,
  "left": 15,
  "end": 373,
  "height": 45,
  "top": 264,
  "ayah": 3,
  "page": 334,
  "width": 358,
  "verse_pos": 2
 },
 {
  "line": 8,
  "left": 195,
  "end": 373,
  "height": 40,
  "top": 309,
  "ayah": 3,
  "page": 334,
  "width": 178,
  "verse_pos": 2
 },
 {
  "line": 8,
  "left": 15,
  "end": 194,
  "height": 40,
  "top": 309,
  "ayah": 4,
  "page": 334,
  "width": 179,
  "verse_pos": 3
 },
 {
  "line": 9,
  "left": 15,
  "end": 373,
  "height": 46,
  "top": 349,
  "ayah": 4,
  "page": 334,
  "width": 358,
  "verse_pos": 3
 },
 {
  "line": 10,
  "left": 175,
  "end": 373,
  "height": 42,
  "top": 395,
  "ayah": 4,
  "page": 334,
  "width": 198,
  "verse_pos": 3
 },
 {
  "line": 10,
  "left": 15,
  "end": 174,
  "height": 42,
  "top": 395,
  "ayah": 5,
  "page": 334,
  "width": 159,
  "verse_pos": 4
 },
 {
  "line": 11,
  "left": 284,
  "end": 373,
  "height": 43,
  "top": 437,
  "ayah": 5,
  "page": 334,
  "width": 89,
  "verse_pos": 4
 },
 {
  "line": 11,
  "left": 120,
  "end": 283,
  "height": 43,
  "top": 437,
  "ayah": 6,
  "page": 334,
  "width": 163,
  "verse_pos": 5
 },
 {
  "line": 11,
  "left": 15,
  "end": 119,
  "height": 43,
  "top": 437,
  "ayah": 7,
  "page": 334,
  "width": 104,
  "verse_pos": 6
 },
 {
  "line": 12,
  "left": 15,
  "end": 373,
  "height": 42,
  "top": 480,
  "ayah": 7,
  "page": 334,
  "width": 358,
  "verse_pos": 6
 },
 {
  "line": 13,
  "left": 336,
  "end": 373,
  "height": 42,
  "top": 522,
  "ayah": 7,
  "page": 334,
  "width": 37,
  "verse_pos": 6
 },
 {
  "line": 13,
  "left": 15,
  "end": 335,
  "height": 42,
  "top": 522,
  "ayah": 8,
  "page": 334,
  "width": 320,
  "verse_pos": 7
 },
 {
  "line": 14,
  "left": 15,
  "end": 373,
  "height": 40,
  "top": 564,
  "ayah": 8,
  "page": 334,
  "width": 358,
  "verse_pos": 7
 },
 {
  "line": 15,
  "left": 15,
  "end": 373,
  "height": 48,
  "top": 604,
  "ayah": 8,
  "page": 334,
  "width": 358,
  "verse_pos": 7
 }
]