[
    {
        "line": 1,
        "left": 13,
        "end": 373,
        "height": 43,
        "top": 7,
        "ayah": 1,
        "page": 485,
        "width": 360,
        "verse_pos": 0
    },
    {
        "line": 2,
        "left": 13,
        "end": 373,
        "height": 41,
        "top": 50,
        "ayah": 1,
        "page": 485,
        "width": 360,
        "verse_pos": 0
    },
    {
        "line": 3,
        "left": 337,
        "end": 373,
        "height": 44,
        "top": 91,
        "ayah": 1,
        "page": 485,
        "width": 36,
        "verse_pos": 0
    },
    {
        "line": 3,
        "left": 13,
        "end": 336,
        "height": 44,
        "top": 91,
        "ayah": 2,
        "page": 485,
        "width": 323,
        "verse_pos": 1
    },
    {
        "line": 4,
        "left": 215,
        "end": 373,
        "height": 41,
        "top": 135,
        "ayah": 2,
        "page": 485,
        "width": 158,
        "verse_pos": 1
    },
    {
        "line": 4,
        "left": 13,
        "end": 214,
        "height": 41,
        "top": 135,
        "ayah": 3,
        "page": 485,
        "width": 201,
        "verse_pos": 2
    },
    {
        "line": 5,
        "left": 13,
        "end": 373,
        "height": 45,
        "top": 176,
        "ayah": 3,
        "page": 485,
        "width": 360,
        "verse_pos": 2
    },
    {
        "line": 6,
        "left": 13,
        "end": 373,
        "height": 44,
        "top": 221,
        "ayah": 3,
        "page": 485,
        "width": 360,
        "verse_pos": 2
    },
    {
        "line": 7,
        "left": 13,
        "end": 373,
        "height": 44,
        "top": 265,
        "ayah": 4,
        "page": 485,
        "width": 360,
        "verse_pos": 3
    },
    {
        "line": 8,
        "left": 338,
        "end": 373,
        "height": 43,
        "top": 309,
        "ayah": 4,
        "page": 485,
        "width": 35,
        "verse_pos": 3
    },
    {
        "line": 8,
        "left": 13,
        "end": 337,
        "height": 43,
        "top": 309,
        "ayah": 5,
        "page": 485,
        "width": 324,
        "verse_pos": 4
    },
    {
        "line": 9,
        "left": 13,
        "end": 373,
        "height": 43,
        "top": 352,
        "ayah": 5,
        "page": 485,
        "width": 360,
        "verse_pos": 4
    },
    {
        "line": 10,
        "left": 289,
        "end": 373,
        "height": 40,
        "top": 395,
        "ayah": 5,
        "page": 485,
        "width": 84,
        "verse_pos": 4
    },
    {
        "line": 10,
        "left": 13,
        "end": 288,
        "height": 40,
        "top": 395,
        "ayah": 6,
        "page": 485,
        "width": 275,
        "verse_pos": 5
    },
    {
        "line": 11,
        "left": 13,
        "end": 373,
        "height": 45,
        "top": 435,
        "ayah": 6,
        "page": 485,
        "width": 360,
        "verse_pos": 5
    },
    {
        "line": 12,
        "left": 120,
        "end": 373,
        "height": 40,
        "top": 480,
        "ayah": 6,
        "page": 485,
        "width": 253,
        "verse_pos": 5
    },
    {
        "line": 12,
        "left": 13,
        "end": 119,
        "height": 40,
        "top": 480,
        "ayah": 7,
        "page": 485,
        "width": 106,
        "verse_pos": 6
    },
    {
        "line": 13,
        "left": 13,
        "end": 373,
        "height": 47,
        "top": 520,
        "ayah": 7,
        "page": 485,
        "width": 360,
        "verse_pos": 6
    },
    {
        "line": 14,
        "left": 13,
        "end": 373,
        "height": 40,
        "top": 567,
        "ayah": 7,
        "page": 485,
        "width": 360,
        "verse_pos": 6
    },
    {
        "line": 15,
        "left": 13,
        "end": 373,
        "height": 42,
        "top": 607,
        "ayah": 7,
        "page": 485,
        "width": 360,
        "verse_pos": 6
    }
]