[
 {
  "line": 1,
  "left": 44,
  "end": 370,
  "height": 41,
  "top": 7,
  "ayah": 1,
  "page": 563,
  "width": 326,
  "verse_pos": 0
 },
 {
  "line": 1,
  "left": 18,
  "end": 43,
  "height": 41,
  "top": 7,
  "ayah": 2,
  "page": 563,
  "width": 25,
  "verse_pos": 1
 },
 {
  "line": 2,
  "left": 151,
  "end": 370,
  "height": 42,
  "top": 48,
  "ayah": 2,
  "page": 563,
  "width": 219,
  "verse_pos": 1
 },
 {
  "line": 2,
  "left": 18,
  "end": 151,
  "height": 42,
  "top": 48,
  "ayah": 3,
  "page": 563,
  "width": 133,
  "verse_pos": 2
 },
 {
  "line": 3,
  "left": 18,
  "end": 370,
  "height": 44,
  "top": 90,
  "ayah": 3,
  "page": 563,
  "width": 352,
  "verse_pos": 2
 },
 {
  "line": 4,
  "left": 335,
  "end": 370,
  "height": 42,
  "top": 134,
  "ayah": 3,
  "page": 563,
  "width": 35,
  "verse_pos": 2
 },
 {
  "line": 4,
  "left": 18,
  "end": 334,
  "height": 42,
  "top": 134,
  "ayah": 4,
  "page": 563,
  "width": 316,
  "verse_pos": 3
 },
 {
  "line": 5,
  "left": 303,
  "end": 370,
  "height": 44,
  "top": 176,
  "ayah": 4,
  "page": 563,
  "width": 67,
  "verse_pos": 3
 },
 {
  "line": 5,
  "left": 18,
  "end": 302,
  "height": 44,
  "top": 176,
  "ayah": 5,
  "page": 563,
  "width": 284,
  "verse_pos": 4
 },
 {
  "line": 6,
  "left": 214,
  "end": 370,
  "height": 42,
  "top": 220,
  "ayah": 5,
  "page": 563,
  "width": 156,
  "verse_pos": 4
 },
 {
  "line": 6,
  "left": 18,
  "end": 213,
  "height": 42,
  "top": 220,
  "ayah": 6,
  "page": 563,
  "width": 195,
  "verse_pos": 5
 },
 {
  "line": 7,
  "left": 285,
  "end": 370,
  "height": 42,
  "top": 262,
  "ayah": 6,
  "page": 563,
  "width": 85,
  "verse_pos": 5
 },
 {
  "line": 7,
  "left": 18,
  "end": 285,
  "height": 42,
  "top": 262,
  "ayah": 7,
  "page": 563,
  "width": 267,
  "verse_pos": 6
 },
 {
  "line": 8,
  "left": 97,
  "end": 370,
  "height": 44,
  "top": 304,
  "ayah": 7,
  "page": 563,
  "width": 273,
  "verse_pos": 6
 },
 {
  "line": 8,
  "left": 18,
  "end": 96,
  "height": 44,
  "top": 304,
  "ayah": 8,
  "page": 563,
  "width": 78,
  "verse_pos": 7
 },
 {
  "line": 9,
  "left": 18,
  "end": 370,
  "height": 41,
  "top": 348,
  "ayah": 8,
  "page": 563,
  "width": 352,
  "verse_pos": 7
 },
 {
  "line": 10,
  "left": 335,
  "end": 370,
  "height": 47,
  "top": 389,
  "ayah": 8,
  "page": 563,
  "width": 35,
  "verse_pos": 7
 },
 {
  "line": 10,
  "left": 18,
  "end": 334,
  "height": 47,
  "top": 389,
  "ayah": 9,
  "page": 563,
  "width": 316,
  "verse_pos": 8
 },
 {
  "line": 11,
  "left": 300,
  "end": 370,
  "height": 42,
  "top": 436,
  "ayah": 9,
  "page": 563,
  "width": 70,
  "verse_pos": 8
 },
 {
  "line": 11,
  "left": 18,
  "end": 299,
  "height": 42,
  "top": 436,
  "ayah": 10,
  "page": 563,
  "width": 281,
  "verse_pos": 9
 },
 {
  "line": 12,
  "left": 238,
  "end": 370,
  "height": 40,
  "top": 478,
  "ayah": 10,
  "page": 563,
  "width": 132,
  "verse_pos": 9
 },
 {
  "line": 12,
  "left": 18,
  "end": 237,
  "height": 40,
  "top": 478,
  "ayah": 11,
  "page": 563,
  "width": 219,
  "verse_pos": 10
 },
 {
  "line": 13,
  "left": 124,
  "end": 370,
  "height": 44,
  "top": 518,
  "ayah": 11,
  "page": 563,
  "width": 246,
  "verse_pos": 10
 },
 {
  "line": 13,
  "left": 18,
  "end": 123,
  "height": 44,
  "top": 518,
  "ayah": 12,
  "page": 563,
  "width": 105,
  "verse_pos": 11
 },
 {
  "line": 14,
  "left": 200,
  "end": 370,
  "height": 47,
  "top": 562,
  "ayah": 12,
  "page": 563,
  "width": 170,
  "verse_pos": 11
 },
 {
  "line": 14,
  "left": 18,
  "end": 199,
  "height": 47,
  "top": 562,
  "ayah": 13,
  "page": 563,
  "width": 181,
  "verse_pos": 12
 },
 {
  "line": 15,
  "left": 287,
  "end": 370,
  "height": 42,
  "top": 609,
  "ayah": 13,
  "page": 563,
  "width": 83,
  "verse_pos": 12
 },
 {
  "line": 15,
  "left": 18,
  "end": 287,
  "height": 42,
  "top": 609,
  "ayah": 14,
  "page": 563,
  "width": 269,
  "verse_pos": 13
 }
]