[
 {
  "line": 1,
  "left": 39,
  "end": 378,
  "height": 39,
  "top": 7,
  "ayah": 1,
  "page": 370,
  "width": 339,
  "verse_pos": 0
 },
 {
  "line": 1,
  "left": 13,
  "end": 38,
  "height": 39,
  "top": 7,
  "ayah": 2,
  "page": 370,
  "width": 25,
  "verse_pos": 1
 },
 {
  "line": 2,
  "left": 194,
  "end": 378,
  "height": 42,
  "top": 46,
  "ayah": 2,
  "page": 370,
  "width": 184,
  "verse_pos": 1
 },
 {
  "line": 2,
  "left": 13,
  "end": 193,
  "height": 42,
  "top": 46,
  "ayah": 3,
  "page": 370,
  "width": 180,
  "verse_pos": 2
 },
 {
  "line": 3,
  "left": 13,
  "end": 378,
  "height": 49,
  "top": 88,
  "ayah": 3,
  "page": 370,
  "width": 365,
  "verse_pos": 2
 },
 {
  "line": 4,
  "left": 227,
  "end": 378,
  "height": 39,
  "top": 137,
  "ayah": 4,
  "page": 370,
  "width": 151,
  "verse_pos": 3
 },
 {
  "line": 4,
  "left": 13,
  "end": 226,
  "height": 39,
  "top": 137,
  "ayah": 5,
  "page": 370,
  "width": 213,
  "verse_pos": 4
 },
 {
  "line": 5,
  "left": 216,
  "end": 378,
  "height": 46,
  "top": 176,
  "ayah": 6,
  "page": 370,
  "width": 162,
  "verse_pos": 5
 },
 {
  "line": 5,
  "left": 13,
  "end": 215,
  "height": 46,
  "top": 176,
  "ayah": 7,
  "page": 370,
  "width": 202,
  "verse_pos": 6
 },
 {
  "line": 6,
  "left": 291,
  "end": 378,
  "height": 44,
  "top": 222,
  "ayah": 7,
  "page": 370,
  "width": 87,
  "verse_pos": 6
 },
 {
  "line": 6,
  "left": 93,
  "end": 290,
  "height": 44,
  "top": 222,
  "ayah": 8,
  "page": 370,
  "width": 197,
  "verse_pos": 7
 },
 {
  "line": 6,
  "left": 13,
  "end": 92,
  "height": 44,
  "top": 222,
  "ayah": 9,
  "page": 370,
  "width": 79,
  "verse_pos": 8
 },
 {
  "line": 7,
  "left": 272,
  "end": 378,
  "height": 41,
  "top": 266,
  "ayah": 9,
  "page": 370,
  "width": 106,
  "verse_pos": 8
 },
 {
  "line": 7,
  "left": 48,
  "end": 271,
  "height": 41,
  "top": 266,
  "ayah": 10,
  "page": 370,
  "width": 223,
  "verse_pos": 9
 },
 {
  "line": 7,
  "left": 13,
  "end": 47,
  "height": 41,
  "top": 266,
  "ayah": 11,
  "page": 370,
  "width": 34,
  "verse_pos": 10
 },
 {
  "line": 8,
  "left": 148,
  "end": 378,
  "height": 45,
  "top": 307,
  "ayah": 11,
  "page": 370,
  "width": 230,
  "verse_pos": 10
 },
 {
  "line": 8,
  "left": 13,
  "end": 147,
  "height": 45,
  "top": 307,
  "ayah": 12,
  "page": 370,
  "width": 134,
  "verse_pos": 11
 },
 {
  "line": 9,
  "left": 299,
  "end": 378,
  "height": 42,
  "top": 352,
  "ayah": 12,
  "page": 370,
  "width": 79,
  "verse_pos": 11
 },
 {
  "line": 9,
  "left": 130,
  "end": 298,
  "height": 42,
  "top": 352,
  "ayah": 13,
  "page": 370,
  "width": 168,
  "verse_pos": 12
 },
 {
  "line": 9,
  "left": 13,
  "end": 129,
  "height": 42,
  "top": 352,
  "ayah": 14,
  "page": 370,
  "width": 116,
  "verse_pos": 13
 },
 {
  "line": 10,
  "left": 256,
  "end": 378,
  "height": 42,
  "top": 394,
  "ayah": 14,
  "page": 370,
  "width": 122,
  "verse_pos": 13
 },
 {
  "line": 10,
  "left": 50,
  "end": 255,
  "height": 42,
  "top": 394,
  "ayah": 15,
  "page": 370,
  "width": 205,
  "verse_pos": 14
 },
 {
  "line": 10,
  "left": 13,
  "end": 49,
  "height": 42,
  "top": 394,
  "ayah": 16,
  "page": 370,
  "width": 36,
  "verse_pos": 15
 },
 {
  "line": 11,
  "left": 197,
  "end": 378,
  "height": 44,
  "top": 436,
  "ayah": 16,
  "page": 370,
  "width": 181,
  "verse_pos": 15
 },
 {
  "line": 11,
  "left": 13,
  "end": 196,
  "height": 44,
  "top": 436,
  "ayah": 17,
  "page": 370,
  "width": 183,
  "verse_pos": 16
 },
 {
  "line": 12,
  "left": 341,
  "end": 378,
  "height": 43,
  "top": 480,
  "ayah": 17,
  "page": 370,
  "width": 37,
  "verse_pos": 16
 },
 {
  "line": 12,
  "left": 173,
  "end": 340,
  "height": 43,
  "top": 480,
  "ayah": 18,
  "page": 370,
  "width": 167,
  "verse_pos": 17
 },
 {
  "line": 12,
  "left": 13,
  "end": 172,
  "height": 43,
  "top": 480,
  "ayah": 19,
  "page": 370,
  "width": 159,
  "verse_pos": 18
 },
 {
  "line": 13,
  "left": 339,
  "end": 378,
  "height": 45,
  "top": 523,
  "ayah": 19,
  "page": 370,
  "width": 39,
  "verse_pos": 18
 },
 {
  "line": 13,
  "left": 135,
  "end": 338,
  "height": 45,
  "top": 523,
  "ayah": 20,
  "page": 370,
  "width": 203,
  "verse_pos": 19
 },
 {
  "line": 13,
  "left": 13,
  "end": 134,
  "height": 45,
  "top": 523,
  "ayah": 21,
  "page": 370,
  "width": 121,
  "verse_pos": 20
 },
 {
  "line": 14,
  "left": 293,
  "end": 378,
  "height": 42,
  "top": 568,
  "ayah": 21,
  "page": 370,
  "width": 85,
  "verse_pos": 20
 },
 {
  "line": 14,
  "left": 13,
  "end": 292,
  "height": 42,
  "top": 568,
  "ayah": 22,
  "page": 370,
  "width": 279,
  "verse_pos": 21
 },
 {
  "line": 15,
  "left": 338,
  "end": 378,
  "height": 42,
  "top": 610,
  "ayah": 22,
  "page": 370,
  "width": 40,
  "verse_pos": 21
 },
 {
  "line": 15,
  "left": 13,
  "end": 337,
  "height": 42,
  "top": 610,
  "ayah": 23,
  "page": 370,
  "width": 324,
  "verse_pos": 22
 }
]