[
 {
  "line": 1,
  "left": 238,
  "end": 375,
  "height": 42,
  "top": 7,
  "ayah": 1,
  "page": 447,
  "width": 137,
  "verse_pos": 0
 },
 {
  "line": 1,
  "left": 87,
  "end": 238,
  "height": 42,
  "top": 7,
  "ayah": 2,
  "page": 447,
  "width": 151,
  "verse_pos": 1
 },
 {
  "line": 1,
  "left": 13,
  "end": 86,
  "height": 42,
  "top": 7,
  "ayah": 3,
  "page": 447,
  "width": 73,
  "verse_pos": 2
 },
 {
  "line": 2,
  "left": 236,
  "end": 375,
  "height": 43,
  "top": 49,
  "ayah": 3,
  "page": 447,
  "width": 139,
  "verse_pos": 2
 },
 {
  "line": 2,
  "left": 13,
  "end": 235,
  "height": 43,
  "top": 49,
  "ayah": 4,
  "page": 447,
  "width": 222,
  "verse_pos": 3
 },
 {
  "line": 3,
  "left": 190,
  "end": 375,
  "height": 42,
  "top": 92,
  "ayah": 5,
  "page": 447,
  "width": 185,
  "verse_pos": 4
 },
 {
  "line": 3,
  "left": 13,
  "end": 189,
  "height": 42,
  "top": 92,
  "ayah": 6,
  "page": 447,
  "width": 176,
  "verse_pos": 5
 },
 {
  "line": 4,
  "left": 230,
  "end": 375,
  "height": 43,
  "top": 134,
  "ayah": 6,
  "page": 447,
  "width": 145,
  "verse_pos": 5
 },
 {
  "line": 4,
  "left": 13,
  "end": 229,
  "height": 43,
  "top": 134,
  "ayah": 7,
  "page": 447,
  "width": 216,
  "verse_pos": 6
 },
 {
  "line": 5,
  "left": 205,
  "end": 375,
  "height": 45,
  "top": 177,
  "ayah": 8,
  "page": 447,
  "width": 170,
  "verse_pos": 7
 },
 {
  "line": 5,
  "left": 13,
  "end": 204,
  "height": 45,
  "top": 177,
  "ayah": 9,
  "page": 447,
  "width": 191,
  "verse_pos": 8
 },
 {
  "line": 6,
  "left": 340,
  "end": 375,
  "height": 41,
  "top": 222,
  "ayah": 9,
  "page": 447,
  "width": 35,
  "verse_pos": 8
 },
 {
  "line": 6,
  "left": 147,
  "end": 339,
  "height": 41,
  "top": 222,
  "ayah": 10,
  "page": 447,
  "width": 192,
  "verse_pos": 9
 },
 {
  "line": 6,
  "left": 13,
  "end": 146,
  "height": 41,
  "top": 222,
  "ayah": 11,
  "page": 447,
  "width": 133,
  "verse_pos": 10
 },
 {
  "line": 7,
  "left": 186,
  "end": 375,
  "height": 46,
  "top": 263,
  "ayah": 11,
  "page": 447,
  "width": 189,
  "verse_pos": 10
 },
 {
  "line": 7,
  "left": 13,
  "end": 185,
  "height": 46,
  "top": 263,
  "ayah": 12,
  "page": 447,
  "width": 172,
  "verse_pos": 11
 },
 {
  "line": 8,
  "left": 261,
  "end": 375,
  "height": 41,
  "top": 309,
  "ayah": 12,
  "page": 447,
  "width": 114,
  "verse_pos": 11
 },
 {
  "line": 8,
  "left": 49,
  "end": 260,
  "height": 41,
  "top": 309,
  "ayah": 13,
  "page": 447,
  "width": 211,
  "verse_pos": 12
 },
 {
  "line": 8,
  "left": 13,
  "end": 48,
  "height": 41,
  "top": 309,
  "ayah": 14,
  "page": 447,
  "width": 35,
  "verse_pos": 13
 },
 {
  "line": 9,
  "left": 201,
  "end": 375,
  "height": 42,
  "top": 350,
  "ayah": 14,
  "page": 447,
  "width": 174,
  "verse_pos": 13
 },
 {
  "line": 9,
  "left": 13,
  "end": 200,
  "height": 42,
  "top": 350,
  "ayah": 15,
  "page": 447,
  "width": 187,
  "verse_pos": 14
 },
 {
  "line": 10,
  "left": 341,
  "end": 375,
  "height": 41,
  "top": 392,
  "ayah": 15,
  "page": 447,
  "width": 34,
  "verse_pos": 14
 },
 {
  "line": 10,
  "left": 176,
  "end": 340,
  "height": 41,
  "top": 392,
  "ayah": 16,
  "page": 447,
  "width": 164,
  "verse_pos": 15
 },
 {
  "line": 10,
  "left": 13,
  "end": 175,
  "height": 41,
  "top": 392,
  "ayah": 17,
  "page": 447,
  "width": 162,
  "verse_pos": 16
 },
 {
  "line": 11,
  "left": 227,
  "end": 375,
  "height": 45,
  "top": 433,
  "ayah": 18,
  "page": 447,
  "width": 148,
  "verse_pos": 17
 },
 {
  "line": 11,
  "left": 109,
  "end": 226,
  "height": 45,
  "top": 433,
  "ayah": 19,
  "page": 447,
  "width": 117,
  "verse_pos": 18
 },
 {
  "line": 11,
  "left": 13,
  "end": 108,
  "height": 45,
  "top": 433,
  "ayah": 20,
  "page": 447,
  "width": 95,
  "verse_pos": 19
 },
 {
  "line": 12,
  "left": 339,
  "end": 375,
  "height": 44,
  "top": 478,
  "ayah": 20,
  "page": 447,
  "width": 36,
  "verse_pos": 19
 },
 {
  "line": 12,
  "left": 139,
  "end": 338,
  "height": 44,
  "top": 478,
  "ayah": 21,
  "page": 447,
  "width": 199,
  "verse_pos": 20
 },
 {
  "line": 12,
  "left": 13,
  "end": 138,
  "height": 44,
  "top": 478,
  "ayah": 22,
  "page": 447,
  "width": 125,
  "verse_pos": 21
 },
 {
  "line": 13,
  "left": 339,
  "end": 375,
  "height": 43,
  "top": 522,
  "ayah": 22,
  "page": 447,
  "width": 36,
  "verse_pos": 21
 },
 {
  "line": 13,
  "left": 117,
  "end": 338,
  "height": 43,
  "top": 522,
  "ayah": 23,
  "page": 447,
  "width": 221,
  "verse_pos": 22
 },
 {
  "line": 13,
  "left": 13,
  "end": 116,
  "height": 43,
  "top": 522,
  "ayah": 24,
  "page": 447,
  "width": 103,
  "verse_pos": 23
 },
 {
  "line": 14,
  "left": 267,
  "end": 375,
  "height": 42,
  "top": 565,
  "ayah": 24,
  "page": 447,
  "width": 108,
  "verse_pos": 23
 },
 {
  "line": 14,
  "left": 119,
  "end": 267,
  "height": 42,
  "top": 565,
  "ayah": 25,
  "page": 447,
  "width": 148,
  "verse_pos": 24
 },
 {
  "line": 14,
  "left": 13,
  "end": 119,
  "height": 42,
  "top": 565,
  "ayah": 26,
  "page": 447,
  "width": 106,
  "verse_pos": 25
 },
 {
  "line": 15,
  "left": 239,
  "end": 375,
  "height": 42,
  "top": 607,
  "ayah": 26,
  "page": 447,
  "width": 136,
  "verse_pos": 25
 },
 {
  "line": 15,
  "left": 13,
  "end": 238,
  "height": 42,
  "top": 607,
  "ayah": 27,
  "page": 447,
  "width": 225,
  "verse_pos": 26
 }
]
