[
 {
  "line": 1,
  "left": 20,
  "end": 368,
  "height": 43,
  "top": 7,
  "ayah": 1,
  "page": 557,
  "width": 348,
  "verse_pos": 0
 },
 {
  "line": 2,
  "left": 116,
  "end": 368,
  "height": 42,
  "top": 50,
  "ayah": 1,
  "page": 557,
  "width": 252,
  "verse_pos": 0
 },
 {
  "line": 2,
  "left": 20,
  "end": 115,
  "height": 42,
  "top": 50,
  "ayah": 2,
  "page": 557,
  "width": 95,
  "verse_pos": 1
 },
 {
  "line": 3,
  "left": 20,
  "end": 368,
  "height": 45,
  "top": 92,
  "ayah": 2,
  "page": 557,
  "width": 348,
  "verse_pos": 1
 },
 {
  "line": 4,
  "left": 259,
  "end": 368,
  "height": 45,
  "top": 137,
  "ayah": 2,
  "page": 557,
  "width": 109,
  "verse_pos": 1
 },
 {
  "line": 4,
  "left": 20,
  "end": 258,
  "height": 45,
  "top": 137,
  "ayah": 3,
  "page": 557,
  "width": 238,
  "verse_pos": 2
 },
 {
  "line": 5,
  "left": 88,
  "end": 368,
  "height": 41,
  "top": 182,
  "ayah": 3,
  "page": 557,
  "width": 280,
  "verse_pos": 2
 },
 {
  "line": 5,
  "left": 20,
  "end": 87,
  "height": 41,
  "top": 182,
  "ayah": 4,
  "page": 557,
  "width": 67,
  "verse_pos": 3
 },
 {
  "line": 6,
  "left": 65,
  "end": 368,
  "height": 44,
  "top": 223,
  "ayah": 4,
  "page": 557,
  "width": 303,
  "verse_pos": 3
 },
 {
  "line": 6,
  "left": 20,
  "end": 64,
  "height": 44,
  "top": 223,
  "ayah": 5,
  "page": 557,
  "width": 44,
  "verse_pos": 4
 },
 {
  "line": 7,
  "left": 20,
  "end": 368,
  "height": 43,
  "top": 267,
  "ayah": 5,
  "page": 557,
  "width": 348,
  "verse_pos": 4
 },
 {
  "line": 8,
  "left": 20,
  "end": 368,
  "height": 43,
  "top": 310,
  "ayah": 5,
  "page": 557,
  "width": 348,
  "verse_pos": 4
 },
 {
  "line": 9,
  "left": 177,
  "end": 368,
  "height": 40,
  "top": 353,
  "ayah": 5,
  "page": 557,
  "width": 191,
  "verse_pos": 4
 },
 {
  "line": 9,
  "left": 20,
  "end": 177,
  "height": 40,
  "top": 353,
  "ayah": 6,
  "page": 557,
  "width": 157,
  "verse_pos": 5
 },
 {
  "line": 10,
  "left": 154,
  "end": 368,
  "height": 45,
  "top": 393,
  "ayah": 6,
  "page": 557,
  "width": 214,
  "verse_pos": 5
 },
 {
  "line": 10,
  "left": 20,
  "end": 153,
  "height": 45,
  "top": 393,
  "ayah": 7,
  "page": 557,
  "width": 133,
  "verse_pos": 6
 },
 {
  "line": 11,
  "left": 20,
  "end": 368,
  "height": 42,
  "top": 438,
  "ayah": 7,
  "page": 557,
  "width": 348,
  "verse_pos": 6
 },
 {
  "line": 12,
  "left": 87,
  "end": 368,
  "height": 44,
  "top": 480,
  "ayah": 7,
  "page": 557,
  "width": 281,
  "verse_pos": 6
 },
 {
  "line": 12,
  "left": 20,
  "end": 86,
  "height": 44,
  "top": 480,
  "ayah": 8,
  "page": 557,
  "width": 66,
  "verse_pos": 7
 },
 {
  "line": 13,
  "left": 20,
  "end": 368,
  "height": 45,
  "top": 524,
  "ayah": 8,
  "page": 557,
  "width": 348,
  "verse_pos": 7
 },
 {
  "line": 14,
  "left": 285,
  "end": 368,
  "height": 42,
  "top": 569,
  "ayah": 8,
  "page": 557,
  "width": 83,
  "verse_pos": 7
 },
 {
  "line": 14,
  "left": 20,
  "end": 284,
  "height": 42,
  "top": 569,
  "ayah": 9,
  "page": 557,
  "width": 264,
  "verse_pos": 8
 }
]