[
 {
  "line": 1,
  "left": 18,
  "end": 368,
  "height": 41,
  "top": 7,
  "ayah": 1,
  "page": 52,
  "width": 350,
  "verse_pos": 0
 },
 {
  "line": 2,
  "left": 256,
  "end": 368,
  "height": 46,
  "top": 48,
  "ayah": 1,
  "page": 52,
  "width": 112,
  "verse_pos": 0
 },
 {
  "line": 2,
  "left": 18,
  "end": 255,
  "height": 46,
  "top": 48,
  "ayah": 2,
  "page": 52,
  "width": 237,
  "verse_pos": 1
 },
 {
  "line": 3,
  "left": 68,
  "end": 368,
  "height": 39,
  "top": 94,
  "ayah": 2,
  "page": 52,
  "width": 300,
  "verse_pos": 1
 },
 {
  "line": 3,
  "left": 18,
  "end": 67,
  "height": 39,
  "top": 94,
  "ayah": 3,
  "page": 52,
  "width": 49,
  "verse_pos": 2
 },
 {
  "line": 4,
  "left": 18,
  "end": 368,
  "height": 43,
  "top": 133,
  "ayah": 3,
  "page": 52,
  "width": 350,
  "verse_pos": 2
 },
 {
  "line": 5,
  "left": 131,
  "end": 368,
  "height": 41,
  "top": 176,
  "ayah": 3,
  "page": 52,
  "width": 237,
  "verse_pos": 2
 },
 {
  "line": 5,
  "left": 18,
  "end": 130,
  "height": 41,
  "top": 176,
  "ayah": 4,
  "page": 52,
  "width": 112,
  "verse_pos": 3
 },
 {
  "line": 6,
  "left": 18,
  "end": 368,
  "height": 43,
  "top": 217,
  "ayah": 4,
  "page": 52,
  "width": 350,
  "verse_pos": 3
 },
 {
  "line": 7,
  "left": 18,
  "end": 368,
  "height": 46,
  "top": 260,
  "ayah": 4,
  "page": 52,
  "width": 350,
  "verse_pos": 3
 },
 {
  "line": 8,
  "left": 151,
  "end": 368,
  "height": 43,
  "top": 306,
  "ayah": 4,
  "page": 52,
  "width": 217,
  "verse_pos": 3
 },
 {
  "line": 8,
  "left": 18,
  "end": 150,
  "height": 43,
  "top": 306,
  "ayah": 5,
  "page": 52,
  "width": 132,
  "verse_pos": 4
 },
 {
  "line": 9,
  "left": 18,
  "end": 368,
  "height": 39,
  "top": 349,
  "ayah": 5,
  "page": 52,
  "width": 350,
  "verse_pos": 4
 },
 {
  "line": 10,
  "left": 18,
  "end": 368,
  "height": 44,
  "top": 388,
  "ayah": 5,
  "page": 52,
  "width": 350,
  "verse_pos": 4
 },
 {
  "line": 11,
  "left": 138,
  "end": 368,
  "height": 49,
  "top": 432,
  "ayah": 5,
  "page": 52,
  "width": 230,
  "verse_pos": 4
 },
 {
  "line": 11,
  "left": 18,
  "end": 137,
  "height": 49,
  "top": 432,
  "ayah": 6,
  "page": 52,
  "width": 119,
  "verse_pos": 5
 },
 {
  "line": 12,
  "left": 18,
  "end": 368,
  "height": 41,
  "top": 481,
  "ayah": 6,
  "page": 52,
  "width": 350,
  "verse_pos": 5
 },
 {
  "line": 13,
  "left": 18,
  "end": 368,
  "height": 42,
  "top": 522,
  "ayah": 6,
  "page": 52,
  "width": 350,
  "verse_pos": 5
 },
 {
  "line": 14,
  "left": 237,
  "end": 368,
  "height": 43,
  "top": 564,
  "ayah": 6,
  "page": 52,
  "width": 131,
  "verse_pos": 5
 },
 {
  "line": 14,
  "left": 18,
  "end": 236,
  "height": 43,
  "top": 564,
  "ayah": 7,
  "page": 52,
  "width": 218,
  "verse_pos": 6
 },
 {
  "line": 15,
  "left": 18,
  "end": 368,
  "height": 42,
  "top": 607,
  "ayah": 7,
  "page": 52,
  "width": 350,
  "verse_pos": 6
 }
]