[
 {
  "line": 1,
  "left": 209,
  "end": 374,
  "height": 37,
  "top": 92,
  "ayah": 2,
  "page": 518,
  "width": 165,
  "verse_pos": 1
 },
 {
  "line": 1,
  "left": 13,
  "end": 208,
  "height": 37,
  "top": 92,
  "ayah": 3,
  "page": 518,
  "width": 195,
  "verse_pos": 2
 },
 {
  "line": 2,
  "left": 155,
  "end": 374,
  "height": 48,
  "top": 129,
  "ayah": 3,
  "page": 518,
  "width": 219,
  "verse_pos": 2
 },
 {
  "line": 2,
  "left": 13,
  "end": 154,
  "height": 48,
  "top": 129,
  "ayah": 4,
  "page": 518,
  "width": 141,
  "verse_pos": 3
 },
 {
  "line": 3,
  "left": 278,
  "end": 374,
  "height": 44,
  "top": 177,
  "ayah": 4,
  "page": 518,
  "width": 96,
  "verse_pos": 3
 },
 {
  "line": 3,
  "left": 13,
  "end": 277,
  "height": 44,
  "top": 177,
  "ayah": 5,
  "page": 518,
  "width": 264,
  "verse_pos": 4
 },
 {
  "line": 4,
  "left": 293,
  "end": 374,
  "height": 42,
  "top": 221,
  "ayah": 5,
  "page": 518,
  "width": 81,
  "verse_pos": 4
 },
 {
  "line": 4,
  "left": 13,
  "end": 292,
  "height": 42,
  "top": 221,
  "ayah": 6,
  "page": 518,
  "width": 279,
  "verse_pos": 5
 },
 {
  "line": 5,
  "left": 339,
  "end": 374,
  "height": 44,
  "top": 263,
  "ayah": 6,
  "page": 518,
  "width": 35,
  "verse_pos": 5
 },
 {
  "line": 5,
  "left": 13,
  "end": 338,
  "height": 44,
  "top": 263,
  "ayah": 7,
  "page": 518,
  "width": 325,
  "verse_pos": 6
 },
 {
  "line": 6,
  "left": 240,
  "end": 374,
  "height": 43,
  "top": 307,
  "ayah": 7,
  "page": 518,
  "width": 134,
  "verse_pos": 6
 },
 {
  "line": 6,
  "left": 13,
  "end": 239,
  "height": 43,
  "top": 307,
  "ayah": 8,
  "page": 518,
  "width": 226,
  "verse_pos": 7
 },
 {
  "line": 7,
  "left": 171,
  "end": 374,
  "height": 42,
  "top": 350,
  "ayah": 8,
  "page": 518,
  "width": 203,
  "verse_pos": 7
 },
 {
  "line": 7,
  "left": 13,
  "end": 170,
  "height": 42,
  "top": 350,
  "ayah": 9,
  "page": 518,
  "width": 157,
  "verse_pos": 8
 },
 {
  "line": 8,
  "left": 302,
  "end": 374,
  "height": 41,
  "top": 392,
  "ayah": 9,
  "page": 518,
  "width": 72,
  "verse_pos": 8
 },
 {
  "line": 8,
  "left": 13,
  "end": 301,
  "height": 41,
  "top": 392,
  "ayah": 10,
  "page": 518,
  "width": 288,
  "verse_pos": 9
 },
 {
  "line": 9,
  "left": 251,
  "end": 374,
  "height": 42,
  "top": 433,
  "ayah": 10,
  "page": 518,
  "width": 123,
  "verse_pos": 9
 },
 {
  "line": 9,
  "left": 13,
  "end": 250,
  "height": 42,
  "top": 433,
  "ayah": 11,
  "page": 518,
  "width": 237,
  "verse_pos": 10
 },
 {
  "line": 10,
  "left": 61,
  "end": 374,
  "height": 46,
  "top": 475,
  "ayah": 12,
  "page": 518,
  "width": 313,
  "verse_pos": 11
 },
 {
  "line": 10,
  "left": 13,
  "end": 61,
  "height": 46,
  "top": 475,
  "ayah": 13,
  "page": 518,
  "width": 48,
  "verse_pos": 12
 },
 {
  "line": 11,
  "left": 134,
  "end": 374,
  "height": 41,
  "top": 521,
  "ayah": 13,
  "page": 518,
  "width": 240,
  "verse_pos": 12
 },
 {
  "line": 11,
  "left": 13,
  "end": 133,
  "height": 41,
  "top": 521,
  "ayah": 14,
  "page": 518,
  "width": 120,
  "verse_pos": 13
 },
 {
  "line": 12,
  "left": 311,
  "end": 374,
  "height": 45,
  "top": 562,
  "ayah": 14,
  "page": 518,
  "width": 63,
  "verse_pos": 13
 },
 {
  "line": 12,
  "left": 13,
  "end": 310,
  "height": 45,
  "top": 562,
  "ayah": 15,
  "page": 518,
  "width": 297,
  "verse_pos": 14
 },
 {
  "line": 13,
  "left": 341,
  "end": 374,
  "height": 42,
  "top": 607,
  "ayah": 15,
  "page": 518,
  "width": 33,
  "verse_pos": 14
 },
 {
  "line": 13,
  "left": 13,
  "end": 340,
  "height": 42,
  "top": 607,
  "ayah": 16,
  "page": 518,
  "width": 327,
  "verse_pos": 15
 }
]