[
 {
  "line": 1,
  "left": 49,
  "end": 375,
  "height": 40,
  "top": 7,
  "ayah": 1,
  "page": 503,
  "width": 326,
  "verse_pos": 0
 },
 {
  "line": 1,
  "left": 14,
  "end": 48,
  "height": 40,
  "top": 7,
  "ayah": 2,
  "page": 503,
  "width": 34,
  "verse_pos": 1
 },
 {
  "line": 2,
  "left": 14,
  "end": 375,
  "height": 41,
  "top": 47,
  "ayah": 2,
  "page": 503,
  "width": 361,
  "verse_pos": 1
 },
 {
  "line": 3,
  "left": 277,
  "end": 375,
  "height": 45,
  "top": 88,
  "ayah": 2,
  "page": 503,
  "width": 98,
  "verse_pos": 1
 },
 {
  "line": 3,
  "left": 14,
  "end": 277,
  "height": 45,
  "top": 88,
  "ayah": 3,
  "page": 503,
  "width": 263,
  "verse_pos": 2
 },
 {
  "line": 4,
  "left": 14,
  "end": 375,
  "height": 40,
  "top": 133,
  "ayah": 3,
  "page": 503,
  "width": 361,
  "verse_pos": 2
 },
 {
  "line": 5,
  "left": 178,
  "end": 375,
  "height": 43,
  "top": 173,
  "ayah": 3,
  "page": 503,
  "width": 197,
  "verse_pos": 2
 },
 {
  "line": 5,
  "left": 14,
  "end": 177,
  "height": 43,
  "top": 173,
  "ayah": 4,
  "page": 503,
  "width": 163,
  "verse_pos": 3
 },
 {
  "line": 6,
  "left": 14,
  "end": 375,
  "height": 47,
  "top": 216,
  "ayah": 4,
  "page": 503,
  "width": 361,
  "verse_pos": 3
 },
 {
  "line": 7,
  "left": 258,
  "end": 375,
  "height": 39,
  "top": 263,
  "ayah": 4,
  "page": 503,
  "width": 117,
  "verse_pos": 3
 },
 {
  "line": 7,
  "left": 14,
  "end": 257,
  "height": 39,
  "top": 263,
  "ayah": 5,
  "page": 503,
  "width": 243,
  "verse_pos": 4
 },
 {
  "line": 8,
  "left": 14,
  "end": 375,
  "height": 48,
  "top": 302,
  "ayah": 5,
  "page": 503,
  "width": 361,
  "verse_pos": 4
 },
 {
  "line": 9,
  "left": 147,
  "end": 375,
  "height": 43,
  "top": 350,
  "ayah": 5,
  "page": 503,
  "width": 228,
  "verse_pos": 4
 },
 {
  "line": 9,
  "left": 14,
  "end": 146,
  "height": 43,
  "top": 350,
  "ayah": 6,
  "page": 503,
  "width": 132,
  "verse_pos": 5
 },
 {
  "line": 10,
  "left": 14,
  "end": 375,
  "height": 43,
  "top": 393,
  "ayah": 6,
  "page": 503,
  "width": 361,
  "verse_pos": 5
 },
 {
  "line": 11,
  "left": 164,
  "end": 375,
  "height": 38,
  "top": 436,
  "ayah": 6,
  "page": 503,
  "width": 211,
  "verse_pos": 5
 },
 {
  "line": 11,
  "left": 14,
  "end": 163,
  "height": 38,
  "top": 436,
  "ayah": 7,
  "page": 503,
  "width": 149,
  "verse_pos": 6
 },
 {
  "line": 12,
  "left": 14,
  "end": 375,
  "height": 47,
  "top": 474,
  "ayah": 7,
  "page": 503,
  "width": 361,
  "verse_pos": 6
 },
 {
  "line": 13,
  "left": 135,
  "end": 375,
  "height": 45,
  "top": 521,
  "ayah": 7,
  "page": 503,
  "width": 240,
  "verse_pos": 6
 },
 {
  "line": 13,
  "left": 14,
  "end": 134,
  "height": 45,
  "top": 521,
  "ayah": 8,
  "page": 503,
  "width": 120,
  "verse_pos": 7
 },
 {
  "line": 14,
  "left": 14,
  "end": 375,
  "height": 40,
  "top": 566,
  "ayah": 8,
  "page": 503,
  "width": 361,
  "verse_pos": 7
 },
 {
  "line": 15,
  "left": 14,
  "end": 375,
  "height": 42,
  "top": 606,
  "ayah": 9,
  "page": 503,
  "width": 361,
  "verse_pos": 8
 }
]