[
 {
  "line": 1,
  "left": 15,
  "end": 372,
  "height": 42,
  "top": 7,
  "ayah": 1,
  "page": 391,
  "width": 357,
  "verse_pos": 0
 },
 {
  "line": 2,
  "left": 234,
  "end": 372,
  "height": 41,
  "top": 49,
  "ayah": 1,
  "page": 391,
  "width": 138,
  "verse_pos": 0
 },
 {
  "line": 2,
  "left": 15,
  "end": 233,
  "height": 41,
  "top": 49,
  "ayah": 2,
  "page": 391,
  "width": 218,
  "verse_pos": 1
 },
 {
  "line": 3,
  "left": 15,
  "end": 372,
  "height": 45,
  "top": 90,
  "ayah": 2,
  "page": 391,
  "width": 357,
  "verse_pos": 1
 },
 {
  "line": 4,
  "left": 119,
  "end": 372,
  "height": 41,
  "top": 135,
  "ayah": 2,
  "page": 391,
  "width": 253,
  "verse_pos": 1
 },
 {
  "line": 4,
  "left": 15,
  "end": 118,
  "height": 41,
  "top": 135,
  "ayah": 3,
  "page": 391,
  "width": 103,
  "verse_pos": 2
 },
 {
  "line": 5,
  "left": 15,
  "end": 372,
  "height": 44,
  "top": 176,
  "ayah": 3,
  "page": 391,
  "width": 357,
  "verse_pos": 2
 },
 {
  "line": 6,
  "left": 15,
  "end": 372,
  "height": 43,
  "top": 220,
  "ayah": 3,
  "page": 391,
  "width": 357,
  "verse_pos": 2
 },
 {
  "line": 7,
  "left": 15,
  "end": 372,
  "height": 43,
  "top": 263,
  "ayah": 4,
  "page": 391,
  "width": 357,
  "verse_pos": 3
 },
 {
  "line": 8,
  "left": 15,
  "end": 372,
  "height": 45,
  "top": 306,
  "ayah": 4,
  "page": 391,
  "width": 357,
  "verse_pos": 3
 },
 {
  "line": 9,
  "left": 235,
  "end": 372,
  "height": 41,
  "top": 351,
  "ayah": 4,
  "page": 391,
  "width": 137,
  "verse_pos": 3
 },
 {
  "line": 9,
  "left": 15,
  "end": 234,
  "height": 41,
  "top": 351,
  "ayah": 5,
  "page": 391,
  "width": 219,
  "verse_pos": 4
 },
 {
  "line": 10,
  "left": 15,
  "end": 372,
  "height": 40,
  "top": 392,
  "ayah": 5,
  "page": 391,
  "width": 357,
  "verse_pos": 4
 },
 {
  "line": 11,
  "left": 15,
  "end": 372,
  "height": 46,
  "top": 432,
  "ayah": 5,
  "page": 391,
  "width": 357,
  "verse_pos": 4
 },
 {
  "line": 12,
  "left": 336,
  "end": 372,
  "height": 42,
  "top": 478,
  "ayah": 5,
  "page": 391,
  "width": 36,
  "verse_pos": 4
 },
 {
  "line": 12,
  "left": 15,
  "end": 335,
  "height": 42,
  "top": 478,
  "ayah": 6,
  "page": 391,
  "width": 320,
  "verse_pos": 5
 },
 {
  "line": 13,
  "left": 185,
  "end": 372,
  "height": 43,
  "top": 520,
  "ayah": 6,
  "page": 391,
  "width": 187,
  "verse_pos": 5
 },
 {
  "line": 13,
  "left": 15,
  "end": 184,
  "height": 43,
  "top": 520,
  "ayah": 7,
  "page": 391,
  "width": 169,
  "verse_pos": 6
 },
 {
  "line": 14,
  "left": 15,
  "end": 372,
  "height": 45,
  "top": 563,
  "ayah": 7,
  "page": 391,
  "width": 357,
  "verse_pos": 6
 },
 {
  "line": 15,
  "left": 15,
  "end": 372,
  "height": 42,
  "top": 608,
  "ayah": 7,
  "page": 391,
  "width": 357,
  "verse_pos": 6
 }
]