[
 {
  "line": 1,
  "left": 13,
  "end": 376,
  "height": 41,
  "top": 7,
  "ayah": 1,
  "page": 569,
  "width": 363,
  "verse_pos": 0
 },
 {
  "line": 2,
  "left": 233,
  "end": 376,
  "height": 41,
  "top": 48,
  "ayah": 2,
  "page": 569,
  "width": 143,
  "verse_pos": 1
 },
 {
  "line": 2,
  "left": 95,
  "end": 232,
  "height": 41,
  "top": 48,
  "ayah": 3,
  "page": 569,
  "width": 137,
  "verse_pos": 2
 },
 {
  "line": 2,
  "left": 13,
  "end": 94,
  "height": 41,
  "top": 48,
  "ayah": 4,
  "page": 569,
  "width": 81,
  "verse_pos": 3
 },
 {
  "line": 3,
  "left": 259,
  "end": 376,
  "height": 48,
  "top": 89,
  "ayah": 4,
  "page": 569,
  "width": 117,
  "verse_pos": 3
 },
 {
  "line": 3,
  "left": 155,
  "end": 259,
  "height": 48,
  "top": 89,
  "ayah": 5,
  "page": 569,
  "width": 104,
  "verse_pos": 4
 },
 {
  "line": 3,
  "left": 49,
  "end": 155,
  "height": 48,
  "top": 89,
  "ayah": 6,
  "page": 569,
  "width": 106,
  "verse_pos": 5
 },
 {
  "line": 3,
  "left": 13,
  "end": 49,
  "height": 48,
  "top": 89,
  "ayah": 7,
  "page": 569,
  "width": 36,
  "verse_pos": 6
 },
 {
  "line": 4,
  "left": 269,
  "end": 376,
  "height": 42,
  "top": 137,
  "ayah": 7,
  "page": 569,
  "width": 107,
  "verse_pos": 6
 },
 {
  "line": 4,
  "left": 171,
  "end": 268,
  "height": 42,
  "top": 137,
  "ayah": 8,
  "page": 569,
  "width": 97,
  "verse_pos": 7
 },
 {
  "line": 4,
  "left": 13,
  "end": 170,
  "height": 42,
  "top": 137,
  "ayah": 9,
  "page": 569,
  "width": 157,
  "verse_pos": 8
 },
 {
  "line": 5,
  "left": 342,
  "end": 376,
  "height": 42,
  "top": 179,
  "ayah": 9,
  "page": 569,
  "width": 34,
  "verse_pos": 8
 },
 {
  "line": 5,
  "left": 202,
  "end": 342,
  "height": 42,
  "top": 179,
  "ayah": 10,
  "page": 569,
  "width": 140,
  "verse_pos": 9
 },
 {
  "line": 5,
  "left": 37,
  "end": 201,
  "height": 42,
  "top": 179,
  "ayah": 11,
  "page": 569,
  "width": 164,
  "verse_pos": 10
 },
 {
  "line": 5,
  "left": 13,
  "end": 37,
  "height": 42,
  "top": 179,
  "ayah": 12,
  "page": 569,
  "width": 24,
  "verse_pos": 11
 },
 {
  "line": 6,
  "left": 290,
  "end": 376,
  "height": 44,
  "top": 221,
  "ayah": 12,
  "page": 569,
  "width": 86,
  "verse_pos": 11
 },
 {
  "line": 6,
  "left": 89,
  "end": 290,
  "height": 44,
  "top": 221,
  "ayah": 13,
  "page": 569,
  "width": 201,
  "verse_pos": 12
 },
 {
  "line": 6,
  "left": 13,
  "end": 89,
  "height": 44,
  "top": 221,
  "ayah": 14,
  "page": 569,
  "width": 76,
  "verse_pos": 13
 },
 {
  "line": 7,
  "left": 242,
  "end": 376,
  "height": 42,
  "top": 265,
  "ayah": 14,
  "page": 569,
  "width": 134,
  "verse_pos": 13
 },
 {
  "line": 7,
  "left": 106,
  "end": 241,
  "height": 42,
  "top": 265,
  "ayah": 15,
  "page": 569,
  "width": 135,
  "verse_pos": 14
 },
 {
  "line": 7,
  "left": 13,
  "end": 105,
  "height": 42,
  "top": 265,
  "ayah": 16,
  "page": 569,
  "width": 92,
  "verse_pos": 15
 },
 {
  "line": 8,
  "left": 290,
  "end": 376,
  "height": 43,
  "top": 307,
  "ayah": 16,
  "page": 569,
  "width": 86,
  "verse_pos": 15
 },
 {
  "line": 8,
  "left": 71,
  "end": 289,
  "height": 43,
  "top": 307,
  "ayah": 17,
  "page": 569,
  "width": 218,
  "verse_pos": 16
 },
 {
  "line": 8,
  "left": 13,
  "end": 71,
  "height": 43,
  "top": 307,
  "ayah": 18,
  "page": 569,
  "width": 58,
  "verse_pos": 17
 },
 {
  "line": 9,
  "left": 254,
  "end": 376,
  "height": 45,
  "top": 350,
  "ayah": 18,
  "page": 569,
  "width": 122,
  "verse_pos": 17
 },
 {
  "line": 9,
  "left": 61,
  "end": 253,
  "height": 45,
  "top": 350,
  "ayah": 19,
  "page": 569,
  "width": 192,
  "verse_pos": 18
 },
 {
  "line": 9,
  "left": 13,
  "end": 60,
  "height": 45,
  "top": 350,
  "ayah": 20,
  "page": 569,
  "width": 47,
  "verse_pos": 19
 },
 {
  "line": 10,
  "left": 86,
  "end": 376,
  "height": 41,
  "top": 395,
  "ayah": 20,
  "page": 569,
  "width": 290,
  "verse_pos": 19
 },
 {
  "line": 10,
  "left": 13,
  "end": 85,
  "height": 41,
  "top": 395,
  "ayah": 21,
  "page": 569,
  "width": 72,
  "verse_pos": 20
 },
 {
  "line": 11,
  "left": 203,
  "end": 376,
  "height": 44,
  "top": 436,
  "ayah": 21,
  "page": 569,
  "width": 173,
  "verse_pos": 20
 },
 {
  "line": 11,
  "left": 13,
  "end": 202,
  "height": 44,
  "top": 436,
  "ayah": 22,
  "page": 569,
  "width": 189,
  "verse_pos": 21
 },
 {
  "line": 12,
  "left": 340,
  "end": 376,
  "height": 40,
  "top": 480,
  "ayah": 22,
  "page": 569,
  "width": 36,
  "verse_pos": 21
 },
 {
  "line": 12,
  "left": 176,
  "end": 339,
  "height": 40,
  "top": 480,
  "ayah": 23,
  "page": 569,
  "width": 163,
  "verse_pos": 22
 },
 {
  "line": 12,
  "left": 13,
  "end": 175,
  "height": 40,
  "top": 480,
  "ayah": 24,
  "page": 569,
  "width": 162,
  "verse_pos": 23
 },
 {
  "line": 13,
  "left": 341,
  "end": 376,
  "height": 46,
  "top": 520,
  "ayah": 24,
  "page": 569,
  "width": 35,
  "verse_pos": 23
 },
 {
  "line": 13,
  "left": 173,
  "end": 340,
  "height": 46,
  "top": 520,
  "ayah": 25,
  "page": 569,
  "width": 167,
  "verse_pos": 24
 },
 {
  "line": 13,
  "left": 13,
  "end": 173,
  "height": 46,
  "top": 520,
  "ayah": 26,
  "page": 569,
  "width": 160,
  "verse_pos": 25
 },
 {
  "line": 14,
  "left": 339,
  "end": 376,
  "height": 41,
  "top": 566,
  "ayah": 26,
  "page": 569,
  "width": 37,
  "verse_pos": 25
 },
 {
  "line": 14,
  "left": 161,
  "end": 338,
  "height": 41,
  "top": 566,
  "ayah": 27,
  "page": 569,
  "width": 177,
  "verse_pos": 26
 },
 {
  "line": 14,
  "left": 13,
  "end": 160,
  "height": 41,
  "top": 566,
  "ayah": 28,
  "page": 569,
  "width": 147,
  "verse_pos": 27
 },
 {
  "line": 15,
  "left": 224,
  "end": 376,
  "height": 42,
  "top": 607,
  "ayah": 28,
  "page": 569,
  "width": 152,
  "verse_pos": 27
 },
 {
  "line": 15,
  "left": 13,
  "end": 224,
  "height": 42,
  "top": 607,
  "ayah": 29,
  "page": 569,
  "width": 211,
  "verse_pos": 28
 }
]