[
 {
  "line": 1,
  "left": 12,
  "end": 376,
  "height": 44,
  "top": 7,
  "ayah": 1,
  "page": 197,
  "width": 364,
  "verse_pos": 0
 },
 {
  "line": 2,
  "left": 124,
  "end": 376,
  "height": 41,
  "top": 51,
  "ayah": 1,
  "page": 197,
  "width": 252,
  "verse_pos": 0
 },
 {
  "line": 2,
  "left": 12,
  "end": 123,
  "height": 41,
  "top": 51,
  "ayah": 2,
  "page": 197,
  "width": 111,
  "verse_pos": 1
 },
 {
  "line": 3,
  "left": 12,
  "end": 376,
  "height": 45,
  "top": 92,
  "ayah": 2,
  "page": 197,
  "width": 364,
  "verse_pos": 1
 },
 {
  "line": 4,
  "left": 158,
  "end": 376,
  "height": 39,
  "top": 137,
  "ayah": 2,
  "page": 197,
  "width": 218,
  "verse_pos": 1
 },
 {
  "line": 4,
  "left": 12,
  "end": 157,
  "height": 39,
  "top": 137,
  "ayah": 3,
  "page": 197,
  "width": 145,
  "verse_pos": 2
 },
 {
  "line": 5,
  "left": 12,
  "end": 376,
  "height": 45,
  "top": 176,
  "ayah": 3,
  "page": 197,
  "width": 364,
  "verse_pos": 2
 },
 {
  "line": 6,
  "left": 133,
  "end": 376,
  "height": 43,
  "top": 221,
  "ayah": 3,
  "page": 197,
  "width": 243,
  "verse_pos": 2
 },
 {
  "line": 6,
  "left": 12,
  "end": 132,
  "height": 43,
  "top": 221,
  "ayah": 4,
  "page": 197,
  "width": 120,
  "verse_pos": 3
 },
 {
  "line": 7,
  "left": 12,
  "end": 376,
  "height": 44,
  "top": 264,
  "ayah": 4,
  "page": 197,
  "width": 364,
  "verse_pos": 3
 },
 {
  "line": 8,
  "left": 140,
  "end": 376,
  "height": 39,
  "top": 308,
  "ayah": 4,
  "page": 197,
  "width": 236,
  "verse_pos": 3
 },
 {
  "line": 8,
  "left": 12,
  "end": 139,
  "height": 39,
  "top": 308,
  "ayah": 5,
  "page": 197,
  "width": 127,
  "verse_pos": 4
 },
 {
  "line": 9,
  "left": 12,
  "end": 376,
  "height": 46,
  "top": 347,
  "ayah": 5,
  "page": 197,
  "width": 364,
  "verse_pos": 4
 },
 {
  "line": 10,
  "left": 164,
  "end": 376,
  "height": 45,
  "top": 393,
  "ayah": 5,
  "page": 197,
  "width": 212,
  "verse_pos": 4
 },
 {
  "line": 10,
  "left": 12,
  "end": 163,
  "height": 45,
  "top": 393,
  "ayah": 6,
  "page": 197,
  "width": 151,
  "verse_pos": 5
 },
 {
  "line": 11,
  "left": 12,
  "end": 376,
  "height": 38,
  "top": 438,
  "ayah": 6,
  "page": 197,
  "width": 364,
  "verse_pos": 5
 },
 {
  "line": 12,
  "left": 12,
  "end": 376,
  "height": 49,
  "top": 476,
  "ayah": 6,
  "page": 197,
  "width": 364,
  "verse_pos": 5
 },
 {
  "line": 13,
  "left": 77,
  "end": 376,
  "height": 39,
  "top": 525,
  "ayah": 6,
  "page": 197,
  "width": 299,
  "verse_pos": 5
 },
 {
  "line": 13,
  "left": 12,
  "end": 76,
  "height": 39,
  "top": 525,
  "ayah": 7,
  "page": 197,
  "width": 64,
  "verse_pos": 6
 },
 {
  "line": 14,
  "left": 12,
  "end": 376,
  "height": 40,
  "top": 564,
  "ayah": 7,
  "page": 197,
  "width": 364,
  "verse_pos": 6
 },
 {
  "line": 15,
  "left": 12,
  "end": 376,
  "height": 48,
  "top": 604,
  "ayah": 7,
  "page": 197,
  "width": 364,
  "verse_pos": 6
 }
]