[
 {
  "line": 1,
  "left": 14,
  "end": 375,
  "height": 42,
  "top": 7,
  "ayah": 1,
  "page": 543,
  "width": 361,
  "verse_pos": 0
 },
 {
  "line": 2,
  "left": 14,
  "end": 375,
  "height": 38,
  "top": 49,
  "ayah": 1,
  "page": 543,
  "width": 361,
  "verse_pos": 0
 },
 {
  "line": 3,
  "left": 14,
  "end": 375,
  "height": 48,
  "top": 87,
  "ayah": 1,
  "page": 543,
  "width": 361,
  "verse_pos": 0
 },
 {
  "line": 4,
  "left": 99,
  "end": 375,
  "height": 45,
  "top": 135,
  "ayah": 1,
  "page": 543,
  "width": 276,
  "verse_pos": 0
 },
 {
  "line": 4,
  "left": 14,
  "end": 99,
  "height": 45,
  "top": 135,
  "ayah": 2,
  "page": 543,
  "width": 85,
  "verse_pos": 1
 },
 {
  "line": 5,
  "left": 14,
  "end": 375,
  "height": 43,
  "top": 180,
  "ayah": 2,
  "page": 543,
  "width": 361,
  "verse_pos": 1
 },
 {
  "line": 6,
  "left": 14,
  "end": 375,
  "height": 37,
  "top": 223,
  "ayah": 2,
  "page": 543,
  "width": 361,
  "verse_pos": 1
 },
 {
  "line": 7,
  "left": 14,
  "end": 375,
  "height": 45,
  "top": 260,
  "ayah": 2,
  "page": 543,
  "width": 361,
  "verse_pos": 1
 },
 {
  "line": 8,
  "left": 157,
  "end": 375,
  "height": 47,
  "top": 305,
  "ayah": 2,
  "page": 543,
  "width": 218,
  "verse_pos": 1
 },
 {
  "line": 8,
  "left": 14,
  "end": 156,
  "height": 47,
  "top": 305,
  "ayah": 3,
  "page": 543,
  "width": 142,
  "verse_pos": 2
 },
 {
  "line": 9,
  "left": 14,
  "end": 375,
  "height": 41,
  "top": 352,
  "ayah": 3,
  "page": 543,
  "width": 361,
  "verse_pos": 2
 },
 {
  "line": 10,
  "left": 91,
  "end": 375,
  "height": 43,
  "top": 393,
  "ayah": 3,
  "page": 543,
  "width": 284,
  "verse_pos": 2
 },
 {
  "line": 10,
  "left": 14,
  "end": 90,
  "height": 43,
  "top": 393,
  "ayah": 4,
  "page": 543,
  "width": 76,
  "verse_pos": 3
 },
 {
  "line": 11,
  "left": 14,
  "end": 375,
  "height": 42,
  "top": 436,
  "ayah": 4,
  "page": 543,
  "width": 361,
  "verse_pos": 3
 },
 {
  "line": 12,
  "left": 94,
  "end": 375,
  "height": 44,
  "top": 478,
  "ayah": 4,
  "page": 543,
  "width": 281,
  "verse_pos": 3
 },
 {
  "line": 12,
  "left": 14,
  "end": 93,
  "height": 44,
  "top": 478,
  "ayah": 5,
  "page": 543,
  "width": 79,
  "verse_pos": 4
 },
 {
  "line": 13,
  "left": 14,
  "end": 375,
  "height": 41,
  "top": 522,
  "ayah": 5,
  "page": 543,
  "width": 361,
  "verse_pos": 4
 },
 {
  "line": 14,
  "left": 14,
  "end": 375,
  "height": 46,
  "top": 563,
  "ayah": 5,
  "page": 543,
  "width": 361,
  "verse_pos": 4
 },
 {
  "line": 15,
  "left": 14,
  "end": 375,
  "height": 42,
  "top": 609,
  "ayah": 5,
  "page": 543,
  "width": 361,
  "verse_pos": 4
 }
]