[
 {
  "line": 1,
  "left": 13,
  "end": 374,
  "height": 43,
  "top": 6,
  "ayah": 1,
  "page": 228,
  "width": 361,
  "verse_pos": 0
 },
 {
  "line": 2,
  "left": 130,
  "end": 374,
  "height": 39,
  "top": 49,
  "ayah": 1,
  "page": 228,
  "width": 244,
  "verse_pos": 0
 },
 {
  "line": 2,
  "left": 13,
  "end": 129,
  "height": 39,
  "top": 49,
  "ayah": 2,
  "page": 228,
  "width": 116,
  "verse_pos": 1
 },
 {
  "line": 3,
  "left": 209,
  "end": 374,
  "height": 44,
  "top": 88,
  "ayah": 2,
  "page": 228,
  "width": 165,
  "verse_pos": 1
 },
 {
  "line": 3,
  "left": 13,
  "end": 208,
  "height": 44,
  "top": 88,
  "ayah": 3,
  "page": 228,
  "width": 195,
  "verse_pos": 2
 },
 {
  "line": 4,
  "left": 13,
  "end": 374,
  "height": 47,
  "top": 132,
  "ayah": 3,
  "page": 228,
  "width": 361,
  "verse_pos": 2
 },
 {
  "line": 5,
  "left": 336,
  "end": 374,
  "height": 40,
  "top": 179,
  "ayah": 3,
  "page": 228,
  "width": 38,
  "verse_pos": 2
 },
 {
  "line": 5,
  "left": 13,
  "end": 336,
  "height": 40,
  "top": 179,
  "ayah": 4,
  "page": 228,
  "width": 323,
  "verse_pos": 3
 },
 {
  "line": 6,
  "left": 13,
  "end": 374,
  "height": 45,
  "top": 219,
  "ayah": 4,
  "page": 228,
  "width": 361,
  "verse_pos": 3
 },
 {
  "line": 7,
  "left": 336,
  "end": 374,
  "height": 41,
  "top": 264,
  "ayah": 4,
  "page": 228,
  "width": 38,
  "verse_pos": 3
 },
 {
  "line": 7,
  "left": 13,
  "end": 336,
  "height": 41,
  "top": 264,
  "ayah": 5,
  "page": 228,
  "width": 323,
  "verse_pos": 4
 },
 {
  "line": 8,
  "left": 169,
  "end": 374,
  "height": 44,
  "top": 305,
  "ayah": 5,
  "page": 228,
  "width": 205,
  "verse_pos": 4
 },
 {
  "line": 8,
  "left": 13,
  "end": 168,
  "height": 44,
  "top": 305,
  "ayah": 6,
  "page": 228,
  "width": 155,
  "verse_pos": 5
 },
 {
  "line": 9,
  "left": 58,
  "end": 374,
  "height": 43,
  "top": 349,
  "ayah": 6,
  "page": 228,
  "width": 316,
  "verse_pos": 5
 },
 {
  "line": 9,
  "left": 13,
  "end": 58,
  "height": 43,
  "top": 349,
  "ayah": 7,
  "page": 228,
  "width": 45,
  "verse_pos": 6
 },
 {
  "line": 10,
  "left": 13,
  "end": 374,
  "height": 43,
  "top": 392,
  "ayah": 7,
  "page": 228,
  "width": 361,
  "verse_pos": 6
 },
 {
  "line": 11,
  "left": 224,
  "end": 374,
  "height": 42,
  "top": 435,
  "ayah": 7,
  "page": 228,
  "width": 150,
  "verse_pos": 6
 },
 {
  "line": 11,
  "left": 13,
  "end": 223,
  "height": 42,
  "top": 435,
  "ayah": 8,
  "page": 228,
  "width": 210,
  "verse_pos": 7
 },
 {
  "line": 12,
  "left": 13,
  "end": 374,
  "height": 46,
  "top": 477,
  "ayah": 8,
  "page": 228,
  "width": 361,
  "verse_pos": 7
 },
 {
  "line": 13,
  "left": 13,
  "end": 374,
  "height": 41,
  "top": 523,
  "ayah": 8,
  "page": 228,
  "width": 361,
  "verse_pos": 7
 },
 {
  "line": 14,
  "left": 336,
  "end": 374,
  "height": 45,
  "top": 564,
  "ayah": 8,
  "page": 228,
  "width": 38,
  "verse_pos": 7
 },
 {
  "line": 14,
  "left": 13,
  "end": 335,
  "height": 45,
  "top": 564,
  "ayah": 9,
  "page": 228,
  "width": 322,
  "verse_pos": 8
 },
 {
  "line": 15,
  "left": 13,
  "end": 374,
  "height": 46,
  "top": 609,
  "ayah": 9,
  "page": 228,
  "width": 361,
  "verse_pos": 8
 }
]