[
 {
  "line": 1,
  "left": 14,
  "end": 374,
  "height": 41,
  "top": 7,
  "ayah": 1,
  "page": 501,
  "width": 360,
  "verse_pos": 0
 },
 {
  "line": 2,
  "left": 14,
  "end": 374,
  "height": 45,
  "top": 48,
  "ayah": 1,
  "page": 501,
  "width": 360,
  "verse_pos": 0
 },
 {
  "line": 3,
  "left": 291,
  "end": 374,
  "height": 42,
  "top": 93,
  "ayah": 1,
  "page": 501,
  "width": 83,
  "verse_pos": 0
 },
 {
  "line": 3,
  "left": 14,
  "end": 291,
  "height": 42,
  "top": 93,
  "ayah": 2,
  "page": 501,
  "width": 277,
  "verse_pos": 1
 },
 {
  "line": 4,
  "left": 71,
  "end": 374,
  "height": 44,
  "top": 135,
  "ayah": 2,
  "page": 501,
  "width": 303,
  "verse_pos": 1
 },
 {
  "line": 4,
  "left": 14,
  "end": 70,
  "height": 44,
  "top": 135,
  "ayah": 3,
  "page": 501,
  "width": 56,
  "verse_pos": 2
 },
 {
  "line": 5,
  "left": 14,
  "end": 374,
  "height": 42,
  "top": 179,
  "ayah": 3,
  "page": 501,
  "width": 360,
  "verse_pos": 2
 },
 {
  "line": 6,
  "left": 254,
  "end": 374,
  "height": 44,
  "top": 221,
  "ayah": 3,
  "page": 501,
  "width": 120,
  "verse_pos": 2
 },
 {
  "line": 6,
  "left": 14,
  "end": 253,
  "height": 44,
  "top": 221,
  "ayah": 4,
  "page": 501,
  "width": 239,
  "verse_pos": 3
 },
 {
  "line": 7,
  "left": 77,
  "end": 374,
  "height": 44,
  "top": 265,
  "ayah": 4,
  "page": 501,
  "width": 297,
  "verse_pos": 3
 },
 {
  "line": 7,
  "left": 14,
  "end": 76,
  "height": 44,
  "top": 265,
  "ayah": 5,
  "page": 501,
  "width": 62,
  "verse_pos": 4
 },
 {
  "line": 8,
  "left": 14,
  "end": 374,
  "height": 39,
  "top": 309,
  "ayah": 5,
  "page": 501,
  "width": 360,
  "verse_pos": 4
 },
 {
  "line": 9,
  "left": 339,
  "end": 374,
  "height": 45,
  "top": 348,
  "ayah": 5,
  "page": 501,
  "width": 35,
  "verse_pos": 4
 },
 {
  "line": 9,
  "left": 14,
  "end": 339,
  "height": 45,
  "top": 348,
  "ayah": 6,
  "page": 501,
  "width": 325,
  "verse_pos": 5
 },
 {
  "line": 10,
  "left": 294,
  "end": 374,
  "height": 43,
  "top": 393,
  "ayah": 6,
  "page": 501,
  "width": 80,
  "verse_pos": 5
 },
 {
  "line": 10,
  "left": 14,
  "end": 293,
  "height": 43,
  "top": 393,
  "ayah": 7,
  "page": 501,
  "width": 279,
  "verse_pos": 6
 },
 {
  "line": 11,
  "left": 243,
  "end": 374,
  "height": 45,
  "top": 436,
  "ayah": 7,
  "page": 501,
  "width": 131,
  "verse_pos": 6
 },
 {
  "line": 11,
  "left": 14,
  "end": 242,
  "height": 45,
  "top": 436,
  "ayah": 8,
  "page": 501,
  "width": 228,
  "verse_pos": 7
 },
 {
  "line": 12,
  "left": 52,
  "end": 374,
  "height": 42,
  "top": 481,
  "ayah": 8,
  "page": 501,
  "width": 322,
  "verse_pos": 7
 },
 {
  "line": 12,
  "left": 14,
  "end": 51,
  "height": 42,
  "top": 481,
  "ayah": 9,
  "page": 501,
  "width": 37,
  "verse_pos": 8
 },
 {
  "line": 13,
  "left": 14,
  "end": 374,
  "height": 44,
  "top": 523,
  "ayah": 9,
  "page": 501,
  "width": 360,
  "verse_pos": 8
 },
 {
  "line": 14,
  "left": 293,
  "end": 374,
  "height": 42,
  "top": 567,
  "ayah": 9,
  "page": 501,
  "width": 81,
  "verse_pos": 8
 },
 {
  "line": 14,
  "left": 14,
  "end": 293,
  "height": 42,
  "top": 567,
  "ayah": 10,
  "page": 501,
  "width": 279,
  "verse_pos": 9
 },
 {
  "line": 15,
  "left": 14,
  "end": 374,
  "height": 42,
  "top": 609,
  "ayah": 10,
  "page": 501,
  "width": 360,
  "verse_pos": 9
 }
]