[
 {
  "line": 1,
  "left": 17,
  "end": 371,
  "height": 43,
  "top": 7,
  "ayah": 1,
  "page": 109,
  "width": 354,
  "verse_pos": 0
 },
 {
  "line": 2,
  "left": 271,
  "end": 371,
  "height": 43,
  "top": 50,
  "ayah": 1,
  "page": 109,
  "width": 100,
  "verse_pos": 0
 },
 {
  "line": 2,
  "left": 17,
  "end": 270,
  "height": 43,
  "top": 50,
  "ayah": 2,
  "page": 109,
  "width": 253,
  "verse_pos": 1
 },
 {
  "line": 3,
  "left": 17,
  "end": 371,
  "height": 40,
  "top": 93,
  "ayah": 2,
  "page": 109,
  "width": 354,
  "verse_pos": 1
 },
 {
  "line": 4,
  "left": 17,
  "end": 371,
  "height": 45,
  "top": 133,
  "ayah": 2,
  "page": 109,
  "width": 354,
  "verse_pos": 1
 },
 {
  "line": 5,
  "left": 237,
  "end": 371,
  "height": 41,
  "top": 178,
  "ayah": 2,
  "page": 109,
  "width": 134,
  "verse_pos": 1
 },
 {
  "line": 5,
  "left": 17,
  "end": 236,
  "height": 41,
  "top": 178,
  "ayah": 3,
  "page": 109,
  "width": 219,
  "verse_pos": 2
 },
 {
  "line": 6,
  "left": 17,
  "end": 371,
  "height": 43,
  "top": 219,
  "ayah": 3,
  "page": 109,
  "width": 354,
  "verse_pos": 2
 },
 {
  "line": 7,
  "left": 17,
  "end": 371,
  "height": 45,
  "top": 262,
  "ayah": 3,
  "page": 109,
  "width": 354,
  "verse_pos": 2
 },
 {
  "line": 8,
  "left": 17,
  "end": 371,
  "height": 43,
  "top": 307,
  "ayah": 3,
  "page": 109,
  "width": 354,
  "verse_pos": 2
 },
 {
  "line": 9,
  "left": 17,
  "end": 371,
  "height": 39,
  "top": 350,
  "ayah": 3,
  "page": 109,
  "width": 354,
  "verse_pos": 2
 },
 {
  "line": 10,
  "left": 17,
  "end": 371,
  "height": 48,
  "top": 389,
  "ayah": 3,
  "page": 109,
  "width": 354,
  "verse_pos": 2
 },
 {
  "line": 11,
  "left": 54,
  "end": 371,
  "height": 38,
  "top": 437,
  "ayah": 3,
  "page": 109,
  "width": 317,
  "verse_pos": 2
 },
 {
  "line": 11,
  "left": 17,
  "end": 53,
  "height": 38,
  "top": 437,
  "ayah": 4,
  "page": 109,
  "width": 36,
  "verse_pos": 3
 },
 {
  "line": 12,
  "left": 17,
  "end": 371,
  "height": 47,
  "top": 475,
  "ayah": 4,
  "page": 109,
  "width": 354,
  "verse_pos": 3
 },
 {
  "line": 13,
  "left": 17,
  "end": 371,
  "height": 44,
  "top": 522,
  "ayah": 4,
  "page": 109,
  "width": 354,
  "verse_pos": 3
 },
 {
  "line": 14,
  "left": 17,
  "end": 371,
  "height": 40,
  "top": 566,
  "ayah": 4,
  "page": 109,
  "width": 354,
  "verse_pos": 3
 },
 {
  "line": 15,
  "left": 17,
  "end": 371,
  "height": 46,
  "top": 606,
  "ayah": 4,
  "page": 109,
  "width": 354,
  "verse_pos": 3
 }
]