[
 {
  "line": 1,
  "left": 9,
  "end": 378,
  "height": 41,
  "top": 7,
  "ayah": 1,
  "page": 441,
  "width": 369,
  "verse_pos": 0
 },
 {
  "line": 2,
  "left": 9,
  "end": 378,
  "height": 41,
  "top": 48,
  "ayah": 2,
  "page": 441,
  "width": 369,
  "verse_pos": 1
 },
 {
  "line": 3,
  "left": 245,
  "end": 378,
  "height": 46,
  "top": 89,
  "ayah": 2,
  "page": 441,
  "width": 133,
  "verse_pos": 1
 },
 {
  "line": 3,
  "left": 9,
  "end": 244,
  "height": 46,
  "top": 89,
  "ayah": 3,
  "page": 441,
  "width": 235,
  "verse_pos": 2
 },
 {
  "line": 4,
  "left": 121,
  "end": 378,
  "height": 40,
  "top": 135,
  "ayah": 3,
  "page": 441,
  "width": 257,
  "verse_pos": 2
 },
 {
  "line": 4,
  "left": 9,
  "end": 120,
  "height": 40,
  "top": 135,
  "ayah": 4,
  "page": 441,
  "width": 111,
  "verse_pos": 3
 },
 {
  "line": 5,
  "left": 242,
  "end": 378,
  "height": 45,
  "top": 175,
  "ayah": 4,
  "page": 441,
  "width": 136,
  "verse_pos": 3
 },
 {
  "line": 5,
  "left": 9,
  "end": 241,
  "height": 45,
  "top": 175,
  "ayah": 5,
  "page": 441,
  "width": 232,
  "verse_pos": 4
 },
 {
  "line": 6,
  "left": 9,
  "end": 378,
  "height": 41,
  "top": 220,
  "ayah": 6,
  "page": 441,
  "width": 369,
  "verse_pos": 5
 },
 {
  "line": 7,
  "left": 237,
  "end": 378,
  "height": 45,
  "top": 261,
  "ayah": 6,
  "page": 441,
  "width": 141,
  "verse_pos": 5
 },
 {
  "line": 7,
  "left": 9,
  "end": 236,
  "height": 45,
  "top": 261,
  "ayah": 7,
  "page": 441,
  "width": 227,
  "verse_pos": 6
 },
 {
  "line": 8,
  "left": 191,
  "end": 378,
  "height": 43,
  "top": 306,
  "ayah": 7,
  "page": 441,
  "width": 187,
  "verse_pos": 6
 },
 {
  "line": 8,
  "left": 9,
  "end": 190,
  "height": 43,
  "top": 306,
  "ayah": 8,
  "page": 441,
  "width": 181,
  "verse_pos": 7
 },
 {
  "line": 9,
  "left": 89,
  "end": 378,
  "height": 41,
  "top": 349,
  "ayah": 8,
  "page": 441,
  "width": 289,
  "verse_pos": 7
 },
 {
  "line": 9,
  "left": 9,
  "end": 88,
  "height": 41,
  "top": 349,
  "ayah": 9,
  "page": 441,
  "width": 79,
  "verse_pos": 8
 },
 {
  "line": 10,
  "left": 143,
  "end": 378,
  "height": 44,
  "top": 390,
  "ayah": 9,
  "page": 441,
  "width": 235,
  "verse_pos": 8
 },
 {
  "line": 10,
  "left": 9,
  "end": 142,
  "height": 44,
  "top": 390,
  "ayah": 10,
  "page": 441,
  "width": 133,
  "verse_pos": 9
 },
 {
  "line": 11,
  "left": 193,
  "end": 378,
  "height": 43,
  "top": 434,
  "ayah": 10,
  "page": 441,
  "width": 185,
  "verse_pos": 9
 },
 {
  "line": 11,
  "left": 9,
  "end": 192,
  "height": 43,
  "top": 434,
  "ayah": 11,
  "page": 441,
  "width": 183,
  "verse_pos": 10
 },
 {
  "line": 12,
  "left": 9,
  "end": 378,
  "height": 44,
  "top": 477,
  "ayah": 11,
  "page": 441,
  "width": 369,
  "verse_pos": 10
 },
 {
  "line": 13,
  "left": 288,
  "end": 378,
  "height": 40,
  "top": 521,
  "ayah": 11,
  "page": 441,
  "width": 90,
  "verse_pos": 10
 },
 {
  "line": 13,
  "left": 113,
  "end": 287,
  "height": 40,
  "top": 521,
  "ayah": 12,
  "page": 441,
  "width": 174,
  "verse_pos": 11
 },
 {
  "line": 13,
  "left": 9,
  "end": 112,
  "height": 40,
  "top": 521,
  "ayah": 13,
  "page": 441,
  "width": 103,
  "verse_pos": 12
 },
 {
  "line": 14,
  "left": 222,
  "end": 378,
  "height": 48,
  "top": 561,
  "ayah": 13,
  "page": 441,
  "width": 156,
  "verse_pos": 12
 },
 {
  "line": 14,
  "left": 9,
  "end": 221,
  "height": 48,
  "top": 561,
  "ayah": 14,
  "page": 441,
  "width": 212,
  "verse_pos": 13
 },
 {
  "line": 15,
  "left": 285,
  "end": 378,
  "height": 42,
  "top": 609,
  "ayah": 14,
  "page": 441,
  "width": 93,
  "verse_pos": 13
 },
 {
  "line": 15,
  "left": 9,
  "end": 284,
  "height": 42,
  "top": 609,
  "ayah": 15,
  "page": 441,
  "width": 275,
  "verse_pos": 14
 }
]