[
 {
  "line": 1,
  "left": 18,
  "end": 368,
  "height": 40,
  "top": 7,
  "ayah": 1,
  "page": 32,
  "width": 350,
  "verse_pos": 0
 },
 {
  "line": 2,
  "left": 18,
  "end": 368,
  "height": 44,
  "top": 47,
  "ayah": 1,
  "page": 32,
  "width": 350,
  "verse_pos": 0
 },
 {
  "line": 3,
  "left": 52,
  "end": 368,
  "height": 42,
  "top": 91,
  "ayah": 1,
  "page": 32,
  "width": 316,
  "verse_pos": 0
 },
 {
  "line": 3,
  "left": 18,
  "end": 51,
  "height": 42,
  "top": 91,
  "ayah": 2,
  "page": 32,
  "width": 33,
  "verse_pos": 1
 },
 {
  "line": 4,
  "left": 18,
  "end": 368,
  "height": 43,
  "top": 133,
  "ayah": 2,
  "page": 32,
  "width": 350,
  "verse_pos": 1
 },
 {
  "line": 5,
  "left": 125,
  "end": 368,
  "height": 43,
  "top": 176,
  "ayah": 2,
  "page": 32,
  "width": 243,
  "verse_pos": 1
 },
 {
  "line": 5,
  "left": 18,
  "end": 124,
  "height": 43,
  "top": 176,
  "ayah": 3,
  "page": 32,
  "width": 106,
  "verse_pos": 2
 },
 {
  "line": 6,
  "left": 18,
  "end": 368,
  "height": 42,
  "top": 219,
  "ayah": 3,
  "page": 32,
  "width": 350,
  "verse_pos": 2
 },
 {
  "line": 7,
  "left": 230,
  "end": 368,
  "height": 44,
  "top": 261,
  "ayah": 3,
  "page": 32,
  "width": 138,
  "verse_pos": 2
 },
 {
  "line": 7,
  "left": 18,
  "end": 229,
  "height": 44,
  "top": 261,
  "ayah": 4,
  "page": 32,
  "width": 211,
  "verse_pos": 3
 },
 {
  "line": 8,
  "left": 69,
  "end": 368,
  "height": 45,
  "top": 305,
  "ayah": 4,
  "page": 32,
  "width": 299,
  "verse_pos": 3
 },
 {
  "line": 8,
  "left": 18,
  "end": 68,
  "height": 45,
  "top": 305,
  "ayah": 5,
  "page": 32,
  "width": 50,
  "verse_pos": 4
 },
 {
  "line": 9,
  "left": 18,
  "end": 368,
  "height": 44,
  "top": 350,
  "ayah": 5,
  "page": 32,
  "width": 350,
  "verse_pos": 4
 },
 {
  "line": 10,
  "left": 221,
  "end": 368,
  "height": 41,
  "top": 394,
  "ayah": 5,
  "page": 32,
  "width": 147,
  "verse_pos": 4
 },
 {
  "line": 10,
  "left": 18,
  "end": 220,
  "height": 41,
  "top": 394,
  "ayah": 6,
  "page": 32,
  "width": 202,
  "verse_pos": 5
 },
 {
  "line": 11,
  "left": 18,
  "end": 368,
  "height": 41,
  "top": 435,
  "ayah": 6,
  "page": 32,
  "width": 350,
  "verse_pos": 5
 },
 {
  "line": 12,
  "left": 178,
  "end": 368,
  "height": 43,
  "top": 476,
  "ayah": 6,
  "page": 32,
  "width": 190,
  "verse_pos": 5
 },
 {
  "line": 12,
  "left": 18,
  "end": 177,
  "height": 42,
  "top": 476,
  "ayah": 7,
  "page": 32,
  "width": 159,
  "verse_pos": 6
 },
 {
  "line": 13,
  "left": 18,
  "end": 368,
  "height": 43,
  "top": 519,
  "ayah": 7,
  "page": 32,
  "width": 350,
  "verse_pos": 6
 },
 {
  "line": 14,
  "left": 334,
  "end": 368,
  "height": 43,
  "top": 562,
  "ayah": 7,
  "page": 32,
  "width": 34,
  "verse_pos": 6
 },
 {
  "line": 14,
  "left": 18,
  "end": 333,
  "height": 43,
  "top": 562,
  "ayah": 8,
  "page": 32,
  "width": 315,
  "verse_pos": 7
 },
 {
  "line": 15,
  "left": 18,
  "end": 368,
  "height": 45,
  "top": 605,
  "ayah": 8,
  "page": 32,
  "width": 350,
  "verse_pos": 7
 }
]