[
 {
  "line": 1,
  "left": 16,
  "end": 371,
  "height": 42,
  "top": 6,
  "ayah": 1,
  "page": 113,
  "width": 355,
  "verse_pos": 0
 },
 {
  "line": 2,
  "left": 16,
  "end": 371,
  "height": 42,
  "top": 48,
  "ayah": 1,
  "page": 113,
  "width": 355,
  "verse_pos": 0
 },
 {
  "line": 3,
  "left": 16,
  "end": 371,
  "height": 41,
  "top": 90,
  "ayah": 1,
  "page": 113,
  "width": 355,
  "verse_pos": 0
 },
 {
  "line": 4,
  "left": 16,
  "end": 371,
  "height": 46,
  "top": 131,
  "ayah": 1,
  "page": 113,
  "width": 355,
  "verse_pos": 0
 },
 {
  "line": 5,
  "left": 53,
  "end": 371,
  "height": 41,
  "top": 177,
  "ayah": 1,
  "page": 113,
  "width": 318,
  "verse_pos": 0
 },
 {
  "line": 5,
  "left": 16,
  "end": 52,
  "height": 41,
  "top": 177,
  "ayah": 2,
  "page": 113,
  "width": 36,
  "verse_pos": 1
 },
 {
  "line": 6,
  "left": 16,
  "end": 371,
  "height": 44,
  "top": 218,
  "ayah": 2,
  "page": 113,
  "width": 355,
  "verse_pos": 1
 },
 {
  "line": 7,
  "left": 16,
  "end": 371,
  "height": 44,
  "top": 262,
  "ayah": 2,
  "page": 113,
  "width": 355,
  "verse_pos": 1
 },
 {
  "line": 8,
  "left": 16,
  "end": 371,
  "height": 37,
  "top": 306,
  "ayah": 2,
  "page": 113,
  "width": 355,
  "verse_pos": 1
 },
 {
  "line": 9,
  "left": 16,
  "end": 371,
  "height": 44,
  "top": 343,
  "ayah": 2,
  "page": 113,
  "width": 355,
  "verse_pos": 1
 },
 {
  "line": 10,
  "left": 336,
  "end": 371,
  "height": 47,
  "top": 387,
  "ayah": 2,
  "page": 113,
  "width": 35,
  "verse_pos": 1
 },
 {
  "line": 10,
  "left": 16,
  "end": 335,
  "height": 47,
  "top": 387,
  "ayah": 3,
  "page": 113,
  "width": 319,
  "verse_pos": 2
 },
 {
  "line": 11,
  "left": 174,
  "end": 371,
  "height": 43,
  "top": 434,
  "ayah": 3,
  "page": 113,
  "width": 197,
  "verse_pos": 2
 },
 {
  "line": 11,
  "left": 16,
  "end": 173,
  "height": 43,
  "top": 434,
  "ayah": 4,
  "page": 113,
  "width": 157,
  "verse_pos": 3
 },
 {
  "line": 12,
  "left": 16,
  "end": 371,
  "height": 42,
  "top": 477,
  "ayah": 4,
  "page": 113,
  "width": 355,
  "verse_pos": 3
 },
 {
  "line": 13,
  "left": 193,
  "end": 371,
  "height": 46,
  "top": 519,
  "ayah": 4,
  "page": 113,
  "width": 178,
  "verse_pos": 3
 },
 {
  "line": 13,
  "left": 16,
  "end": 193,
  "height": 46,
  "top": 519,
  "ayah": 5,
  "page": 113,
  "width": 177,
  "verse_pos": 4
 },
 {
  "line": 14,
  "left": 16,
  "end": 371,
  "height": 41,
  "top": 565,
  "ayah": 5,
  "page": 113,
  "width": 355,
  "verse_pos": 4
 },
 {
  "line": 15,
  "left": 16,
  "end": 371,
  "height": 46,
  "top": 606,
  "ayah": 5,
  "page": 113,
  "width": 355,
  "verse_pos": 4
 }
]