[
 {
  "line": 1,
  "left": 125,
  "end": 372,
  "height": 42,
  "top": 7,
  "ayah": 1,
  "page": 495,
  "width": 247,
  "verse_pos": 0
 },
 {
  "line": 1,
  "left": 14,
  "end": 125,
  "height": 42,
  "top": 7,
  "ayah": 2,
  "page": 495,
  "width": 111,
  "verse_pos": 1
 },
 {
  "line": 2,
  "left": 266,
  "end": 372,
  "height": 40,
  "top": 49,
  "ayah": 2,
  "page": 495,
  "width": 106,
  "verse_pos": 1
 },
 {
  "line": 2,
  "left": 14,
  "end": 265,
  "height": 40,
  "top": 49,
  "ayah": 3,
  "page": 495,
  "width": 251,
  "verse_pos": 2
 },
 {
  "line": 3,
  "left": 49,
  "end": 372,
  "height": 46,
  "top": 89,
  "ayah": 4,
  "page": 495,
  "width": 323,
  "verse_pos": 3
 },
 {
  "line": 3,
  "left": 14,
  "end": 48,
  "height": 46,
  "top": 89,
  "ayah": 5,
  "page": 495,
  "width": 34,
  "verse_pos": 4
 },
 {
  "line": 4,
  "left": 92,
  "end": 372,
  "height": 44,
  "top": 135,
  "ayah": 5,
  "page": 495,
  "width": 280,
  "verse_pos": 4
 },
 {
  "line": 4,
  "left": 14,
  "end": 91,
  "height": 44,
  "top": 135,
  "ayah": 6,
  "page": 495,
  "width": 77,
  "verse_pos": 5
 },
 {
  "line": 5,
  "left": 268,
  "end": 372,
  "height": 43,
  "top": 179,
  "ayah": 6,
  "page": 495,
  "width": 104,
  "verse_pos": 5
 },
 {
  "line": 5,
  "left": 14,
  "end": 267,
  "height": 43,
  "top": 179,
  "ayah": 7,
  "page": 495,
  "width": 253,
  "verse_pos": 6
 },
 {
  "line": 6,
  "left": 200,
  "end": 372,
  "height": 43,
  "top": 222,
  "ayah": 7,
  "page": 495,
  "width": 172,
  "verse_pos": 6
 },
 {
  "line": 6,
  "left": 14,
  "end": 199,
  "height": 43,
  "top": 222,
  "ayah": 8,
  "page": 495,
  "width": 185,
  "verse_pos": 7
 },
 {
  "line": 7,
  "left": 283,
  "end": 372,
  "height": 44,
  "top": 265,
  "ayah": 8,
  "page": 495,
  "width": 89,
  "verse_pos": 7
 },
 {
  "line": 7,
  "left": 14,
  "end": 282,
  "height": 44,
  "top": 265,
  "ayah": 9,
  "page": 495,
  "width": 268,
  "verse_pos": 8
 },
 {
  "line": 8,
  "left": 261,
  "end": 372,
  "height": 42,
  "top": 309,
  "ayah": 9,
  "page": 495,
  "width": 111,
  "verse_pos": 8
 },
 {
  "line": 8,
  "left": 14,
  "end": 260,
  "height": 42,
  "top": 309,
  "ayah": 10,
  "page": 495,
  "width": 246,
  "verse_pos": 9
 },
 {
  "line": 9,
  "left": 249,
  "end": 372,
  "height": 38,
  "top": 351,
  "ayah": 10,
  "page": 495,
  "width": 123,
  "verse_pos": 9
 },
 {
  "line": 9,
  "left": 14,
  "end": 249,
  "height": 38,
  "top": 351,
  "ayah": 11,
  "page": 495,
  "width": 235,
  "verse_pos": 10
 },
 {
  "line": 10,
  "left": 196,
  "end": 372,
  "height": 50,
  "top": 389,
  "ayah": 11,
  "page": 495,
  "width": 176,
  "verse_pos": 10
 },
 {
  "line": 10,
  "left": 14,
  "end": 195,
  "height": 50,
  "top": 389,
  "ayah": 12,
  "page": 495,
  "width": 181,
  "verse_pos": 11
 },
 {
  "line": 11,
  "left": 14,
  "end": 372,
  "height": 40,
  "top": 439,
  "ayah": 12,
  "page": 495,
  "width": 358,
  "verse_pos": 11
 },
 {
  "line": 12,
  "left": 334,
  "end": 372,
  "height": 43,
  "top": 479,
  "ayah": 12,
  "page": 495,
  "width": 38,
  "verse_pos": 11
 },
 {
  "line": 12,
  "left": 14,
  "end": 333,
  "height": 43,
  "top": 479,
  "ayah": 13,
  "page": 495,
  "width": 319,
  "verse_pos": 12
 },
 {
  "line": 13,
  "left": 174,
  "end": 372,
  "height": 39,
  "top": 522,
  "ayah": 13,
  "page": 495,
  "width": 198,
  "verse_pos": 12
 },
 {
  "line": 13,
  "left": 14,
  "end": 173,
  "height": 39,
  "top": 522,
  "ayah": 14,
  "page": 495,
  "width": 159,
  "verse_pos": 13
 },
 {
  "line": 14,
  "left": 195,
  "end": 372,
  "height": 43,
  "top": 561,
  "ayah": 14,
  "page": 495,
  "width": 177,
  "verse_pos": 13
 },
 {
  "line": 14,
  "left": 14,
  "end": 194,
  "height": 43,
  "top": 561,
  "ayah": 15,
  "page": 495,
  "width": 180,
  "verse_pos": 14
 },
 {
  "line": 15,
  "left": 279,
  "end": 372,
  "height": 42,
  "top": 604,
  "ayah": 15,
  "page": 495,
  "width": 93,
  "verse_pos": 14
 },
 {
  "line": 15,
  "left": 14,
  "end": 278,
  "height": 42,
  "top": 604,
  "ayah": 16,
  "page": 495,
  "width": 264,
  "verse_pos": 15
 }
]