[
 {
  "line": 1,
  "left": 60,
  "end": 372,
  "height": 46,
  "top": 7,
  "ayah": 1,
  "page": 392,
  "width": 312,
  "verse_pos": 0
 },
 {
  "line": 1,
  "left": 15,
  "end": 59,
  "height": 46,
  "top": 7,
  "ayah": 2,
  "page": 392,
  "width": 44,
  "verse_pos": 1
 },
 {
  "line": 2,
  "left": 101,
  "end": 372,
  "height": 40,
  "top": 53,
  "ayah": 2,
  "page": 392,
  "width": 271,
  "verse_pos": 1
 },
 {
  "line": 2,
  "left": 15,
  "end": 100,
  "height": 40,
  "top": 53,
  "ayah": 3,
  "page": 392,
  "width": 85,
  "verse_pos": 2
 },
 {
  "line": 3,
  "left": 15,
  "end": 372,
  "height": 44,
  "top": 93,
  "ayah": 3,
  "page": 392,
  "width": 357,
  "verse_pos": 2
 },
 {
  "line": 4,
  "left": 15,
  "end": 372,
  "height": 42,
  "top": 137,
  "ayah": 4,
  "page": 392,
  "width": 357,
  "verse_pos": 3
 },
 {
  "line": 5,
  "left": 144,
  "end": 372,
  "height": 42,
  "top": 179,
  "ayah": 4,
  "page": 392,
  "width": 228,
  "verse_pos": 3
 },
 {
  "line": 5,
  "left": 15,
  "end": 143,
  "height": 42,
  "top": 179,
  "ayah": 5,
  "page": 392,
  "width": 128,
  "verse_pos": 4
 },
 {
  "line": 6,
  "left": 15,
  "end": 372,
  "height": 44,
  "top": 221,
  "ayah": 5,
  "page": 392,
  "width": 357,
  "verse_pos": 4
 },
 {
  "line": 7,
  "left": 220,
  "end": 372,
  "height": 42,
  "top": 265,
  "ayah": 5,
  "page": 392,
  "width": 152,
  "verse_pos": 4
 },
 {
  "line": 7,
  "left": 15,
  "end": 219,
  "height": 42,
  "top": 265,
  "ayah": 6,
  "page": 392,
  "width": 204,
  "verse_pos": 5
 },
 {
  "line": 8,
  "left": 75,
  "end": 372,
  "height": 40,
  "top": 307,
  "ayah": 6,
  "page": 392,
  "width": 297,
  "verse_pos": 5
 },
 {
  "line": 8,
  "left": 15,
  "end": 74,
  "height": 40,
  "top": 307,
  "ayah": 7,
  "page": 392,
  "width": 59,
  "verse_pos": 6
 },
 {
  "line": 9,
  "left": 15,
  "end": 372,
  "height": 46,
  "top": 347,
  "ayah": 7,
  "page": 392,
  "width": 357,
  "verse_pos": 6
 },
 {
  "line": 10,
  "left": 15,
  "end": 372,
  "height": 47,
  "top": 393,
  "ayah": 7,
  "page": 392,
  "width": 357,
  "verse_pos": 6
 },
 {
  "line": 11,
  "left": 181,
  "end": 372,
  "height": 39,
  "top": 440,
  "ayah": 7,
  "page": 392,
  "width": 191,
  "verse_pos": 6
 },
 {
  "line": 11,
  "left": 15,
  "end": 180,
  "height": 39,
  "top": 440,
  "ayah": 8,
  "page": 392,
  "width": 165,
  "verse_pos": 7
 },
 {
  "line": 12,
  "left": 15,
  "end": 372,
  "height": 41,
  "top": 479,
  "ayah": 8,
  "page": 392,
  "width": 357,
  "verse_pos": 7
 },
 {
  "line": 13,
  "left": 135,
  "end": 372,
  "height": 46,
  "top": 520,
  "ayah": 8,
  "page": 392,
  "width": 237,
  "verse_pos": 7
 },
 {
  "line": 13,
  "left": 15,
  "end": 134,
  "height": 46,
  "top": 520,
  "ayah": 9,
  "page": 392,
  "width": 119,
  "verse_pos": 8
 },
 {
  "line": 14,
  "left": 15,
  "end": 372,
  "height": 41,
  "top": 566,
  "ayah": 9,
  "page": 392,
  "width": 357,
  "verse_pos": 8
 },
 {
  "line": 15,
  "left": 15,
  "end": 372,
  "height": 42,
  "top": 607,
  "ayah": 9,
  "page": 392,
  "width": 357,
  "verse_pos": 8
 }
]