[
 {
  "line": 1,
  "left": 14,
  "end": 375,
  "height": 38,
  "top": 10,
  "ayah": 1,
  "page": 186,
  "width": 361,
  "verse_pos": 0
 },
 {
  "line": 2,
  "left": 14,
  "end": 375,
  "height": 49,
  "top": 48,
  "ayah": 1,
  "page": 186,
  "width": 361,
  "verse_pos": 0
 },
 {
  "line": 3,
  "left": 221,
  "end": 375,
  "height": 38,
  "top": 97,
  "ayah": 1,
  "page": 186,
  "width": 154,
  "verse_pos": 0
 },
 {
  "line": 3,
  "left": 14,
  "end": 220,
  "height": 38,
  "top": 97,
  "ayah": 2,
  "page": 186,
  "width": 206,
  "verse_pos": 1
 },
 {
  "line": 4,
  "left": 78,
  "end": 375,
  "height": 45,
  "top": 135,
  "ayah": 2,
  "page": 186,
  "width": 297,
  "verse_pos": 1
 },
 {
  "line": 4,
  "left": 14,
  "end": 77,
  "height": 45,
  "top": 135,
  "ayah": 3,
  "page": 186,
  "width": 63,
  "verse_pos": 2
 },
 {
  "line": 5,
  "left": 14,
  "end": 375,
  "height": 42,
  "top": 180,
  "ayah": 3,
  "page": 186,
  "width": 361,
  "verse_pos": 2
 },
 {
  "line": 6,
  "left": 14,
  "end": 375,
  "height": 42,
  "top": 222,
  "ayah": 3,
  "page": 186,
  "width": 361,
  "verse_pos": 2
 },
 {
  "line": 7,
  "left": 14,
  "end": 375,
  "height": 44,
  "top": 264,
  "ayah": 3,
  "page": 186,
  "width": 361,
  "verse_pos": 2
 },
 {
  "line": 8,
  "left": 14,
  "end": 375,
  "height": 36,
  "top": 308,
  "ayah": 3,
  "page": 186,
  "width": 361,
  "verse_pos": 2
 },
 {
  "line": 9,
  "left": 59,
  "end": 375,
  "height": 46,
  "top": 344,
  "ayah": 3,
  "page": 186,
  "width": 316,
  "verse_pos": 2
 },
 {
  "line": 9,
  "left": 14,
  "end": 58,
  "height": 46,
  "top": 348,
  "ayah": 4,
  "page": 186,
  "width": 44,
  "verse_pos": 3
 },
 {
  "line": 10,
  "left": 14,
  "end": 375,
  "height": 43,
  "top": 394,
  "ayah": 4,
  "page": 186,
  "width": 361,
  "verse_pos": 3
 },
 {
  "line": 11,
  "left": 177,
  "end": 375,
  "height": 42,
  "top": 437,
  "ayah": 4,
  "page": 186,
  "width": 198,
  "verse_pos": 3
 },
 {
  "line": 11,
  "left": 14,
  "end": 176,
  "height": 42,
  "top": 437,
  "ayah": 5,
  "page": 186,
  "width": 162,
  "verse_pos": 4
 },
 {
  "line": 12,
  "left": 14,
  "end": 375,
  "height": 43,
  "top": 479,
  "ayah": 5,
  "page": 186,
  "width": 361,
  "verse_pos": 4
 },
 {
  "line": 13,
  "left": 125,
  "end": 375,
  "height": 42,
  "top": 522,
  "ayah": 5,
  "page": 186,
  "width": 250,
  "verse_pos": 4
 },
 {
  "line": 13,
  "left": 14,
  "end": 124,
  "height": 42,
  "top": 522,
  "ayah": 6,
  "page": 186,
  "width": 110,
  "verse_pos": 5
 },
 {
  "line": 14,
  "left": 14,
  "end": 375,
  "height": 45,
  "top": 564,
  "ayah": 6,
  "page": 186,
  "width": 361,
  "verse_pos": 5
 },
 {
  "line": 15,
  "left": 14,
  "end": 375,
  "height": 43,
  "top": 609,
  "ayah": 6,
  "page": 186,
  "width": 361,
  "verse_pos": 5
 }
]