[
 {
  "line": 1,
  "left": 211,
  "end": 378,
  "height": 45,
  "top": 7,
  "ayah": 1,
  "page": 581,
  "width": 167,
  "verse_pos": 0
 },
 {
  "line": 1,
  "left": 59,
  "end": 210,
  "height": 45,
  "top": 7,
  "ayah": 2,
  "page": 581,
  "width": 151,
  "verse_pos": 1
 },
 {
  "line": 1,
  "left": 12,
  "end": 59,
  "height": 45,
  "top": 7,
  "ayah": 3,
  "page": 581,
  "width": 47,
  "verse_pos": 2
 },
 {
  "line": 2,
  "left": 304,
  "end": 378,
  "height": 43,
  "top": 52,
  "ayah": 3,
  "page": 581,
  "width": 74,
  "verse_pos": 2
 },
 {
  "line": 2,
  "left": 158,
  "end": 303,
  "height": 43,
  "top": 52,
  "ayah": 4,
  "page": 581,
  "width": 145,
  "verse_pos": 3
 },
 {
  "line": 2,
  "left": 12,
  "end": 158,
  "height": 43,
  "top": 52,
  "ayah": 5,
  "page": 581,
  "width": 146,
  "verse_pos": 4
 },
 {
  "line": 3,
  "left": 224,
  "end": 378,
  "height": 42,
  "top": 95,
  "ayah": 6,
  "page": 581,
  "width": 154,
  "verse_pos": 5
 },
 {
  "line": 3,
  "left": 116,
  "end": 224,
  "height": 42,
  "top": 95,
  "ayah": 7,
  "page": 581,
  "width": 108,
  "verse_pos": 6
 },
 {
  "line": 3,
  "left": 12,
  "end": 115,
  "height": 42,
  "top": 95,
  "ayah": 8,
  "page": 581,
  "width": 103,
  "verse_pos": 7
 },
 {
  "line": 4,
  "left": 172,
  "end": 378,
  "height": 43,
  "top": 137,
  "ayah": 8,
  "page": 581,
  "width": 206,
  "verse_pos": 7
 },
 {
  "line": 4,
  "left": 12,
  "end": 171,
  "height": 43,
  "top": 137,
  "ayah": 9,
  "page": 581,
  "width": 159,
  "verse_pos": 8
 },
 {
  "line": 5,
  "left": 164,
  "end": 378,
  "height": 44,
  "top": 180,
  "ayah": 10,
  "page": 581,
  "width": 214,
  "verse_pos": 9
 },
 {
  "line": 5,
  "left": 12,
  "end": 163,
  "height": 44,
  "top": 180,
  "ayah": 11,
  "page": 581,
  "width": 151,
  "verse_pos": 10
 },
 {
  "line": 6,
  "left": 309,
  "end": 378,
  "height": 44,
  "top": 224,
  "ayah": 11,
  "page": 581,
  "width": 69,
  "verse_pos": 10
 },
 {
  "line": 6,
  "left": 121,
  "end": 308,
  "height": 44,
  "top": 224,
  "ayah": 12,
  "page": 581,
  "width": 187,
  "verse_pos": 11
 },
 {
  "line": 6,
  "left": 12,
  "end": 121,
  "height": 44,
  "top": 224,
  "ayah": 13,
  "page": 581,
  "width": 109,
  "verse_pos": 12
 },
 {
  "line": 7,
  "left": 297,
  "end": 378,
  "height": 42,
  "top": 268,
  "ayah": 13,
  "page": 581,
  "width": 81,
  "verse_pos": 12
 },
 {
  "line": 7,
  "left": 165,
  "end": 297,
  "height": 42,
  "top": 268,
  "ayah": 14,
  "page": 581,
  "width": 132,
  "verse_pos": 13
 },
 {
  "line": 7,
  "left": 12,
  "end": 164,
  "height": 42,
  "top": 268,
  "ayah": 15,
  "page": 581,
  "width": 152,
  "verse_pos": 14
 },
 {
  "line": 8,
  "left": 237,
  "end": 378,
  "height": 43,
  "top": 310,
  "ayah": 16,
  "page": 581,
  "width": 141,
  "verse_pos": 15
 },
 {
  "line": 8,
  "left": 71,
  "end": 236,
  "height": 43,
  "top": 310,
  "ayah": 17,
  "page": 581,
  "width": 165,
  "verse_pos": 16
 },
 {
  "line": 8,
  "left": 12,
  "end": 70,
  "height": 43,
  "top": 310,
  "ayah": 18,
  "page": 581,
  "width": 58,
  "verse_pos": 17
 },
 {
  "line": 9,
  "left": 283,
  "end": 378,
  "height": 42,
  "top": 353,
  "ayah": 18,
  "page": 581,
  "width": 95,
  "verse_pos": 17
 },
 {
  "line": 9,
  "left": 63,
  "end": 282,
  "height": 42,
  "top": 353,
  "ayah": 19,
  "page": 581,
  "width": 219,
  "verse_pos": 18
 },
 {
  "line": 9,
  "left": 12,
  "end": 62,
  "height": 42,
  "top": 353,
  "ayah": 20,
  "page": 581,
  "width": 50,
  "verse_pos": 19
 },
 {
  "line": 10,
  "left": 243,
  "end": 378,
  "height": 44,
  "top": 395,
  "ayah": 20,
  "page": 581,
  "width": 135,
  "verse_pos": 19
 },
 {
  "line": 10,
  "left": 104,
  "end": 243,
  "height": 44,
  "top": 395,
  "ayah": 21,
  "page": 581,
  "width": 139,
  "verse_pos": 20
 },
 {
  "line": 10,
  "left": 12,
  "end": 104,
  "height": 44,
  "top": 395,
  "ayah": 22,
  "page": 581,
  "width": 92,
  "verse_pos": 21
 },
 {
  "line": 11,
  "left": 265,
  "end": 378,
  "height": 43,
  "top": 439,
  "ayah": 22,
  "page": 581,
  "width": 113,
  "verse_pos": 21
 },
 {
  "line": 11,
  "left": 124,
  "end": 265,
  "height": 43,
  "top": 439,
  "ayah": 23,
  "page": 581,
  "width": 141,
  "verse_pos": 22
 },
 {
  "line": 11,
  "left": 12,
  "end": 124,
  "height": 43,
  "top": 439,
  "ayah": 24,
  "page": 581,
  "width": 112,
  "verse_pos": 23
 },
 {
  "line": 12,
  "left": 248,
  "end": 378,
  "height": 42,
  "top": 482,
  "ayah": 24,
  "page": 581,
  "width": 130,
  "verse_pos": 23
 },
 {
  "line": 12,
  "left": 73,
  "end": 248,
  "height": 42,
  "top": 482,
  "ayah": 25,
  "page": 581,
  "width": 175,
  "verse_pos": 24
 },
 {
  "line": 12,
  "left": 12,
  "end": 73,
  "height": 42,
  "top": 482,
  "ayah": 26,
  "page": 581,
  "width": 61,
  "verse_pos": 25
 },
 {
  "line": 13,
  "left": 284,
  "end": 378,
  "height": 44,
  "top": 524,
  "ayah": 26,
  "page": 581,
  "width": 94,
  "verse_pos": 25
 },
 {
  "line": 13,
  "left": 81,
  "end": 284,
  "height": 44,
  "top": 524,
  "ayah": 27,
  "page": 581,
  "width": 203,
  "verse_pos": 26
 },
 {
  "line": 13,
  "left": 12,
  "end": 80,
  "height": 44,
  "top": 524,
  "ayah": 28,
  "page": 581,
  "width": 68,
  "verse_pos": 27
 },
 {
  "line": 14,
  "left": 265,
  "end": 378,
  "height": 45,
  "top": 568,
  "ayah": 28,
  "page": 581,
  "width": 113,
  "verse_pos": 27
 },
 {
  "line": 14,
  "left": 46,
  "end": 264,
  "height": 45,
  "top": 568,
  "ayah": 29,
  "page": 581,
  "width": 218,
  "verse_pos": 28
 },
 {
  "line": 14,
  "left": 12,
  "end": 45,
  "height": 45,
  "top": 568,
  "ayah": 30,
  "page": 581,
  "width": 33,
  "verse_pos": 29
 },
 {
  "line": 15,
  "left": 243,
  "end": 378,
  "height": 42,
  "top": 613,
  "ayah": 30,
  "page": 581,
  "width": 135,
  "verse_pos": 29
 },
 {
  "line": 15,
  "left": 12,
  "end": 242,
  "height": 42,
  "top": 613,
  "ayah": 31,
  "page": 581,
  "width": 230,
  "verse_pos": 30
 }
]