[
 {
  "line": 1,
  "left": 11,
  "end": 379,
  "height": 40,
  "top": 7,
  "ayah": 1,
  "page": 575,
  "width": 368,
  "verse_pos": 0
 },
 {
  "line": 2,
  "left": 11,
  "end": 379,
  "height": 41,
  "top": 47,
  "ayah": 1,
  "page": 575,
  "width": 368,
  "verse_pos": 0
 },
 {
  "line": 3,
  "left": 11,
  "end": 379,
  "height": 47,
  "top": 88,
  "ayah": 1,
  "page": 575,
  "width": 368,
  "verse_pos": 0
 },
 {
  "line": 4,
  "left": 11,
  "end": 379,
  "height": 39,
  "top": 135,
  "ayah": 1,
  "page": 575,
  "width": 368,
  "verse_pos": 0
 },
 {
  "line": 5,
  "left": 11,
  "end": 379,
  "height": 46,
  "top": 174,
  "ayah": 1,
  "page": 575,
  "width": 368,
  "verse_pos": 0
 },
 {
  "line": 6,
  "left": 11,
  "end": 379,
  "height": 41,
  "top": 220,
  "ayah": 1,
  "page": 575,
  "width": 368,
  "verse_pos": 0
 },
 {
  "line": 7,
  "left": 11,
  "end": 379,
  "height": 41,
  "top": 261,
  "ayah": 1,
  "page": 575,
  "width": 368,
  "verse_pos": 0
 },
 {
  "line": 8,
  "left": 277,
  "end": 379,
  "height": 43,
  "top": 394,
  "ayah": 3,
  "page": 575,
  "width": 102,
  "verse_pos": 2
 },
 {
  "line": 8,
  "left": 204,
  "end": 276,
  "height": 43,
  "top": 394,
  "ayah": 4,
  "page": 575,
  "width": 72,
  "verse_pos": 3
 },
 {
  "line": 8,
  "left": 112,
  "end": 203,
  "height": 43,
  "top": 394,
  "ayah": 5,
  "page": 575,
  "width": 91,
  "verse_pos": 4
 },
 {
  "line": 8,
  "left": 11,
  "end": 112,
  "height": 43,
  "top": 394,
  "ayah": 6,
  "page": 575,
  "width": 101,
  "verse_pos": 5
 },
 {
  "line": 9,
  "left": 266,
  "end": 379,
  "height": 44,
  "top": 437,
  "ayah": 7,
  "page": 575,
  "width": 113,
  "verse_pos": 6
 },
 {
  "line": 9,
  "left": 135,
  "end": 265,
  "height": 44,
  "top": 437,
  "ayah": 8,
  "page": 575,
  "width": 130,
  "verse_pos": 7
 },
 {
  "line": 9,
  "left": 11,
  "end": 134,
  "height": 44,
  "top": 437,
  "ayah": 9,
  "page": 575,
  "width": 123,
  "verse_pos": 8
 },
 {
  "line": 10,
  "left": 250,
  "end": 379,
  "height": 41,
  "top": 481,
  "ayah": 10,
  "page": 575,
  "width": 129,
  "verse_pos": 9
 },
 {
  "line": 10,
  "left": 92,
  "end": 249,
  "height": 41,
  "top": 481,
  "ayah": 11,
  "page": 575,
  "width": 157,
  "verse_pos": 10
 },
 {
  "line": 10,
  "left": 11,
  "end": 91,
  "height": 41,
  "top": 481,
  "ayah": 12,
  "page": 575,
  "width": 80,
  "verse_pos": 11
 },
 {
  "line": 11,
  "left": 295,
  "end": 379,
  "height": 43,
  "top": 522,
  "ayah": 12,
  "page": 575,
  "width": 84,
  "verse_pos": 11
 },
 {
  "line": 11,
  "left": 115,
  "end": 294,
  "height": 43,
  "top": 522,
  "ayah": 13,
  "page": 575,
  "width": 179,
  "verse_pos": 12
 },
 {
  "line": 11,
  "left": 11,
  "end": 114,
  "height": 43,
  "top": 522,
  "ayah": 14,
  "page": 575,
  "width": 103,
  "verse_pos": 13
 },
 {
  "line": 12,
  "left": 300,
  "end": 379,
  "height": 42,
  "top": 565,
  "ayah": 14,
  "page": 575,
  "width": 79,
  "verse_pos": 13
 },
 {
  "line": 12,
  "left": 202,
  "end": 300,
  "height": 42,
  "top": 565,
  "ayah": 15,
  "page": 575,
  "width": 98,
  "verse_pos": 14
 },
 {
  "line": 12,
  "left": 61,
  "end": 201,
  "height": 42,
  "top": 565,
  "ayah": 16,
  "page": 575,
  "width": 140,
  "verse_pos": 15
 },
 {
  "line": 12,
  "left": 11,
  "end": 60,
  "height": 42,
  "top": 565,
  "ayah": 17,
  "page": 575,
  "width": 49,
  "verse_pos": 16
 },
 {
  "line": 13,
  "left": 307,
  "end": 379,
  "height": 42,
  "top": 607,
  "ayah": 17,
  "page": 575,
  "width": 72,
  "verse_pos": 16
 },
 {
  "line": 13,
  "left": 140,
  "end": 307,
  "height": 42,
  "top": 607,
  "ayah": 18,
  "page": 575,
  "width": 167,
  "verse_pos": 17
 },
 {
  "line": 13,
  "left": 11,
  "end": 139,
  "height": 42,
  "top": 607,
  "ayah": 19,
  "page": 575,
  "width": 128,
  "verse_pos": 18
 }
]