[
 {
  "line": 1,
  "left": 246,
  "end": 377,
  "height": 44,
  "top": 44,
  "ayah": 2,
  "page": 595,
  "width": 131,
  "verse_pos": 1
 },
 {
  "line": 1,
  "left": 132,
  "end": 246,
  "height": 44,
  "top": 44,
  "ayah": 3,
  "page": 595,
  "width": 114,
  "verse_pos": 2
 },
 {
  "line": 1,
  "left": 12,
  "end": 132,
  "height": 44,
  "top": 44,
  "ayah": 4,
  "page": 595,
  "width": 120,
  "verse_pos": 3
 },
 {
  "line": 2,
  "left": 244,
  "end": 377,
  "height": 42,
  "top": 88,
  "ayah": 5,
  "page": 595,
  "width": 133,
  "verse_pos": 4
 },
 {
  "line": 2,
  "left": 119,
  "end": 243,
  "height": 42,
  "top": 88,
  "ayah": 6,
  "page": 595,
  "width": 124,
  "verse_pos": 5
 },
 {
  "line": 2,
  "left": 12,
  "end": 118,
  "height": 42,
  "top": 88,
  "ayah": 7,
  "page": 595,
  "width": 106,
  "verse_pos": 6
 },
 {
  "line": 3,
  "left": 342,
  "end": 377,
  "height": 42,
  "top": 130,
  "ayah": 7,
  "page": 595,
  "width": 35,
  "verse_pos": 6
 },
 {
  "line": 3,
  "left": 210,
  "end": 341,
  "height": 42,
  "top": 130,
  "ayah": 8,
  "page": 595,
  "width": 131,
  "verse_pos": 7
 },
 {
  "line": 3,
  "left": 38,
  "end": 209,
  "height": 42,
  "top": 130,
  "ayah": 9,
  "page": 595,
  "width": 171,
  "verse_pos": 8
 },
 {
  "line": 3,
  "left": 12,
  "end": 37,
  "height": 42,
  "top": 130,
  "ayah": 10,
  "page": 595,
  "width": 25,
  "verse_pos": 9
 },
 {
  "line": 4,
  "left": 253,
  "end": 377,
  "height": 44,
  "top": 172,
  "ayah": 10,
  "page": 595,
  "width": 124,
  "verse_pos": 9
 },
 {
  "line": 4,
  "left": 93,
  "end": 252,
  "height": 44,
  "top": 172,
  "ayah": 11,
  "page": 595,
  "width": 159,
  "verse_pos": 10
 },
 {
  "line": 4,
  "left": 12,
  "end": 92,
  "height": 44,
  "top": 172,
  "ayah": 12,
  "page": 595,
  "width": 80,
  "verse_pos": 11
 },
 {
  "line": 5,
  "left": 285,
  "end": 377,
  "height": 41,
  "top": 216,
  "ayah": 12,
  "page": 595,
  "width": 92,
  "verse_pos": 11
 },
 {
  "line": 5,
  "left": 141,
  "end": 284,
  "height": 41,
  "top": 216,
  "ayah": 13,
  "page": 595,
  "width": 143,
  "verse_pos": 12
 },
 {
  "line": 5,
  "left": 12,
  "end": 140,
  "height": 41,
  "top": 216,
  "ayah": 14,
  "page": 595,
  "width": 128,
  "verse_pos": 13
 },
 {
  "line": 6,
  "left": 221,
  "end": 377,
  "height": 44,
  "top": 257,
  "ayah": 14,
  "page": 595,
  "width": 156,
  "verse_pos": 13
 },
 {
  "line": 6,
  "left": 12,
  "end": 220,
  "height": 44,
  "top": 257,
  "ayah": 15,
  "page": 595,
  "width": 208,
  "verse_pos": 14
 },
 {
  "line": 7,
  "left": 147,
  "end": 377,
  "height": 40,
  "top": 301,
  "ayah": 15,
  "page": 595,
  "width": 230,
  "verse_pos": 14
 },
 {
  "line": 7,
  "left": 12,
  "end": 146,
  "height": 40,
  "top": 301,
  "ayah": 16,
  "page": 595,
  "width": 134,
  "verse_pos": 15
 },
 {
  "line": 8,
  "left": 267,
  "end": 377,
  "height": 43,
  "top": 432,
  "ayah": 18,
  "page": 595,
  "width": 110,
  "verse_pos": 17
 },
 {
  "line": 8,
  "left": 159,
  "end": 267,
  "height": 43,
  "top": 432,
  "ayah": 19,
  "page": 595,
  "width": 108,
  "verse_pos": 18
 },
 {
  "line": 8,
  "left": 12,
  "end": 158,
  "height": 43,
  "top": 432,
  "ayah": 20,
  "page": 595,
  "width": 146,
  "verse_pos": 19
 },
 {
  "line": 9,
  "left": 265,
  "end": 377,
  "height": 41,
  "top": 475,
  "ayah": 21,
  "page": 595,
  "width": 112,
  "verse_pos": 20
 },
 {
  "line": 9,
  "left": 133,
  "end": 264,
  "height": 41,
  "top": 475,
  "ayah": 22,
  "page": 595,
  "width": 131,
  "verse_pos": 21
 },
 {
  "line": 9,
  "left": 12,
  "end": 132,
  "height": 41,
  "top": 475,
  "ayah": 23,
  "page": 595,
  "width": 120,
  "verse_pos": 22
 },
 {
  "line": 10,
  "left": 246,
  "end": 377,
  "height": 45,
  "top": 516,
  "ayah": 24,
  "page": 595,
  "width": 131,
  "verse_pos": 23
 },
 {
  "line": 10,
  "left": 98,
  "end": 245,
  "height": 45,
  "top": 516,
  "ayah": 25,
  "page": 595,
  "width": 147,
  "verse_pos": 24
 },
 {
  "line": 10,
  "left": 12,
  "end": 97,
  "height": 45,
  "top": 516,
  "ayah": 26,
  "page": 595,
  "width": 85,
  "verse_pos": 25
 },
 {
  "line": 11,
  "left": 343,
  "end": 377,
  "height": 39,
  "top": 561,
  "ayah": 26,
  "page": 595,
  "width": 34,
  "verse_pos": 25
 },
 {
  "line": 11,
  "left": 217,
  "end": 342,
  "height": 39,
  "top": 561,
  "ayah": 27,
  "page": 595,
  "width": 125,
  "verse_pos": 26
 },
 {
  "line": 11,
  "left": 56,
  "end": 217,
  "height": 39,
  "top": 561,
  "ayah": 28,
  "page": 595,
  "width": 161,
  "verse_pos": 27
 },
 {
  "line": 11,
  "left": 12,
  "end": 56,
  "height": 39,
  "top": 561,
  "ayah": 29,
  "page": 595,
  "width": 44,
  "verse_pos": 28
 },
 {
  "line": 12,
  "left": 303,
  "end": 377,
  "height": 42,
  "top": 600,
  "ayah": 29,
  "page": 595,
  "width": 74,
  "verse_pos": 28
 },
 {
  "line": 12,
  "left": 152,
  "end": 302,
  "height": 42,
  "top": 600,
  "ayah": 30,
  "page": 595,
  "width": 150,
  "verse_pos": 29
 },
 {
  "line": 12,
  "left": 12,
  "end": 151,
  "height": 42,
  "top": 600,
  "ayah": 31,
  "page": 595,
  "width": 139,
  "verse_pos": 30
 }
]