[
 {
  "line": 1,
  "left": 155,
  "end": 375,
  "height": 43,
  "top": 7,
  "ayah": 1,
  "page": 267,
  "width": 220,
  "verse_pos": 0
 },
 {
  "line": 1,
  "left": 13,
  "end": 154,
  "height": 43,
  "top": 7,
  "ayah": 2,
  "page": 267,
  "width": 141,
  "verse_pos": 1
 },
 {
  "line": 2,
  "left": 293,
  "end": 375,
  "height": 40,
  "top": 50,
  "ayah": 2,
  "page": 267,
  "width": 82,
  "verse_pos": 1
 },
 {
  "line": 2,
  "left": 161,
  "end": 292,
  "height": 40,
  "top": 50,
  "ayah": 3,
  "page": 267,
  "width": 131,
  "verse_pos": 2
 },
 {
  "line": 2,
  "left": 13,
  "end": 160,
  "height": 40,
  "top": 50,
  "ayah": 4,
  "page": 267,
  "width": 147,
  "verse_pos": 3
 },
 {
  "line": 3,
  "left": 261,
  "end": 375,
  "height": 42,
  "top": 90,
  "ayah": 4,
  "page": 267,
  "width": 114,
  "verse_pos": 3
 },
 {
  "line": 3,
  "left": 66,
  "end": 260,
  "height": 42,
  "top": 90,
  "ayah": 5,
  "page": 267,
  "width": 194,
  "verse_pos": 4
 },
 {
  "line": 3,
  "left": 13,
  "end": 65,
  "height": 42,
  "top": 90,
  "ayah": 6,
  "page": 267,
  "width": 52,
  "verse_pos": 5
 },
 {
  "line": 4,
  "left": 75,
  "end": 375,
  "height": 45,
  "top": 132,
  "ayah": 6,
  "page": 267,
  "width": 300,
  "verse_pos": 5
 },
 {
  "line": 4,
  "left": 13,
  "end": 74,
  "height": 45,
  "top": 132,
  "ayah": 7,
  "page": 267,
  "width": 61,
  "verse_pos": 6
 },
 {
  "line": 5,
  "left": 156,
  "end": 375,
  "height": 43,
  "top": 177,
  "ayah": 7,
  "page": 267,
  "width": 219,
  "verse_pos": 6
 },
 {
  "line": 5,
  "left": 13,
  "end": 155,
  "height": 43,
  "top": 177,
  "ayah": 8,
  "page": 267,
  "width": 142,
  "verse_pos": 7
 },
 {
  "line": 6,
  "left": 253,
  "end": 375,
  "height": 41,
  "top": 220,
  "ayah": 8,
  "page": 267,
  "width": 122,
  "verse_pos": 7
 },
 {
  "line": 6,
  "left": 13,
  "end": 252,
  "height": 41,
  "top": 220,
  "ayah": 9,
  "page": 267,
  "width": 239,
  "verse_pos": 8
 },
 {
  "line": 7,
  "left": 13,
  "end": 375,
  "height": 45,
  "top": 348,
  "ayah": 11,
  "page": 267,
  "width": 362,
  "verse_pos": 10
 },
 {
  "line": 8,
  "left": 341,
  "end": 375,
  "height": 43,
  "top": 393,
  "ayah": 11,
  "page": 267,
  "width": 34,
  "verse_pos": 10
 },
 {
  "line": 8,
  "left": 13,
  "end": 340,
  "height": 43,
  "top": 393,
  "ayah": 12,
  "page": 267,
  "width": 327,
  "verse_pos": 11
 },
 {
  "line": 9,
  "left": 117,
  "end": 375,
  "height": 41,
  "top": 436,
  "ayah": 12,
  "page": 267,
  "width": 258,
  "verse_pos": 11
 },
 {
  "line": 9,
  "left": 13,
  "end": 116,
  "height": 41,
  "top": 436,
  "ayah": 13,
  "page": 267,
  "width": 103,
  "verse_pos": 12
 },
 {
  "line": 10,
  "left": 65,
  "end": 375,
  "height": 44,
  "top": 477,
  "ayah": 13,
  "page": 267,
  "width": 310,
  "verse_pos": 12
 },
 {
  "line": 10,
  "left": 13,
  "end": 64,
  "height": 44,
  "top": 477,
  "ayah": 14,
  "page": 267,
  "width": 51,
  "verse_pos": 13
 },
 {
  "line": 11,
  "left": 76,
  "end": 375,
  "height": 41,
  "top": 521,
  "ayah": 14,
  "page": 267,
  "width": 299,
  "verse_pos": 13
 },
 {
  "line": 11,
  "left": 13,
  "end": 74,
  "height": 41,
  "top": 521,
  "ayah": 15,
  "page": 267,
  "width": 61,
  "verse_pos": 14
 },
 {
  "line": 12,
  "left": 13,
  "end": 375,
  "height": 44,
  "top": 562,
  "ayah": 15,
  "page": 267,
  "width": 362,
  "verse_pos": 14
 },
 {
  "line": 13,
  "left": 339,
  "end": 375,
  "height": 46,
  "top": 606,
  "ayah": 15,
  "page": 267,
  "width": 36,
  "verse_pos": 14
 },
 {
  "line": 13,
  "left": 13,
  "end": 338,
  "height": 46,
  "top": 606,
  "ayah": 16,
  "page": 267,
  "width": 325,
  "verse_pos": 15
 }
]