[
 {
  "line": 1,
  "left": 11,
  "end": 375,
  "height": 41,
  "top": 7,
  "ayah": 1,
  "page": 37,
  "width": 364,
  "verse_pos": 0
 },
 {
  "line": 2,
  "left": 11,
  "end": 375,
  "height": 42,
  "top": 48,
  "ayah": 1,
  "page": 37,
  "width": 364,
  "verse_pos": 0
 },
 {
  "line": 3,
  "left": 11,
  "end": 375,
  "height": 45,
  "top": 90,
  "ayah": 1,
  "page": 37,
  "width": 364,
  "verse_pos": 0
 },
 {
  "line": 4,
  "left": 11,
  "end": 375,
  "height": 43,
  "top": 135,
  "ayah": 1,
  "page": 37,
  "width": 364,
  "verse_pos": 0
 },
 {
  "line": 5,
  "left": 11,
  "end": 375,
  "height": 43,
  "top": 178,
  "ayah": 1,
  "page": 37,
  "width": 364,
  "verse_pos": 0
 },
 {
  "line": 6,
  "left": 11,
  "end": 375,
  "height": 47,
  "top": 221,
  "ayah": 2,
  "page": 37,
  "width": 364,
  "verse_pos": 1
 },
 {
  "line": 7,
  "left": 11,
  "end": 375,
  "height": 36,
  "top": 268,
  "ayah": 2,
  "page": 37,
  "width": 364,
  "verse_pos": 1
 },
 {
  "line": 8,
  "left": 11,
  "end": 375,
  "height": 46,
  "top": 304,
  "ayah": 2,
  "page": 37,
  "width": 364,
  "verse_pos": 1
 },
 {
  "line": 9,
  "left": 210,
  "end": 375,
  "height": 40,
  "top": 350,
  "ayah": 2,
  "page": 37,
  "width": 165,
  "verse_pos": 1
 },
 {
  "line": 9,
  "left": 11,
  "end": 209,
  "height": 40,
  "top": 350,
  "ayah": 3,
  "page": 37,
  "width": 198,
  "verse_pos": 2
 },
 {
  "line": 10,
  "left": 11,
  "end": 375,
  "height": 46,
  "top": 390,
  "ayah": 3,
  "page": 37,
  "width": 364,
  "verse_pos": 2
 },
 {
  "line": 11,
  "left": 11,
  "end": 375,
  "height": 45,
  "top": 436,
  "ayah": 3,
  "page": 37,
  "width": 364,
  "verse_pos": 2
 },
 {
  "line": 12,
  "left": 11,
  "end": 375,
  "height": 40,
  "top": 481,
  "ayah": 3,
  "page": 37,
  "width": 364,
  "verse_pos": 2
 },
 {
  "line": 13,
  "left": 11,
  "end": 375,
  "height": 44,
  "top": 521,
  "ayah": 3,
  "page": 37,
  "width": 364,
  "verse_pos": 2
 },
 {
  "line": 14,
  "left": 11,
  "end": 375,
  "height": 44,
  "top": 565,
  "ayah": 3,
  "page": 37,
  "width": 364,
  "verse_pos": 2
 },
 {
  "line": 15,
  "left": 11,
  "end": 375,
  "height": 44,
  "top": 609,
  "ayah": 3,
  "page": 37,
  "width": 364,
  "verse_pos": 2
 }
]