[
 {
  "line": 1,
  "left": 232,
  "end": 376,
  "height": 39,
  "top": 94,
  "ayah": 2,
  "page": 590,
  "width": 144,
  "verse_pos": 1
 },
 {
  "line": 1,
  "left": 115,
  "end": 231,
  "height": 39,
  "top": 94,
  "ayah": 3,
  "page": 590,
  "width": 116,
  "verse_pos": 2
 },
 {
  "line": 1,
  "left": 13,
  "end": 114,
  "height": 39,
  "top": 94,
  "ayah": 4,
  "page": 590,
  "width": 101,
  "verse_pos": 3
 },
 {
  "line": 2,
  "left": 340,
  "end": 376,
  "height": 44,
  "top": 133,
  "ayah": 4,
  "page": 590,
  "width": 36,
  "verse_pos": 3
 },
 {
  "line": 2,
  "left": 192,
  "end": 339,
  "height": 44,
  "top": 133,
  "ayah": 5,
  "page": 590,
  "width": 147,
  "verse_pos": 4
 },
 {
  "line": 2,
  "left": 73,
  "end": 191,
  "height": 44,
  "top": 133,
  "ayah": 6,
  "page": 590,
  "width": 118,
  "verse_pos": 5
 },
 {
  "line": 2,
  "left": 13,
  "end": 73,
  "height": 44,
  "top": 133,
  "ayah": 7,
  "page": 590,
  "width": 60,
  "verse_pos": 6
 },
 {
  "line": 3,
  "left": 310,
  "end": 376,
  "height": 42,
  "top": 177,
  "ayah": 7,
  "page": 590,
  "width": 66,
  "verse_pos": 6
 },
 {
  "line": 3,
  "left": 75,
  "end": 309,
  "height": 42,
  "top": 177,
  "ayah": 8,
  "page": 590,
  "width": 234,
  "verse_pos": 7
 },
 {
  "line": 3,
  "left": 13,
  "end": 74,
  "height": 42,
  "top": 177,
  "ayah": 9,
  "page": 590,
  "width": 61,
  "verse_pos": 8
 },
 {
  "line": 4,
  "left": 109,
  "end": 376,
  "height": 42,
  "top": 219,
  "ayah": 9,
  "page": 590,
  "width": 267,
  "verse_pos": 8
 },
 {
  "line": 4,
  "left": 13,
  "end": 108,
  "height": 42,
  "top": 219,
  "ayah": 10,
  "page": 590,
  "width": 95,
  "verse_pos": 9
 },
 {
  "line": 5,
  "left": 80,
  "end": 376,
  "height": 45,
  "top": 261,
  "ayah": 10,
  "page": 590,
  "width": 296,
  "verse_pos": 9
 },
 {
  "line": 5,
  "left": 13,
  "end": 80,
  "height": 45,
  "top": 261,
  "ayah": 11,
  "page": 590,
  "width": 67,
  "verse_pos": 10
 },
 {
  "line": 6,
  "left": 13,
  "end": 376,
  "height": 41,
  "top": 306,
  "ayah": 11,
  "page": 590,
  "width": 363,
  "verse_pos": 10
 },
 {
  "line": 7,
  "left": 258,
  "end": 376,
  "height": 41,
  "top": 347,
  "ayah": 11,
  "page": 590,
  "width": 118,
  "verse_pos": 10
 },
 {
  "line": 7,
  "left": 13,
  "end": 257,
  "height": 41,
  "top": 347,
  "ayah": 12,
  "page": 590,
  "width": 244,
  "verse_pos": 11
 },
 {
  "line": 8,
  "left": 71,
  "end": 376,
  "height": 49,
  "top": 388,
  "ayah": 12,
  "page": 590,
  "width": 305,
  "verse_pos": 11
 },
 {
  "line": 8,
  "left": 13,
  "end": 71,
  "height": 49,
  "top": 388,
  "ayah": 13,
  "page": 590,
  "width": 58,
  "verse_pos": 12
 },
 {
  "line": 9,
  "left": 276,
  "end": 376,
  "height": 43,
  "top": 437,
  "ayah": 13,
  "page": 590,
  "width": 100,
  "verse_pos": 12
 },
 {
  "line": 9,
  "left": 139,
  "end": 276,
  "height": 43,
  "top": 437,
  "ayah": 14,
  "page": 590,
  "width": 137,
  "verse_pos": 13
 },
 {
  "line": 9,
  "left": 13,
  "end": 138,
  "height": 43,
  "top": 437,
  "ayah": 15,
  "page": 590,
  "width": 125,
  "verse_pos": 14
 },
 {
  "line": 10,
  "left": 247,
  "end": 376,
  "height": 40,
  "top": 480,
  "ayah": 16,
  "page": 590,
  "width": 129,
  "verse_pos": 15
 },
 {
  "line": 10,
  "left": 146,
  "end": 246,
  "height": 40,
  "top": 480,
  "ayah": 17,
  "page": 590,
  "width": 100,
  "verse_pos": 16
 },
 {
  "line": 10,
  "left": 13,
  "end": 145,
  "height": 40,
  "top": 480,
  "ayah": 18,
  "page": 590,
  "width": 132,
  "verse_pos": 17
 },
 {
  "line": 11,
  "left": 341,
  "end": 376,
  "height": 43,
  "top": 520,
  "ayah": 18,
  "page": 590,
  "width": 35,
  "verse_pos": 17
 },
 {
  "line": 11,
  "left": 235,
  "end": 340,
  "height": 43,
  "top": 520,
  "ayah": 19,
  "page": 590,
  "width": 105,
  "verse_pos": 18
 },
 {
  "line": 11,
  "left": 60,
  "end": 234,
  "height": 43,
  "top": 520,
  "ayah": 20,
  "page": 590,
  "width": 174,
  "verse_pos": 19
 },
 {
  "line": 11,
  "left": 13,
  "end": 60,
  "height": 43,
  "top": 520,
  "ayah": 21,
  "page": 590,
  "width": 47,
  "verse_pos": 20
 },
 {
  "line": 12,
  "left": 264,
  "end": 376,
  "height": 42,
  "top": 563,
  "ayah": 21,
  "page": 590,
  "width": 112,
  "verse_pos": 20
 },
 {
  "line": 12,
  "left": 132,
  "end": 263,
  "height": 42,
  "top": 563,
  "ayah": 22,
  "page": 590,
  "width": 131,
  "verse_pos": 21
 },
 {
  "line": 12,
  "left": 13,
  "end": 131,
  "height": 42,
  "top": 563,
  "ayah": 23,
  "page": 590,
  "width": 118,
  "verse_pos": 22
 }
]