[
 {
  "line": 1,
  "left": 11,
  "end": 381,
  "height": 43,
  "top": 7,
  "ayah": 1,
  "page": 347,
  "width": 370,
  "verse_pos": 0
 },
 {
  "line": 2,
  "left": 281,
  "end": 381,
  "height": 43,
  "top": 50,
  "ayah": 1,
  "page": 347,
  "width": 100,
  "verse_pos": 0
 },
 {
  "line": 2,
  "left": 11,
  "end": 280,
  "height": 43,
  "top": 50,
  "ayah": 2,
  "page": 347,
  "width": 269,
  "verse_pos": 1
 },
 {
  "line": 3,
  "left": 258,
  "end": 381,
  "height": 41,
  "top": 93,
  "ayah": 2,
  "page": 347,
  "width": 123,
  "verse_pos": 1
 },
 {
  "line": 3,
  "left": 11,
  "end": 257,
  "height": 41,
  "top": 93,
  "ayah": 3,
  "page": 347,
  "width": 246,
  "verse_pos": 2
 },
 {
  "line": 4,
  "left": 230,
  "end": 381,
  "height": 41,
  "top": 134,
  "ayah": 3,
  "page": 347,
  "width": 151,
  "verse_pos": 2
 },
 {
  "line": 4,
  "left": 11,
  "end": 229,
  "height": 41,
  "top": 134,
  "ayah": 4,
  "page": 347,
  "width": 218,
  "verse_pos": 3
 },
 {
  "line": 5,
  "left": 182,
  "end": 381,
  "height": 45,
  "top": 175,
  "ayah": 4,
  "page": 347,
  "width": 199,
  "verse_pos": 3
 },
 {
  "line": 5,
  "left": 11,
  "end": 181,
  "height": 45,
  "top": 175,
  "ayah": 5,
  "page": 347,
  "width": 170,
  "verse_pos": 4
 },
 {
  "line": 6,
  "left": 246,
  "end": 381,
  "height": 43,
  "top": 220,
  "ayah": 5,
  "page": 347,
  "width": 135,
  "verse_pos": 4
 },
 {
  "line": 6,
  "left": 11,
  "end": 245,
  "height": 43,
  "top": 220,
  "ayah": 6,
  "page": 347,
  "width": 234,
  "verse_pos": 5
 },
 {
  "line": 7,
  "left": 152,
  "end": 381,
  "height": 43,
  "top": 263,
  "ayah": 6,
  "page": 347,
  "width": 229,
  "verse_pos": 5
 },
 {
  "line": 7,
  "left": 11,
  "end": 151,
  "height": 43,
  "top": 263,
  "ayah": 7,
  "page": 347,
  "width": 140,
  "verse_pos": 6
 },
 {
  "line": 8,
  "left": 272,
  "end": 381,
  "height": 45,
  "top": 306,
  "ayah": 7,
  "page": 347,
  "width": 109,
  "verse_pos": 6
 },
 {
  "line": 8,
  "left": 11,
  "end": 271,
  "height": 45,
  "top": 306,
  "ayah": 8,
  "page": 347,
  "width": 260,
  "verse_pos": 7
 },
 {
  "line": 9,
  "left": 284,
  "end": 381,
  "height": 42,
  "top": 351,
  "ayah": 8,
  "page": 347,
  "width": 97,
  "verse_pos": 7
 },
 {
  "line": 9,
  "left": 11,
  "end": 283,
  "height": 42,
  "top": 351,
  "ayah": 9,
  "page": 347,
  "width": 272,
  "verse_pos": 8
 },
 {
  "line": 10,
  "left": 199,
  "end": 381,
  "height": 42,
  "top": 393,
  "ayah": 9,
  "page": 347,
  "width": 182,
  "verse_pos": 8
 },
 {
  "line": 10,
  "left": 11,
  "end": 198,
  "height": 42,
  "top": 393,
  "ayah": 10,
  "page": 347,
  "width": 187,
  "verse_pos": 9
 },
 {
  "line": 11,
  "left": 210,
  "end": 381,
  "height": 44,
  "top": 435,
  "ayah": 10,
  "page": 347,
  "width": 171,
  "verse_pos": 9
 },
 {
  "line": 11,
  "left": 11,
  "end": 209,
  "height": 44,
  "top": 435,
  "ayah": 11,
  "page": 347,
  "width": 198,
  "verse_pos": 10
 },
 {
  "line": 12,
  "left": 341,
  "end": 381,
  "height": 41,
  "top": 479,
  "ayah": 11,
  "page": 347,
  "width": 40,
  "verse_pos": 10
 },
 {
  "line": 12,
  "left": 11,
  "end": 340,
  "height": 41,
  "top": 479,
  "ayah": 12,
  "page": 347,
  "width": 329,
  "verse_pos": 11
 },
 {
  "line": 13,
  "left": 341,
  "end": 381,
  "height": 46,
  "top": 520,
  "ayah": 12,
  "page": 347,
  "width": 40,
  "verse_pos": 11
 },
 {
  "line": 13,
  "left": 82,
  "end": 340,
  "height": 46,
  "top": 520,
  "ayah": 13,
  "page": 347,
  "width": 258,
  "verse_pos": 12
 },
 {
  "line": 13,
  "left": 11,
  "end": 81,
  "height": 46,
  "top": 520,
  "ayah": 14,
  "page": 347,
  "width": 70,
  "verse_pos": 13
 },
 {
  "line": 14,
  "left": 11,
  "end": 381,
  "height": 40,
  "top": 566,
  "ayah": 14,
  "page": 347,
  "width": 370,
  "verse_pos": 13
 },
 {
  "line": 15,
  "left": 256,
  "end": 381,
  "height": 42,
  "top": 606,
  "ayah": 14,
  "page": 347,
  "width": 125,
  "verse_pos": 13
 },
 {
  "line": 15,
  "left": 11,
  "end": 255,
  "height": 42,
  "top": 606,
  "ayah": 15,
  "page": 347,
  "width": 244,
  "verse_pos": 14
 }
]