[
 {
  "line": 1,
  "left": 271,
  "end": 376,
  "height": 43,
  "top": 7,
  "ayah": 1,
  "page": 576,
  "width": 105,
  "verse_pos": 0
 },
 {
  "line": 1,
  "left": 165,
  "end": 271,
  "height": 43,
  "top": 7,
  "ayah": 2,
  "page": 576,
  "width": 106,
  "verse_pos": 1
 },
 {
  "line": 1,
  "left": 52,
  "end": 165,
  "height": 43,
  "top": 7,
  "ayah": 3,
  "page": 576,
  "width": 113,
  "verse_pos": 2
 },
 {
  "line": 1,
  "left": 11,
  "end": 52,
  "height": 43,
  "top": 7,
  "ayah": 4,
  "page": 576,
  "width": 41,
  "verse_pos": 3
 },
 {
  "line": 2,
  "left": 341,
  "end": 376,
  "height": 43,
  "top": 50,
  "ayah": 4,
  "page": 576,
  "width": 35,
  "verse_pos": 3
 },
 {
  "line": 2,
  "left": 241,
  "end": 340,
  "height": 43,
  "top": 50,
  "ayah": 5,
  "page": 576,
  "width": 99,
  "verse_pos": 4
 },
 {
  "line": 2,
  "left": 126,
  "end": 241,
  "height": 43,
  "top": 50,
  "ayah": 6,
  "page": 576,
  "width": 115,
  "verse_pos": 5
 },
 {
  "line": 2,
  "left": 11,
  "end": 126,
  "height": 43,
  "top": 50,
  "ayah": 7,
  "page": 576,
  "width": 115,
  "verse_pos": 6
 },
 {
  "line": 3,
  "left": 317,
  "end": 376,
  "height": 44,
  "top": 93,
  "ayah": 7,
  "page": 576,
  "width": 59,
  "verse_pos": 6
 },
 {
  "line": 3,
  "left": 169,
  "end": 317,
  "height": 44,
  "top": 93,
  "ayah": 8,
  "page": 576,
  "width": 148,
  "verse_pos": 7
 },
 {
  "line": 3,
  "left": 69,
  "end": 169,
  "height": 44,
  "top": 93,
  "ayah": 9,
  "page": 576,
  "width": 100,
  "verse_pos": 8
 },
 {
  "line": 3,
  "left": 11,
  "end": 68,
  "height": 44,
  "top": 93,
  "ayah": 10,
  "page": 576,
  "width": 57,
  "verse_pos": 9
 },
 {
  "line": 4,
  "left": 305,
  "end": 376,
  "height": 37,
  "top": 137,
  "ayah": 10,
  "page": 576,
  "width": 71,
  "verse_pos": 9
 },
 {
  "line": 4,
  "left": 200,
  "end": 305,
  "height": 37,
  "top": 137,
  "ayah": 11,
  "page": 576,
  "width": 105,
  "verse_pos": 10
 },
 {
  "line": 4,
  "left": 109,
  "end": 200,
  "height": 37,
  "top": 137,
  "ayah": 12,
  "page": 576,
  "width": 91,
  "verse_pos": 11
 },
 {
  "line": 4,
  "left": 11,
  "end": 108,
  "height": 37,
  "top": 137,
  "ayah": 13,
  "page": 576,
  "width": 97,
  "verse_pos": 12
 },
 {
  "line": 5,
  "left": 340,
  "end": 376,
  "height": 45,
  "top": 174,
  "ayah": 13,
  "page": 576,
  "width": 36,
  "verse_pos": 12
 },
 {
  "line": 5,
  "left": 11,
  "end": 340,
  "height": 45,
  "top": 174,
  "ayah": 14,
  "page": 576,
  "width": 329,
  "verse_pos": 13
 },
 {
  "line": 6,
  "left": 11,
  "end": 376,
  "height": 43,
  "top": 219,
  "ayah": 14,
  "page": 576,
  "width": 365,
  "verse_pos": 13
 },
 {
  "line": 7,
  "left": 11,
  "end": 376,
  "height": 43,
  "top": 262,
  "ayah": 14,
  "page": 576,
  "width": 365,
  "verse_pos": 13
 },
 {
  "line": 8,
  "left": 11,
  "end": 376,
  "height": 43,
  "top": 305,
  "ayah": 14,
  "page": 576,
  "width": 365,
  "verse_pos": 13
 },
 {
  "line": 9,
  "left": 44,
  "end": 376,
  "height": 46,
  "top": 348,
  "ayah": 14,
  "page": 576,
  "width": 332,
  "verse_pos": 13
 },
 {
  "line": 9,
  "left": 11,
  "end": 44,
  "height": 46,
  "top": 348,
  "ayah": 15,
  "page": 576,
  "width": 33,
  "verse_pos": 14
 },
 {
  "line": 10,
  "left": 305,
  "end": 376,
  "height": 42,
  "top": 394,
  "ayah": 15,
  "page": 576,
  "width": 71,
  "verse_pos": 14
 },
 {
  "line": 10,
  "left": 208,
  "end": 305,
  "height": 42,
  "top": 394,
  "ayah": 16,
  "page": 576,
  "width": 97,
  "verse_pos": 15
 },
 {
  "line": 10,
  "left": 88,
  "end": 208,
  "height": 42,
  "top": 394,
  "ayah": 17,
  "page": 576,
  "width": 120,
  "verse_pos": 16
 },
 {
  "line": 10,
  "left": 11,
  "end": 88,
  "height": 42,
  "top": 394,
  "ayah": 18,
  "page": 576,
  "width": 77,
  "verse_pos": 17
 },
 {
  "line": 11,
  "left": 312,
  "end": 376,
  "height": 42,
  "top": 436,
  "ayah": 18,
  "page": 576,
  "width": 64,
  "verse_pos": 17
 },
 {
  "line": 11,
  "left": 229,
  "end": 312,
  "height": 42,
  "top": 436,
  "ayah": 19,
  "page": 576,
  "width": 83,
  "verse_pos": 18
 },
 {
  "line": 11,
  "left": 35,
  "end": 229,
  "height": 42,
  "top": 436,
  "ayah": 20,
  "page": 576,
  "width": 194,
  "verse_pos": 19
 },
 {
  "line": 11,
  "left": 11,
  "end": 35,
  "height": 42,
  "top": 436,
  "ayah": 21,
  "page": 576,
  "width": 24,
  "verse_pos": 20
 },
 {
  "line": 12,
  "left": 230,
  "end": 376,
  "height": 46,
  "top": 478,
  "ayah": 21,
  "page": 576,
  "width": 146,
  "verse_pos": 20
 },
 {
  "line": 12,
  "left": 114,
  "end": 230,
  "height": 46,
  "top": 478,
  "ayah": 22,
  "page": 576,
  "width": 116,
  "verse_pos": 21
 },
 {
  "line": 12,
  "left": 11,
  "end": 113,
  "height": 46,
  "top": 478,
  "ayah": 23,
  "page": 576,
  "width": 102,
  "verse_pos": 22
 },
 {
  "line": 13,
  "left": 341,
  "end": 376,
  "height": 44,
  "top": 524,
  "ayah": 23,
  "page": 576,
  "width": 35,
  "verse_pos": 22
 },
 {
  "line": 13,
  "left": 240,
  "end": 340,
  "height": 44,
  "top": 524,
  "ayah": 24,
  "page": 576,
  "width": 100,
  "verse_pos": 23
 },
 {
  "line": 13,
  "left": 99,
  "end": 239,
  "height": 44,
  "top": 524,
  "ayah": 25,
  "page": 576,
  "width": 140,
  "verse_pos": 24
 },
 {
  "line": 13,
  "left": 11,
  "end": 98,
  "height": 44,
  "top": 524,
  "ayah": 26,
  "page": 576,
  "width": 87,
  "verse_pos": 25
 },
 {
  "line": 14,
  "left": 290,
  "end": 376,
  "height": 39,
  "top": 568,
  "ayah": 26,
  "page": 576,
  "width": 86,
  "verse_pos": 25
 },
 {
  "line": 14,
  "left": 128,
  "end": 289,
  "height": 39,
  "top": 568,
  "ayah": 27,
  "page": 576,
  "width": 161,
  "verse_pos": 26
 },
 {
  "line": 14,
  "left": 11,
  "end": 127,
  "height": 39,
  "top": 568,
  "ayah": 28,
  "page": 576,
  "width": 116,
  "verse_pos": 27
 },
 {
  "line": 15,
  "left": 287,
  "end": 376,
  "height": 42,
  "top": 607,
  "ayah": 28,
  "page": 576,
  "width": 89,
  "verse_pos": 27
 },
 {
  "line": 15,
  "left": 139,
  "end": 286,
  "height": 42,
  "top": 607,
  "ayah": 29,
  "page": 576,
  "width": 147,
  "verse_pos": 28
 },
 {
  "line": 15,
  "left": 11,
  "end": 138,
  "height": 42,
  "top": 607,
  "ayah": 30,
  "page": 576,
  "width": 127,
  "verse_pos": 29
 }
]