[
 {
  "line": 1,
  "left": 16,
  "end": 373,
  "height": 38,
  "top": 7,
  "ayah": 1,
  "page": 103,
  "width": 357,
  "verse_pos": 0
 },
 {
  "line": 2,
  "left": 16,
  "end": 373,
  "height": 46,
  "top": 45,
  "ayah": 1,
  "page": 103,
  "width": 357,
  "verse_pos": 0
 },
 {
  "line": 3,
  "left": 201,
  "end": 373,
  "height": 47,
  "top": 91,
  "ayah": 1,
  "page": 103,
  "width": 172,
  "verse_pos": 0
 },
 {
  "line": 3,
  "left": 16,
  "end": 200,
  "height": 47,
  "top": 91,
  "ayah": 2,
  "page": 103,
  "width": 184,
  "verse_pos": 1
 },
 {
  "line": 4,
  "left": 256,
  "end": 373,
  "height": 37,
  "top": 138,
  "ayah": 2,
  "page": 103,
  "width": 117,
  "verse_pos": 1
 },
 {
  "line": 4,
  "left": 16,
  "end": 255,
  "height": 37,
  "top": 138,
  "ayah": 3,
  "page": 103,
  "width": 239,
  "verse_pos": 2
 },
 {
  "line": 5,
  "left": 16,
  "end": 373,
  "height": 44,
  "top": 175,
  "ayah": 3,
  "page": 103,
  "width": 357,
  "verse_pos": 2
 },
 {
  "line": 6,
  "left": 16,
  "end": 373,
  "height": 44,
  "top": 219,
  "ayah": 3,
  "page": 103,
  "width": 357,
  "verse_pos": 2
 },
 {
  "line": 7,
  "left": 246,
  "end": 373,
  "height": 46,
  "top": 263,
  "ayah": 3,
  "page": 103,
  "width": 127,
  "verse_pos": 2
 },
 {
  "line": 7,
  "left": 16,
  "end": 246,
  "height": 46,
  "top": 263,
  "ayah": 4,
  "page": 103,
  "width": 230,
  "verse_pos": 3
 },
 {
  "line": 8,
  "left": 334,
  "end": 373,
  "height": 42,
  "top": 309,
  "ayah": 4,
  "page": 103,
  "width": 39,
  "verse_pos": 3
 },
 {
  "line": 8,
  "left": 16,
  "end": 333,
  "height": 42,
  "top": 309,
  "ayah": 5,
  "page": 103,
  "width": 317,
  "verse_pos": 4
 },
 {
  "line": 9,
  "left": 166,
  "end": 373,
  "height": 42,
  "top": 351,
  "ayah": 5,
  "page": 103,
  "width": 207,
  "verse_pos": 4
 },
 {
  "line": 9,
  "left": 16,
  "end": 165,
  "height": 42,
  "top": 351,
  "ayah": 6,
  "page": 103,
  "width": 149,
  "verse_pos": 5
 },
 {
  "line": 10,
  "left": 16,
  "end": 373,
  "height": 45,
  "top": 393,
  "ayah": 6,
  "page": 103,
  "width": 357,
  "verse_pos": 5
 },
 {
  "line": 11,
  "left": 302,
  "end": 373,
  "height": 44,
  "top": 438,
  "ayah": 6,
  "page": 103,
  "width": 71,
  "verse_pos": 5
 },
 {
  "line": 11,
  "left": 16,
  "end": 301,
  "height": 44,
  "top": 438,
  "ayah": 7,
  "page": 103,
  "width": 285,
  "verse_pos": 6
 },
 {
  "line": 12,
  "left": 60,
  "end": 373,
  "height": 40,
  "top": 482,
  "ayah": 7,
  "page": 103,
  "width": 313,
  "verse_pos": 6
 },
 {
  "line": 12,
  "left": 16,
  "end": 59,
  "height": 40,
  "top": 482,
  "ayah": 8,
  "page": 103,
  "width": 43,
  "verse_pos": 7
 },
 {
  "line": 13,
  "left": 16,
  "end": 373,
  "height": 40,
  "top": 522,
  "ayah": 8,
  "page": 103,
  "width": 357,
  "verse_pos": 7
 },
 {
  "line": 14,
  "left": 16,
  "end": 373,
  "height": 46,
  "top": 562,
  "ayah": 8,
  "page": 103,
  "width": 357,
  "verse_pos": 7
 },
 {
  "line": 15,
  "left": 16,
  "end": 373,
  "height": 45,
  "top": 608,
  "ayah": 8,
  "page": 103,
  "width": 357,
  "verse_pos": 7
 }
]