[
 {
  "line": 1,
  "left": 16,
  "end": 374,
  "height": 42,
  "top": 6,
  "ayah": 1,
  "page": 257,
  "width": 358,
  "verse_pos": 0
 },
 {
  "line": 2,
  "left": 16,
  "end": 374,
  "height": 44,
  "top": 48,
  "ayah": 1,
  "page": 257,
  "width": 358,
  "verse_pos": 0
 },
 {
  "line": 3,
  "left": 16,
  "end": 374,
  "height": 41,
  "top": 92,
  "ayah": 1,
  "page": 257,
  "width": 358,
  "verse_pos": 0
 },
 {
  "line": 4,
  "left": 336,
  "end": 374,
  "height": 43,
  "top": 133,
  "ayah": 1,
  "page": 257,
  "width": 38,
  "verse_pos": 0
 },
 {
  "line": 4,
  "left": 16,
  "end": 335,
  "height": 43,
  "top": 133,
  "ayah": 2,
  "page": 257,
  "width": 319,
  "verse_pos": 1
 },
 {
  "line": 5,
  "left": 16,
  "end": 374,
  "height": 46,
  "top": 176,
  "ayah": 2,
  "page": 257,
  "width": 358,
  "verse_pos": 1
 },
 {
  "line": 6,
  "left": 334,
  "end": 374,
  "height": 40,
  "top": 222,
  "ayah": 2,
  "page": 257,
  "width": 40,
  "verse_pos": 1
 },
 {
  "line": 6,
  "left": 16,
  "end": 333,
  "height": 40,
  "top": 222,
  "ayah": 3,
  "page": 257,
  "width": 317,
  "verse_pos": 2
 },
 {
  "line": 7,
  "left": 16,
  "end": 374,
  "height": 45,
  "top": 262,
  "ayah": 3,
  "page": 257,
  "width": 358,
  "verse_pos": 2
 },
 {
  "line": 8,
  "left": 247,
  "end": 374,
  "height": 46,
  "top": 307,
  "ayah": 3,
  "page": 257,
  "width": 127,
  "verse_pos": 2
 },
 {
  "line": 8,
  "left": 16,
  "end": 246,
  "height": 46,
  "top": 307,
  "ayah": 4,
  "page": 257,
  "width": 230,
  "verse_pos": 3
 },
 {
  "line": 9,
  "left": 104,
  "end": 374,
  "height": 39,
  "top": 353,
  "ayah": 4,
  "page": 257,
  "width": 270,
  "verse_pos": 3
 },
 {
  "line": 9,
  "left": 16,
  "end": 103,
  "height": 39,
  "top": 353,
  "ayah": 5,
  "page": 257,
  "width": 87,
  "verse_pos": 4
 },
 {
  "line": 10,
  "left": 159,
  "end": 374,
  "height": 46,
  "top": 392,
  "ayah": 5,
  "page": 257,
  "width": 215,
  "verse_pos": 4
 },
 {
  "line": 10,
  "left": 16,
  "end": 158,
  "height": 46,
  "top": 392,
  "ayah": 6,
  "page": 257,
  "width": 142,
  "verse_pos": 5
 },
 {
  "line": 11,
  "left": 239,
  "end": 374,
  "height": 43,
  "top": 438,
  "ayah": 6,
  "page": 257,
  "width": 135,
  "verse_pos": 5
 },
 {
  "line": 11,
  "left": 16,
  "end": 238,
  "height": 43,
  "top": 438,
  "ayah": 7,
  "page": 257,
  "width": 222,
  "verse_pos": 6
 },
 {
  "line": 12,
  "left": 16,
  "end": 374,
  "height": 40,
  "top": 481,
  "ayah": 7,
  "page": 257,
  "width": 358,
  "verse_pos": 6
 },
 {
  "line": 13,
  "left": 200,
  "end": 374,
  "height": 44,
  "top": 521,
  "ayah": 7,
  "page": 257,
  "width": 174,
  "verse_pos": 6
 },
 {
  "line": 13,
  "left": 16,
  "end": 199,
  "height": 44,
  "top": 521,
  "ayah": 8,
  "page": 257,
  "width": 183,
  "verse_pos": 7
 },
 {
  "line": 14,
  "left": 16,
  "end": 374,
  "height": 43,
  "top": 565,
  "ayah": 8,
  "page": 257,
  "width": 358,
  "verse_pos": 7
 },
 {
  "line": 15,
  "left": 16,
  "end": 374,
  "height": 46,
  "top": 608,
  "ayah": 8,
  "page": 257,
  "width": 358,
  "verse_pos": 7
 }
]