[
 {
  "line": 1,
  "left": 15,
  "end": 373,
  "height": 40,
  "top": 7,
  "ayah": 1,
  "page": 341,
  "width": 358,
  "verse_pos": 0
 },
 {
  "line": 2,
  "left": 15,
  "end": 373,
  "height": 44,
  "top": 47,
  "ayah": 1,
  "page": 341,
  "width": 358,
  "verse_pos": 0
 },
 {
  "line": 3,
  "left": 15,
  "end": 373,
  "height": 47,
  "top": 91,
  "ayah": 1,
  "page": 341,
  "width": 358,
  "verse_pos": 0
 },
 {
  "line": 4,
  "left": 208,
  "end": 373,
  "height": 44,
  "top": 138,
  "ayah": 1,
  "page": 341,
  "width": 165,
  "verse_pos": 0
 },
 {
  "line": 4,
  "left": 15,
  "end": 207,
  "height": 44,
  "top": 138,
  "ayah": 2,
  "page": 341,
  "width": 192,
  "verse_pos": 1
 },
 {
  "line": 5,
  "left": 219,
  "end": 373,
  "height": 41,
  "top": 182,
  "ayah": 2,
  "page": 341,
  "width": 154,
  "verse_pos": 1
 },
 {
  "line": 5,
  "left": 15,
  "end": 218,
  "height": 41,
  "top": 182,
  "ayah": 3,
  "page": 341,
  "width": 203,
  "verse_pos": 2
 },
 {
  "line": 6,
  "left": 54,
  "end": 373,
  "height": 41,
  "top": 223,
  "ayah": 3,
  "page": 341,
  "width": 319,
  "verse_pos": 2
 },
 {
  "line": 6,
  "left": 15,
  "end": 53,
  "height": 41,
  "top": 223,
  "ayah": 4,
  "page": 341,
  "width": 38,
  "verse_pos": 3
 },
 {
  "line": 7,
  "left": 15,
  "end": 373,
  "height": 44,
  "top": 264,
  "ayah": 4,
  "page": 341,
  "width": 358,
  "verse_pos": 3
 },
 {
  "line": 8,
  "left": 15,
  "end": 373,
  "height": 44,
  "top": 308,
  "ayah": 5,
  "page": 341,
  "width": 358,
  "verse_pos": 4
 },
 {
  "line": 9,
  "left": 15,
  "end": 373,
  "height": 45,
  "top": 352,
  "ayah": 5,
  "page": 341,
  "width": 358,
  "verse_pos": 4
 },
 {
  "line": 10,
  "left": 15,
  "end": 373,
  "height": 41,
  "top": 397,
  "ayah": 6,
  "page": 341,
  "width": 358,
  "verse_pos": 5
 },
 {
  "line": 11,
  "left": 15,
  "end": 373,
  "height": 44,
  "top": 438,
  "ayah": 6,
  "page": 341,
  "width": 358,
  "verse_pos": 5
 },
 {
  "line": 12,
  "left": 15,
  "end": 373,
  "height": 40,
  "top": 482,
  "ayah": 6,
  "page": 341,
  "width": 358,
  "verse_pos": 5
 },
 {
  "line": 13,
  "left": 15,
  "end": 373,
  "height": 41,
  "top": 522,
  "ayah": 6,
  "page": 341,
  "width": 358,
  "verse_pos": 5
 },
 {
  "line": 14,
  "left": 15,
  "end": 373,
  "height": 42,
  "top": 563,
  "ayah": 6,
  "page": 341,
  "width": 358,
  "verse_pos": 5
 }
]