[
 {
  "line": 1,
  "left": 24,
  "end": 366,
  "height": 40,
  "top": 7,
  "ayah": 1,
  "page": 270,
  "width": 342,
  "verse_pos": 0
 },
 {
  "line": 2,
  "left": 24,
  "end": 366,
  "height": 43,
  "top": 47,
  "ayah": 1,
  "page": 270,
  "width": 342,
  "verse_pos": 0
 },
 {
  "line": 3,
  "left": 161,
  "end": 366,
  "height": 44,
  "top": 90,
  "ayah": 1,
  "page": 270,
  "width": 205,
  "verse_pos": 0
 },
 {
  "line": 3,
  "left": 24,
  "end": 160,
  "height": 44,
  "top": 90,
  "ayah": 2,
  "page": 270,
  "width": 136,
  "verse_pos": 1
 },
 {
  "line": 4,
  "left": 24,
  "end": 366,
  "height": 43,
  "top": 134,
  "ayah": 2,
  "page": 270,
  "width": 342,
  "verse_pos": 1
 },
 {
  "line": 5,
  "left": 149,
  "end": 366,
  "height": 43,
  "top": 177,
  "ayah": 2,
  "page": 270,
  "width": 217,
  "verse_pos": 1
 },
 {
  "line": 5,
  "left": 24,
  "end": 148,
  "height": 43,
  "top": 177,
  "ayah": 3,
  "page": 270,
  "width": 124,
  "verse_pos": 2
 },
 {
  "line": 6,
  "left": 81,
  "end": 366,
  "height": 41,
  "top": 220,
  "ayah": 3,
  "page": 270,
  "width": 285,
  "verse_pos": 2
 },
 {
  "line": 6,
  "left": 24,
  "end": 80,
  "height": 41,
  "top": 220,
  "ayah": 4,
  "page": 270,
  "width": 56,
  "verse_pos": 3
 },
 {
  "line": 7,
  "left": 24,
  "end": 366,
  "height": 40,
  "top": 261,
  "ayah": 4,
  "page": 270,
  "width": 342,
  "verse_pos": 3
 },
 {
  "line": 8,
  "left": 24,
  "end": 366,
  "height": 44,
  "top": 301,
  "ayah": 4,
  "page": 270,
  "width": 342,
  "verse_pos": 3
 },
 {
  "line": 9,
  "left": 330,
  "end": 366,
  "height": 46,
  "top": 345,
  "ayah": 4,
  "page": 270,
  "width": 36,
  "verse_pos": 3
 },
 {
  "line": 9,
  "left": 24,
  "end": 329,
  "height": 46,
  "top": 345,
  "ayah": 5,
  "page": 270,
  "width": 305,
  "verse_pos": 4
 },
 {
  "line": 10,
  "left": 103,
  "end": 366,
  "height": 41,
  "top": 391,
  "ayah": 5,
  "page": 270,
  "width": 263,
  "verse_pos": 4
 },
 {
  "line": 10,
  "left": 24,
  "end": 102,
  "height": 41,
  "top": 391,
  "ayah": 6,
  "page": 270,
  "width": 78,
  "verse_pos": 5
 },
 {
  "line": 11,
  "left": 24,
  "end": 366,
  "height": 45,
  "top": 432,
  "ayah": 6,
  "page": 270,
  "width": 342,
  "verse_pos": 5
 },
 {
  "line": 12,
  "left": 245,
  "end": 366,
  "height": 42,
  "top": 477,
  "ayah": 6,
  "page": 270,
  "width": 121,
  "verse_pos": 5
 },
 {
  "line": 12,
  "left": 24,
  "end": 244,
  "height": 42,
  "top": 477,
  "ayah": 7,
  "page": 270,
  "width": 220,
  "verse_pos": 6
 },
 {
  "line": 13,
  "left": 24,
  "end": 366,
  "height": 45,
  "top": 519,
  "ayah": 7,
  "page": 270,
  "width": 342,
  "verse_pos": 6
 },
 {
  "line": 14,
  "left": 91,
  "end": 366,
  "height": 44,
  "top": 564,
  "ayah": 7,
  "page": 270,
  "width": 275,
  "verse_pos": 6
 },
 {
  "line": 14,
  "left": 24,
  "end": 90,
  "height": 44,
  "top": 564,
  "ayah": 8,
  "page": 270,
  "width": 66,
  "verse_pos": 7
 },
 {
  "line": 15,
  "left": 24,
  "end": 366,
  "height": 46,
  "top": 608,
  "ayah": 8,
  "page": 270,
  "width": 342,
  "verse_pos": 7
 }
]