[
 {
  "line": 1,
  "left": 13,
  "end": 375,
  "height": 42,
  "top": 6,
  "ayah": 1,
  "page": 263,
  "width": 362,
  "verse_pos": 0
 },
 {
  "line": 2,
  "left": 139,
  "end": 375,
  "height": 42,
  "top": 48,
  "ayah": 2,
  "page": 263,
  "width": 236,
  "verse_pos": 1
 },
 {
  "line": 2,
  "left": 13,
  "end": 138,
  "height": 42,
  "top": 48,
  "ayah": 3,
  "page": 263,
  "width": 125,
  "verse_pos": 2
 },
 {
  "line": 3,
  "left": 218,
  "end": 375,
  "height": 43,
  "top": 90,
  "ayah": 3,
  "page": 263,
  "width": 157,
  "verse_pos": 2
 },
 {
  "line": 3,
  "left": 13,
  "end": 217,
  "height": 43,
  "top": 90,
  "ayah": 4,
  "page": 263,
  "width": 204,
  "verse_pos": 3
 },
 {
  "line": 4,
  "left": 116,
  "end": 375,
  "height": 44,
  "top": 133,
  "ayah": 4,
  "page": 263,
  "width": 259,
  "verse_pos": 3
 },
 {
  "line": 4,
  "left": 13,
  "end": 115,
  "height": 44,
  "top": 133,
  "ayah": 5,
  "page": 263,
  "width": 102,
  "verse_pos": 4
 },
 {
  "line": 5,
  "left": 163,
  "end": 375,
  "height": 42,
  "top": 177,
  "ayah": 5,
  "page": 263,
  "width": 212,
  "verse_pos": 4
 },
 {
  "line": 5,
  "left": 13,
  "end": 162,
  "height": 42,
  "top": 177,
  "ayah": 6,
  "page": 263,
  "width": 149,
  "verse_pos": 5
 },
 {
  "line": 6,
  "left": 118,
  "end": 375,
  "height": 42,
  "top": 219,
  "ayah": 6,
  "page": 263,
  "width": 257,
  "verse_pos": 5
 },
 {
  "line": 6,
  "left": 13,
  "end": 117,
  "height": 42,
  "top": 219,
  "ayah": 7,
  "page": 263,
  "width": 104,
  "verse_pos": 6
 },
 {
  "line": 7,
  "left": 13,
  "end": 375,
  "height": 45,
  "top": 261,
  "ayah": 7,
  "page": 263,
  "width": 362,
  "verse_pos": 6
 },
 {
  "line": 8,
  "left": 281,
  "end": 375,
  "height": 43,
  "top": 306,
  "ayah": 7,
  "page": 263,
  "width": 94,
  "verse_pos": 6
 },
 {
  "line": 8,
  "left": 13,
  "end": 280,
  "height": 43,
  "top": 306,
  "ayah": 8,
  "page": 263,
  "width": 267,
  "verse_pos": 7
 },
 {
  "line": 9,
  "left": 13,
  "end": 375,
  "height": 41,
  "top": 349,
  "ayah": 9,
  "page": 263,
  "width": 362,
  "verse_pos": 8
 },
 {
  "line": 10,
  "left": 134,
  "end": 375,
  "height": 47,
  "top": 390,
  "ayah": 10,
  "page": 263,
  "width": 241,
  "verse_pos": 9
 },
 {
  "line": 10,
  "left": 13,
  "end": 133,
  "height": 47,
  "top": 390,
  "ayah": 11,
  "page": 263,
  "width": 120,
  "verse_pos": 10
 },
 {
  "line": 11,
  "left": 180,
  "end": 375,
  "height": 42,
  "top": 437,
  "ayah": 11,
  "page": 263,
  "width": 195,
  "verse_pos": 10
 },
 {
  "line": 11,
  "left": 13,
  "end": 179,
  "height": 42,
  "top": 437,
  "ayah": 12,
  "page": 263,
  "width": 166,
  "verse_pos": 11
 },
 {
  "line": 12,
  "left": 285,
  "end": 375,
  "height": 43,
  "top": 479,
  "ayah": 12,
  "page": 263,
  "width": 90,
  "verse_pos": 11
 },
 {
  "line": 12,
  "left": 13,
  "end": 284,
  "height": 43,
  "top": 479,
  "ayah": 13,
  "page": 263,
  "width": 271,
  "verse_pos": 12
 },
 {
  "line": 13,
  "left": 188,
  "end": 375,
  "height": 40,
  "top": 522,
  "ayah": 13,
  "page": 263,
  "width": 187,
  "verse_pos": 12
 },
 {
  "line": 13,
  "left": 13,
  "end": 187,
  "height": 40,
  "top": 522,
  "ayah": 14,
  "page": 263,
  "width": 174,
  "verse_pos": 13
 },
 {
  "line": 14,
  "left": 183,
  "end": 375,
  "height": 45,
  "top": 562,
  "ayah": 14,
  "page": 263,
  "width": 192,
  "verse_pos": 13
 },
 {
  "line": 14,
  "left": 13,
  "end": 182,
  "height": 45,
  "top": 562,
  "ayah": 15,
  "page": 263,
  "width": 169,
  "verse_pos": 14
 },
 {
  "line": 15,
  "left": 292,
  "end": 375,
  "height": 42,
  "top": 607,
  "ayah": 15,
  "page": 263,
  "width": 83,
  "verse_pos": 14
 },
 {
  "line": 15,
  "left": 13,
  "end": 291,
  "height": 46,
  "top": 607,
  "ayah": 16,
  "page": 263,
  "width": 278,
  "verse_pos": 15
 }
]