[
 {
  "line": 1,
  "left": 15,
  "end": 374,
  "height": 41,
  "top": 7,
  "ayah": 1,
  "page": 180,
  "width": 359,
  "verse_pos": 0
 },
 {
  "line": 2,
  "left": 15,
  "end": 374,
  "height": 39,
  "top": 48,
  "ayah": 1,
  "page": 180,
  "width": 359,
  "verse_pos": 0
 },
 {
  "line": 3,
  "left": 137,
  "end": 374,
  "height": 46,
  "top": 87,
  "ayah": 1,
  "page": 180,
  "width": 237,
  "verse_pos": 0
 },
 {
  "line": 3,
  "left": 15,
  "end": 136,
  "height": 46,
  "top": 87,
  "ayah": 2,
  "page": 180,
  "width": 121,
  "verse_pos": 1
 },
 {
  "line": 4,
  "left": 15,
  "end": 374,
  "height": 44,
  "top": 133,
  "ayah": 2,
  "page": 180,
  "width": 359,
  "verse_pos": 1
 },
 {
  "line": 5,
  "left": 337,
  "end": 374,
  "height": 42,
  "top": 177,
  "ayah": 2,
  "page": 180,
  "width": 37,
  "verse_pos": 1
 },
 {
  "line": 5,
  "left": 15,
  "end": 336,
  "height": 42,
  "top": 177,
  "ayah": 3,
  "page": 180,
  "width": 321,
  "verse_pos": 2
 },
 {
  "line": 6,
  "left": 212,
  "end": 374,
  "height": 42,
  "top": 219,
  "ayah": 3,
  "page": 180,
  "width": 162,
  "verse_pos": 2
 },
 {
  "line": 6,
  "left": 15,
  "end": 211,
  "height": 42,
  "top": 219,
  "ayah": 4,
  "page": 180,
  "width": 196,
  "verse_pos": 3
 },
 {
  "line": 7,
  "left": 15,
  "end": 374,
  "height": 40,
  "top": 261,
  "ayah": 4,
  "page": 180,
  "width": 359,
  "verse_pos": 3
 },
 {
  "line": 8,
  "left": 140,
  "end": 374,
  "height": 44,
  "top": 301,
  "ayah": 4,
  "page": 180,
  "width": 234,
  "verse_pos": 3
 },
 {
  "line": 8,
  "left": 15,
  "end": 139,
  "height": 44,
  "top": 301,
  "ayah": 5,
  "page": 180,
  "width": 124,
  "verse_pos": 4
 },
 {
  "line": 9,
  "left": 15,
  "end": 374,
  "height": 42,
  "top": 345,
  "ayah": 5,
  "page": 180,
  "width": 359,
  "verse_pos": 4
 },
 {
  "line": 10,
  "left": 174,
  "end": 374,
  "height": 43,
  "top": 387,
  "ayah": 5,
  "page": 180,
  "width": 200,
  "verse_pos": 4
 },
 {
  "line": 10,
  "left": 15,
  "end": 173,
  "height": 43,
  "top": 387,
  "ayah": 6,
  "page": 180,
  "width": 158,
  "verse_pos": 5
 },
 {
  "line": 11,
  "left": 15,
  "end": 374,
  "height": 47,
  "top": 430,
  "ayah": 6,
  "page": 180,
  "width": 359,
  "verse_pos": 5
 },
 {
  "line": 12,
  "left": 231,
  "end": 374,
  "height": 43,
  "top": 477,
  "ayah": 6,
  "page": 180,
  "width": 143,
  "verse_pos": 5
 },
 {
  "line": 12,
  "left": 15,
  "end": 230,
  "height": 43,
  "top": 477,
  "ayah": 7,
  "page": 180,
  "width": 215,
  "verse_pos": 6
 },
 {
  "line": 13,
  "left": 15,
  "end": 374,
  "height": 42,
  "top": 520,
  "ayah": 7,
  "page": 180,
  "width": 359,
  "verse_pos": 6
 },
 {
  "line": 14,
  "left": 193,
  "end": 374,
  "height": 44,
  "top": 562,
  "ayah": 7,
  "page": 180,
  "width": 181,
  "verse_pos": 6
 },
 {
  "line": 14,
  "left": 15,
  "end": 192,
  "height": 44,
  "top": 562,
  "ayah": 8,
  "page": 180,
  "width": 177,
  "verse_pos": 7
 },
 {
  "line": 15,
  "left": 15,
  "end": 374,
  "height": 46,
  "top": 606,
  "ayah": 8,
  "page": 180,
  "width": 359,
  "verse_pos": 7
 }
]