[
 {
  "line": 1,
  "left": 12,
  "end": 378,
  "height": 42,
  "top": 7,
  "ayah": 1,
  "page": 274,
  "width": 366,
  "verse_pos": 0
 },
 {
  "line": 2,
  "left": 229,
  "end": 378,
  "height": 46,
  "top": 49,
  "ayah": 1,
  "page": 274,
  "width": 149,
  "verse_pos": 0
 },
 {
  "line": 2,
  "left": 12,
  "end": 228,
  "height": 46,
  "top": 49,
  "ayah": 2,
  "page": 274,
  "width": 216,
  "verse_pos": 1
 },
 {
  "line": 3,
  "left": 12,
  "end": 378,
  "height": 42,
  "top": 95,
  "ayah": 2,
  "page": 274,
  "width": 366,
  "verse_pos": 1
 },
 {
  "line": 4,
  "left": 12,
  "end": 378,
  "height": 43,
  "top": 137,
  "ayah": 3,
  "page": 274,
  "width": 366,
  "verse_pos": 2
 },
 {
  "line": 5,
  "left": 137,
  "end": 378,
  "height": 43,
  "top": 180,
  "ayah": 3,
  "page": 274,
  "width": 241,
  "verse_pos": 2
 },
 {
  "line": 5,
  "left": 12,
  "end": 136,
  "height": 43,
  "top": 180,
  "ayah": 4,
  "page": 274,
  "width": 124,
  "verse_pos": 3
 },
 {
  "line": 6,
  "left": 52,
  "end": 378,
  "height": 42,
  "top": 223,
  "ayah": 4,
  "page": 274,
  "width": 326,
  "verse_pos": 3
 },
 {
  "line": 6,
  "left": 12,
  "end": 51,
  "height": 42,
  "top": 223,
  "ayah": 5,
  "page": 274,
  "width": 39,
  "verse_pos": 4
 },
 {
  "line": 7,
  "left": 12,
  "end": 378,
  "height": 44,
  "top": 265,
  "ayah": 5,
  "page": 274,
  "width": 366,
  "verse_pos": 4
 },
 {
  "line": 8,
  "left": 12,
  "end": 378,
  "height": 42,
  "top": 309,
  "ayah": 5,
  "page": 274,
  "width": 366,
  "verse_pos": 4
 },
 {
  "line": 9,
  "left": 282,
  "end": 378,
  "height": 44,
  "top": 351,
  "ayah": 5,
  "page": 274,
  "width": 96,
  "verse_pos": 4
 },
 {
  "line": 9,
  "left": 12,
  "end": 281,
  "height": 44,
  "top": 351,
  "ayah": 6,
  "page": 274,
  "width": 269,
  "verse_pos": 5
 },
 {
  "line": 10,
  "left": 47,
  "end": 378,
  "height": 43,
  "top": 395,
  "ayah": 6,
  "page": 274,
  "width": 331,
  "verse_pos": 5
 },
 {
  "line": 10,
  "left": 12,
  "end": 46,
  "height": 43,
  "top": 395,
  "ayah": 7,
  "page": 274,
  "width": 34,
  "verse_pos": 6
 },
 {
  "line": 11,
  "left": 12,
  "end": 378,
  "height": 41,
  "top": 438,
  "ayah": 7,
  "page": 274,
  "width": 366,
  "verse_pos": 6
 },
 {
  "line": 12,
  "left": 12,
  "end": 378,
  "height": 46,
  "top": 479,
  "ayah": 7,
  "page": 274,
  "width": 366,
  "verse_pos": 6
 },
 {
  "line": 13,
  "left": 233,
  "end": 378,
  "height": 42,
  "top": 525,
  "ayah": 7,
  "page": 274,
  "width": 145,
  "verse_pos": 6
 },
 {
  "line": 13,
  "left": 12,
  "end": 232,
  "height": 42,
  "top": 525,
  "ayah": 8,
  "page": 274,
  "width": 220,
  "verse_pos": 7
 },
 {
  "line": 14,
  "left": 12,
  "end": 378,
  "height": 42,
  "top": 567,
  "ayah": 8,
  "page": 274,
  "width": 366,
  "verse_pos": 7
 },
 {
  "line": 15,
  "left": 12,
  "end": 378,
  "height": 46,
  "top": 609,
  "ayah": 8,
  "page": 274,
  "width": 366,
  "verse_pos": 7
 }
]