[
 {
  "line": 1,
  "left": 173,
  "end": 372,
  "height": 44,
  "top": 7,
  "ayah": 1,
  "page": 536,
  "width": 199,
  "verse_pos": 0
 },
 {
  "line": 1,
  "left": 14,
  "end": 173,
  "height": 44,
  "top": 7,
  "ayah": 2,
  "page": 536,
  "width": 159,
  "verse_pos": 1
 },
 {
  "line": 2,
  "left": 232,
  "end": 372,
  "height": 43,
  "top": 51,
  "ayah": 3,
  "page": 536,
  "width": 140,
  "verse_pos": 2
 },
 {
  "line": 2,
  "left": 74,
  "end": 231,
  "height": 43,
  "top": 51,
  "ayah": 4,
  "page": 536,
  "width": 157,
  "verse_pos": 3
 },
 {
  "line": 2,
  "left": 14,
  "end": 73,
  "height": 43,
  "top": 51,
  "ayah": 5,
  "page": 536,
  "width": 59,
  "verse_pos": 4
 },
 {
  "line": 3,
  "left": 274,
  "end": 372,
  "height": 43,
  "top": 94,
  "ayah": 5,
  "page": 536,
  "width": 98,
  "verse_pos": 4
 },
 {
  "line": 3,
  "left": 134,
  "end": 273,
  "height": 43,
  "top": 94,
  "ayah": 6,
  "page": 536,
  "width": 139,
  "verse_pos": 5
 },
 {
  "line": 3,
  "left": 14,
  "end": 133,
  "height": 43,
  "top": 94,
  "ayah": 7,
  "page": 536,
  "width": 119,
  "verse_pos": 6
 },
 {
  "line": 4,
  "left": 283,
  "end": 372,
  "height": 43,
  "top": 137,
  "ayah": 7,
  "page": 536,
  "width": 89,
  "verse_pos": 6
 },
 {
  "line": 4,
  "left": 158,
  "end": 282,
  "height": 43,
  "top": 137,
  "ayah": 8,
  "page": 536,
  "width": 124,
  "verse_pos": 7
 },
 {
  "line": 4,
  "left": 14,
  "end": 157,
  "height": 43,
  "top": 137,
  "ayah": 9,
  "page": 536,
  "width": 143,
  "verse_pos": 8
 },
 {
  "line": 5,
  "left": 286,
  "end": 372,
  "height": 42,
  "top": 180,
  "ayah": 9,
  "page": 536,
  "width": 86,
  "verse_pos": 8
 },
 {
  "line": 5,
  "left": 14,
  "end": 285,
  "height": 42,
  "top": 180,
  "ayah": 10,
  "page": 536,
  "width": 271,
  "verse_pos": 9
 },
 {
  "line": 6,
  "left": 55,
  "end": 372,
  "height": 41,
  "top": 222,
  "ayah": 11,
  "page": 536,
  "width": 317,
  "verse_pos": 10
 },
 {
  "line": 6,
  "left": 14,
  "end": 54,
  "height": 41,
  "top": 222,
  "ayah": 12,
  "page": 536,
  "width": 40,
  "verse_pos": 11
 },
 {
  "line": 7,
  "left": 133,
  "end": 372,
  "height": 46,
  "top": 263,
  "ayah": 12,
  "page": 536,
  "width": 239,
  "verse_pos": 11
 },
 {
  "line": 7,
  "left": 14,
  "end": 132,
  "height": 46,
  "top": 263,
  "ayah": 13,
  "page": 536,
  "width": 118,
  "verse_pos": 12
 },
 {
  "line": 8,
  "left": 336,
  "end": 372,
  "height": 41,
  "top": 309,
  "ayah": 13,
  "page": 536,
  "width": 36,
  "verse_pos": 12
 },
 {
  "line": 8,
  "left": 121,
  "end": 335,
  "height": 41,
  "top": 309,
  "ayah": 14,
  "page": 536,
  "width": 214,
  "verse_pos": 13
 },
 {
  "line": 8,
  "left": 14,
  "end": 120,
  "height": 41,
  "top": 309,
  "ayah": 15,
  "page": 536,
  "width": 106,
  "verse_pos": 14
 },
 {
  "line": 9,
  "left": 199,
  "end": 372,
  "height": 44,
  "top": 350,
  "ayah": 15,
  "page": 536,
  "width": 173,
  "verse_pos": 14
 },
 {
  "line": 9,
  "left": 100,
  "end": 199,
  "height": 44,
  "top": 350,
  "ayah": 16,
  "page": 536,
  "width": 99,
  "verse_pos": 15
 },
 {
  "line": 9,
  "left": 14,
  "end": 100,
  "height": 44,
  "top": 350,
  "ayah": 17,
  "page": 536,
  "width": 86,
  "verse_pos": 16
 },
 {
  "line": 10,
  "left": 337,
  "end": 372,
  "height": 41,
  "top": 394,
  "ayah": 17,
  "page": 536,
  "width": 35,
  "verse_pos": 16
 },
 {
  "line": 10,
  "left": 150,
  "end": 336,
  "height": 41,
  "top": 394,
  "ayah": 18,
  "page": 536,
  "width": 186,
  "verse_pos": 17
 },
 {
  "line": 10,
  "left": 14,
  "end": 149,
  "height": 41,
  "top": 394,
  "ayah": 19,
  "page": 536,
  "width": 135,
  "verse_pos": 18
 },
 {
  "line": 11,
  "left": 248,
  "end": 372,
  "height": 44,
  "top": 435,
  "ayah": 19,
  "page": 536,
  "width": 124,
  "verse_pos": 18
 },
 {
  "line": 11,
  "left": 14,
  "end": 247,
  "height": 44,
  "top": 435,
  "ayah": 20,
  "page": 536,
  "width": 233,
  "verse_pos": 19
 },
 {
  "line": 12,
  "left": 335,
  "end": 372,
  "height": 44,
  "top": 479,
  "ayah": 20,
  "page": 536,
  "width": 37,
  "verse_pos": 19
 },
 {
  "line": 12,
  "left": 160,
  "end": 334,
  "height": 44,
  "top": 479,
  "ayah": 21,
  "page": 536,
  "width": 174,
  "verse_pos": 20
 },
 {
  "line": 12,
  "left": 14,
  "end": 159,
  "height": 44,
  "top": 479,
  "ayah": 22,
  "page": 536,
  "width": 145,
  "verse_pos": 21
 },
 {
  "line": 13,
  "left": 230,
  "end": 372,
  "height": 42,
  "top": 523,
  "ayah": 22,
  "page": 536,
  "width": 142,
  "verse_pos": 21
 },
 {
  "line": 13,
  "left": 14,
  "end": 229,
  "height": 42,
  "top": 523,
  "ayah": 23,
  "page": 536,
  "width": 215,
  "verse_pos": 22
 },
 {
  "line": 14,
  "left": 335,
  "end": 372,
  "height": 42,
  "top": 565,
  "ayah": 23,
  "page": 536,
  "width": 37,
  "verse_pos": 22
 },
 {
  "line": 14,
  "left": 130,
  "end": 334,
  "height": 42,
  "top": 565,
  "ayah": 24,
  "page": 536,
  "width": 204,
  "verse_pos": 23
 },
 {
  "line": 14,
  "left": 14,
  "end": 129,
  "height": 42,
  "top": 565,
  "ayah": 25,
  "page": 536,
  "width": 115,
  "verse_pos": 24
 },
 {
  "line": 15,
  "left": 243,
  "end": 372,
  "height": 42,
  "top": 607,
  "ayah": 25,
  "page": 536,
  "width": 129,
  "verse_pos": 24
 },
 {
  "line": 15,
  "left": 14,
  "end": 242,
  "height": 42,
  "top": 607,
  "ayah": 26,
  "page": 536,
  "width": 228,
  "verse_pos": 25
 }
]