[
 {
  "line": 1,
  "left": 16,
  "end": 370,
  "height": 45,
  "top": 6,
  "ayah": 1,
  "page": 217,
  "width": 354,
  "verse_pos": 0
 },
 {
  "line": 2,
  "left": 16,
  "end": 370,
  "height": 42,
  "top": 51,
  "ayah": 1,
  "page": 217,
  "width": 354,
  "verse_pos": 0
 },
 {
  "line": 3,
  "left": 16,
  "end": 370,
  "height": 42,
  "top": 93,
  "ayah": 1,
  "page": 217,
  "width": 354,
  "verse_pos": 0
 },
 {
  "line": 4,
  "left": 239,
  "end": 370,
  "height": 40,
  "top": 135,
  "ayah": 1,
  "page": 217,
  "width": 131,
  "verse_pos": 0
 },
 {
  "line": 4,
  "left": 16,
  "end": 238,
  "height": 40,
  "top": 135,
  "ayah": 2,
  "page": 217,
  "width": 222,
  "verse_pos": 1
 },
 {
  "line": 5,
  "left": 16,
  "end": 370,
  "height": 48,
  "top": 175,
  "ayah": 2,
  "page": 217,
  "width": 354,
  "verse_pos": 1
 },
 {
  "line": 6,
  "left": 16,
  "end": 370,
  "height": 37,
  "top": 223,
  "ayah": 3,
  "page": 217,
  "width": 354,
  "verse_pos": 2
 },
 {
  "line": 7,
  "left": 16,
  "end": 370,
  "height": 48,
  "top": 260,
  "ayah": 3,
  "page": 217,
  "width": 354,
  "verse_pos": 2
 },
 {
  "line": 8,
  "left": 334,
  "end": 370,
  "height": 38,
  "top": 308,
  "ayah": 3,
  "page": 217,
  "width": 36,
  "verse_pos": 2
 },
 {
  "line": 8,
  "left": 16,
  "end": 333,
  "height": 38,
  "top": 308,
  "ayah": 4,
  "page": 217,
  "width": 317,
  "verse_pos": 3
 },
 {
  "line": 9,
  "left": 16,
  "end": 370,
  "height": 49,
  "top": 346,
  "ayah": 4,
  "page": 217,
  "width": 354,
  "verse_pos": 3
 },
 {
  "line": 10,
  "left": 270,
  "end": 370,
  "height": 41,
  "top": 395,
  "ayah": 4,
  "page": 217,
  "width": 100,
  "verse_pos": 3
 },
 {
  "line": 10,
  "left": 16,
  "end": 269,
  "height": 41,
  "top": 395,
  "ayah": 5,
  "page": 217,
  "width": 253,
  "verse_pos": 4
 },
 {
  "line": 11,
  "left": 16,
  "end": 370,
  "height": 44,
  "top": 436,
  "ayah": 5,
  "page": 217,
  "width": 354,
  "verse_pos": 4
 },
 {
  "line": 12,
  "left": 16,
  "end": 370,
  "height": 38,
  "top": 480,
  "ayah": 6,
  "page": 217,
  "width": 354,
  "verse_pos": 5
 },
 {
  "line": 13,
  "left": 16,
  "end": 370,
  "height": 48,
  "top": 518,
  "ayah": 7,
  "page": 217,
  "width": 354,
  "verse_pos": 6
 },
 {
  "line": 14,
  "left": 270,
  "end": 370,
  "height": 42,
  "top": 566,
  "ayah": 7,
  "page": 217,
  "width": 100,
  "verse_pos": 6
 },
 {
  "line": 14,
  "left": 16,
  "end": 269,
  "height": 42,
  "top": 566,
  "ayah": 8,
  "page": 217,
  "width": 253,
  "verse_pos": 7
 },
 {
  "line": 15,
  "left": 16,
  "end": 370,
  "height": 46,
  "top": 608,
  "ayah": 8,
  "page": 217,
  "width": 354,
  "verse_pos": 7
 }
]