[
 {
  "line": 1,
  "left": 18,
  "end": 372,
  "height": 45,
  "top": 6,
  "ayah": 1,
  "page": 118,
  "width": 354,
  "verse_pos": 0
 },
 {
  "line": 2,
  "left": 281,
  "end": 372,
  "height": 42,
  "top": 51,
  "ayah": 1,
  "page": 118,
  "width": 91,
  "verse_pos": 0
 },
 {
  "line": 2,
  "left": 18,
  "end": 280,
  "height": 42,
  "top": 51,
  "ayah": 2,
  "page": 118,
  "width": 262,
  "verse_pos": 1
 },
 {
  "line": 3,
  "left": 36,
  "end": 372,
  "height": 43,
  "top": 93,
  "ayah": 2,
  "page": 118,
  "width": 336,
  "verse_pos": 1
 },
 {
  "line": 3,
  "left": 18,
  "end": 35,
  "height": 43,
  "top": 93,
  "ayah": 3,
  "page": 118,
  "width": 17,
  "verse_pos": 2
 },
 {
  "line": 4,
  "left": 18,
  "end": 372,
  "height": 41,
  "top": 136,
  "ayah": 3,
  "page": 118,
  "width": 354,
  "verse_pos": 2
 },
 {
  "line": 5,
  "left": 18,
  "end": 372,
  "height": 45,
  "top": 177,
  "ayah": 3,
  "page": 118,
  "width": 354,
  "verse_pos": 2
 },
 {
  "line": 6,
  "left": 159,
  "end": 372,
  "height": 44,
  "top": 222,
  "ayah": 3,
  "page": 118,
  "width": 213,
  "verse_pos": 2
 },
 {
  "line": 6,
  "left": 18,
  "end": 158,
  "height": 44,
  "top": 222,
  "ayah": 4,
  "page": 118,
  "width": 140,
  "verse_pos": 3
 },
 {
  "line": 7,
  "left": 18,
  "end": 372,
  "height": 44,
  "top": 266,
  "ayah": 4,
  "page": 118,
  "width": 354,
  "verse_pos": 3
 },
 {
  "line": 8,
  "left": 334,
  "end": 372,
  "height": 41,
  "top": 310,
  "ayah": 4,
  "page": 118,
  "width": 38,
  "verse_pos": 3
 },
 {
  "line": 8,
  "left": 18,
  "end": 333,
  "height": 41,
  "top": 310,
  "ayah": 5,
  "page": 118,
  "width": 315,
  "verse_pos": 4
 },
 {
  "line": 9,
  "left": 159,
  "end": 372,
  "height": 44,
  "top": 351,
  "ayah": 5,
  "page": 118,
  "width": 213,
  "verse_pos": 4
 },
 {
  "line": 9,
  "left": 18,
  "end": 158,
  "height": 44,
  "top": 351,
  "ayah": 6,
  "page": 118,
  "width": 140,
  "verse_pos": 5
 },
 {
  "line": 10,
  "left": 18,
  "end": 372,
  "height": 40,
  "top": 395,
  "ayah": 6,
  "page": 118,
  "width": 354,
  "verse_pos": 5
 },
 {
  "line": 11,
  "left": 284,
  "end": 372,
  "height": 43,
  "top": 435,
  "ayah": 6,
  "page": 118,
  "width": 88,
  "verse_pos": 5
 },
 {
  "line": 11,
  "left": 18,
  "end": 283,
  "height": 44,
  "top": 434,
  "ayah": 7,
  "page": 118,
  "width": 265,
  "verse_pos": 6
 },
 {
  "line": 12,
  "left": 18,
  "end": 372,
  "height": 41,
  "top": 478,
  "ayah": 7,
  "page": 118,
  "width": 354,
  "verse_pos": 6
 },
 {
  "line": 13,
  "left": 18,
  "end": 372,
  "height": 46,
  "top": 519,
  "ayah": 7,
  "page": 118,
  "width": 354,
  "verse_pos": 6
 },
 {
  "line": 14,
  "left": 18,
  "end": 372,
  "height": 42,
  "top": 565,
  "ayah": 7,
  "page": 118,
  "width": 354,
  "verse_pos": 6
 },
 {
  "line": 15,
  "left": 18,
  "end": 372,
  "height": 46,
  "top": 607,
  "ayah": 7,
  "page": 118,
  "width": 354,
  "verse_pos": 6
 }
]