[
 {
  "line": 1,
  "left": 18,
  "end": 368,
  "height": 42,
  "top": 7,
  "ayah": 1,
  "page": 85,
  "width": 350,
  "verse_pos": 0
 },
 {
  "line": 2,
  "left": 18,
  "end": 368,
  "height": 41,
  "top": 49,
  "ayah": 1,
  "page": 85,
  "width": 350,
  "verse_pos": 0
 },
 {
  "line": 3,
  "left": 301,
  "end": 368,
  "height": 44,
  "top": 90,
  "ayah": 1,
  "page": 85,
  "width": 67,
  "verse_pos": 0
 },
 {
  "line": 3,
  "left": 18,
  "end": 300,
  "height": 44,
  "top": 90,
  "ayah": 2,
  "page": 85,
  "width": 282,
  "verse_pos": 1
 },
 {
  "line": 4,
  "left": 107,
  "end": 368,
  "height": 41,
  "top": 134,
  "ayah": 2,
  "page": 85,
  "width": 261,
  "verse_pos": 1
 },
 {
  "line": 4,
  "left": 18,
  "end": 106,
  "height": 41,
  "top": 134,
  "ayah": 3,
  "page": 85,
  "width": 88,
  "verse_pos": 2
 },
 {
  "line": 5,
  "left": 18,
  "end": 368,
  "height": 43,
  "top": 175,
  "ayah": 3,
  "page": 85,
  "width": 350,
  "verse_pos": 2
 },
 {
  "line": 6,
  "left": 256,
  "end": 368,
  "height": 44,
  "top": 218,
  "ayah": 3,
  "page": 85,
  "width": 112,
  "verse_pos": 2
 },
 {
  "line": 6,
  "left": 18,
  "end": 256,
  "height": 44,
  "top": 218,
  "ayah": 4,
  "page": 85,
  "width": 238,
  "verse_pos": 3
 },
 {
  "line": 7,
  "left": 131,
  "end": 368,
  "height": 46,
  "top": 262,
  "ayah": 4,
  "page": 85,
  "width": 237,
  "verse_pos": 3
 },
 {
  "line": 7,
  "left": 18,
  "end": 130,
  "height": 46,
  "top": 262,
  "ayah": 5,
  "page": 85,
  "width": 112,
  "verse_pos": 4
 },
 {
  "line": 8,
  "left": 18,
  "end": 368,
  "height": 40,
  "top": 308,
  "ayah": 5,
  "page": 85,
  "width": 350,
  "verse_pos": 4
 },
 {
  "line": 9,
  "left": 265,
  "end": 368,
  "height": 46,
  "top": 348,
  "ayah": 5,
  "page": 85,
  "width": 103,
  "verse_pos": 4
 },
 {
  "line": 9,
  "left": 18,
  "end": 264,
  "height": 46,
  "top": 348,
  "ayah": 6,
  "page": 85,
  "width": 246,
  "verse_pos": 5
 },
 {
  "line": 10,
  "left": 18,
  "end": 368,
  "height": 39,
  "top": 394,
  "ayah": 6,
  "page": 85,
  "width": 350,
  "verse_pos": 5
 },
 {
  "line": 11,
  "left": 18,
  "end": 368,
  "height": 47,
  "top": 433,
  "ayah": 6,
  "page": 85,
  "width": 350,
  "verse_pos": 5
 },
 {
  "line": 12,
  "left": 18,
  "end": 368,
  "height": 38,
  "top": 480,
  "ayah": 6,
  "page": 85,
  "width": 350,
  "verse_pos": 5
 },
 {
  "line": 13,
  "left": 18,
  "end": 368,
  "height": 47,
  "top": 518,
  "ayah": 6,
  "page": 85,
  "width": 350,
  "verse_pos": 5
 },
 {
  "line": 14,
  "left": 214,
  "end": 368,
  "height": 41,
  "top": 565,
  "ayah": 6,
  "page": 85,
  "width": 154,
  "verse_pos": 5
 },
 {
  "line": 14,
  "left": 18,
  "end": 213,
  "height": 41,
  "top": 565,
  "ayah": 7,
  "page": 85,
  "width": 195,
  "verse_pos": 6
 },
 {
  "line": 15,
  "left": 18,
  "end": 368,
  "height": 44,
  "top": 606,
  "ayah": 7,
  "page": 85,
  "width": 350,
  "verse_pos": 6
 }
]