[
 {
  "line": 1,
  "left": 14,
  "end": 373,
  "height": 41,
  "top": 7,
  "ayah": 1,
  "page": 544,
  "width": 359,
  "verse_pos": 0
 },
 {
  "line": 2,
  "left": 14,
  "end": 373,
  "height": 44,
  "top": 48,
  "ayah": 1,
  "page": 544,
  "width": 359,
  "verse_pos": 0
 },
 {
  "line": 3,
  "left": 337,
  "end": 373,
  "height": 44,
  "top": 92,
  "ayah": 1,
  "page": 544,
  "width": 36,
  "verse_pos": 0
 },
 {
  "line": 3,
  "left": 14,
  "end": 336,
  "height": 44,
  "top": 92,
  "ayah": 2,
  "page": 544,
  "width": 322,
  "verse_pos": 1
 },
 {
  "line": 4,
  "left": 14,
  "end": 373,
  "height": 37,
  "top": 136,
  "ayah": 2,
  "page": 544,
  "width": 359,
  "verse_pos": 1
 },
 {
  "line": 5,
  "left": 165,
  "end": 373,
  "height": 48,
  "top": 173,
  "ayah": 2,
  "page": 544,
  "width": 208,
  "verse_pos": 1
 },
 {
  "line": 5,
  "left": 14,
  "end": 164,
  "height": 48,
  "top": 173,
  "ayah": 3,
  "page": 544,
  "width": 150,
  "verse_pos": 2
 },
 {
  "line": 6,
  "left": 14,
  "end": 373,
  "height": 41,
  "top": 221,
  "ayah": 3,
  "page": 544,
  "width": 359,
  "verse_pos": 2
 },
 {
  "line": 7,
  "left": 266,
  "end": 373,
  "height": 44,
  "top": 262,
  "ayah": 3,
  "page": 544,
  "width": 107,
  "verse_pos": 2
 },
 {
  "line": 7,
  "left": 14,
  "end": 265,
  "height": 44,
  "top": 262,
  "ayah": 4,
  "page": 544,
  "width": 251,
  "verse_pos": 3
 },
 {
  "line": 8,
  "left": 292,
  "end": 373,
  "height": 42,
  "top": 306,
  "ayah": 4,
  "page": 544,
  "width": 81,
  "verse_pos": 3
 },
 {
  "line": 8,
  "left": 14,
  "end": 291,
  "height": 42,
  "top": 306,
  "ayah": 5,
  "page": 544,
  "width": 277,
  "verse_pos": 4
 },
 {
  "line": 9,
  "left": 261,
  "end": 373,
  "height": 43,
  "top": 348,
  "ayah": 5,
  "page": 544,
  "width": 112,
  "verse_pos": 4
 },
 {
  "line": 9,
  "left": 14,
  "end": 260,
  "height": 43,
  "top": 348,
  "ayah": 6,
  "page": 544,
  "width": 246,
  "verse_pos": 5
 },
 {
  "line": 10,
  "left": 83,
  "end": 373,
  "height": 42,
  "top": 391,
  "ayah": 6,
  "page": 544,
  "width": 290,
  "verse_pos": 5
 },
 {
  "line": 10,
  "left": 14,
  "end": 82,
  "height": 42,
  "top": 391,
  "ayah": 7,
  "page": 544,
  "width": 68,
  "verse_pos": 6
 },
 {
  "line": 11,
  "left": 14,
  "end": 373,
  "height": 47,
  "top": 433,
  "ayah": 7,
  "page": 544,
  "width": 359,
  "verse_pos": 6
 },
 {
  "line": 12,
  "left": 231,
  "end": 373,
  "height": 40,
  "top": 480,
  "ayah": 7,
  "page": 544,
  "width": 142,
  "verse_pos": 6
 },
 {
  "line": 12,
  "left": 14,
  "end": 230,
  "height": 40,
  "top": 480,
  "ayah": 8,
  "page": 544,
  "width": 216,
  "verse_pos": 7
 },
 {
  "line": 13,
  "left": 14,
  "end": 373,
  "height": 44,
  "top": 520,
  "ayah": 8,
  "page": 544,
  "width": 359,
  "verse_pos": 7
 },
 {
  "line": 14,
  "left": 337,
  "end": 373,
  "height": 42,
  "top": 564,
  "ayah": 8,
  "page": 544,
  "width": 36,
  "verse_pos": 7
 },
 {
  "line": 14,
  "left": 14,
  "end": 336,
  "height": 42,
  "top": 564,
  "ayah": 9,
  "page": 544,
  "width": 322,
  "verse_pos": 8
 },
 {
  "line": 15,
  "left": 14,
  "end": 373,
  "height": 42,
  "top": 606,
  "ayah": 10,
  "page": 544,
  "width": 359,
  "verse_pos": 9
 }
]