[
 {
  "line": 1,
  "left": 13,
  "end": 374,
  "height": 41,
  "top": 7,
  "ayah": 1,
  "page": 364,
  "width": 361,
  "verse_pos": 0
 },
 {
  "line": 2,
  "left": 166,
  "end": 374,
  "height": 44,
  "top": 48,
  "ayah": 1,
  "page": 364,
  "width": 208,
  "verse_pos": 0
 },
 {
  "line": 2,
  "left": 13,
  "end": 165,
  "height": 44,
  "top": 48,
  "ayah": 2,
  "page": 364,
  "width": 152,
  "verse_pos": 1
 },
 {
  "line": 3,
  "left": 13,
  "end": 374,
  "height": 43,
  "top": 92,
  "ayah": 2,
  "page": 364,
  "width": 361,
  "verse_pos": 1
 },
 {
  "line": 4,
  "left": 339,
  "end": 374,
  "height": 42,
  "top": 135,
  "ayah": 2,
  "page": 364,
  "width": 35,
  "verse_pos": 1
 },
 {
  "line": 4,
  "left": 123,
  "end": 338,
  "height": 42,
  "top": 135,
  "ayah": 3,
  "page": 364,
  "width": 215,
  "verse_pos": 2
 },
 {
  "line": 4,
  "left": 13,
  "end": 122,
  "height": 42,
  "top": 135,
  "ayah": 4,
  "page": 364,
  "width": 109,
  "verse_pos": 3
 },
 {
  "line": 5,
  "left": 13,
  "end": 374,
  "height": 45,
  "top": 177,
  "ayah": 4,
  "page": 364,
  "width": 361,
  "verse_pos": 3
 },
 {
  "line": 6,
  "left": 13,
  "end": 374,
  "height": 45,
  "top": 222,
  "ayah": 5,
  "page": 364,
  "width": 361,
  "verse_pos": 4
 },
 {
  "line": 7,
  "left": 204,
  "end": 374,
  "height": 42,
  "top": 267,
  "ayah": 5,
  "page": 364,
  "width": 170,
  "verse_pos": 4
 },
 {
  "line": 7,
  "left": 13,
  "end": 203,
  "height": 42,
  "top": 267,
  "ayah": 6,
  "page": 364,
  "width": 190,
  "verse_pos": 5
 },
 {
  "line": 8,
  "left": 128,
  "end": 374,
  "height": 40,
  "top": 309,
  "ayah": 6,
  "page": 364,
  "width": 246,
  "verse_pos": 5
 },
 {
  "line": 8,
  "left": 13,
  "end": 127,
  "height": 40,
  "top": 309,
  "ayah": 7,
  "page": 364,
  "width": 114,
  "verse_pos": 6
 },
 {
  "line": 9,
  "left": 81,
  "end": 374,
  "height": 44,
  "top": 349,
  "ayah": 7,
  "page": 364,
  "width": 293,
  "verse_pos": 6
 },
 {
  "line": 9,
  "left": 13,
  "end": 80,
  "height": 44,
  "top": 349,
  "ayah": 8,
  "page": 364,
  "width": 67,
  "verse_pos": 7
 },
 {
  "line": 10,
  "left": 172,
  "end": 374,
  "height": 43,
  "top": 393,
  "ayah": 8,
  "page": 364,
  "width": 202,
  "verse_pos": 7
 },
 {
  "line": 10,
  "left": 13,
  "end": 171,
  "height": 43,
  "top": 393,
  "ayah": 9,
  "page": 364,
  "width": 158,
  "verse_pos": 8
 },
 {
  "line": 11,
  "left": 137,
  "end": 374,
  "height": 43,
  "top": 436,
  "ayah": 9,
  "page": 364,
  "width": 237,
  "verse_pos": 8
 },
 {
  "line": 11,
  "left": 13,
  "end": 136,
  "height": 43,
  "top": 436,
  "ayah": 10,
  "page": 364,
  "width": 123,
  "verse_pos": 9
 },
 {
  "line": 12,
  "left": 13,
  "end": 374,
  "height": 43,
  "top": 479,
  "ayah": 10,
  "page": 364,
  "width": 361,
  "verse_pos": 9
 },
 {
  "line": 13,
  "left": 247,
  "end": 374,
  "height": 42,
  "top": 522,
  "ayah": 10,
  "page": 364,
  "width": 127,
  "verse_pos": 9
 },
 {
  "line": 13,
  "left": 13,
  "end": 246,
  "height": 42,
  "top": 522,
  "ayah": 11,
  "page": 364,
  "width": 233,
  "verse_pos": 10
 },
 {
  "line": 14,
  "left": 168,
  "end": 374,
  "height": 43,
  "top": 564,
  "ayah": 11,
  "page": 364,
  "width": 206,
  "verse_pos": 10
 },
 {
  "line": 14,
  "left": 13,
  "end": 167,
  "height": 43,
  "top": 564,
  "ayah": 12,
  "page": 364,
  "width": 154,
  "verse_pos": 11
 },
 {
  "line": 15,
  "left": 13,
  "end": 374,
  "height": 42,
  "top": 607,
  "ayah": 12,
  "page": 364,
  "width": 361,
  "verse_pos": 11
 }
]