[
 {
  "line": 1,
  "left": 124,
  "end": 374,
  "height": 44,
  "top": 7,
  "ayah": 1,
  "page": 579,
  "width": 250,
  "verse_pos": 0
 },
 {
  "line": 1,
  "left": 14,
  "end": 123,
  "height": 44,
  "top": 7,
  "ayah": 2,
  "page": 579,
  "width": 109,
  "verse_pos": 1
 },
 {
  "line": 2,
  "left": 218,
  "end": 374,
  "height": 41,
  "top": 51,
  "ayah": 2,
  "page": 579,
  "width": 156,
  "verse_pos": 1
 },
 {
  "line": 2,
  "left": 14,
  "end": 217,
  "height": 41,
  "top": 51,
  "ayah": 3,
  "page": 579,
  "width": 203,
  "verse_pos": 2
 },
 {
  "line": 3,
  "left": 274,
  "end": 374,
  "height": 44,
  "top": 92,
  "ayah": 3,
  "page": 579,
  "width": 100,
  "verse_pos": 2
 },
 {
  "line": 3,
  "left": 14,
  "end": 274,
  "height": 44,
  "top": 92,
  "ayah": 4,
  "page": 579,
  "width": 260,
  "verse_pos": 3
 },
 {
  "line": 4,
  "left": 340,
  "end": 374,
  "height": 42,
  "top": 136,
  "ayah": 4,
  "page": 579,
  "width": 34,
  "verse_pos": 3
 },
 {
  "line": 4,
  "left": 125,
  "end": 340,
  "height": 42,
  "top": 136,
  "ayah": 5,
  "page": 579,
  "width": 215,
  "verse_pos": 4
 },
 {
  "line": 4,
  "left": 14,
  "end": 125,
  "height": 42,
  "top": 136,
  "ayah": 6,
  "page": 579,
  "width": 111,
  "verse_pos": 5
 },
 {
  "line": 5,
  "left": 192,
  "end": 374,
  "height": 41,
  "top": 178,
  "ayah": 6,
  "page": 579,
  "width": 182,
  "verse_pos": 5
 },
 {
  "line": 5,
  "left": 14,
  "end": 191,
  "height": 41,
  "top": 178,
  "ayah": 7,
  "page": 579,
  "width": 177,
  "verse_pos": 6
 },
 {
  "line": 6,
  "left": 341,
  "end": 374,
  "height": 44,
  "top": 219,
  "ayah": 7,
  "page": 579,
  "width": 33,
  "verse_pos": 6
 },
 {
  "line": 6,
  "left": 14,
  "end": 340,
  "height": 44,
  "top": 219,
  "ayah": 8,
  "page": 579,
  "width": 326,
  "verse_pos": 7
 },
 {
  "line": 7,
  "left": 118,
  "end": 374,
  "height": 44,
  "top": 263,
  "ayah": 9,
  "page": 579,
  "width": 256,
  "verse_pos": 8
 },
 {
  "line": 7,
  "left": 14,
  "end": 118,
  "height": 44,
  "top": 263,
  "ayah": 10,
  "page": 579,
  "width": 104,
  "verse_pos": 9
 },
 {
  "line": 8,
  "left": 191,
  "end": 374,
  "height": 43,
  "top": 307,
  "ayah": 10,
  "page": 579,
  "width": 183,
  "verse_pos": 9
 },
 {
  "line": 8,
  "left": 14,
  "end": 190,
  "height": 43,
  "top": 307,
  "ayah": 11,
  "page": 579,
  "width": 176,
  "verse_pos": 10
 },
 {
  "line": 9,
  "left": 138,
  "end": 374,
  "height": 40,
  "top": 350,
  "ayah": 12,
  "page": 579,
  "width": 236,
  "verse_pos": 11
 },
 {
  "line": 9,
  "left": 14,
  "end": 138,
  "height": 40,
  "top": 350,
  "ayah": 13,
  "page": 579,
  "width": 124,
  "verse_pos": 12
 },
 {
  "line": 10,
  "left": 339,
  "end": 374,
  "height": 44,
  "top": 390,
  "ayah": 13,
  "page": 579,
  "width": 35,
  "verse_pos": 12
 },
 {
  "line": 10,
  "left": 14,
  "end": 338,
  "height": 44,
  "top": 390,
  "ayah": 14,
  "page": 579,
  "width": 324,
  "verse_pos": 13
 },
 {
  "line": 11,
  "left": 341,
  "end": 374,
  "height": 41,
  "top": 434,
  "ayah": 14,
  "page": 579,
  "width": 33,
  "verse_pos": 13
 },
 {
  "line": 11,
  "left": 124,
  "end": 340,
  "height": 41,
  "top": 434,
  "ayah": 15,
  "page": 579,
  "width": 216,
  "verse_pos": 14
 },
 {
  "line": 11,
  "left": 14,
  "end": 123,
  "height": 41,
  "top": 434,
  "ayah": 16,
  "page": 579,
  "width": 109,
  "verse_pos": 15
 },
 {
  "line": 12,
  "left": 14,
  "end": 374,
  "height": 47,
  "top": 475,
  "ayah": 16,
  "page": 579,
  "width": 360,
  "verse_pos": 15
 },
 {
  "line": 13,
  "left": 304,
  "end": 374,
  "height": 43,
  "top": 522,
  "ayah": 16,
  "page": 579,
  "width": 70,
  "verse_pos": 15
 },
 {
  "line": 13,
  "left": 35,
  "end": 304,
  "height": 43,
  "top": 522,
  "ayah": 17,
  "page": 579,
  "width": 269,
  "verse_pos": 16
 },
 {
  "line": 13,
  "left": 14,
  "end": 35,
  "height": 43,
  "top": 522,
  "ayah": 18,
  "page": 579,
  "width": 21,
  "verse_pos": 17
 },
 {
  "line": 14,
  "left": 166,
  "end": 374,
  "height": 43,
  "top": 565,
  "ayah": 18,
  "page": 579,
  "width": 208,
  "verse_pos": 17
 },
 {
  "line": 14,
  "left": 14,
  "end": 165,
  "height": 43,
  "top": 565,
  "ayah": 19,
  "page": 579,
  "width": 151,
  "verse_pos": 18
 },
 {
  "line": 15,
  "left": 232,
  "end": 374,
  "height": 42,
  "top": 608,
  "ayah": 19,
  "page": 579,
  "width": 142,
  "verse_pos": 18
 },
 {
  "line": 15,
  "left": 14,
  "end": 231,
  "height": 42,
  "top": 608,
  "ayah": 20,
  "page": 579,
  "width": 217,
  "verse_pos": 19
 }
]
