[
    {
         "line": 1,
         "left": 16,
         "end": 370,
         "height": 44,
         "top": 7,
         "ayah": 1,
         "page": 23,
         "width": 354,
         "verse_pos": 0
       },
       {
         "line": 2,
         "left": 82,
         "end": 370,
         "height": 42,
         "top": 51,
         "ayah": 1,
         "page": 23,
         "width": 288,
         "verse_pos": 0
       },
       {
         "line": 2,
         "left": 16,
         "end": 81,
         "height": 42,
         "top": 51,
         "ayah": 2,
         "page": 23,
         "width": 65,
         "verse_pos": 1
       },
       {
         "line": 3,
         "left": 153,
         "end": 370,
         "height": 45,
         "top": 93,
         "ayah": 2,
         "page": 23,
         "width": 217,
         "verse_pos": 1
       },
       {
         "line": 3,
         "left": 16,
         "end": 152,
         "height": 45,
         "top": 93,
         "ayah": 3,
         "page": 23,
         "width": 136,
         "verse_pos": 2
       },
       {
         "line": 4,
         "left": 16,
         "end": 370,
         "height": 42,
         "top": 138,
         "ayah": 3,
         "page": 23,
         "width": 354,
         "verse_pos": 2
       },
       {
         "line": 5,
         "left": 182,
         "end": 370,
         "height": 43,
         "top": 180,
         "ayah": 3,
         "page": 23,
         "width": 188,
         "verse_pos": 2
       },
       {
         "line": 5,
         "left": 16,
         "end": 181,
         "height": 43,
         "top": 180,
         "ayah": 4,
         "page": 23,
         "width": 165,
         "verse_pos": 3
       },
       {
         "line": 6,
         "left": 16,
         "end": 370,
         "height": 44,
         "top": 223,
         "ayah": 4,
         "page": 23,
         "width": 354,
         "verse_pos": 3
       },
       {
         "line": 7,
         "left": 199,
         "end": 370,
         "height": 42,
         "top": 267,
         "ayah": 4,
         "page": 23,
         "width": 171,
         "verse_pos": 3
       },
       {
         "line": 7,
         "left": 16,
         "end": 198,
         "height": 42,
         "top": 267,
         "ayah": 5,
         "page": 23,
         "width": 182,
         "verse_pos": 4
       },
       {
         "line": 8,
         "left": 16,
         "end": 370,
         "height": 43,
         "top": 309,
         "ayah": 5,
         "page": 23,
         "width": 354,
         "verse_pos": 4
       },
       {
         "line": 9,
         "left": 16,
         "end": 370,
         "height": 45,
         "top": 352,
         "ayah": 5,
         "page": 23,
         "width": 354,
         "verse_pos": 4
       },
       {
         "line": 10,
         "left": 16,
         "end": 370,
         "height": 42,
         "top": 397,
         "ayah": 5,
         "page": 23,
         "width": 354,
         "verse_pos": 4
       },
       {
         "line": 11,
         "left": 255,
         "end": 370,
         "height": 46,
         "top": 439,
         "ayah": 5,
         "page": 23,
         "width": 115,
         "verse_pos": 4
       },
       {
         "line": 11,
         "left": 16,
         "end": 254,
         "height": 46,
         "top": 439,
         "ayah": 6,
         "page": 23,
         "width": 238,
         "verse_pos": 5
       },
       {
         "line": 12,
         "left": 16,
         "end": 370,
         "height": 41,
         "top": 485,
         "ayah": 6,
         "page": 23,
         "width": 354,
         "verse_pos": 5
       },
       {
         "line": 13,
         "left": 71,
         "end": 370,
         "height": 44,
         "top": 526,
         "ayah": 6,
         "page": 23,
         "width": 299,
         "verse_pos": 5
       },
       {
         "line": 13,
         "left": 16,
         "end": 70,
         "height": 44,
         "top": 526,
         "ayah": 7,
         "page": 23,
         "width": 54,
         "verse_pos": 6
       },
       {
         "line": 14,
         "left": 104,
         "end": 370,
         "height": 42,
         "top": 570,
         "ayah": 7,
         "page": 23,
         "width": 266,
         "verse_pos": 6
       },
       {
         "line": 14,
         "left": 16,
         "end": 103,
         "height": 42,
         "top": 570,
         "ayah": 8,
         "page": 23,
         "width": 87,
         "verse_pos": 7
       },
       {
         "line": 15,
         "left": 16,
         "end": 370,
         "height": 42,
         "top": 612,
         "ayah": 8,
         "page": 23,
         "width": 354,
         "verse_pos": 7
       }
]
