[
 {
  "line": 1,
  "left": 16,
  "end": 372,
  "height": 40,
  "top": 7,
  "ayah": 1,
  "page": 101,
  "width": 356,
  "verse_pos": 0
 },
 {
  "line": 2,
  "left": 16,
  "end": 372,
  "height": 41,
  "top": 47,
  "ayah": 1,
  "page": 101,
  "width": 356,
  "verse_pos": 0
 },
 {
  "line": 3,
  "left": 16,
  "end": 372,
  "height": 45,
  "top": 88,
  "ayah": 1,
  "page": 101,
  "width": 356,
  "verse_pos": 0
 },
 {
  "line": 4,
  "left": 16,
  "end": 372,
  "height": 44,
  "top": 133,
  "ayah": 1,
  "page": 101,
  "width": 356,
  "verse_pos": 0
 },
 {
  "line": 5,
  "left": 16,
  "end": 372,
  "height": 42,
  "top": 177,
  "ayah": 2,
  "page": 101,
  "width": 356,
  "verse_pos": 1
 },
 {
  "line": 6,
  "left": 16,
  "end": 372,
  "height": 41,
  "top": 219,
  "ayah": 2,
  "page": 101,
  "width": 356,
  "verse_pos": 1
 },
 {
  "line": 7,
  "left": 300,
  "end": 372,
  "height": 44,
  "top": 260,
  "ayah": 2,
  "page": 101,
  "width": 72,
  "verse_pos": 1
 },
 {
  "line": 7,
  "left": 16,
  "end": 299,
  "height": 44,
  "top": 260,
  "ayah": 3,
  "page": 101,
  "width": 283,
  "verse_pos": 2
 },
 {
  "line": 8,
  "left": 130,
  "end": 372,
  "height": 42,
  "top": 304,
  "ayah": 3,
  "page": 101,
  "width": 242,
  "verse_pos": 2
 },
 {
  "line": 8,
  "left": 16,
  "end": 130,
  "height": 42,
  "top": 304,
  "ayah": 4,
  "page": 101,
  "width": 114,
  "verse_pos": 3
 },
 {
  "line": 9,
  "left": 16,
  "end": 372,
  "height": 49,
  "top": 346,
  "ayah": 4,
  "page": 101,
  "width": 356,
  "verse_pos": 3
 },
 {
  "line": 10,
  "left": 96,
  "end": 372,
  "height": 42,
  "top": 395,
  "ayah": 4,
  "page": 101,
  "width": 276,
  "verse_pos": 3
 },
 {
  "line": 10,
  "left": 16,
  "end": 95,
  "height": 42,
  "top": 395,
  "ayah": 5,
  "page": 101,
  "width": 79,
  "verse_pos": 4
 },
 {
  "line": 11,
  "left": 16,
  "end": 372,
  "height": 41,
  "top": 437,
  "ayah": 5,
  "page": 101,
  "width": 356,
  "verse_pos": 4
 },
 {
  "line": 12,
  "left": 16,
  "end": 372,
  "height": 45,
  "top": 478,
  "ayah": 6,
  "page": 101,
  "width": 356,
  "verse_pos": 5
 },
 {
  "line": 13,
  "left": 16,
  "end": 372,
  "height": 44,
  "top": 523,
  "ayah": 6,
  "page": 101,
  "width": 356,
  "verse_pos": 5
 },
 {
  "line": 14,
  "left": 188,
  "end": 372,
  "height": 37,
  "top": 567,
  "ayah": 6,
  "page": 101,
  "width": 184,
  "verse_pos": 5
 },
 {
  "line": 14,
  "left": 16,
  "end": 187,
  "height": 37,
  "top": 567,
  "ayah": 7,
  "page": 101,
  "width": 171,
  "verse_pos": 6
 },
 {
  "line": 15,
  "left": 16,
  "end": 372,
  "height": 46,
  "top": 604,
  "ayah": 7,
  "page": 101,
  "width": 356,
  "verse_pos": 6
 }
]