[
 {
  "line": 1,
  "left": 12,
  "end": 375,
  "height": 42,
  "top": 7,
  "ayah": 1,
  "page": 410,
  "width": 363,
  "verse_pos": 0
 },
 {
  "line": 2,
  "left": 339,
  "end": 375,
  "height": 43,
  "top": 49,
  "ayah": 1,
  "page": 410,
  "width": 36,
  "verse_pos": 0
 },
 {
  "line": 2,
  "left": 12,
  "end": 338,
  "height": 43,
  "top": 49,
  "ayah": 2,
  "page": 410,
  "width": 326,
  "verse_pos": 1
 },
 {
  "line": 3,
  "left": 295,
  "end": 375,
  "height": 44,
  "top": 92,
  "ayah": 2,
  "page": 410,
  "width": 80,
  "verse_pos": 1
 },
 {
  "line": 3,
  "left": 12,
  "end": 294,
  "height": 44,
  "top": 92,
  "ayah": 3,
  "page": 410,
  "width": 282,
  "verse_pos": 2
 },
 {
  "line": 4,
  "left": 150,
  "end": 375,
  "height": 44,
  "top": 136,
  "ayah": 3,
  "page": 410,
  "width": 225,
  "verse_pos": 2
 },
 {
  "line": 4,
  "left": 12,
  "end": 149,
  "height": 44,
  "top": 136,
  "ayah": 4,
  "page": 410,
  "width": 137,
  "verse_pos": 3
 },
 {
  "line": 5,
  "left": 12,
  "end": 375,
  "height": 38,
  "top": 180,
  "ayah": 4,
  "page": 410,
  "width": 363,
  "verse_pos": 3
 },
 {
  "line": 6,
  "left": 12,
  "end": 375,
  "height": 46,
  "top": 218,
  "ayah": 4,
  "page": 410,
  "width": 363,
  "verse_pos": 3
 },
 {
  "line": 7,
  "left": 12,
  "end": 375,
  "height": 43,
  "top": 264,
  "ayah": 5,
  "page": 410,
  "width": 363,
  "verse_pos": 4
 },
 {
  "line": 8,
  "left": 197,
  "end": 375,
  "height": 45,
  "top": 307,
  "ayah": 5,
  "page": 410,
  "width": 178,
  "verse_pos": 4
 },
 {
  "line": 8,
  "left": 12,
  "end": 196,
  "height": 45,
  "top": 307,
  "ayah": 6,
  "page": 410,
  "width": 184,
  "verse_pos": 5
 },
 {
  "line": 9,
  "left": 12,
  "end": 375,
  "height": 40,
  "top": 352,
  "ayah": 6,
  "page": 410,
  "width": 363,
  "verse_pos": 5
 },
 {
  "line": 10,
  "left": 153,
  "end": 375,
  "height": 47,
  "top": 392,
  "ayah": 6,
  "page": 410,
  "width": 222,
  "verse_pos": 5
 },
 {
  "line": 10,
  "left": 12,
  "end": 152,
  "height": 47,
  "top": 392,
  "ayah": 7,
  "page": 410,
  "width": 140,
  "verse_pos": 6
 },
 {
  "line": 11,
  "left": 90,
  "end": 375,
  "height": 40,
  "top": 439,
  "ayah": 7,
  "page": 410,
  "width": 285,
  "verse_pos": 6
 },
 {
  "line": 11,
  "left": 12,
  "end": 89,
  "height": 40,
  "top": 439,
  "ayah": 8,
  "page": 410,
  "width": 77,
  "verse_pos": 7
 },
 {
  "line": 12,
  "left": 12,
  "end": 375,
  "height": 44,
  "top": 479,
  "ayah": 8,
  "page": 410,
  "width": 363,
  "verse_pos": 7
 },
 {
  "line": 13,
  "left": 77,
  "end": 375,
  "height": 44,
  "top": 523,
  "ayah": 8,
  "page": 410,
  "width": 298,
  "verse_pos": 7
 },
 {
  "line": 13,
  "left": 12,
  "end": 76,
  "height": 44,
  "top": 523,
  "ayah": 9,
  "page": 410,
  "width": 64,
  "verse_pos": 8
 },
 {
  "line": 14,
  "left": 82,
  "end": 375,
  "height": 41,
  "top": 567,
  "ayah": 9,
  "page": 410,
  "width": 293,
  "verse_pos": 8
 },
 {
  "line": 14,
  "left": 12,
  "end": 81,
  "height": 41,
  "top": 567,
  "ayah": 10,
  "page": 410,
  "width": 69,
  "verse_pos": 9
 },
 {
  "line": 15,
  "left": 12,
  "end": 375,
  "height": 42,
  "top": 608,
  "ayah": 10,
  "page": 410,
  "width": 363,
  "verse_pos": 9
 }
]