[
    {
         "line": 1,
         "left": 23,
         "end": 364,
         "height": 42,
         "top": 7,
         "ayah": 1,
         "page": 3,
         "width": 341,
         "verse_pos": 0
       },
       {
         "line": 2,
         "left": 266,
         "end": 364,
         "height": 38,
         "top": 49,
         "ayah": 1,
         "page": 3,
         "width": 98,
         "verse_pos": 0
       },
       {
         "line": 2,
         "left": 23,
         "end": 265,
         "height": 38,
         "top": 49,
         "ayah": 2,
         "page": 3,
         "width": 242,
         "verse_pos": 1
       },
       {
         "line": 3,
         "left": 91,
         "end": 364,
         "height": 48,
         "top": 87,
         "ayah": 2,
         "page": 3,
         "width": 273,
         "verse_pos": 1
       },
       {
         "line": 3,
         "left": 23,
         "end": 90,
         "height": 48,
         "top": 87,
         "ayah": 3,
         "page": 3,
         "width": 67,
         "verse_pos": 2
       },
       {
         "line": 4,
         "left": 23,
         "end": 364,
         "height": 42,
         "top": 135,
         "ayah": 3,
         "page": 3,
         "width": 341,
         "verse_pos": 2
       },
       {
         "line": 5,
         "left": 23,
         "end": 364,
         "height": 44,
         "top": 177,
         "ayah": 4,
         "page": 3,
         "width": 341,
         "verse_pos": 3
       },
       {
         "line": 6,
         "left": 251,
         "end": 364,
         "height": 42,
         "top": 221,
         "ayah": 4,
         "page": 3,
         "width": 113,
         "verse_pos": 3
       },
       {
         "line": 6,
         "left": 23,
         "end": 250,
         "height": 42,
         "top": 221,
         "ayah": 5,
         "page": 3,
         "width": 227,
         "verse_pos": 4
       },
       {
         "line": 7,
         "left": 105,
         "end": 364,
         "height": 44,
         "top": 263,
         "ayah": 5,
         "page": 3,
         "width": 259,
         "verse_pos": 4
       },
       {
         "line": 7,
         "left": 23,
         "end": 104,
         "height": 44,
         "top": 263,
         "ayah": 6,
         "page": 3,
         "width": 81,
         "verse_pos": 5
       },
       {
         "line": 8,
         "left": 23,
         "end": 364,
         "height": 43,
         "top": 307,
         "ayah": 6,
         "page": 3,
         "width": 341,
         "verse_pos": 5
       },
       {
         "line": 9,
         "left": 77,
         "end": 364,
         "height": 41,
         "top": 350,
         "ayah": 7,
         "page": 3,
         "width": 287,
         "verse_pos": 6
       },
       {
         "line": 9,
         "left": 23,
         "end": 76,
         "height": 41,
         "top": 350,
         "ayah": 8,
         "page": 3,
         "width": 53,
         "verse_pos": 7
       },
       {
         "line": 10,
         "left": 23,
         "end": 364,
         "height": 45,
         "top": 391,
         "ayah": 8,
         "page": 3,
         "width": 341,
         "verse_pos": 7
       },
       {
         "line": 11,
         "left": 90,
         "end": 364,
         "height": 44,
         "top": 436,
         "ayah": 8,
         "page": 3,
         "width": 274,
         "verse_pos": 7
       },
       {
         "line": 11,
         "left": 23,
         "end": 89,
         "height": 44,
         "top": 436,
         "ayah": 9,
         "page": 3,
         "width": 66,
         "verse_pos": 8
       },
       {
         "line": 12,
         "left": 23,
         "end": 364,
         "height": 41,
         "top": 480,
         "ayah": 9,
         "page": 3,
         "width": 341,
         "verse_pos": 8
       },
       {
         "line": 13,
         "left": 166,
         "end": 364,
         "height": 44,
         "top": 521,
         "ayah": 9,
         "page": 3,
         "width": 198,
         "verse_pos": 8
       },
       {
         "line": 13,
         "left": 23,
         "end": 165,
         "height": 44,
         "top": 521,
         "ayah": 10,
         "page": 3,
         "width": 142,
         "verse_pos": 9
       },
       {
         "line": 14,
         "left": 206,
         "end": 364,
         "height": 44,
         "top": 565,
         "ayah": 10,
         "page": 3,
         "width": 158,
         "verse_pos": 9
       },
       {
         "line": 14,
         "left": 23,
         "end": 205,
         "height": 44,
         "top": 565,
         "ayah": 11,
         "page": 3,
         "width": 182,
         "verse_pos": 10
       },
       {
         "line": 15,
         "left": 23,
         "end": 364,
         "height": 46,
         "top": 609,
         "ayah": 11,
         "page": 3,
         "width": 341,
         "verse_pos": 10
       }
]
