[
 {
  "line": 1,
  "left": 7,
  "end": 381,
  "height": 46,
  "top": 7,
  "ayah": 1,
  "page": 455,
  "width": 374,
  "verse_pos": 0
 },
 {
  "line": 2,
  "left": 194,
  "end": 381,
  "height": 44,
  "top": 53,
  "ayah": 1,
  "page": 455,
  "width": 187,
  "verse_pos": 0
 },
 {
  "line": 2,
  "left": 7,
  "end": 193,
  "height": 44,
  "top": 53,
  "ayah": 2,
  "page": 455,
  "width": 186,
  "verse_pos": 1
 },
 {
  "line": 3,
  "left": 7,
  "end": 381,
  "height": 42,
  "top": 97,
  "ayah": 2,
  "page": 455,
  "width": 374,
  "verse_pos": 1
 },
 {
  "line": 4,
  "left": 343,
  "end": 381,
  "height": 40,
  "top": 139,
  "ayah": 2,
  "page": 455,
  "width": 38,
  "verse_pos": 1
 },
 {
  "line": 4,
  "left": 7,
  "end": 342,
  "height": 40,
  "top": 139,
  "ayah": 3,
  "page": 455,
  "width": 335,
  "verse_pos": 2
 },
 {
  "line": 5,
  "left": 288,
  "end": 381,
  "height": 47,
  "top": 179,
  "ayah": 3,
  "page": 455,
  "width": 93,
  "verse_pos": 2
 },
 {
  "line": 5,
  "left": 7,
  "end": 287,
  "height": 47,
  "top": 179,
  "ayah": 4,
  "page": 455,
  "width": 280,
  "verse_pos": 3
 },
 {
  "line": 6,
  "left": 342,
  "end": 381,
  "height": 41,
  "top": 226,
  "ayah": 4,
  "page": 455,
  "width": 39,
  "verse_pos": 3
 },
 {
  "line": 6,
  "left": 76,
  "end": 341,
  "height": 41,
  "top": 226,
  "ayah": 5,
  "page": 455,
  "width": 265,
  "verse_pos": 4
 },
 {
  "line": 6,
  "left": 7,
  "end": 75,
  "height": 41,
  "top": 226,
  "ayah": 6,
  "page": 455,
  "width": 68,
  "verse_pos": 5
 },
 {
  "line": 7,
  "left": 7,
  "end": 381,
  "height": 42,
  "top": 267,
  "ayah": 6,
  "page": 455,
  "width": 374,
  "verse_pos": 5
 },
 {
  "line": 8,
  "left": 79,
  "end": 381,
  "height": 45,
  "top": 309,
  "ayah": 7,
  "page": 455,
  "width": 302,
  "verse_pos": 6
 },
 {
  "line": 8,
  "left": 7,
  "end": 78,
  "height": 45,
  "top": 309,
  "ayah": 8,
  "page": 455,
  "width": 71,
  "verse_pos": 7
 },
 {
  "line": 9,
  "left": 94,
  "end": 381,
  "height": 42,
  "top": 354,
  "ayah": 8,
  "page": 455,
  "width": 287,
  "verse_pos": 7
 },
 {
  "line": 9,
  "left": 7,
  "end": 93,
  "height": 42,
  "top": 354,
  "ayah": 9,
  "page": 455,
  "width": 86,
  "verse_pos": 8
 },
 {
  "line": 10,
  "left": 7,
  "end": 381,
  "height": 45,
  "top": 396,
  "ayah": 9,
  "page": 455,
  "width": 374,
  "verse_pos": 8
 },
 {
  "line": 11,
  "left": 73,
  "end": 381,
  "height": 42,
  "top": 441,
  "ayah": 10,
  "page": 455,
  "width": 308,
  "verse_pos": 9
 },
 {
  "line": 11,
  "left": 7,
  "end": 72,
  "height": 42,
  "top": 441,
  "ayah": 11,
  "page": 455,
  "width": 65,
  "verse_pos": 10
 },
 {
  "line": 12,
  "left": 246,
  "end": 381,
  "height": 44,
  "top": 483,
  "ayah": 11,
  "page": 455,
  "width": 135,
  "verse_pos": 10
 },
 {
  "line": 12,
  "left": 42,
  "end": 245,
  "height": 44,
  "top": 483,
  "ayah": 12,
  "page": 455,
  "width": 203,
  "verse_pos": 11
 },
 {
  "line": 12,
  "left": 7,
  "end": 41,
  "height": 44,
  "top": 483,
  "ayah": 13,
  "page": 455,
  "width": 34,
  "verse_pos": 12
 },
 {
  "line": 13,
  "left": 150,
  "end": 381,
  "height": 41,
  "top": 527,
  "ayah": 13,
  "page": 455,
  "width": 231,
  "verse_pos": 12
 },
 {
  "line": 13,
  "left": 7,
  "end": 149,
  "height": 41,
  "top": 527,
  "ayah": 14,
  "page": 455,
  "width": 142,
  "verse_pos": 13
 },
 {
  "line": 14,
  "left": 309,
  "end": 381,
  "height": 41,
  "top": 568,
  "ayah": 14,
  "page": 455,
  "width": 72,
  "verse_pos": 13
 },
 {
  "line": 14,
  "left": 7,
  "end": 308,
  "height": 41,
  "top": 568,
  "ayah": 15,
  "page": 455,
  "width": 301,
  "verse_pos": 14
 },
 {
  "line": 15,
  "left": 259,
  "end": 381,
  "height": 42,
  "top": 609,
  "ayah": 15,
  "page": 455,
  "width": 122,
  "verse_pos": 14
 },
 {
  "line": 15,
  "left": 7,
  "end": 258,
  "height": 42,
  "top": 609,
  "ayah": 16,
  "page": 455,
  "width": 251,
  "verse_pos": 15
 }
]