[
 {
  "line": 1,
  "left": 13,
  "end": 377,
  "height": 42,
  "top": 7,
  "ayah": 1,
  "page": 346,
  "width": 364,
  "verse_pos": 0
 },
 {
  "line": 2,
  "left": 81,
  "end": 377,
  "height": 43,
  "top": 49,
  "ayah": 2,
  "page": 346,
  "width": 296,
  "verse_pos": 1
 },
 {
  "line": 2,
  "left": 13,
  "end": 80,
  "height": 43,
  "top": 49,
  "ayah": 3,
  "page": 346,
  "width": 67,
  "verse_pos": 2
 },
 {
  "line": 3,
  "left": 13,
  "end": 377,
  "height": 45,
  "top": 92,
  "ayah": 3,
  "page": 346,
  "width": 364,
  "verse_pos": 2
 },
 {
  "line": 4,
  "left": 13,
  "end": 377,
  "height": 43,
  "top": 137,
  "ayah": 4,
  "page": 346,
  "width": 364,
  "verse_pos": 3
 },
 {
  "line": 5,
  "left": 292,
  "end": 377,
  "height": 39,
  "top": 180,
  "ayah": 4,
  "page": 346,
  "width": 85,
  "verse_pos": 3
 },
 {
  "line": 5,
  "left": 13,
  "end": 291,
  "height": 39,
  "top": 180,
  "ayah": 5,
  "page": 346,
  "width": 278,
  "verse_pos": 4
 },
 {
  "line": 6,
  "left": 341,
  "end": 377,
  "height": 47,
  "top": 219,
  "ayah": 5,
  "page": 346,
  "width": 36,
  "verse_pos": 4
 },
 {
  "line": 6,
  "left": 107,
  "end": 340,
  "height": 47,
  "top": 219,
  "ayah": 6,
  "page": 346,
  "width": 233,
  "verse_pos": 5
 },
 {
  "line": 6,
  "left": 13,
  "end": 106,
  "height": 47,
  "top": 219,
  "ayah": 7,
  "page": 346,
  "width": 93,
  "verse_pos": 6
 },
 {
  "line": 7,
  "left": 84,
  "end": 377,
  "height": 42,
  "top": 266,
  "ayah": 7,
  "page": 346,
  "width": 293,
  "verse_pos": 6
 },
 {
  "line": 7,
  "left": 13,
  "end": 83,
  "height": 42,
  "top": 266,
  "ayah": 8,
  "page": 346,
  "width": 70,
  "verse_pos": 7
 },
 {
  "line": 8,
  "left": 226,
  "end": 377,
  "height": 43,
  "top": 308,
  "ayah": 8,
  "page": 346,
  "width": 151,
  "verse_pos": 7
 },
 {
  "line": 8,
  "left": 13,
  "end": 225,
  "height": 43,
  "top": 308,
  "ayah": 9,
  "page": 346,
  "width": 212,
  "verse_pos": 8
 },
 {
  "line": 9,
  "left": 238,
  "end": 377,
  "height": 41,
  "top": 351,
  "ayah": 9,
  "page": 346,
  "width": 139,
  "verse_pos": 8
 },
 {
  "line": 9,
  "left": 13,
  "end": 238,
  "height": 41,
  "top": 351,
  "ayah": 10,
  "page": 346,
  "width": 225,
  "verse_pos": 9
 },
 {
  "line": 10,
  "left": 341,
  "end": 377,
  "height": 46,
  "top": 392,
  "ayah": 10,
  "page": 346,
  "width": 36,
  "verse_pos": 9
 },
 {
  "line": 10,
  "left": 13,
  "end": 340,
  "height": 46,
  "top": 392,
  "ayah": 11,
  "page": 346,
  "width": 327,
  "verse_pos": 10
 },
 {
  "line": 11,
  "left": 295,
  "end": 377,
  "height": 43,
  "top": 438,
  "ayah": 11,
  "page": 346,
  "width": 82,
  "verse_pos": 10
 },
 {
  "line": 11,
  "left": 13,
  "end": 294,
  "height": 43,
  "top": 438,
  "ayah": 12,
  "page": 346,
  "width": 281,
  "verse_pos": 11
 },
 {
  "line": 12,
  "left": 13,
  "end": 377,
  "height": 41,
  "top": 481,
  "ayah": 12,
  "page": 346,
  "width": 364,
  "verse_pos": 11
 },
 {
  "line": 13,
  "left": 223,
  "end": 377,
  "height": 47,
  "top": 522,
  "ayah": 12,
  "page": 346,
  "width": 154,
  "verse_pos": 11
 },
 {
  "line": 13,
  "left": 13,
  "end": 223,
  "height": 47,
  "top": 522,
  "ayah": 13,
  "page": 346,
  "width": 210,
  "verse_pos": 12
 },
 {
  "line": 14,
  "left": 246,
  "end": 377,
  "height": 41,
  "top": 569,
  "ayah": 13,
  "page": 346,
  "width": 131,
  "verse_pos": 12
 },
 {
  "line": 14,
  "left": 13,
  "end": 245,
  "height": 41,
  "top": 569,
  "ayah": 14,
  "page": 346,
  "width": 232,
  "verse_pos": 13
 },
 {
  "line": 15,
  "left": 13,
  "end": 377,
  "height": 42,
  "top": 610,
  "ayah": 15,
  "page": 346,
  "width": 364,
  "verse_pos": 14
 }
]