[
    {
     "line": 1,
     "left": 16,
     "end": 368,
     "height": 43,
     "top": 7,
     "ayah": 1,
     "page": 555,
     "width": 352,
     "verse_pos": 0
    },
    {
     "line": 2,
     "left": 118,
     "end": 368,
     "height": 41,
     "top": 50,
     "ayah": 1,
     "page": 555,
     "width": 250,
     "verse_pos": 0
    },
    {
     "line": 2,
     "left": 16,
     "end": 117,
     "height": 41,
     "top": 50,
     "ayah": 2,
     "page": 555,
     "width": 101,
     "verse_pos": 1
    },
    {
     "line": 3,
     "left": 16,
     "end": 368,
     "height": 43,
     "top": 91,
     "ayah": 2,
     "page": 555,
     "width": 352,
     "verse_pos": 1
    },
    {
     "line": 4,
     "left": 125,
     "end": 368,
     "height": 41,
     "top": 134,
     "ayah": 2,
     "page": 555,
     "width": 243,
     "verse_pos": 1
    },
    {
     "line": 4,
     "left": 16,
     "end": 124,
     "height": 41,
     "top": 134,
     "ayah": 3,
     "page": 555,
     "width": 108,
     "verse_pos": 2
    },
    {
     "line": 5,
     "left": 16,
     "end": 368,
     "height": 46,
     "top": 175,
     "ayah": 3,
     "page": 555,
     "width": 352,
     "verse_pos": 2
    },
    {
     "line": 6,
     "left": 16,
     "end": 368,
     "height": 42,
     "top": 221,
     "ayah": 3,
     "page": 555,
     "width": 352,
     "verse_pos": 2
    },
    {
     "line": 7,
     "left": 333,
     "end": 368,
     "height": 39,
     "top": 263,
     "ayah": 3,
     "page": 555,
     "width": 35,
     "verse_pos": 2
    },
    {
     "line": 7,
     "left": 16,
     "end": 332,
     "height": 39,
     "top": 263,
     "ayah": 4,
     "page": 555,
     "width": 316,
     "verse_pos": 3
    },
    {
     "line": 8,
     "left": 16,
     "end": 368,
     "height": 47,
     "top": 302,
     "ayah": 4,
     "page": 555,
     "width": 352,
     "verse_pos": 3
    },
    {
     "line": 9,
     "left": 188,
     "end": 368,
     "height": 44,
     "top": 349,
     "ayah": 4,
     "page": 555,
     "width": 180,
     "verse_pos": 3
    },
    {
     "line": 9,
     "left": 16,
     "end": 187,
     "height": 44,
     "top": 349,
     "ayah": 5,
     "page": 555,
     "width": 171,
     "verse_pos": 4
    },
    {
     "line": 10,
     "left": 16,
     "end": 368,
     "height": 41,
     "top": 393,
     "ayah": 5,
     "page": 555,
     "width": 352,
     "verse_pos": 4
    },
    {
     "line": 11,
     "left": 147,
     "end": 368,
     "height": 45,
     "top": 434,
     "ayah": 5,
     "page": 555,
     "width": 221,
     "verse_pos": 4
    },
    {
     "line": 11,
     "left": 16,
     "end": 146,
     "height": 45,
     "top": 434,
     "ayah": 6,
     "page": 555,
     "width": 130,
     "verse_pos": 5
    },
    {
     "line": 12,
     "left": 16,
     "end": 368,
     "height": 41,
     "top": 479,
     "ayah": 6,
     "page": 555,
     "width": 352,
     "verse_pos": 5
    },
    {
     "line": 13,
     "left": 48,
     "end": 368,
     "height": 44,
     "top": 520,
     "ayah": 6,
     "page": 555,
     "width": 320,
     "verse_pos": 5
    },
    {
     "line": 13,
     "left": 16,
     "end": 48,
     "height": 44,
     "top": 520,
     "ayah": 7,
     "page": 555,
     "width": 32,
     "verse_pos": 6
    },
    {
     "line": 14,
     "left": 16,
     "end": 368,
     "height": 42,
     "top": 564,
     "ayah": 7,
     "page": 555,
     "width": 352,
     "verse_pos": 6
    }
   ]