[
 {
  "line": 1,
  "left": 15,
  "end": 372,
  "height": 46,
  "top": 7,
  "ayah": 1,
  "page": 406,
  "width": 357,
  "verse_pos": 0
 },
 {
  "line": 2,
  "left": 202,
  "end": 372,
  "height": 43,
  "top": 53,
  "ayah": 1,
  "page": 406,
  "width": 170,
  "verse_pos": 0
 },
 {
  "line": 2,
  "left": 15,
  "end": 201,
  "height": 43,
  "top": 53,
  "ayah": 2,
  "page": 406,
  "width": 186,
  "verse_pos": 1
 },
 {
  "line": 3,
  "left": 241,
  "end": 372,
  "height": 42,
  "top": 96,
  "ayah": 2,
  "page": 406,
  "width": 131,
  "verse_pos": 1
 },
 {
  "line": 3,
  "left": 15,
  "end": 240,
  "height": 42,
  "top": 96,
  "ayah": 3,
  "page": 406,
  "width": 225,
  "verse_pos": 2
 },
 {
  "line": 4,
  "left": 202,
  "end": 372,
  "height": 42,
  "top": 138,
  "ayah": 3,
  "page": 406,
  "width": 170,
  "verse_pos": 2
 },
 {
  "line": 4,
  "left": 15,
  "end": 201,
  "height": 42,
  "top": 138,
  "ayah": 4,
  "page": 406,
  "width": 186,
  "verse_pos": 3
 },
 {
  "line": 5,
  "left": 15,
  "end": 372,
  "height": 42,
  "top": 180,
  "ayah": 4,
  "page": 406,
  "width": 357,
  "verse_pos": 3
 },
 {
  "line": 6,
  "left": 334,
  "end": 372,
  "height": 46,
  "top": 222,
  "ayah": 4,
  "page": 406,
  "width": 38,
  "verse_pos": 3
 },
 {
  "line": 6,
  "left": 15,
  "end": 333,
  "height": 46,
  "top": 222,
  "ayah": 5,
  "page": 406,
  "width": 318,
  "verse_pos": 4
 },
 {
  "line": 7,
  "left": 261,
  "end": 372,
  "height": 39,
  "top": 268,
  "ayah": 5,
  "page": 406,
  "width": 111,
  "verse_pos": 4
 },
 {
  "line": 7,
  "left": 15,
  "end": 260,
  "height": 39,
  "top": 268,
  "ayah": 6,
  "page": 406,
  "width": 245,
  "verse_pos": 5
 },
 {
  "line": 8,
  "left": 15,
  "end": 372,
  "height": 45,
  "top": 307,
  "ayah": 6,
  "page": 406,
  "width": 357,
  "verse_pos": 5
 },
 {
  "line": 9,
  "left": 134,
  "end": 372,
  "height": 42,
  "top": 352,
  "ayah": 6,
  "page": 406,
  "width": 238,
  "verse_pos": 5
 },
 {
  "line": 9,
  "left": 15,
  "end": 133,
  "height": 42,
  "top": 352,
  "ayah": 7,
  "page": 406,
  "width": 118,
  "verse_pos": 6
 },
 {
  "line": 10,
  "left": 15,
  "end": 372,
  "height": 44,
  "top": 394,
  "ayah": 7,
  "page": 406,
  "width": 357,
  "verse_pos": 6
 },
 {
  "line": 11,
  "left": 181,
  "end": 372,
  "height": 42,
  "top": 438,
  "ayah": 7,
  "page": 406,
  "width": 191,
  "verse_pos": 6
 },
 {
  "line": 11,
  "left": 15,
  "end": 180,
  "height": 42,
  "top": 438,
  "ayah": 8,
  "page": 406,
  "width": 165,
  "verse_pos": 7
 },
 {
  "line": 12,
  "left": 15,
  "end": 372,
  "height": 46,
  "top": 480,
  "ayah": 8,
  "page": 406,
  "width": 357,
  "verse_pos": 7
 },
 {
  "line": 13,
  "left": 211,
  "end": 372,
  "height": 42,
  "top": 526,
  "ayah": 8,
  "page": 406,
  "width": 161,
  "verse_pos": 7
 },
 {
  "line": 13,
  "left": 15,
  "end": 210,
  "height": 42,
  "top": 526,
  "ayah": 9,
  "page": 406,
  "width": 195,
  "verse_pos": 8
 },
 {
  "line": 14,
  "left": 15,
  "end": 372,
  "height": 39,
  "top": 568,
  "ayah": 9,
  "page": 406,
  "width": 357,
  "verse_pos": 8
 },
 {
  "line": 15,
  "left": 15,
  "end": 372,
  "height": 42,
  "top": 607,
  "ayah": 9,
  "page": 406,
  "width": 357,
  "verse_pos": 8
 }
]
