[
 {
  "line": 1,
  "left": 13,
  "end": 376,
  "height": 42,
  "top": 7,
  "ayah": 1,
  "page": 269,
  "width": 363,
  "verse_pos": 0
 },
 {
  "line": 2,
  "left": 220,
  "end": 376,
  "height": 39,
  "top": 49,
  "ayah": 1,
  "page": 269,
  "width": 156,
  "verse_pos": 0
 },
 {
  "line": 2,
  "left": 13,
  "end": 219,
  "height": 39,
  "top": 49,
  "ayah": 2,
  "page": 269,
  "width": 206,
  "verse_pos": 1
 },
 {
  "line": 3,
  "left": 340,
  "end": 376,
  "height": 44,
  "top": 88,
  "ayah": 2,
  "page": 269,
  "width": 36,
  "verse_pos": 1
 },
 {
  "line": 3,
  "left": 44,
  "end": 339,
  "height": 44,
  "top": 88,
  "ayah": 3,
  "page": 269,
  "width": 295,
  "verse_pos": 2
 },
 {
  "line": 3,
  "left": 13,
  "end": 43,
  "height": 44,
  "top": 88,
  "ayah": 4,
  "page": 269,
  "width": 30,
  "verse_pos": 3
 },
 {
  "line": 4,
  "left": 13,
  "end": 376,
  "height": 47,
  "top": 132,
  "ayah": 4,
  "page": 269,
  "width": 363,
  "verse_pos": 3
 },
 {
  "line": 5,
  "left": 117,
  "end": 376,
  "height": 43,
  "top": 179,
  "ayah": 5,
  "page": 269,
  "width": 259,
  "verse_pos": 4
 },
 {
  "line": 5,
  "left": 13,
  "end": 116,
  "height": 43,
  "top": 179,
  "ayah": 6,
  "page": 269,
  "width": 103,
  "verse_pos": 5
 },
 {
  "line": 6,
  "left": 79,
  "end": 376,
  "height": 39,
  "top": 222,
  "ayah": 6,
  "page": 269,
  "width": 297,
  "verse_pos": 5
 },
 {
  "line": 6,
  "left": 13,
  "end": 78,
  "height": 39,
  "top": 222,
  "ayah": 7,
  "page": 269,
  "width": 65,
  "verse_pos": 6
 },
 {
  "line": 7,
  "left": 115,
  "end": 376,
  "height": 46,
  "top": 261,
  "ayah": 7,
  "page": 269,
  "width": 261,
  "verse_pos": 6
 },
 {
  "line": 7,
  "left": 13,
  "end": 114,
  "height": 46,
  "top": 261,
  "ayah": 8,
  "page": 269,
  "width": 101,
  "verse_pos": 7
 },
 {
  "line": 8,
  "left": 13,
  "end": 376,
  "height": 46,
  "top": 307,
  "ayah": 8,
  "page": 269,
  "width": 363,
  "verse_pos": 7
 },
 {
  "line": 9,
  "left": 341,
  "end": 376,
  "height": 38,
  "top": 353,
  "ayah": 8,
  "page": 269,
  "width": 35,
  "verse_pos": 7
 },
 {
  "line": 9,
  "left": 13,
  "end": 340,
  "height": 38,
  "top": 353,
  "ayah": 9,
  "page": 269,
  "width": 327,
  "verse_pos": 8
 },
 {
  "line": 10,
  "left": 197,
  "end": 376,
  "height": 47,
  "top": 391,
  "ayah": 9,
  "page": 269,
  "width": 179,
  "verse_pos": 8
 },
 {
  "line": 10,
  "left": 13,
  "end": 196,
  "height": 47,
  "top": 391,
  "ayah": 10,
  "page": 269,
  "width": 183,
  "verse_pos": 9
 },
 {
  "line": 11,
  "left": 183,
  "end": 376,
  "height": 38,
  "top": 438,
  "ayah": 10,
  "page": 269,
  "width": 193,
  "verse_pos": 9
 },
 {
  "line": 11,
  "left": 13,
  "end": 182,
  "height": 38,
  "top": 438,
  "ayah": 11,
  "page": 269,
  "width": 169,
  "verse_pos": 10
 },
 {
  "line": 12,
  "left": 13,
  "end": 376,
  "height": 46,
  "top": 476,
  "ayah": 11,
  "page": 269,
  "width": 363,
  "verse_pos": 10
 },
 {
  "line": 13,
  "left": 219,
  "end": 376,
  "height": 45,
  "top": 522,
  "ayah": 11,
  "page": 269,
  "width": 157,
  "verse_pos": 10
 },
 {
  "line": 13,
  "left": 13,
  "end": 218,
  "height": 45,
  "top": 522,
  "ayah": 12,
  "page": 269,
  "width": 205,
  "verse_pos": 11
 },
 {
  "line": 14,
  "left": 13,
  "end": 376,
  "height": 43,
  "top": 567,
  "ayah": 12,
  "page": 269,
  "width": 363,
  "verse_pos": 11
 },
 {
  "line": 15,
  "left": 13,
  "end": 376,
  "height": 42,
  "top": 610,
  "ayah": 12,
  "page": 269,
  "width": 363,
  "verse_pos": 11
 }
]