[
 {
  "line": 1,
  "left": 14,
  "end": 373,
  "height": 42,
  "top": 7,
  "ayah": 1,
  "page": 379,
  "width": 359,
  "verse_pos": 0
 },
 {
  "line": 2,
  "left": 248,
  "end": 373,
  "height": 44,
  "top": 49,
  "ayah": 1,
  "page": 379,
  "width": 125,
  "verse_pos": 0
 },
 {
  "line": 2,
  "left": 14,
  "end": 247,
  "height": 44,
  "top": 49,
  "ayah": 2,
  "page": 379,
  "width": 233,
  "verse_pos": 1
 },
 {
  "line": 3,
  "left": 14,
  "end": 373,
  "height": 42,
  "top": 93,
  "ayah": 2,
  "page": 379,
  "width": 359,
  "verse_pos": 1
 },
 {
  "line": 4,
  "left": 234,
  "end": 373,
  "height": 42,
  "top": 135,
  "ayah": 2,
  "page": 379,
  "width": 139,
  "verse_pos": 1
 },
 {
  "line": 4,
  "left": 14,
  "end": 234,
  "height": 42,
  "top": 135,
  "ayah": 3,
  "page": 379,
  "width": 220,
  "verse_pos": 2
 },
 {
  "line": 5,
  "left": 45,
  "end": 373,
  "height": 44,
  "top": 177,
  "ayah": 3,
  "page": 379,
  "width": 328,
  "verse_pos": 2
 },
 {
  "line": 5,
  "left": 14,
  "end": 44,
  "height": 44,
  "top": 177,
  "ayah": 4,
  "page": 379,
  "width": 30,
  "verse_pos": 3
 },
 {
  "line": 6,
  "left": 109,
  "end": 373,
  "height": 44,
  "top": 221,
  "ayah": 4,
  "page": 379,
  "width": 264,
  "verse_pos": 3
 },
 {
  "line": 6,
  "left": 14,
  "end": 108,
  "height": 44,
  "top": 221,
  "ayah": 5,
  "page": 379,
  "width": 94,
  "verse_pos": 4
 },
 {
  "line": 7,
  "left": 149,
  "end": 373,
  "height": 42,
  "top": 265,
  "ayah": 5,
  "page": 379,
  "width": 224,
  "verse_pos": 4
 },
 {
  "line": 7,
  "left": 14,
  "end": 148,
  "height": 42,
  "top": 265,
  "ayah": 6,
  "page": 379,
  "width": 134,
  "verse_pos": 5
 },
 {
  "line": 8,
  "left": 80,
  "end": 373,
  "height": 43,
  "top": 307,
  "ayah": 6,
  "page": 379,
  "width": 293,
  "verse_pos": 5
 },
 {
  "line": 8,
  "left": 14,
  "end": 79,
  "height": 43,
  "top": 307,
  "ayah": 7,
  "page": 379,
  "width": 65,
  "verse_pos": 6
 },
 {
  "line": 9,
  "left": 179,
  "end": 373,
  "height": 45,
  "top": 350,
  "ayah": 7,
  "page": 379,
  "width": 194,
  "verse_pos": 6
 },
 {
  "line": 9,
  "left": 14,
  "end": 178,
  "height": 45,
  "top": 350,
  "ayah": 8,
  "page": 379,
  "width": 164,
  "verse_pos": 7
 },
 {
  "line": 10,
  "left": 219,
  "end": 373,
  "height": 41,
  "top": 395,
  "ayah": 8,
  "page": 379,
  "width": 154,
  "verse_pos": 7
 },
 {
  "line": 10,
  "left": 14,
  "end": 218,
  "height": 41,
  "top": 395,
  "ayah": 9,
  "page": 379,
  "width": 204,
  "verse_pos": 8
 },
 {
  "line": 11,
  "left": 14,
  "end": 373,
  "height": 43,
  "top": 436,
  "ayah": 10,
  "page": 379,
  "width": 359,
  "verse_pos": 9
 },
 {
  "line": 12,
  "left": 285,
  "end": 373,
  "height": 43,
  "top": 479,
  "ayah": 10,
  "page": 379,
  "width": 88,
  "verse_pos": 9
 },
 {
  "line": 12,
  "left": 14,
  "end": 284,
  "height": 43,
  "top": 479,
  "ayah": 11,
  "page": 379,
  "width": 270,
  "verse_pos": 10
 },
 {
  "line": 13,
  "left": 218,
  "end": 373,
  "height": 39,
  "top": 522,
  "ayah": 11,
  "page": 379,
  "width": 155,
  "verse_pos": 10
 },
 {
  "line": 13,
  "left": 14,
  "end": 217,
  "height": 39,
  "top": 522,
  "ayah": 12,
  "page": 379,
  "width": 203,
  "verse_pos": 11
 },
 {
  "line": 14,
  "left": 14,
  "end": 373,
  "height": 47,
  "top": 561,
  "ayah": 12,
  "page": 379,
  "width": 359,
  "verse_pos": 11
 },
 {
  "line": 15,
  "left": 14,
  "end": 373,
  "height": 42,
  "top": 608,
  "ayah": 13,
  "page": 379,
  "width": 359,
  "verse_pos": 12
 }
]