[
 {
  "line": 1,
  "left": 46,
  "end": 381,
  "height": 47,
  "top": 6,
  "ayah": 1,
  "page": 349,
  "width": 335,
  "verse_pos": 0
 },
 {
  "line": 1,
  "left": 11,
  "end": 45,
  "height": 47,
  "top": 6,
  "ayah": 2,
  "page": 349,
  "width": 34,
  "verse_pos": 1
 },
 {
  "line": 2,
  "left": 42,
  "end": 381,
  "height": 40,
  "top": 53,
  "ayah": 2,
  "page": 349,
  "width": 339,
  "verse_pos": 1
 },
 {
  "line": 2,
  "left": 11,
  "end": 41,
  "height": 40,
  "top": 53,
  "ayah": 3,
  "page": 349,
  "width": 30,
  "verse_pos": 2
 },
 {
  "line": 3,
  "left": 110,
  "end": 381,
  "height": 44,
  "top": 93,
  "ayah": 3,
  "page": 349,
  "width": 271,
  "verse_pos": 2
 },
 {
  "line": 3,
  "left": 11,
  "end": 109,
  "height": 44,
  "top": 93,
  "ayah": 4,
  "page": 349,
  "width": 98,
  "verse_pos": 3
 },
 {
  "line": 4,
  "left": 262,
  "end": 381,
  "height": 41,
  "top": 137,
  "ayah": 4,
  "page": 349,
  "width": 119,
  "verse_pos": 3
 },
 {
  "line": 4,
  "left": 11,
  "end": 261,
  "height": 41,
  "top": 137,
  "ayah": 5,
  "page": 349,
  "width": 250,
  "verse_pos": 4
 },
 {
  "line": 5,
  "left": 86,
  "end": 381,
  "height": 44,
  "top": 178,
  "ayah": 5,
  "page": 349,
  "width": 295,
  "verse_pos": 4
 },
 {
  "line": 5,
  "left": 11,
  "end": 85,
  "height": 44,
  "top": 178,
  "ayah": 6,
  "page": 349,
  "width": 74,
  "verse_pos": 5
 },
 {
  "line": 6,
  "left": 11,
  "end": 381,
  "height": 43,
  "top": 222,
  "ayah": 6,
  "page": 349,
  "width": 370,
  "verse_pos": 5
 },
 {
  "line": 7,
  "left": 41,
  "end": 381,
  "height": 44,
  "top": 265,
  "ayah": 7,
  "page": 349,
  "width": 340,
  "verse_pos": 6
 },
 {
  "line": 7,
  "left": 11,
  "end": 40,
  "height": 44,
  "top": 265,
  "ayah": 8,
  "page": 349,
  "width": 29,
  "verse_pos": 7
 },
 {
  "line": 8,
  "left": 142,
  "end": 381,
  "height": 40,
  "top": 309,
  "ayah": 8,
  "page": 349,
  "width": 239,
  "verse_pos": 7
 },
 {
  "line": 8,
  "left": 11,
  "end": 141,
  "height": 40,
  "top": 309,
  "ayah": 9,
  "page": 349,
  "width": 130,
  "verse_pos": 8
 },
 {
  "line": 9,
  "left": 221,
  "end": 381,
  "height": 46,
  "top": 349,
  "ayah": 9,
  "page": 349,
  "width": 160,
  "verse_pos": 8
 },
 {
  "line": 9,
  "left": 11,
  "end": 220,
  "height": 46,
  "top": 349,
  "ayah": 10,
  "page": 349,
  "width": 209,
  "verse_pos": 9
 },
 {
  "line": 10,
  "left": 257,
  "end": 381,
  "height": 39,
  "top": 395,
  "ayah": 10,
  "page": 349,
  "width": 124,
  "verse_pos": 9
 },
 {
  "line": 10,
  "left": 11,
  "end": 256,
  "height": 39,
  "top": 395,
  "ayah": 11,
  "page": 349,
  "width": 245,
  "verse_pos": 10
 },
 {
  "line": 11,
  "left": 235,
  "end": 381,
  "height": 48,
  "top": 434,
  "ayah": 11,
  "page": 349,
  "width": 146,
  "verse_pos": 10
 },
 {
  "line": 11,
  "left": 11,
  "end": 234,
  "height": 48,
  "top": 434,
  "ayah": 12,
  "page": 349,
  "width": 223,
  "verse_pos": 11
 },
 {
  "line": 12,
  "left": 161,
  "end": 381,
  "height": 43,
  "top": 482,
  "ayah": 12,
  "page": 349,
  "width": 220,
  "verse_pos": 11
 },
 {
  "line": 12,
  "left": 11,
  "end": 160,
  "height": 43,
  "top": 482,
  "ayah": 13,
  "page": 349,
  "width": 149,
  "verse_pos": 12
 },
 {
  "line": 13,
  "left": 11,
  "end": 381,
  "height": 42,
  "top": 525,
  "ayah": 13,
  "page": 349,
  "width": 370,
  "verse_pos": 12
 },
 {
  "line": 14,
  "left": 278,
  "end": 381,
  "height": 42,
  "top": 567,
  "ayah": 13,
  "page": 349,
  "width": 103,
  "verse_pos": 12
 },
 {
  "line": 14,
  "left": 11,
  "end": 277,
  "height": 42,
  "top": 567,
  "ayah": 14,
  "page": 349,
  "width": 266,
  "verse_pos": 13
 }
]