[
 {
  "line": 1,
  "left": 18,
  "end": 368,
  "height": 43,
  "top": 7,
  "ayah": 1,
  "page": 74,
  "width": 350,
  "verse_pos": 0
 },
 {
  "line": 2,
  "left": 18,
  "end": 368,
  "height": 43,
  "top": 50,
  "ayah": 1,
  "page": 74,
  "width": 350,
  "verse_pos": 0
 },
 {
  "line": 3,
  "left": 175,
  "end": 368,
  "height": 42,
  "top": 93,
  "ayah": 1,
  "page": 74,
  "width": 193,
  "verse_pos": 0
 },
 {
  "line": 3,
  "left": 18,
  "end": 174,
  "height": 42,
  "top": 93,
  "ayah": 2,
  "page": 74,
  "width": 156,
  "verse_pos": 1
 },
 {
  "line": 4,
  "left": 131,
  "end": 368,
  "height": 43,
  "top": 135,
  "ayah": 2,
  "page": 74,
  "width": 237,
  "verse_pos": 1
 },
 {
  "line": 4,
  "left": 18,
  "end": 130,
  "height": 43,
  "top": 135,
  "ayah": 3,
  "page": 74,
  "width": 112,
  "verse_pos": 2
 },
 {
  "line": 5,
  "left": 18,
  "end": 368,
  "height": 40,
  "top": 178,
  "ayah": 3,
  "page": 74,
  "width": 350,
  "verse_pos": 2
 },
 {
  "line": 6,
  "left": 18,
  "end": 368,
  "height": 47,
  "top": 218,
  "ayah": 3,
  "page": 74,
  "width": 350,
  "verse_pos": 2
 },
 {
  "line": 7,
  "left": 18,
  "end": 368,
  "height": 45,
  "top": 265,
  "ayah": 3,
  "page": 74,
  "width": 350,
  "verse_pos": 2
 },
 {
  "line": 8,
  "left": 18,
  "end": 368,
  "height": 40,
  "top": 310,
  "ayah": 4,
  "page": 74,
  "width": 350,
  "verse_pos": 3
 },
 {
  "line": 9,
  "left": 162,
  "end": 368,
  "height": 44,
  "top": 350,
  "ayah": 4,
  "page": 74,
  "width": 206,
  "verse_pos": 3
 },
 {
  "line": 9,
  "left": 18,
  "end": 161,
  "height": 44,
  "top": 350,
  "ayah": 5,
  "page": 74,
  "width": 143,
  "verse_pos": 4
 },
 {
  "line": 10,
  "left": 18,
  "end": 368,
  "height": 39,
  "top": 394,
  "ayah": 5,
  "page": 74,
  "width": 350,
  "verse_pos": 4
 },
 {
  "line": 11,
  "left": 18,
  "end": 368,
  "height": 45,
  "top": 433,
  "ayah": 5,
  "page": 74,
  "width": 350,
  "verse_pos": 4
 },
 {
  "line": 12,
  "left": 222,
  "end": 368,
  "height": 42,
  "top": 478,
  "ayah": 5,
  "page": 74,
  "width": 146,
  "verse_pos": 4
 },
 {
  "line": 12,
  "left": 18,
  "end": 221,
  "height": 42,
  "top": 478,
  "ayah": 6,
  "page": 74,
  "width": 203,
  "verse_pos": 5
 },
 {
  "line": 13,
  "left": 18,
  "end": 368,
  "height": 44,
  "top": 520,
  "ayah": 6,
  "page": 74,
  "width": 350,
  "verse_pos": 5
 },
 {
  "line": 14,
  "left": 18,
  "end": 368,
  "height": 42,
  "top": 564,
  "ayah": 6,
  "page": 74,
  "width": 350,
  "verse_pos": 5
 },
 {
  "line": 15,
  "left": 18,
  "end": 368,
  "height": 46,
  "top": 606,
  "ayah": 6,
  "page": 74,
  "width": 350,
  "verse_pos": 5
 }
]