[
 {
  "line": 1,
  "left": 14,
  "end": 373,
  "height": 44,
  "top": 7,
  "ayah": 1,
  "page": 206,
  "width": 359,
  "verse_pos": 0
 },
 {
  "line": 2,
  "left": 14,
  "end": 373,
  "height": 40,
  "top": 51,
  "ayah": 1,
  "page": 206,
  "width": 359,
  "verse_pos": 0
 },
 {
  "line": 3,
  "left": 14,
  "end": 373,
  "height": 45,
  "top": 91,
  "ayah": 1,
  "page": 206,
  "width": 359,
  "verse_pos": 0
 },
 {
  "line": 4,
  "left": 283,
  "end": 373,
  "height": 35,
  "top": 136,
  "ayah": 1,
  "page": 206,
  "width": 90,
  "verse_pos": 0
 },
 {
  "line": 4,
  "left": 14,
  "end": 283,
  "height": 35,
  "top": 136,
  "ayah": 2,
  "page": 206,
  "width": 269,
  "verse_pos": 1
 },
 {
  "line": 5,
  "left": 243,
  "end": 373,
  "height": 51,
  "top": 171,
  "ayah": 2,
  "page": 206,
  "width": 130,
  "verse_pos": 1
 },
 {
  "line": 5,
  "left": 14,
  "end": 242,
  "height": 51,
  "top": 171,
  "ayah": 3,
  "page": 206,
  "width": 228,
  "verse_pos": 2
 },
 {
  "line": 6,
  "left": 14,
  "end": 373,
  "height": 39,
  "top": 222,
  "ayah": 3,
  "page": 206,
  "width": 359,
  "verse_pos": 2
 },
 {
  "line": 7,
  "left": 14,
  "end": 373,
  "height": 47,
  "top": 261,
  "ayah": 3,
  "page": 206,
  "width": 359,
  "verse_pos": 2
 },
 {
  "line": 8,
  "left": 14,
  "end": 373,
  "height": 43,
  "top": 308,
  "ayah": 3,
  "page": 206,
  "width": 359,
  "verse_pos": 2
 },
 {
  "line": 9,
  "left": 14,
  "end": 373,
  "height": 38,
  "top": 351,
  "ayah": 3,
  "page": 206,
  "width": 359,
  "verse_pos": 2
 },
 {
  "line": 10,
  "left": 14,
  "end": 373,
  "height": 51,
  "top": 389,
  "ayah": 3,
  "page": 206,
  "width": 359,
  "verse_pos": 2
 },
 {
  "line": 11,
  "left": 14,
  "end": 373,
  "height": 41,
  "top": 440,
  "ayah": 4,
  "page": 206,
  "width": 359,
  "verse_pos": 3
 },
 {
  "line": 12,
  "left": 14,
  "end": 373,
  "height": 37,
  "top": 481,
  "ayah": 4,
  "page": 206,
  "width": 359,
  "verse_pos": 3
 },
 {
  "line": 13,
  "left": 281,
  "end": 373,
  "height": 48,
  "top": 518,
  "ayah": 4,
  "page": 206,
  "width": 92,
  "verse_pos": 3
 },
 {
  "line": 13,
  "left": 14,
  "end": 280,
  "height": 48,
  "top": 518,
  "ayah": 5,
  "page": 206,
  "width": 266,
  "verse_pos": 4
 },
 {
  "line": 14,
  "left": 14,
  "end": 373,
  "height": 43,
  "top": 566,
  "ayah": 5,
  "page": 206,
  "width": 359,
  "verse_pos": 4
 },
 {
  "line": 15,
  "left": 14,
  "end": 373,
  "height": 44,
  "top": 609,
  "ayah": 5,
  "page": 206,
  "width": 359,
  "verse_pos": 4
 }
]