[
 {
  "line": 1,
  "left": 15,
  "end": 374,
  "height": 44,
  "top": 7,
  "ayah": 1,
  "page": 482,
  "width": 359,
  "verse_pos": 0
 },
 {
  "line": 2,
  "left": 15,
  "end": 374,
  "height": 43,
  "top": 51,
  "ayah": 1,
  "page": 482,
  "width": 359,
  "verse_pos": 0
 },
 {
  "line": 3,
  "left": 67,
  "end": 374,
  "height": 39,
  "top": 94,
  "ayah": 1,
  "page": 482,
  "width": 307,
  "verse_pos": 0
 },
 {
  "line": 3,
  "left": 15,
  "end": 66,
  "height": 39,
  "top": 94,
  "ayah": 2,
  "page": 482,
  "width": 51,
  "verse_pos": 1
 },
 {
  "line": 4,
  "left": 15,
  "end": 374,
  "height": 46,
  "top": 133,
  "ayah": 2,
  "page": 482,
  "width": 359,
  "verse_pos": 1
 },
 {
  "line": 5,
  "left": 15,
  "end": 374,
  "height": 45,
  "top": 179,
  "ayah": 3,
  "page": 482,
  "width": 359,
  "verse_pos": 2
 },
 {
  "line": 6,
  "left": 290,
  "end": 374,
  "height": 41,
  "top": 224,
  "ayah": 3,
  "page": 482,
  "width": 84,
  "verse_pos": 2
 },
 {
  "line": 6,
  "left": 15,
  "end": 289,
  "height": 41,
  "top": 224,
  "ayah": 4,
  "page": 482,
  "width": 274,
  "verse_pos": 3
 },
 {
  "line": 7,
  "left": 15,
  "end": 374,
  "height": 43,
  "top": 265,
  "ayah": 4,
  "page": 482,
  "width": 359,
  "verse_pos": 3
 },
 {
  "line": 8,
  "left": 15,
  "end": 374,
  "height": 45,
  "top": 308,
  "ayah": 4,
  "page": 482,
  "width": 359,
  "verse_pos": 3
 },
 {
  "line": 9,
  "left": 151,
  "end": 374,
  "height": 42,
  "top": 353,
  "ayah": 4,
  "page": 482,
  "width": 223,
  "verse_pos": 3
 },
 {
  "line": 9,
  "left": 15,
  "end": 150,
  "height": 42,
  "top": 353,
  "ayah": 5,
  "page": 482,
  "width": 135,
  "verse_pos": 4
 },
 {
  "line": 10,
  "left": 15,
  "end": 374,
  "height": 43,
  "top": 395,
  "ayah": 5,
  "page": 482,
  "width": 359,
  "verse_pos": 4
 },
 {
  "line": 11,
  "left": 338,
  "end": 374,
  "height": 42,
  "top": 438,
  "ayah": 5,
  "page": 482,
  "width": 36,
  "verse_pos": 4
 },
 {
  "line": 11,
  "left": 15,
  "end": 337,
  "height": 42,
  "top": 438,
  "ayah": 6,
  "page": 482,
  "width": 322,
  "verse_pos": 5
 },
 {
  "line": 12,
  "left": 91,
  "end": 374,
  "height": 42,
  "top": 480,
  "ayah": 6,
  "page": 482,
  "width": 283,
  "verse_pos": 5
 },
 {
  "line": 12,
  "left": 15,
  "end": 90,
  "height": 42,
  "top": 480,
  "ayah": 7,
  "page": 482,
  "width": 75,
  "verse_pos": 6
 },
 {
  "line": 13,
  "left": 15,
  "end": 374,
  "height": 44,
  "top": 522,
  "ayah": 7,
  "page": 482,
  "width": 359,
  "verse_pos": 6
 },
 {
  "line": 14,
  "left": 73,
  "end": 374,
  "height": 42,
  "top": 566,
  "ayah": 7,
  "page": 482,
  "width": 301,
  "verse_pos": 6
 },
 {
  "line": 14,
  "left": 15,
  "end": 72,
  "height": 42,
  "top": 566,
  "ayah": 8,
  "page": 482,
  "width": 57,
  "verse_pos": 7
 },
 {
  "line": 15,
  "left": 15,
  "end": 374,
  "height": 42,
  "top": 608,
  "ayah": 8,
  "page": 482,
  "width": 359,
  "verse_pos": 7
 }
]