[
    {
        "line": 1,
        "left": 188,
        "end": 375,
        "height": 42,
        "top": 7,
        "ayah": 1,
        "page": 448,
        "width": 187,
        "verse_pos": 0
    },
    {
        "line": 1,
        "left": 13,
        "end": 187,
        "height": 42,
        "top": 7,
        "ayah": 2,
        "page": 448,
        "width": 174,
        "verse_pos": 1
    },
    {
        "line": 2,
        "left": 289,
        "end": 375,
        "height": 44,
        "top": 49,
        "ayah": 2,
        "page": 448,
        "width": 86,
        "verse_pos": 1
    },
    {
        "line": 2,
        "left": 133,
        "end": 288,
        "height": 44,
        "top": 49,
        "ayah": 3,
        "page": 448,
        "width": 155,
        "verse_pos": 2
    },
    {
        "line": 2,
        "left": 13,
        "end": 132,
        "height": 44,
        "top": 49,
        "ayah": 4,
        "page": 448,
        "width": 119,
        "verse_pos": 3
    },
    {
        "line": 3,
        "left": 286,
        "end": 375,
        "height": 42,
        "top": 93,
        "ayah": 4,
        "page": 448,
        "width": 89,
        "verse_pos": 3
    },
    {
        "line": 3,
        "left": 111,
        "end": 287,
        "height": 42,
        "top": 93,
        "ayah": 5,
        "page": 448,
        "width": 176,
        "verse_pos": 4
    },
    {
        "line": 3,
        "left": 13,
        "end": 110,
        "height": 42,
        "top": 93,
        "ayah": 6,
        "page": 448,
        "width": 97,
        "verse_pos": 5
    },
    {
        "line": 4,
        "left": 206,
        "end": 375,
        "height": 42,
        "top": 135,
        "ayah": 6,
        "page": 448,
        "width": 169,
        "verse_pos": 5
    },
    {
        "line": 4,
        "left": 78,
        "end": 206,
        "height": 42,
        "top": 135,
        "ayah": 7,
        "page": 448,
        "width": 128,
        "verse_pos": 6
    },
    {
        "line": 4,
        "left": 13,
        "end": 77,
        "height": 42,
        "top": 135,
        "ayah": 8,
        "page": 448,
        "width": 64,
        "verse_pos": 7
    },
    {
        "line": 5,
        "left": 192,
        "end": 375,
        "height": 48,
        "top": 177,
        "ayah": 8,
        "page": 448,
        "width": 183,
        "verse_pos": 7
    },
    {
        "line": 5,
        "left": 13,
        "end": 191,
        "height": 42,
        "top": 177,
        "ayah": 9,
        "page": 448,
        "width": 178,
        "verse_pos": 8
    },
    {
        "line": 6,
        "left": 171,
        "end": 375,
        "height": 43,
        "top": 219,
        "ayah": 10,
        "page": 448,
        "width": 204,
        "verse_pos": 9
    },
    {
        "line": 6,
        "left": 13,
        "end": 170,
        "height": 43,
        "top": 219,
        "ayah": 11,
        "page": 448,
        "width": 157,
        "verse_pos": 10
    },
    {
        "line": 7,
        "left": 300,
        "end": 375,
        "height": 44,
        "top": 262,
        "ayah": 11,
        "page": 448,
        "width": 75,
        "verse_pos": 10
    },
    {
        "line": 7,
        "left": 107,
        "end": 299,
        "height": 44,
        "top": 262,
        "ayah": 12,
        "page": 448,
        "width": 192,
        "verse_pos": 11
    },
    {
        "line": 7,
        "left": 13,
        "end": 106,
        "height": 44,
        "top": 262,
        "ayah": 13,
        "page": 448,
        "width": 93,
        "verse_pos": 12
    },
    {
        "line": 8,
        "left": 199,
        "end": 375,
        "height": 44,
        "top": 306,
        "ayah": 13,
        "page": 448,
        "width": 176,
        "verse_pos": 12
    },
    {
        "line": 8,
        "left": 13,
        "end": 198,
        "height": 44,
        "top": 306,
        "ayah": 14,
        "page": 448,
        "width": 185,
        "verse_pos": 13
    },
    {
        "line": 9,
        "left": 340,
        "end": 375,
        "height": 42,
        "top": 350,
        "ayah": 14,
        "page": 448,
        "width": 35,
        "verse_pos": 13
    },
    {
        "line": 9,
        "left": 86,
        "end": 339,
        "height": 42,
        "top": 350,
        "ayah": 15,
        "page": 448,
        "width": 253,
        "verse_pos": 14
    },
    {
        "line": 9,
        "left": 13,
        "end": 85,
        "height": 42,
        "top": 350,
        "ayah": 16,
        "page": 448,
        "width": 72,
        "verse_pos": 15
    },
    {
        "line": 10,
        "left": 213,
        "end": 375,
        "height": 46,
        "top": 392,
        "ayah": 16,
        "page": 448,
        "width": 162,
        "verse_pos": 15
    },
    {
        "line": 10,
        "left": 13,
        "end": 212,
        "height": 46,
        "top": 392,
        "ayah": 17,
        "page": 448,
        "width": 199,
        "verse_pos": 16
    },
    {
        "line": 11,
        "left": 188,
        "end": 375,
        "height": 42,
        "top": 438,
        "ayah": 18,
        "page": 448,
        "width": 187,
        "verse_pos": 17
    },
    {
        "line": 11,
        "left": 13,
        "end": 187,
        "height": 42,
        "top": 438,
        "ayah": 19,
        "page": 448,
        "width": 174,
        "verse_pos": 18
    },
    {
        "line": 12,
        "left": 131,
        "end": 375,
        "height": 41,
        "top": 480,
        "ayah": 20,
        "page": 448,
        "width": 244,
        "verse_pos": 19
    },
    {
        "line": 12,
        "left": 13,
        "end": 130,
        "height": 41,
        "top": 480,
        "ayah": 21,
        "page": 448,
        "width": 117,
        "verse_pos": 20
    },
    {
        "line": 13,
        "left": 284,
        "end": 375,
        "height": 43,
        "top": 521,
        "ayah": 21,
        "page": 448,
        "width": 91,
        "verse_pos": 20
    },
    {
        "line": 13,
        "left": 13,
        "end": 283,
        "height": 43,
        "top": 521,
        "ayah": 22,
        "page": 448,
        "width": 270,
        "verse_pos": 21
    },
    {
        "line": 14,
        "left": 162,
        "end": 375,
        "height": 43,
        "top": 564,
        "ayah": 23,
        "page": 448,
        "width": 213,
        "verse_pos": 22
    },
    {
        "line": 14,
        "left": 13,
        "end": 161,
        "height": 43,
        "top": 564,
        "ayah": 24,
        "page": 448,
        "width": 148,
        "verse_pos": 23
    },
    {
        "line": 15,
        "left": 272,
        "end": 375,
        "height": 42,
        "top": 607,
        "ayah": 24,
        "page": 448,
        "width": 103,
        "verse_pos": 23
    },
    {
        "line": 15,
        "left": 13,
        "end": 271,
        "height": 42,
        "top": 607,
        "ayah": 25,
        "page": 448,
        "width": 258,
        "verse_pos": 24
    }
]