[
    {
     "line": 1,
     "left": 11,
     "end": 376,
     "height": 43,
     "top": 7,
     "ayah": 1,
     "page": 486,
     "width": 365,
     "verse_pos": 0
    },
    {
     "line": 2,
     "left": 11,
     "end": 376,
     "height": 43,
     "top": 50,
     "ayah": 1,
     "page": 486,
     "width": 365,
     "verse_pos": 0
    },
    {
     "line": 3,
     "left": 148,
     "end": 376,
     "height": 40,
     "top": 93,
     "ayah": 1,
     "page": 486,
     "width": 228,
     "verse_pos": 0
    },
    {
     "line": 3,
     "left": 11,
     "end": 147,
     "height": 40,
     "top": 93,
     "ayah": 2,
     "page": 486,
     "width": 136,
     "verse_pos": 1
    },
    {
     "line": 4,
     "left": 11,
     "end": 376,
     "height": 48,
     "top": 133,
     "ayah": 2,
     "page": 486,
     "width": 365,
     "verse_pos": 1
    },
    {
     "line": 5,
     "left": 136,
     "end": 376,
     "height": 43,
     "top": 181,
     "ayah": 2,
     "page": 486,
     "width": 240,
     "verse_pos": 1
    },
    {
     "line": 5,
     "left": 11,
     "end": 135,
     "height": 43,
     "top": 181,
     "ayah": 3,
     "page": 486,
     "width": 124,
     "verse_pos": 2
    },
    {
     "line": 6,
     "left": 11,
     "end": 376,
     "height": 42,
     "top": 224,
     "ayah": 3,
     "page": 486,
     "width": 365,
     "verse_pos": 2
    },
    {
     "line": 7,
     "left": 11,
     "end": 376,
     "height": 45,
     "top": 266,
     "ayah": 4,
     "page": 486,
     "width": 365,
     "verse_pos": 3
    },
    {
     "line": 8,
     "left": 165,
     "end": 376,
     "height": 38,
     "top": 311,
     "ayah": 4,
     "page": 486,
     "width": 211,
     "verse_pos": 3
    },
    {
     "line": 8,
     "left": 11,
     "end": 164,
     "height": 38,
     "top": 311,
     "ayah": 5,
     "page": 486,
     "width": 153,
     "verse_pos": 4
    },
    {
     "line": 9,
     "left": 11,
     "end": 376,
     "height": 47,
     "top": 349,
     "ayah": 5,
     "page": 486,
     "width": 365,
     "verse_pos": 4
    },
    {
     "line": 10,
     "left": 268,
     "end": 376,
     "height": 38,
     "top": 396,
     "ayah": 5,
     "page": 486,
     "width": 108,
     "verse_pos": 4
    },
    {
     "line": 10,
     "left": 11,
     "end": 267,
     "height": 38,
     "top": 396,
     "ayah": 6,
     "page": 486,
     "width": 256,
     "verse_pos": 5
    },
    {
     "line": 11,
     "left": 128,
     "end": 376,
     "height": 47,
     "top": 434,
     "ayah": 6,
     "page": 486,
     "width": 248,
     "verse_pos": 5
    },
    {
     "line": 11,
     "left": 11,
     "end": 127,
     "height": 47,
     "top": 434,
     "ayah": 7,
     "page": 486,
     "width": 116,
     "verse_pos": 6
    },
    {
     "line": 12,
     "left": 11,
     "end": 376,
     "height": 44,
     "top": 481,
     "ayah": 7,
     "page": 486,
     "width": 365,
     "verse_pos": 6
    },
    {
     "line": 13,
     "left": 244,
     "end": 376,
     "height": 40,
     "top": 525,
     "ayah": 7,
     "page": 486,
     "width": 132,
     "verse_pos": 6
    },
    {
     "line": 13,
     "left": 11,
     "end": 243,
     "height": 40,
     "top": 525,
     "ayah": 8,
     "page": 486,
     "width": 232,
     "verse_pos": 7
    },
    {
     "line": 14,
     "left": 132,
     "end": 376,
     "height": 45,
     "top": 565,
     "ayah": 8,
     "page": 486,
     "width": 244,
     "verse_pos": 7
    },
    {
     "line": 14,
     "left": 11,
     "end": 131,
     "height": 45,
     "top": 565,
     "ayah": 9,
     "page": 486,
     "width": 120,
     "verse_pos": 8
    },
    {
     "line": 15,
     "left": 11,
     "end": 376,
     "height": 46,
     "top": 610,
     "ayah": 9,
     "page": 486,
     "width": 365,
     "verse_pos": 8
    }
   ]