[
 {
  "line": 1,
  "left": 15,
  "end": 373,
  "height": 40,
  "top": 7,
  "ayah": 1,
  "page": 432,
  "width": 358,
  "verse_pos": 0
 },
 {
  "line": 2,
  "left": 88,
  "end": 373,
  "height": 45,
  "top": 47,
  "ayah": 1,
  "page": 432,
  "width": 285,
  "verse_pos": 0
 },
 {
  "line": 2,
  "left": 15,
  "end": 87,
  "height": 45,
  "top": 47,
  "ayah": 2,
  "page": 432,
  "width": 72,
  "verse_pos": 1
 },
 {
  "line": 3,
  "left": 15,
  "end": 373,
  "height": 45,
  "top": 92,
  "ayah": 2,
  "page": 432,
  "width": 358,
  "verse_pos": 1
 },
 {
  "line": 4,
  "left": 15,
  "end": 373,
  "height": 40,
  "top": 137,
  "ayah": 2,
  "page": 432,
  "width": 358,
  "verse_pos": 1
 },
 {
  "line": 5,
  "left": 15,
  "end": 373,
  "height": 44,
  "top": 177,
  "ayah": 2,
  "page": 432,
  "width": 358,
  "verse_pos": 1
 },
 {
  "line": 6,
  "left": 145,
  "end": 373,
  "height": 43,
  "top": 221,
  "ayah": 2,
  "page": 432,
  "width": 228,
  "verse_pos": 1
 },
 {
  "line": 6,
  "left": 15,
  "end": 144,
  "height": 43,
  "top": 221,
  "ayah": 3,
  "page": 432,
  "width": 129,
  "verse_pos": 2
 },
 {
  "line": 7,
  "left": 15,
  "end": 373,
  "height": 44,
  "top": 264,
  "ayah": 3,
  "page": 432,
  "width": 358,
  "verse_pos": 2
 },
 {
  "line": 8,
  "left": 15,
  "end": 373,
  "height": 45,
  "top": 308,
  "ayah": 4,
  "page": 432,
  "width": 358,
  "verse_pos": 3
 },
 {
  "line": 9,
  "left": 15,
  "end": 373,
  "height": 41,
  "top": 353,
  "ayah": 5,
  "page": 432,
  "width": 358,
  "verse_pos": 4
 },
 {
  "line": 10,
  "left": 277,
  "end": 373,
  "height": 41,
  "top": 394,
  "ayah": 5,
  "page": 432,
  "width": 96,
  "verse_pos": 4
 },
 {
  "line": 10,
  "left": 15,
  "end": 276,
  "height": 41,
  "top": 394,
  "ayah": 6,
  "page": 432,
  "width": 261,
  "verse_pos": 5
 },
 {
  "line": 11,
  "left": 15,
  "end": 373,
  "height": 45,
  "top": 435,
  "ayah": 6,
  "page": 432,
  "width": 358,
  "verse_pos": 5
 },
 {
  "line": 12,
  "left": 132,
  "end": 373,
  "height": 43,
  "top": 480,
  "ayah": 6,
  "page": 432,
  "width": 241,
  "verse_pos": 5
 },
 {
  "line": 12,
  "left": 15,
  "end": 131,
  "height": 43,
  "top": 480,
  "ayah": 7,
  "page": 432,
  "width": 116,
  "verse_pos": 6
 },
 {
  "line": 13,
  "left": 41,
  "end": 373,
  "height": 42,
  "top": 523,
  "ayah": 7,
  "page": 432,
  "width": 332,
  "verse_pos": 6
 },
 {
  "line": 13,
  "left": 15,
  "end": 40,
  "height": 42,
  "top": 523,
  "ayah": 8,
  "page": 432,
  "width": 25,
  "verse_pos": 7
 },
 {
  "line": 14,
  "left": 15,
  "end": 373,
  "height": 41,
  "top": 565,
  "ayah": 8,
  "page": 432,
  "width": 358,
  "verse_pos": 7
 },
 {
  "line": 15,
  "left": 15,
  "end": 373,
  "height": 42,
  "top": 606,
  "ayah": 8,
  "page": 432,
  "width": 358,
  "verse_pos": 7
 }
]