[
 {
  "line": 1,
  "left": 78,
  "end": 376,
  "height": 43,
  "top": 93,
  "ayah": 2,
  "page": 262,
  "width": 298,
  "verse_pos": 1
 },
 {
  "line": 1,
  "left": 13,
  "end": 77,
  "height": 43,
  "top": 93,
  "ayah": 3,
  "page": 262,
  "width": 64,
  "verse_pos": 2
 },
 {
  "line": 2,
  "left": 128,
  "end": 376,
  "height": 38,
  "top": 136,
  "ayah": 3,
  "page": 262,
  "width": 248,
  "verse_pos": 2
 },
 {
  "line": 2,
  "left": 13,
  "end": 127,
  "height": 38,
  "top": 136,
  "ayah": 4,
  "page": 262,
  "width": 114,
  "verse_pos": 3
 },
 {
  "line": 3,
  "left": 86,
  "end": 376,
  "height": 46,
  "top": 174,
  "ayah": 4,
  "page": 262,
  "width": 290,
  "verse_pos": 3
 },
 {
  "line": 3,
  "left": 13,
  "end": 85,
  "height": 46,
  "top": 174,
  "ayah": 5,
  "page": 262,
  "width": 72,
  "verse_pos": 4
 },
 {
  "line": 4,
  "left": 137,
  "end": 376,
  "height": 44,
  "top": 220,
  "ayah": 5,
  "page": 262,
  "width": 239,
  "verse_pos": 4
 },
 {
  "line": 4,
  "left": 13,
  "end": 136,
  "height": 44,
  "top": 220,
  "ayah": 6,
  "page": 262,
  "width": 123,
  "verse_pos": 5
 },
 {
  "line": 5,
  "left": 204,
  "end": 376,
  "height": 41,
  "top": 264,
  "ayah": 6,
  "page": 262,
  "width": 172,
  "verse_pos": 5
 },
 {
  "line": 5,
  "left": 13,
  "end": 203,
  "height": 41,
  "top": 264,
  "ayah": 7,
  "page": 262,
  "width": 190,
  "verse_pos": 6
 },
 {
  "line": 6,
  "left": 211,
  "end": 376,
  "height": 43,
  "top": 305,
  "ayah": 7,
  "page": 262,
  "width": 165,
  "verse_pos": 6
 },
 {
  "line": 6,
  "left": 13,
  "end": 210,
  "height": 43,
  "top": 305,
  "ayah": 8,
  "page": 262,
  "width": 197,
  "verse_pos": 7
 },
 {
  "line": 7,
  "left": 248,
  "end": 376,
  "height": 45,
  "top": 348,
  "ayah": 8,
  "page": 262,
  "width": 128,
  "verse_pos": 7
 },
 {
  "line": 7,
  "left": 13,
  "end": 247,
  "height": 45,
  "top": 348,
  "ayah": 9,
  "page": 262,
  "width": 234,
  "verse_pos": 8
 },
 {
  "line": 8,
  "left": 265,
  "end": 376,
  "height": 43,
  "top": 393,
  "ayah": 9,
  "page": 262,
  "width": 111,
  "verse_pos": 8
 },
 {
  "line": 8,
  "left": 13,
  "end": 264,
  "height": 43,
  "top": 393,
  "ayah": 10,
  "page": 262,
  "width": 251,
  "verse_pos": 9
 },
 {
  "line": 9,
  "left": 97,
  "end": 376,
  "height": 41,
  "top": 436,
  "ayah": 11,
  "page": 262,
  "width": 279,
  "verse_pos": 10
 },
 {
  "line": 9,
  "left": 13,
  "end": 96,
  "height": 41,
  "top": 436,
  "ayah": 12,
  "page": 262,
  "width": 83,
  "verse_pos": 11
 },
 {
  "line": 10,
  "left": 145,
  "end": 376,
  "height": 46,
  "top": 477,
  "ayah": 12,
  "page": 262,
  "width": 231,
  "verse_pos": 11
 },
 {
  "line": 10,
  "left": 13,
  "end": 144,
  "height": 46,
  "top": 477,
  "ayah": 13,
  "page": 262,
  "width": 131,
  "verse_pos": 12
 },
 {
  "line": 11,
  "left": 233,
  "end": 376,
  "height": 39,
  "top": 523,
  "ayah": 13,
  "page": 262,
  "width": 143,
  "verse_pos": 12
 },
 {
  "line": 11,
  "left": 13,
  "end": 232,
  "height": 39,
  "top": 523,
  "ayah": 14,
  "page": 262,
  "width": 219,
  "verse_pos": 13
 },
 {
  "line": 12,
  "left": 338,
  "end": 376,
  "height": 46,
  "top": 562,
  "ayah": 14,
  "page": 262,
  "width": 38,
  "verse_pos": 13
 },
 {
  "line": 12,
  "left": 13,
  "end": 337,
  "height": 46,
  "top": 562,
  "ayah": 15,
  "page": 262,
  "width": 324,
  "verse_pos": 14
 },
 {
  "line": 13,
  "left": 341,
  "end": 376,
  "height": 46,
  "top": 608,
  "ayah": 15,
  "page": 262,
  "width": 35,
  "verse_pos": 14
 },
 {
  "line": 13,
  "left": 13,
  "end": 340,
  "height": 46,
  "top": 608,
  "ayah": 16,
  "page": 262,
  "width": 327,
  "verse_pos": 15
 }
]