[
 {
  "line": 1,
  "left": 217,
  "end": 376,
  "height": 43,
  "top": 7,
  "ayah": 1,
  "page": 568,
  "width": 159,
  "verse_pos": 0
 },
 {
  "line": 1,
  "left": 68,
  "end": 217,
  "height": 43,
  "top": 7,
  "ayah": 2,
  "page": 568,
  "width": 149,
  "verse_pos": 1
 },
 {
  "line": 1,
  "left": 15,
  "end": 67,
  "height": 43,
  "top": 7,
  "ayah": 3,
  "page": 568,
  "width": 52,
  "verse_pos": 2
 },
 {
  "line": 2,
  "left": 268,
  "end": 376,
  "height": 42,
  "top": 50,
  "ayah": 3,
  "page": 568,
  "width": 108,
  "verse_pos": 2
 },
 {
  "line": 2,
  "left": 128,
  "end": 267,
  "height": 42,
  "top": 50,
  "ayah": 4,
  "page": 568,
  "width": 139,
  "verse_pos": 3
 },
 {
  "line": 2,
  "left": 15,
  "end": 127,
  "height": 42,
  "top": 50,
  "ayah": 5,
  "page": 568,
  "width": 112,
  "verse_pos": 4
 },
 {
  "line": 3,
  "left": 228,
  "end": 376,
  "height": 43,
  "top": 92,
  "ayah": 6,
  "page": 568,
  "width": 148,
  "verse_pos": 5
 },
 {
  "line": 3,
  "left": 15,
  "end": 227,
  "height": 43,
  "top": 92,
  "ayah": 7,
  "page": 568,
  "width": 212,
  "verse_pos": 6
 },
 {
  "line": 4,
  "left": 181,
  "end": 376,
  "height": 44,
  "top": 135,
  "ayah": 8,
  "page": 568,
  "width": 195,
  "verse_pos": 7
 },
 {
  "line": 4,
  "left": 39,
  "end": 180,
  "height": 44,
  "top": 135,
  "ayah": 9,
  "page": 568,
  "width": 141,
  "verse_pos": 8
 },
 {
  "line": 4,
  "left": 15,
  "end": 39,
  "height": 44,
  "top": 135,
  "ayah": 10,
  "page": 568,
  "width": 24,
  "verse_pos": 9
 },
 {
  "line": 5,
  "left": 207,
  "end": 376,
  "height": 43,
  "top": 179,
  "ayah": 10,
  "page": 568,
  "width": 169,
  "verse_pos": 9
 },
 {
  "line": 5,
  "left": 73,
  "end": 207,
  "height": 43,
  "top": 179,
  "ayah": 11,
  "page": 568,
  "width": 134,
  "verse_pos": 10
 },
 {
  "line": 5,
  "left": 15,
  "end": 73,
  "height": 43,
  "top": 179,
  "ayah": 12,
  "page": 568,
  "width": 58,
  "verse_pos": 11
 },
 {
  "line": 6,
  "left": 285,
  "end": 376,
  "height": 42,
  "top": 222,
  "ayah": 12,
  "page": 568,
  "width": 91,
  "verse_pos": 11
 },
 {
  "line": 6,
  "left": 90,
  "end": 284,
  "height": 42,
  "top": 222,
  "ayah": 13,
  "page": 568,
  "width": 194,
  "verse_pos": 12
 },
 {
  "line": 6,
  "left": 15,
  "end": 89,
  "height": 42,
  "top": 222,
  "ayah": 14,
  "page": 568,
  "width": 74,
  "verse_pos": 13
 },
 {
  "line": 7,
  "left": 295,
  "end": 376,
  "height": 44,
  "top": 264,
  "ayah": 14,
  "page": 568,
  "width": 81,
  "verse_pos": 13
 },
 {
  "line": 7,
  "left": 112,
  "end": 294,
  "height": 44,
  "top": 264,
  "ayah": 15,
  "page": 568,
  "width": 182,
  "verse_pos": 14
 },
 {
  "line": 7,
  "left": 15,
  "end": 111,
  "height": 44,
  "top": 264,
  "ayah": 16,
  "page": 568,
  "width": 96,
  "verse_pos": 15
 },
 {
  "line": 8,
  "left": 290,
  "end": 376,
  "height": 39,
  "top": 308,
  "ayah": 16,
  "page": 568,
  "width": 86,
  "verse_pos": 15
 },
 {
  "line": 8,
  "left": 171,
  "end": 290,
  "height": 39,
  "top": 308,
  "ayah": 17,
  "page": 568,
  "width": 119,
  "verse_pos": 16
 },
 {
  "line": 8,
  "left": 15,
  "end": 171,
  "height": 39,
  "top": 308,
  "ayah": 18,
  "page": 568,
  "width": 156,
  "verse_pos": 17
 },
 {
  "line": 9,
  "left": 212,
  "end": 376,
  "height": 44,
  "top": 438,
  "ayah": 20,
  "page": 568,
  "width": 164,
  "verse_pos": 19
 },
 {
  "line": 9,
  "left": 54,
  "end": 211,
  "height": 44,
  "top": 438,
  "ayah": 21,
  "page": 568,
  "width": 157,
  "verse_pos": 20
 },
 {
  "line": 9,
  "left": 15,
  "end": 53,
  "height": 44,
  "top": 438,
  "ayah": 22,
  "page": 568,
  "width": 38,
  "verse_pos": 21
 },
 {
  "line": 10,
  "left": 234,
  "end": 376,
  "height": 41,
  "top": 482,
  "ayah": 22,
  "page": 568,
  "width": 142,
  "verse_pos": 21
 },
 {
  "line": 10,
  "left": 15,
  "end": 234,
  "height": 41,
  "top": 482,
  "ayah": 23,
  "page": 568,
  "width": 219,
  "verse_pos": 22
 },
 {
  "line": 11,
  "left": 147,
  "end": 376,
  "height": 43,
  "top": 523,
  "ayah": 23,
  "page": 568,
  "width": 229,
  "verse_pos": 22
 },
 {
  "line": 11,
  "left": 15,
  "end": 147,
  "height": 43,
  "top": 523,
  "ayah": 24,
  "page": 568,
  "width": 132,
  "verse_pos": 23
 },
 {
  "line": 12,
  "left": 247,
  "end": 376,
  "height": 42,
  "top": 566,
  "ayah": 25,
  "page": 568,
  "width": 129,
  "verse_pos": 24
 },
 {
  "line": 12,
  "left": 157,
  "end": 246,
  "height": 42,
  "top": 566,
  "ayah": 26,
  "page": 568,
  "width": 89,
  "verse_pos": 25
 },
 {
  "line": 12,
  "left": 15,
  "end": 156,
  "height": 42,
  "top": 566,
  "ayah": 27,
  "page": 568,
  "width": 141,
  "verse_pos": 26
 },
 {
  "line": 13,
  "left": 339,
  "end": 376,
  "height": 42,
  "top": 608,
  "ayah": 27,
  "page": 568,
  "width": 37,
  "verse_pos": 26
 },
 {
  "line": 13,
  "left": 178,
  "end": 338,
  "height": 42,
  "top": 608,
  "ayah": 28,
  "page": 568,
  "width": 160,
  "verse_pos": 27
 },
 {
  "line": 13,
  "left": 15,
  "end": 177,
  "height": 42,
  "top": 608,
  "ayah": 29,
  "page": 568,
  "width": 162,
  "verse_pos": 28
 }
]