[
 {
  "line": 1,
  "left": 18,
  "end": 371,
  "height": 41,
  "top": 7,
  "ayah": 1,
  "page": 397,
  "width": 353,
  "verse_pos": 0
 },
 {
  "line": 2,
  "left": 113,
  "end": 371,
  "height": 41,
  "top": 48,
  "ayah": 1,
  "page": 397,
  "width": 258,
  "verse_pos": 0
 },
 {
  "line": 2,
  "left": 18,
  "end": 112,
  "height": 41,
  "top": 48,
  "ayah": 2,
  "page": 397,
  "width": 94,
  "verse_pos": 1
 },
 {
  "line": 3,
  "left": 18,
  "end": 371,
  "height": 41,
  "top": 89,
  "ayah": 2,
  "page": 397,
  "width": 353,
  "verse_pos": 1
 },
 {
  "line": 4,
  "left": 18,
  "end": 371,
  "height": 46,
  "top": 130,
  "ayah": 2,
  "page": 397,
  "width": 353,
  "verse_pos": 1
 },
 {
  "line": 5,
  "left": 18,
  "end": 371,
  "height": 43,
  "top": 176,
  "ayah": 3,
  "page": 397,
  "width": 353,
  "verse_pos": 2
 },
 {
  "line": 6,
  "left": 334,
  "end": 371,
  "height": 44,
  "top": 219,
  "ayah": 3,
  "page": 397,
  "width": 37,
  "verse_pos": 2
 },
 {
  "line": 6,
  "left": 18,
  "end": 333,
  "height": 44,
  "top": 219,
  "ayah": 4,
  "page": 397,
  "width": 315,
  "verse_pos": 3
 },
 {
  "line": 7,
  "left": 18,
  "end": 371,
  "height": 39,
  "top": 263,
  "ayah": 4,
  "page": 397,
  "width": 353,
  "verse_pos": 3
 },
 {
  "line": 8,
  "left": 18,
  "end": 371,
  "height": 46,
  "top": 302,
  "ayah": 4,
  "page": 397,
  "width": 353,
  "verse_pos": 3
 },
 {
  "line": 9,
  "left": 333,
  "end": 371,
  "height": 44,
  "top": 348,
  "ayah": 4,
  "page": 397,
  "width": 38,
  "verse_pos": 3
 },
 {
  "line": 9,
  "left": 18,
  "end": 332,
  "height": 44,
  "top": 348,
  "ayah": 5,
  "page": 397,
  "width": 314,
  "verse_pos": 4
 },
 {
  "line": 10,
  "left": 333,
  "end": 371,
  "height": 44,
  "top": 392,
  "ayah": 5,
  "page": 397,
  "width": 38,
  "verse_pos": 4
 },
 {
  "line": 10,
  "left": 18,
  "end": 332,
  "height": 44,
  "top": 392,
  "ayah": 6,
  "page": 397,
  "width": 314,
  "verse_pos": 5
 },
 {
  "line": 11,
  "left": 18,
  "end": 371,
  "height": 41,
  "top": 436,
  "ayah": 6,
  "page": 397,
  "width": 353,
  "verse_pos": 5
 },
 {
  "line": 12,
  "left": 187,
  "end": 371,
  "height": 44,
  "top": 477,
  "ayah": 6,
  "page": 397,
  "width": 184,
  "verse_pos": 5
 },
 {
  "line": 12,
  "left": 18,
  "end": 186,
  "height": 44,
  "top": 477,
  "ayah": 7,
  "page": 397,
  "width": 168,
  "verse_pos": 6
 },
 {
  "line": 13,
  "left": 18,
  "end": 371,
  "height": 43,
  "top": 521,
  "ayah": 7,
  "page": 397,
  "width": 353,
  "verse_pos": 6
 },
 {
  "line": 14,
  "left": 333,
  "end": 371,
  "height": 41,
  "top": 564,
  "ayah": 7,
  "page": 397,
  "width": 38,
  "verse_pos": 6
 },
 {
  "line": 14,
  "left": 18,
  "end": 332,
  "height": 41,
  "top": 564,
  "ayah": 8,
  "page": 397,
  "width": 314,
  "verse_pos": 7
 },
 {
  "line": 15,
  "left": 18,
  "end": 371,
  "height": 42,
  "top": 605,
  "ayah": 8,
  "page": 397,
  "width": 353,
  "verse_pos": 7
 }
]