[
 {
  "line": 1,
  "left": 16,
  "end": 372,
  "height": 42,
  "top": 6,
  "ayah": 1,
  "page": 104,
  "width": 356,
  "verse_pos": 0
 },
 {
  "line": 2,
  "left": 16,
  "end": 372,
  "height": 38,
  "top": 48,
  "ayah": 1,
  "page": 104,
  "width": 356,
  "verse_pos": 0
 },
 {
  "line": 3,
  "left": 16,
  "end": 372,
  "height": 48,
  "top": 86,
  "ayah": 1,
  "page": 104,
  "width": 356,
  "verse_pos": 0
 },
 {
  "line": 4,
  "left": 206,
  "end": 372,
  "height": 40,
  "top": 134,
  "ayah": 1,
  "page": 104,
  "width": 166,
  "verse_pos": 0
 },
 {
  "line": 4,
  "left": 16,
  "end": 205,
  "height": 40,
  "top": 134,
  "ayah": 2,
  "page": 104,
  "width": 189,
  "verse_pos": 1
 },
 {
  "line": 5,
  "left": 16,
  "end": 372,
  "height": 43,
  "top": 174,
  "ayah": 2,
  "page": 104,
  "width": 356,
  "verse_pos": 1
 },
 {
  "line": 6,
  "left": 256,
  "end": 372,
  "height": 45,
  "top": 217,
  "ayah": 2,
  "page": 104,
  "width": 116,
  "verse_pos": 1
 },
 {
  "line": 6,
  "left": 16,
  "end": 255,
  "height": 45,
  "top": 217,
  "ayah": 3,
  "page": 104,
  "width": 239,
  "verse_pos": 2
 },
 {
  "line": 7,
  "left": 16,
  "end": 372,
  "height": 41,
  "top": 262,
  "ayah": 3,
  "page": 104,
  "width": 356,
  "verse_pos": 2
 },
 {
  "line": 8,
  "left": 337,
  "end": 372,
  "height": 44,
  "top": 303,
  "ayah": 3,
  "page": 104,
  "width": 35,
  "verse_pos": 2
 },
 {
  "line": 8,
  "left": 16,
  "end": 336,
  "height": 44,
  "top": 303,
  "ayah": 4,
  "page": 104,
  "width": 320,
  "verse_pos": 3
 },
 {
  "line": 9,
  "left": 80,
  "end": 372,
  "height": 44,
  "top": 347,
  "ayah": 4,
  "page": 104,
  "width": 292,
  "verse_pos": 3
 },
 {
  "line": 9,
  "left": 16,
  "end": 79,
  "height": 44,
  "top": 347,
  "ayah": 5,
  "page": 104,
  "width": 63,
  "verse_pos": 4
 },
 {
  "line": 10,
  "left": 16,
  "end": 372,
  "height": 40,
  "top": 391,
  "ayah": 5,
  "page": 104,
  "width": 356,
  "verse_pos": 4
 },
 {
  "line": 11,
  "left": 339,
  "end": 372,
  "height": 43,
  "top": 431,
  "ayah": 5,
  "page": 104,
  "width": 33,
  "verse_pos": 4
 },
 {
  "line": 11,
  "left": 16,
  "end": 338,
  "height": 43,
  "top": 431,
  "ayah": 6,
  "page": 104,
  "width": 322,
  "verse_pos": 5
 },
 {
  "line": 12,
  "left": 235,
  "end": 372,
  "height": 46,
  "top": 474,
  "ayah": 6,
  "page": 104,
  "width": 137,
  "verse_pos": 5
 },
 {
  "line": 12,
  "left": 16,
  "end": 235,
  "height": 46,
  "top": 474,
  "ayah": 7,
  "page": 104,
  "width": 219,
  "verse_pos": 6
 },
 {
  "line": 13,
  "left": 186,
  "end": 372,
  "height": 40,
  "top": 520,
  "ayah": 7,
  "page": 104,
  "width": 186,
  "verse_pos": 6
 },
 {
  "line": 13,
  "left": 16,
  "end": 185,
  "height": 40,
  "top": 520,
  "ayah": 8,
  "page": 104,
  "width": 169,
  "verse_pos": 7
 },
 {
  "line": 14,
  "left": 16,
  "end": 372,
  "height": 47,
  "top": 560,
  "ayah": 8,
  "page": 104,
  "width": 356,
  "verse_pos": 7
 },
 {
  "line": 15,
  "left": 16,
  "end": 372,
  "height": 42,
  "top": 607,
  "ayah": 8,
  "page": 104,
  "width": 356,
  "verse_pos": 7
 }
]