[
 {
  "line": 1,
  "left": 15,
  "end": 373,
  "height": 41,
  "top": 41,
  "ayah": 2,
  "page": 350,
  "width": 358,
  "verse_pos": 1
 },
 {
  "line": 2,
  "left": 338,
  "end": 373,
  "height": 47,
  "top": 82,
  "ayah": 2,
  "page": 350,
  "width": 35,
  "verse_pos": 1
 },
 {
  "line": 2,
  "left": 15,
  "end": 337,
  "height": 47,
  "top": 82,
  "ayah": 3,
  "page": 350,
  "width": 322,
  "verse_pos": 2
 },
 {
  "line": 3,
  "left": 15,
  "end": 373,
  "height": 43,
  "top": 129,
  "ayah": 3,
  "page": 350,
  "width": 358,
  "verse_pos": 2
 },
 {
  "line": 4,
  "left": 178,
  "end": 373,
  "height": 40,
  "top": 172,
  "ayah": 3,
  "page": 350,
  "width": 195,
  "verse_pos": 2
 },
 {
  "line": 4,
  "left": 15,
  "end": 177,
  "height": 40,
  "top": 172,
  "ayah": 4,
  "page": 350,
  "width": 162,
  "verse_pos": 3
 },
 {
  "line": 5,
  "left": 15,
  "end": 373,
  "height": 46,
  "top": 212,
  "ayah": 4,
  "page": 350,
  "width": 358,
  "verse_pos": 3
 },
 {
  "line": 6,
  "left": 283,
  "end": 373,
  "height": 40,
  "top": 258,
  "ayah": 4,
  "page": 350,
  "width": 90,
  "verse_pos": 3
 },
 {
  "line": 6,
  "left": 15,
  "end": 282,
  "height": 40,
  "top": 258,
  "ayah": 5,
  "page": 350,
  "width": 267,
  "verse_pos": 4
 },
 {
  "line": 7,
  "left": 15,
  "end": 373,
  "height": 47,
  "top": 298,
  "ayah": 5,
  "page": 350,
  "width": 358,
  "verse_pos": 4
 },
 {
  "line": 8,
  "left": 283,
  "end": 373,
  "height": 43,
  "top": 345,
  "ayah": 5,
  "page": 350,
  "width": 90,
  "verse_pos": 4
 },
 {
  "line": 8,
  "left": 15,
  "end": 282,
  "height": 43,
  "top": 345,
  "ayah": 6,
  "page": 350,
  "width": 267,
  "verse_pos": 5
 },
 {
  "line": 9,
  "left": 301,
  "end": 373,
  "height": 41,
  "top": 388,
  "ayah": 6,
  "page": 350,
  "width": 72,
  "verse_pos": 5
 },
 {
  "line": 9,
  "left": 15,
  "end": 300,
  "height": 41,
  "top": 388,
  "ayah": 7,
  "page": 350,
  "width": 285,
  "verse_pos": 6
 },
 {
  "line": 10,
  "left": 15,
  "end": 373,
  "height": 45,
  "top": 429,
  "ayah": 7,
  "page": 350,
  "width": 358,
  "verse_pos": 6
 },
 {
  "line": 11,
  "left": 60,
  "end": 373,
  "height": 42,
  "top": 474,
  "ayah": 8,
  "page": 350,
  "width": 313,
  "verse_pos": 7
 },
 {
  "line": 11,
  "left": 15,
  "end": 59,
  "height": 42,
  "top": 474,
  "ayah": 9,
  "page": 350,
  "width": 44,
  "verse_pos": 8
 },
 {
  "line": 12,
  "left": 15,
  "end": 373,
  "height": 43,
  "top": 516,
  "ayah": 9,
  "page": 350,
  "width": 358,
  "verse_pos": 8
 },
 {
  "line": 13,
  "left": 337,
  "end": 373,
  "height": 42,
  "top": 559,
  "ayah": 9,
  "page": 350,
  "width": 36,
  "verse_pos": 8
 },
 {
  "line": 13,
  "left": 15,
  "end": 336,
  "height": 42,
  "top": 559,
  "ayah": 10,
  "page": 350,
  "width": 321,
  "verse_pos": 9
 },
 {
  "line": 14,
  "left": 15,
  "end": 373,
  "height": 42,
  "top": 601,
  "ayah": 11,
  "page": 350,
  "width": 358,
  "verse_pos": 10
 }
]