[
 {
  "line": 1,
  "left": 16,
  "end": 371,
  "height": 43,
  "top": 7,
  "ayah": 1,
  "page": 271,
  "width": 355,
  "verse_pos": 0
 },
 {
  "line": 2,
  "left": 16,
  "end": 371,
  "height": 42,
  "top": 50,
  "ayah": 1,
  "page": 271,
  "width": 355,
  "verse_pos": 0
 },
 {
  "line": 3,
  "left": 16,
  "end": 371,
  "height": 41,
  "top": 92,
  "ayah": 1,
  "page": 271,
  "width": 355,
  "verse_pos": 0
 },
 {
  "line": 4,
  "left": 334,
  "end": 371,
  "height": 43,
  "top": 133,
  "ayah": 1,
  "page": 271,
  "width": 37,
  "verse_pos": 0
 },
 {
  "line": 4,
  "left": 16,
  "end": 333,
  "height": 43,
  "top": 133,
  "ayah": 2,
  "page": 271,
  "width": 317,
  "verse_pos": 1
 },
 {
  "line": 5,
  "left": 16,
  "end": 371,
  "height": 42,
  "top": 176,
  "ayah": 2,
  "page": 271,
  "width": 355,
  "verse_pos": 1
 },
 {
  "line": 6,
  "left": 16,
  "end": 371,
  "height": 49,
  "top": 218,
  "ayah": 2,
  "page": 271,
  "width": 355,
  "verse_pos": 1
 },
 {
  "line": 7,
  "left": 160,
  "end": 371,
  "height": 37,
  "top": 267,
  "ayah": 2,
  "page": 271,
  "width": 211,
  "verse_pos": 1
 },
 {
  "line": 7,
  "left": 16,
  "end": 159,
  "height": 37,
  "top": 267,
  "ayah": 3,
  "page": 271,
  "width": 143,
  "verse_pos": 2
 },
 {
  "line": 8,
  "left": 16,
  "end": 371,
  "height": 44,
  "top": 304,
  "ayah": 3,
  "page": 271,
  "width": 355,
  "verse_pos": 2
 },
 {
  "line": 9,
  "left": 16,
  "end": 371,
  "height": 46,
  "top": 348,
  "ayah": 4,
  "page": 271,
  "width": 355,
  "verse_pos": 3
 },
 {
  "line": 10,
  "left": 16,
  "end": 371,
  "height": 43,
  "top": 394,
  "ayah": 4,
  "page": 271,
  "width": 355,
  "verse_pos": 3
 },
 {
  "line": 11,
  "left": 16,
  "end": 371,
  "height": 43,
  "top": 437,
  "ayah": 5,
  "page": 271,
  "width": 355,
  "verse_pos": 4
 },
 {
  "line": 12,
  "left": 234,
  "end": 371,
  "height": 42,
  "top": 480,
  "ayah": 5,
  "page": 271,
  "width": 137,
  "verse_pos": 4
 },
 {
  "line": 12,
  "left": 16,
  "end": 234,
  "height": 42,
  "top": 480,
  "ayah": 6,
  "page": 271,
  "width": 218,
  "verse_pos": 5
 },
 {
  "line": 13,
  "left": 248,
  "end": 371,
  "height": 40,
  "top": 522,
  "ayah": 6,
  "page": 271,
  "width": 123,
  "verse_pos": 5
 },
 {
  "line": 13,
  "left": 16,
  "end": 247,
  "height": 40,
  "top": 522,
  "ayah": 7,
  "page": 271,
  "width": 231,
  "verse_pos": 6
 },
 {
  "line": 14,
  "left": 16,
  "end": 371,
  "height": 46,
  "top": 562,
  "ayah": 7,
  "page": 271,
  "width": 355,
  "verse_pos": 6
 },
 {
  "line": 15,
  "left": 287,
  "end": 371,
  "height": 46,
  "top": 608,
  "ayah": 7,
  "page": 271,
  "width": 84,
  "verse_pos": 6
 },
 {
  "line": 15,
  "left": 16,
  "end": 286,
  "height": 46,
  "top": 608,
  "ayah": 8,
  "page": 271,
  "width": 270,
  "verse_pos": 7
 }
]