[
 {
  "line": 1,
  "left": 17,
  "end": 372,
  "height": 44,
  "top": 92,
  "ayah": 2,
  "page": 428,
  "width": 355,
  "verse_pos": 1
 },
 {
  "line": 2,
  "left": 154,
  "end": 372,
  "height": 42,
  "top": 136,
  "ayah": 2,
  "page": 428,
  "width": 218,
  "verse_pos": 1
 },
 {
  "line": 2,
  "left": 17,
  "end": 153,
  "height": 42,
  "top": 136,
  "ayah": 3,
  "page": 428,
  "width": 136,
  "verse_pos": 2
 },
 {
  "line": 3,
  "left": 17,
  "end": 372,
  "height": 40,
  "top": 178,
  "ayah": 3,
  "page": 428,
  "width": 355,
  "verse_pos": 2
 },
 {
  "line": 4,
  "left": 232,
  "end": 372,
  "height": 45,
  "top": 218,
  "ayah": 3,
  "page": 428,
  "width": 140,
  "verse_pos": 2
 },
 {
  "line": 4,
  "left": 17,
  "end": 231,
  "height": 45,
  "top": 218,
  "ayah": 4,
  "page": 428,
  "width": 214,
  "verse_pos": 3
 },
 {
  "line": 5,
  "left": 17,
  "end": 372,
  "height": 42,
  "top": 263,
  "ayah": 4,
  "page": 428,
  "width": 355,
  "verse_pos": 3
 },
 {
  "line": 6,
  "left": 17,
  "end": 372,
  "height": 44,
  "top": 305,
  "ayah": 4,
  "page": 428,
  "width": 355,
  "verse_pos": 3
 },
 {
  "line": 7,
  "left": 116,
  "end": 372,
  "height": 44,
  "top": 349,
  "ayah": 4,
  "page": 428,
  "width": 256,
  "verse_pos": 3
 },
 {
  "line": 7,
  "left": 17,
  "end": 115,
  "height": 44,
  "top": 349,
  "ayah": 5,
  "page": 428,
  "width": 98,
  "verse_pos": 4
 },
 {
  "line": 8,
  "left": 17,
  "end": 372,
  "height": 41,
  "top": 393,
  "ayah": 5,
  "page": 428,
  "width": 355,
  "verse_pos": 4
 },
 {
  "line": 9,
  "left": 264,
  "end": 372,
  "height": 43,
  "top": 434,
  "ayah": 5,
  "page": 428,
  "width": 108,
  "verse_pos": 4
 },
 {
  "line": 9,
  "left": 17,
  "end": 263,
  "height": 43,
  "top": 434,
  "ayah": 6,
  "page": 428,
  "width": 246,
  "verse_pos": 5
 },
 {
  "line": 10,
  "left": 172,
  "end": 372,
  "height": 45,
  "top": 477,
  "ayah": 6,
  "page": 428,
  "width": 200,
  "verse_pos": 5
 },
 {
  "line": 10,
  "left": 17,
  "end": 171,
  "height": 45,
  "top": 477,
  "ayah": 7,
  "page": 428,
  "width": 154,
  "verse_pos": 6
 },
 {
  "line": 11,
  "left": 17,
  "end": 372,
  "height": 41,
  "top": 522,
  "ayah": 7,
  "page": 428,
  "width": 355,
  "verse_pos": 6
 },
 {
  "line": 12,
  "left": 244,
  "end": 372,
  "height": 42,
  "top": 563,
  "ayah": 7,
  "page": 428,
  "width": 128,
  "verse_pos": 6
 },
 {
  "line": 12,
  "left": 17,
  "end": 243,
  "height": 42,
  "top": 563,
  "ayah": 8,
  "page": 428,
  "width": 226,
  "verse_pos": 7
 },
 {
  "line": 13,
  "left": 17,
  "end": 372,
  "height": 44,
  "top": 605,
  "ayah": 8,
  "page": 428,
  "width": 355,
  "verse_pos": 7
 }
]