[
 {
  "line": 1,
  "left": 18,
  "end": 368,
  "height": 44,
  "top": 7,
  "ayah": 1,
  "page": 66,
  "width": 350,
  "verse_pos": 0
 },
 {
  "line": 2,
  "left": 193,
  "end": 368,
  "height": 39,
  "top": 51,
  "ayah": 1,
  "page": 66,
  "width": 175,
  "verse_pos": 0
 },
 {
  "line": 2,
  "left": 18,
  "end": 192,
  "height": 39,
  "top": 51,
  "ayah": 2,
  "page": 66,
  "width": 174,
  "verse_pos": 1
 },
 {
  "line": 3,
  "left": 137,
  "end": 368,
  "height": 48,
  "top": 90,
  "ayah": 2,
  "page": 66,
  "width": 231,
  "verse_pos": 1
 },
 {
  "line": 3,
  "left": 18,
  "end": 136,
  "height": 48,
  "top": 90,
  "ayah": 3,
  "page": 66,
  "width": 118,
  "verse_pos": 2
 },
 {
  "line": 4,
  "left": 18,
  "end": 368,
  "height": 44,
  "top": 138,
  "ayah": 3,
  "page": 66,
  "width": 350,
  "verse_pos": 2
 },
 {
  "line": 5,
  "left": 283,
  "end": 368,
  "height": 42,
  "top": 182,
  "ayah": 3,
  "page": 66,
  "width": 85,
  "verse_pos": 2
 },
 {
  "line": 5,
  "left": 18,
  "end": 282,
  "height": 42,
  "top": 182,
  "ayah": 4,
  "page": 66,
  "width": 264,
  "verse_pos": 3
 },
 {
  "line": 6,
  "left": 18,
  "end": 368,
  "height": 43,
  "top": 224,
  "ayah": 4,
  "page": 66,
  "width": 350,
  "verse_pos": 3
 },
 {
  "line": 7,
  "left": 334,
  "end": 368,
  "height": 41,
  "top": 267,
  "ayah": 4,
  "page": 66,
  "width": 34,
  "verse_pos": 3
 },
 {
  "line": 7,
  "left": 18,
  "end": 333,
  "height": 41,
  "top": 267,
  "ayah": 5,
  "page": 66,
  "width": 315,
  "verse_pos": 4
 },
 {
  "line": 8,
  "left": 103,
  "end": 368,
  "height": 46,
  "top": 308,
  "ayah": 5,
  "page": 66,
  "width": 265,
  "verse_pos": 4
 },
 {
  "line": 8,
  "left": 18,
  "end": 102,
  "height": 46,
  "top": 308,
  "ayah": 6,
  "page": 66,
  "width": 84,
  "verse_pos": 5
 },
 {
  "line": 9,
  "left": 79,
  "end": 368,
  "height": 41,
  "top": 354,
  "ayah": 6,
  "page": 66,
  "width": 289,
  "verse_pos": 5
 },
 {
  "line": 9,
  "left": 18,
  "end": 78,
  "height": 41,
  "top": 354,
  "ayah": 7,
  "page": 66,
  "width": 60,
  "verse_pos": 6
 },
 {
  "line": 10,
  "left": 18,
  "end": 368,
  "height": 47,
  "top": 395,
  "ayah": 7,
  "page": 66,
  "width": 350,
  "verse_pos": 6
 },
 {
  "line": 11,
  "left": 334,
  "end": 368,
  "height": 38,
  "top": 442,
  "ayah": 7,
  "page": 66,
  "width": 34,
  "verse_pos": 6
 },
 {
  "line": 11,
  "left": 18,
  "end": 333,
  "height": 38,
  "top": 442,
  "ayah": 8,
  "page": 66,
  "width": 315,
  "verse_pos": 7
 },
 {
  "line": 12,
  "left": 111,
  "end": 368,
  "height": 41,
  "top": 480,
  "ayah": 8,
  "page": 66,
  "width": 257,
  "verse_pos": 7
 },
 {
  "line": 12,
  "left": 18,
  "end": 110,
  "height": 41,
  "top": 480,
  "ayah": 9,
  "page": 66,
  "width": 92,
  "verse_pos": 8
 },
 {
  "line": 13,
  "left": 18,
  "end": 368,
  "height": 46,
  "top": 521,
  "ayah": 9,
  "page": 66,
  "width": 350,
  "verse_pos": 8
 },
 {
  "line": 14,
  "left": 231,
  "end": 368,
  "height": 45,
  "top": 567,
  "ayah": 9,
  "page": 66,
  "width": 137,
  "verse_pos": 8
 },
 {
  "line": 14,
  "left": 18,
  "end": 230,
  "height": 45,
  "top": 567,
  "ayah": 10,
  "page": 66,
  "width": 212,
  "verse_pos": 9
 },
 {
  "line": 15,
  "left": 332,
  "end": 368,
  "height": 42,
  "top": 612,
  "ayah": 10,
  "page": 66,
  "width": 36,
  "verse_pos": 9
 },
 {
  "line": 15,
  "left": 18,
  "end": 331,
  "height": 42,
  "top": 612,
  "ayah": 11,
  "page": 66,
  "width": 313,
  "verse_pos": 10
 }
]