[
 {
  "line": 1,
  "left": 16,
  "end": 370,
  "height": 44,
  "top": 7,
  "ayah": 1,
  "page": 61,
  "width": 354,
  "verse_pos": 0
 },
 {
  "line": 2,
  "left": 16,
  "end": 370,
  "height": 44,
  "top": 51,
  "ayah": 1,
  "page": 61,
  "width": 354,
  "verse_pos": 0
 },
 {
  "line": 3,
  "left": 16,
  "end": 370,
  "height": 43,
  "top": 95,
  "ayah": 1,
  "page": 61,
  "width": 354,
  "verse_pos": 0
 },
 {
  "line": 4,
  "left": 160,
  "end": 370,
  "height": 42,
  "top": 138,
  "ayah": 1,
  "page": 61,
  "width": 210,
  "verse_pos": 0
 },
 {
  "line": 4,
  "left": 16,
  "end": 159,
  "height": 42,
  "top": 138,
  "ayah": 2,
  "page": 61,
  "width": 143,
  "verse_pos": 1
 },
 {
  "line": 5,
  "left": 16,
  "end": 370,
  "height": 45,
  "top": 180,
  "ayah": 2,
  "page": 61,
  "width": 354,
  "verse_pos": 1
 },
 {
  "line": 6,
  "left": 16,
  "end": 370,
  "height": 41,
  "top": 225,
  "ayah": 3,
  "page": 61,
  "width": 354,
  "verse_pos": 2
 },
 {
  "line": 7,
  "left": 16,
  "end": 370,
  "height": 41,
  "top": 266,
  "ayah": 3,
  "page": 61,
  "width": 354,
  "verse_pos": 2
 },
 {
  "line": 8,
  "left": 267,
  "end": 370,
  "height": 45,
  "top": 307,
  "ayah": 3,
  "page": 61,
  "width": 103,
  "verse_pos": 2
 },
 {
  "line": 8,
  "left": 16,
  "end": 266,
  "height": 45,
  "top": 307,
  "ayah": 4,
  "page": 61,
  "width": 250,
  "verse_pos": 3
 },
 {
  "line": 9,
  "left": 155,
  "end": 370,
  "height": 43,
  "top": 352,
  "ayah": 4,
  "page": 61,
  "width": 215,
  "verse_pos": 3
 },
 {
  "line": 9,
  "left": 16,
  "end": 154,
  "height": 43,
  "top": 352,
  "ayah": 5,
  "page": 61,
  "width": 138,
  "verse_pos": 4
 },
 {
  "line": 10,
  "left": 130,
  "end": 370,
  "height": 45,
  "top": 395,
  "ayah": 5,
  "page": 61,
  "width": 240,
  "verse_pos": 4
 },
 {
  "line": 10,
  "left": 16,
  "end": 130,
  "height": 45,
  "top": 395,
  "ayah": 6,
  "page": 61,
  "width": 114,
  "verse_pos": 5
 },
 {
  "line": 11,
  "left": 71,
  "end": 370,
  "height": 42,
  "top": 440,
  "ayah": 6,
  "page": 61,
  "width": 299,
  "verse_pos": 5
 },
 {
  "line": 11,
  "left": 16,
  "end": 70,
  "height": 42,
  "top": 440,
  "ayah": 7,
  "page": 61,
  "width": 54,
  "verse_pos": 6
 },
 {
  "line": 12,
  "left": 16,
  "end": 370,
  "height": 40,
  "top": 482,
  "ayah": 7,
  "page": 61,
  "width": 354,
  "verse_pos": 6
 },
 {
  "line": 13,
  "left": 179,
  "end": 370,
  "height": 42,
  "top": 522,
  "ayah": 7,
  "page": 61,
  "width": 191,
  "verse_pos": 6
 },
 {
  "line": 13,
  "left": 16,
  "end": 178,
  "height": 45,
  "top": 522,
  "ayah": 8,
  "page": 61,
  "width": 162,
  "verse_pos": 7
 },
 {
  "line": 14,
  "left": 16,
  "end": 370,
  "height": 42,
  "top": 567,
  "ayah": 8,
  "page": 61,
  "width": 354,
  "verse_pos": 7
 },
 {
  "line": 15,
  "left": 16,
  "end": 370,
  "height": 44,
  "top": 609,
  "ayah": 8,
  "page": 61,
  "width": 354,
  "verse_pos": 7
 }
]