[
 {
  "line": 1,
  "left": 17,
  "end": 377,
  "height": 43,
  "top": 7,
  "ayah": 1,
  "page": 319,
  "width": 360,
  "verse_pos": 0
 },
 {
  "line": 2,
  "left": 278,
  "end": 377,
  "height": 44,
  "top": 50,
  "ayah": 1,
  "page": 319,
  "width": 99,
  "verse_pos": 0
 },
 {
  "line": 2,
  "left": 17,
  "end": 277,
  "height": 44,
  "top": 50,
  "ayah": 2,
  "page": 319,
  "width": 260,
  "verse_pos": 1
 },
 {
  "line": 3,
  "left": 335,
  "end": 377,
  "height": 43,
  "top": 94,
  "ayah": 2,
  "page": 319,
  "width": 42,
  "verse_pos": 1
 },
 {
  "line": 3,
  "left": 70,
  "end": 334,
  "height": 43,
  "top": 94,
  "ayah": 3,
  "page": 319,
  "width": 264,
  "verse_pos": 2
 },
 {
  "line": 3,
  "left": 17,
  "end": 69,
  "height": 43,
  "top": 94,
  "ayah": 4,
  "page": 319,
  "width": 52,
  "verse_pos": 3
 },
 {
  "line": 4,
  "left": 109,
  "end": 377,
  "height": 41,
  "top": 137,
  "ayah": 4,
  "page": 319,
  "width": 268,
  "verse_pos": 3
 },
 {
  "line": 4,
  "left": 17,
  "end": 108,
  "height": 41,
  "top": 137,
  "ayah": 5,
  "page": 319,
  "width": 91,
  "verse_pos": 4
 },
 {
  "line": 5,
  "left": 193,
  "end": 377,
  "height": 44,
  "top": 178,
  "ayah": 5,
  "page": 319,
  "width": 184,
  "verse_pos": 4
 },
 {
  "line": 5,
  "left": 17,
  "end": 192,
  "height": 44,
  "top": 178,
  "ayah": 6,
  "page": 319,
  "width": 175,
  "verse_pos": 5
 },
 {
  "line": 6,
  "left": 140,
  "end": 377,
  "height": 42,
  "top": 222,
  "ayah": 6,
  "page": 319,
  "width": 237,
  "verse_pos": 5
 },
 {
  "line": 6,
  "left": 17,
  "end": 139,
  "height": 42,
  "top": 222,
  "ayah": 7,
  "page": 319,
  "width": 122,
  "verse_pos": 6
 },
 {
  "line": 7,
  "left": 199,
  "end": 377,
  "height": 41,
  "top": 264,
  "ayah": 7,
  "page": 319,
  "width": 178,
  "verse_pos": 6
 },
 {
  "line": 7,
  "left": 17,
  "end": 198,
  "height": 41,
  "top": 264,
  "ayah": 8,
  "page": 319,
  "width": 181,
  "verse_pos": 7
 },
 {
  "line": 8,
  "left": 167,
  "end": 377,
  "height": 44,
  "top": 305,
  "ayah": 9,
  "page": 319,
  "width": 210,
  "verse_pos": 8
 },
 {
  "line": 8,
  "left": 17,
  "end": 166,
  "height": 44,
  "top": 305,
  "ayah": 10,
  "page": 319,
  "width": 149,
  "verse_pos": 9
 },
 {
  "line": 9,
  "left": 17,
  "end": 377,
  "height": 43,
  "top": 349,
  "ayah": 10,
  "page": 319,
  "width": 360,
  "verse_pos": 9
 },
 {
  "line": 10,
  "left": 337,
  "end": 377,
  "height": 45,
  "top": 392,
  "ayah": 10,
  "page": 319,
  "width": 40,
  "verse_pos": 9
 },
 {
  "line": 10,
  "left": 17,
  "end": 336,
  "height": 45,
  "top": 392,
  "ayah": 11,
  "page": 319,
  "width": 319,
  "verse_pos": 10
 },
 {
  "line": 11,
  "left": 307,
  "end": 377,
  "height": 44,
  "top": 437,
  "ayah": 11,
  "page": 319,
  "width": 70,
  "verse_pos": 10
 },
 {
  "line": 11,
  "left": 17,
  "end": 306,
  "height": 44,
  "top": 437,
  "ayah": 12,
  "page": 319,
  "width": 289,
  "verse_pos": 11
 },
 {
  "line": 12,
  "left": 307,
  "end": 377,
  "height": 41,
  "top": 481,
  "ayah": 12,
  "page": 319,
  "width": 70,
  "verse_pos": 11
 },
 {
  "line": 12,
  "left": 17,
  "end": 306,
  "height": 41,
  "top": 481,
  "ayah": 13,
  "page": 319,
  "width": 289,
  "verse_pos": 12
 },
 {
  "line": 13,
  "left": 269,
  "end": 377,
  "height": 45,
  "top": 522,
  "ayah": 13,
  "page": 319,
  "width": 108,
  "verse_pos": 12
 },
 {
  "line": 13,
  "left": 17,
  "end": 269,
  "height": 45,
  "top": 522,
  "ayah": 14,
  "page": 319,
  "width": 252,
  "verse_pos": 13
 },
 {
  "line": 14,
  "left": 199,
  "end": 377,
  "height": 41,
  "top": 567,
  "ayah": 14,
  "page": 319,
  "width": 178,
  "verse_pos": 13
 },
 {
  "line": 14,
  "left": 17,
  "end": 198,
  "height": 41,
  "top": 567,
  "ayah": 15,
  "page": 319,
  "width": 181,
  "verse_pos": 14
 },
 {
  "line": 15,
  "left": 17,
  "end": 377,
  "height": 42,
  "top": 608,
  "ayah": 15,
  "page": 319,
  "width": 360,
  "verse_pos": 14
 }
]