[
 {
  "line": 1,
  "left": 13,
  "end": 373,
  "height": 38,
  "top": 7,
  "ayah": 1,
  "page": 472,
  "width": 360,
  "verse_pos": 0
 },
 {
  "line": 2,
  "left": 299,
  "end": 373,
  "height": 46,
  "top": 45,
  "ayah": 1,
  "page": 472,
  "width": 74,
  "verse_pos": 0
 },
 {
  "line": 2,
  "left": 13,
  "end": 298,
  "height": 46,
  "top": 45,
  "ayah": 2,
  "page": 472,
  "width": 285,
  "verse_pos": 1
 },
 {
  "line": 3,
  "left": 62,
  "end": 373,
  "height": 43,
  "top": 91,
  "ayah": 2,
  "page": 472,
  "width": 311,
  "verse_pos": 1
 },
 {
  "line": 3,
  "left": 13,
  "end": 61,
  "height": 43,
  "top": 91,
  "ayah": 3,
  "page": 472,
  "width": 48,
  "verse_pos": 2
 },
 {
  "line": 4,
  "left": 13,
  "end": 373,
  "height": 43,
  "top": 134,
  "ayah": 3,
  "page": 472,
  "width": 360,
  "verse_pos": 2
 },
 {
  "line": 5,
  "left": 13,
  "end": 373,
  "height": 41,
  "top": 177,
  "ayah": 3,
  "page": 472,
  "width": 360,
  "verse_pos": 2
 },
 {
  "line": 6,
  "left": 333,
  "end": 373,
  "height": 43,
  "top": 218,
  "ayah": 3,
  "page": 472,
  "width": 40,
  "verse_pos": 2
 },
 {
  "line": 6,
  "left": 13,
  "end": 332,
  "height": 43,
  "top": 218,
  "ayah": 4,
  "page": 472,
  "width": 319,
  "verse_pos": 3
 },
 {
  "line": 7,
  "left": 149,
  "end": 373,
  "height": 40,
  "top": 261,
  "ayah": 4,
  "page": 472,
  "width": 224,
  "verse_pos": 3
 },
 {
  "line": 7,
  "left": 13,
  "end": 148,
  "height": 40,
  "top": 261,
  "ayah": 5,
  "page": 472,
  "width": 135,
  "verse_pos": 4
 },
 {
  "line": 8,
  "left": 53,
  "end": 373,
  "height": 44,
  "top": 301,
  "ayah": 5,
  "page": 472,
  "width": 320,
  "verse_pos": 4
 },
 {
  "line": 8,
  "left": 13,
  "end": 52,
  "height": 44,
  "top": 301,
  "ayah": 6,
  "page": 472,
  "width": 39,
  "verse_pos": 5
 },
 {
  "line": 9,
  "left": 13,
  "end": 373,
  "height": 47,
  "top": 345,
  "ayah": 6,
  "page": 472,
  "width": 360,
  "verse_pos": 5
 },
 {
  "line": 10,
  "left": 149,
  "end": 373,
  "height": 41,
  "top": 392,
  "ayah": 6,
  "page": 472,
  "width": 224,
  "verse_pos": 5
 },
 {
  "line": 10,
  "left": 13,
  "end": 148,
  "height": 41,
  "top": 392,
  "ayah": 7,
  "page": 472,
  "width": 135,
  "verse_pos": 6
 },
 {
  "line": 11,
  "left": 13,
  "end": 373,
  "height": 45,
  "top": 433,
  "ayah": 7,
  "page": 472,
  "width": 360,
  "verse_pos": 6
 },
 {
  "line": 12,
  "left": 13,
  "end": 373,
  "height": 39,
  "top": 478,
  "ayah": 7,
  "page": 472,
  "width": 360,
  "verse_pos": 6
 },
 {
  "line": 13,
  "left": 335,
  "end": 373,
  "height": 45,
  "top": 517,
  "ayah": 7,
  "page": 472,
  "width": 38,
  "verse_pos": 6
 },
 {
  "line": 13,
  "left": 13,
  "end": 334,
  "height": 45,
  "top": 517,
  "ayah": 8,
  "page": 472,
  "width": 321,
  "verse_pos": 7
 },
 {
  "line": 14,
  "left": 189,
  "end": 373,
  "height": 42,
  "top": 562,
  "ayah": 8,
  "page": 472,
  "width": 184,
  "verse_pos": 7
 },
 {
  "line": 14,
  "left": 13,
  "end": 188,
  "height": 42,
  "top": 562,
  "ayah": 9,
  "page": 472,
  "width": 175,
  "verse_pos": 8
 },
 {
  "line": 15,
  "left": 13,
  "end": 373,
  "height": 42,
  "top": 604,
  "ayah": 9,
  "page": 472,
  "width": 360,
  "verse_pos": 8
 }
]