[
 {
  "line": 1,
  "left": 14,
  "end": 375,
  "height": 38,
  "top": 7,
  "ayah": 1,
  "page": 599,
  "width": 361,
  "verse_pos": 0
 },
 {
  "line": 2,
  "left": 14,
  "end": 375,
  "height": 42,
  "top": 45,
  "ayah": 1,
  "page": 599,
  "width": 361,
  "verse_pos": 0
 },
 {
  "line": 3,
  "left": 182,
  "end": 375,
  "height": 41,
  "top": 178,
  "ayah": 3,
  "page": 599,
  "width": 193,
  "verse_pos": 2
 },
 {
  "line": 3,
  "left": 14,
  "end": 182,
  "height": 41,
  "top": 178,
  "ayah": 4,
  "page": 599,
  "width": 168,
  "verse_pos": 3
 },
 {
  "line": 4,
  "left": 341,
  "end": 375,
  "height": 45,
  "top": 219,
  "ayah": 4,
  "page": 599,
  "width": 34,
  "verse_pos": 3
 },
 {
  "line": 4,
  "left": 192,
  "end": 340,
  "height": 45,
  "top": 219,
  "ayah": 5,
  "page": 599,
  "width": 148,
  "verse_pos": 4
 },
 {
  "line": 4,
  "left": 14,
  "end": 191,
  "height": 45,
  "top": 219,
  "ayah": 6,
  "page": 599,
  "width": 177,
  "verse_pos": 5
 },
 {
  "line": 5,
  "left": 212,
  "end": 375,
  "height": 43,
  "top": 264,
  "ayah": 7,
  "page": 599,
  "width": 163,
  "verse_pos": 6
 },
 {
  "line": 5,
  "left": 14,
  "end": 211,
  "height": 43,
  "top": 264,
  "ayah": 8,
  "page": 599,
  "width": 197,
  "verse_pos": 7
 },
 {
  "line": 6,
  "left": 235,
  "end": 375,
  "height": 42,
  "top": 307,
  "ayah": 8,
  "page": 599,
  "width": 140,
  "verse_pos": 7
 },
 {
  "line": 6,
  "left": 14,
  "end": 234,
  "height": 42,
  "top": 307,
  "ayah": 9,
  "page": 599,
  "width": 220,
  "verse_pos": 8
 },
 {
  "line": 7,
  "left": 298,
  "end": 375,
  "height": 39,
  "top": 349,
  "ayah": 9,
  "page": 599,
  "width": 77,
  "verse_pos": 8
 },
 {
  "line": 7,
  "left": 14,
  "end": 297,
  "height": 39,
  "top": 349,
  "ayah": 10,
  "page": 599,
  "width": 283,
  "verse_pos": 9
 },
 {
  "line": 8,
  "left": 236,
  "end": 375,
  "height": 40,
  "top": 481,
  "ayah": 12,
  "page": 599,
  "width": 139,
  "verse_pos": 11
 },
 {
  "line": 8,
  "left": 110,
  "end": 235,
  "height": 40,
  "top": 481,
  "ayah": 13,
  "page": 599,
  "width": 125,
  "verse_pos": 12
 },
 {
  "line": 8,
  "left": 14,
  "end": 109,
  "height": 40,
  "top": 481,
  "ayah": 14,
  "page": 599,
  "width": 95,
  "verse_pos": 13
 },
 {
  "line": 9,
  "left": 341,
  "end": 375,
  "height": 43,
  "top": 521,
  "ayah": 14,
  "page": 599,
  "width": 34,
  "verse_pos": 13
 },
 {
  "line": 9,
  "left": 229,
  "end": 340,
  "height": 43,
  "top": 521,
  "ayah": 15,
  "page": 599,
  "width": 111,
  "verse_pos": 14
 },
 {
  "line": 9,
  "left": 101,
  "end": 228,
  "height": 43,
  "top": 521,
  "ayah": 16,
  "page": 599,
  "width": 127,
  "verse_pos": 15
 },
 {
  "line": 9,
  "left": 14,
  "end": 100,
  "height": 43,
  "top": 521,
  "ayah": 17,
  "page": 599,
  "width": 86,
  "verse_pos": 16
 },
 {
  "line": 10,
  "left": 263,
  "end": 375,
  "height": 43,
  "top": 564,
  "ayah": 17,
  "page": 599,
  "width": 112,
  "verse_pos": 16
 },
 {
  "line": 10,
  "left": 96,
  "end": 263,
  "height": 43,
  "top": 564,
  "ayah": 18,
  "page": 599,
  "width": 167,
  "verse_pos": 17
 },
 {
  "line": 10,
  "left": 14,
  "end": 95,
  "height": 43,
  "top": 564,
  "ayah": 19,
  "page": 599,
  "width": 81,
  "verse_pos": 18
 },
 {
  "line": 11,
  "left": 259,
  "end": 375,
  "height": 42,
  "top": 607,
  "ayah": 19,
  "page": 599,
  "width": 116,
  "verse_pos": 18
 },
 {
  "line": 11,
  "left": 14,
  "end": 258,
  "height": 42,
  "top": 607,
  "ayah": 20,
  "page": 599,
  "width": 244,
  "verse_pos": 19
 }
]