[
 {
  "line": 1,
  "left": 13,
  "end": 374,
  "height": 44,
  "top": 7,
  "ayah": 1,
  "page": 417,
  "width": 361,
  "verse_pos": 0
 },
 {
  "line": 2,
  "left": 231,
  "end": 374,
  "height": 39,
  "top": 51,
  "ayah": 1,
  "page": 417,
  "width": 143,
  "verse_pos": 0
 },
 {
  "line": 2,
  "left": 13,
  "end": 230,
  "height": 39,
  "top": 51,
  "ayah": 2,
  "page": 417,
  "width": 217,
  "verse_pos": 1
 },
 {
  "line": 3,
  "left": 83,
  "end": 374,
  "height": 47,
  "top": 90,
  "ayah": 2,
  "page": 417,
  "width": 291,
  "verse_pos": 1
 },
 {
  "line": 3,
  "left": 13,
  "end": 82,
  "height": 47,
  "top": 90,
  "ayah": 3,
  "page": 417,
  "width": 69,
  "verse_pos": 2
 },
 {
  "line": 4,
  "left": 13,
  "end": 374,
  "height": 42,
  "top": 137,
  "ayah": 3,
  "page": 417,
  "width": 361,
  "verse_pos": 2
 },
 {
  "line": 5,
  "left": 209,
  "end": 374,
  "height": 39,
  "top": 179,
  "ayah": 3,
  "page": 417,
  "width": 165,
  "verse_pos": 2
 },
 {
  "line": 5,
  "left": 13,
  "end": 208,
  "height": 39,
  "top": 179,
  "ayah": 4,
  "page": 417,
  "width": 195,
  "verse_pos": 3
 },
 {
  "line": 6,
  "left": 69,
  "end": 374,
  "height": 50,
  "top": 218,
  "ayah": 4,
  "page": 417,
  "width": 305,
  "verse_pos": 3
 },
 {
  "line": 6,
  "left": 13,
  "end": 68,
  "height": 50,
  "top": 218,
  "ayah": 5,
  "page": 417,
  "width": 55,
  "verse_pos": 4
 },
 {
  "line": 7,
  "left": 13,
  "end": 374,
  "height": 41,
  "top": 268,
  "ayah": 5,
  "page": 417,
  "width": 361,
  "verse_pos": 4
 },
 {
  "line": 8,
  "left": 338,
  "end": 374,
  "height": 43,
  "top": 309,
  "ayah": 5,
  "page": 417,
  "width": 36,
  "verse_pos": 4
 },
 {
  "line": 8,
  "left": 13,
  "end": 337,
  "height": 43,
  "top": 309,
  "ayah": 6,
  "page": 417,
  "width": 324,
  "verse_pos": 5
 },
 {
  "line": 9,
  "left": 13,
  "end": 374,
  "height": 41,
  "top": 352,
  "ayah": 6,
  "page": 417,
  "width": 361,
  "verse_pos": 5
 },
 {
  "line": 10,
  "left": 338,
  "end": 374,
  "height": 43,
  "top": 393,
  "ayah": 6,
  "page": 417,
  "width": 36,
  "verse_pos": 5
 },
 {
  "line": 10,
  "left": 13,
  "end": 337,
  "height": 43,
  "top": 393,
  "ayah": 7,
  "page": 417,
  "width": 324,
  "verse_pos": 6
 },
 {
  "line": 11,
  "left": 13,
  "end": 374,
  "height": 46,
  "top": 436,
  "ayah": 7,
  "page": 417,
  "width": 361,
  "verse_pos": 6
 },
 {
  "line": 12,
  "left": 13,
  "end": 374,
  "height": 41,
  "top": 482,
  "ayah": 8,
  "page": 417,
  "width": 361,
  "verse_pos": 7
 },
 {
  "line": 13,
  "left": 13,
  "end": 374,
  "height": 43,
  "top": 523,
  "ayah": 9,
  "page": 417,
  "width": 361,
  "verse_pos": 8
 },
 {
  "line": 14,
  "left": 335,
  "end": 374,
  "height": 42,
  "top": 566,
  "ayah": 9,
  "page": 417,
  "width": 39,
  "verse_pos": 8
 },
 {
  "line": 14,
  "left": 13,
  "end": 334,
  "height": 42,
  "top": 566,
  "ayah": 10,
  "page": 417,
  "width": 321,
  "verse_pos": 9
 }
]
