[
 {
  "line": 1,
  "left": 19,
  "end": 370,
  "height": 42,
  "top": 8,
  "ayah": 1,
  "page": 143,
  "width": 351,
  "verse_pos": 0
 },
 {
  "line": 2,
  "left": 19,
  "end": 370,
  "height": 44,
  "top": 50,
  "ayah": 1,
  "page": 143,
  "width": 351,
  "verse_pos": 0
 },
 {
  "line": 3,
  "left": 19,
  "end": 370,
  "height": 42,
  "top": 94,
  "ayah": 1,
  "page": 143,
  "width": 351,
  "verse_pos": 0
 },
 {
  "line": 4,
  "left": 19,
  "end": 370,
  "height": 44,
  "top": 136,
  "ayah": 2,
  "page": 143,
  "width": 351,
  "verse_pos": 1
 },
 {
  "line": 5,
  "left": 166,
  "end": 370,
  "height": 40,
  "top": 180,
  "ayah": 2,
  "page": 143,
  "width": 204,
  "verse_pos": 1
 },
 {
  "line": 5,
  "left": 19,
  "end": 165,
  "height": 40,
  "top": 180,
  "ayah": 3,
  "page": 143,
  "width": 146,
  "verse_pos": 2
 },
 {
  "line": 6,
  "left": 19,
  "end": 370,
  "height": 42,
  "top": 220,
  "ayah": 3,
  "page": 143,
  "width": 351,
  "verse_pos": 2
 },
 {
  "line": 7,
  "left": 19,
  "end": 370,
  "height": 47,
  "top": 262,
  "ayah": 3,
  "page": 143,
  "width": 351,
  "verse_pos": 2
 },
 {
  "line": 8,
  "left": 19,
  "end": 370,
  "height": 39,
  "top": 309,
  "ayah": 4,
  "page": 143,
  "width": 351,
  "verse_pos": 3
 },
 {
  "line": 9,
  "left": 19,
  "end": 370,
  "height": 48,
  "top": 348,
  "ayah": 4,
  "page": 143,
  "width": 351,
  "verse_pos": 3
 },
 {
  "line": 10,
  "left": 118,
  "end": 370,
  "height": 41,
  "top": 396,
  "ayah": 4,
  "page": 143,
  "width": 252,
  "verse_pos": 3
 },
 {
  "line": 10,
  "left": 19,
  "end": 117,
  "height": 41,
  "top": 396,
  "ayah": 5,
  "page": 143,
  "width": 98,
  "verse_pos": 4
 },
 {
  "line": 11,
  "left": 19,
  "end": 370,
  "height": 43,
  "top": 437,
  "ayah": 5,
  "page": 143,
  "width": 351,
  "verse_pos": 4
 },
 {
  "line": 12,
  "left": 104,
  "end": 370,
  "height": 41,
  "top": 480,
  "ayah": 5,
  "page": 143,
  "width": 266,
  "verse_pos": 4
 },
 {
  "line": 12,
  "left": 19,
  "end": 103,
  "height": 41,
  "top": 480,
  "ayah": 6,
  "page": 143,
  "width": 84,
  "verse_pos": 5
 },
 {
  "line": 13,
  "left": 19,
  "end": 370,
  "height": 41,
  "top": 521,
  "ayah": 6,
  "page": 143,
  "width": 351,
  "verse_pos": 5
 },
 {
  "line": 14,
  "left": 19,
  "end": 370,
  "height": 49,
  "top": 562,
  "ayah": 6,
  "page": 143,
  "width": 351,
  "verse_pos": 5
 },
 {
  "line": 15,
  "left": 19,
  "end": 370,
  "height": 44,
  "top": 611,
  "ayah": 6,
  "page": 143,
  "width": 351,
  "verse_pos": 5
 }
]