[
 {
  "line": 1,
  "left": 15,
  "end": 375,
  "height": 38,
  "top": 7,
  "ayah": 1,
  "page": 156,
  "width": 360,
  "verse_pos": 0
 },
 {
  "line": 2,
  "left": 15,
  "end": 375,
  "height": 48,
  "top": 45,
  "ayah": 1,
  "page": 156,
  "width": 360,
  "verse_pos": 0
 },
 {
  "line": 3,
  "left": 213,
  "end": 375,
  "height": 38,
  "top": 93,
  "ayah": 1,
  "page": 156,
  "width": 162,
  "verse_pos": 0
 },
 {
  "line": 3,
  "left": 15,
  "end": 212,
  "height": 38,
  "top": 93,
  "ayah": 2,
  "page": 156,
  "width": 197,
  "verse_pos": 1
 },
 {
  "line": 4,
  "left": 183,
  "end": 375,
  "height": 44,
  "top": 131,
  "ayah": 2,
  "page": 156,
  "width": 192,
  "verse_pos": 1
 },
 {
  "line": 4,
  "left": 15,
  "end": 182,
  "height": 44,
  "top": 131,
  "ayah": 3,
  "page": 156,
  "width": 167,
  "verse_pos": 2
 },
 {
  "line": 5,
  "left": 15,
  "end": 375,
  "height": 49,
  "top": 175,
  "ayah": 3,
  "page": 156,
  "width": 360,
  "verse_pos": 2
 },
 {
  "line": 6,
  "left": 195,
  "end": 375,
  "height": 42,
  "top": 224,
  "ayah": 3,
  "page": 156,
  "width": 180,
  "verse_pos": 2
 },
 {
  "line": 6,
  "left": 15,
  "end": 194,
  "height": 42,
  "top": 224,
  "ayah": 4,
  "page": 156,
  "width": 179,
  "verse_pos": 3
 },
 {
  "line": 7,
  "left": 87,
  "end": 375,
  "height": 43,
  "top": 266,
  "ayah": 4,
  "page": 156,
  "width": 288,
  "verse_pos": 3
 },
 {
  "line": 7,
  "left": 15,
  "end": 86,
  "height": 43,
  "top": 266,
  "ayah": 5,
  "page": 156,
  "width": 71,
  "verse_pos": 4
 },
 {
  "line": 8,
  "left": 15,
  "end": 375,
  "height": 42,
  "top": 309,
  "ayah": 5,
  "page": 156,
  "width": 360,
  "verse_pos": 4
 },
 {
  "line": 9,
  "left": 218,
  "end": 375,
  "height": 42,
  "top": 351,
  "ayah": 5,
  "page": 156,
  "width": 157,
  "verse_pos": 4
 },
 {
  "line": 9,
  "left": 15,
  "end": 217,
  "height": 42,
  "top": 351,
  "ayah": 6,
  "page": 156,
  "width": 202,
  "verse_pos": 5
 },
 {
  "line": 10,
  "left": 15,
  "end": 375,
  "height": 44,
  "top": 393,
  "ayah": 6,
  "page": 156,
  "width": 360,
  "verse_pos": 5
 },
 {
  "line": 11,
  "left": 339,
  "end": 375,
  "height": 38,
  "top": 437,
  "ayah": 6,
  "page": 156,
  "width": 36,
  "verse_pos": 5
 },
 {
  "line": 11,
  "left": 15,
  "end": 338,
  "height": 38,
  "top": 437,
  "ayah": 7,
  "page": 156,
  "width": 323,
  "verse_pos": 6
 },
 {
  "line": 12,
  "left": 15,
  "end": 375,
  "height": 47,
  "top": 475,
  "ayah": 7,
  "page": 156,
  "width": 360,
  "verse_pos": 6
 },
 {
  "line": 13,
  "left": 259,
  "end": 375,
  "height": 43,
  "top": 522,
  "ayah": 7,
  "page": 156,
  "width": 116,
  "verse_pos": 6
 },
 {
  "line": 13,
  "left": 15,
  "end": 258,
  "height": 43,
  "top": 522,
  "ayah": 8,
  "page": 156,
  "width": 243,
  "verse_pos": 7
 },
 {
  "line": 14,
  "left": 15,
  "end": 375,
  "height": 48,
  "top": 565,
  "ayah": 8,
  "page": 156,
  "width": 360,
  "verse_pos": 7
 },
 {
  "line": 15,
  "left": 15,
  "end": 375,
  "height": 43,
  "top": 613,
  "ayah": 8,
  "page": 156,
  "width": 360,
  "verse_pos": 7
 }
]