[
 {
  "line": 1,
  "left": 194,
  "end": 378,
  "height": 40,
  "top": 7,
  "ayah": 1,
  "page": 532,
  "width": 184,
  "verse_pos": 0
 },
 {
  "line": 1,
  "left": 9,
  "end": 193,
  "height": 40,
  "top": 7,
  "ayah": 2,
  "page": 532,
  "width": 184,
  "verse_pos": 1
 },
 {
  "line": 2,
  "left": 227,
  "end": 378,
  "height": 43,
  "top": 47,
  "ayah": 3,
  "page": 532,
  "width": 151,
  "verse_pos": 2
 },
 {
  "line": 2,
  "left": 72,
  "end": 227,
  "height": 43,
  "top": 47,
  "ayah": 4,
  "page": 532,
  "width": 155,
  "verse_pos": 3
 },
 {
  "line": 2,
  "left": 9,
  "end": 71,
  "height": 43,
  "top": 47,
  "ayah": 5,
  "page": 532,
  "width": 62,
  "verse_pos": 4
 },
 {
  "line": 3,
  "left": 255,
  "end": 378,
  "height": 45,
  "top": 90,
  "ayah": 5,
  "page": 532,
  "width": 123,
  "verse_pos": 4
 },
 {
  "line": 3,
  "left": 48,
  "end": 254,
  "height": 45,
  "top": 90,
  "ayah": 6,
  "page": 532,
  "width": 206,
  "verse_pos": 5
 },
 {
  "line": 3,
  "left": 9,
  "end": 47,
  "height": 45,
  "top": 90,
  "ayah": 7,
  "page": 532,
  "width": 38,
  "verse_pos": 6
 },
 {
  "line": 4,
  "left": 220,
  "end": 378,
  "height": 40,
  "top": 135,
  "ayah": 7,
  "page": 532,
  "width": 158,
  "verse_pos": 6
 },
 {
  "line": 4,
  "left": 9,
  "end": 219,
  "height": 40,
  "top": 135,
  "ayah": 8,
  "page": 532,
  "width": 210,
  "verse_pos": 7
 },
 {
  "line": 5,
  "left": 342,
  "end": 378,
  "height": 45,
  "top": 175,
  "ayah": 8,
  "page": 532,
  "width": 36,
  "verse_pos": 7
 },
 {
  "line": 5,
  "left": 165,
  "end": 341,
  "height": 45,
  "top": 175,
  "ayah": 9,
  "page": 532,
  "width": 176,
  "verse_pos": 8
 },
 {
  "line": 5,
  "left": 50,
  "end": 165,
  "height": 45,
  "top": 175,
  "ayah": 10,
  "page": 532,
  "width": 115,
  "verse_pos": 9
 },
 {
  "line": 5,
  "left": 9,
  "end": 50,
  "height": 45,
  "top": 175,
  "ayah": 11,
  "page": 532,
  "width": 41,
  "verse_pos": 10
 },
 {
  "line": 6,
  "left": 165,
  "end": 378,
  "height": 41,
  "top": 220,
  "ayah": 11,
  "page": 532,
  "width": 213,
  "verse_pos": 10
 },
 {
  "line": 6,
  "left": 9,
  "end": 164,
  "height": 41,
  "top": 220,
  "ayah": 12,
  "page": 532,
  "width": 155,
  "verse_pos": 11
 },
 {
  "line": 7,
  "left": 343,
  "end": 378,
  "height": 44,
  "top": 261,
  "ayah": 12,
  "page": 532,
  "width": 35,
  "verse_pos": 11
 },
 {
  "line": 7,
  "left": 43,
  "end": 342,
  "height": 44,
  "top": 261,
  "ayah": 13,
  "page": 532,
  "width": 299,
  "verse_pos": 12
 },
 {
  "line": 7,
  "left": 9,
  "end": 42,
  "height": 44,
  "top": 261,
  "ayah": 14,
  "page": 532,
  "width": 33,
  "verse_pos": 13
 },
 {
  "line": 8,
  "left": 222,
  "end": 378,
  "height": 45,
  "top": 305,
  "ayah": 14,
  "page": 532,
  "width": 156,
  "verse_pos": 13
 },
 {
  "line": 8,
  "left": 46,
  "end": 221,
  "height": 45,
  "top": 305,
  "ayah": 15,
  "page": 532,
  "width": 175,
  "verse_pos": 14
 },
 {
  "line": 8,
  "left": 9,
  "end": 45,
  "height": 45,
  "top": 305,
  "ayah": 16,
  "page": 532,
  "width": 36,
  "verse_pos": 15
 },
 {
  "line": 9,
  "left": 215,
  "end": 378,
  "height": 39,
  "top": 350,
  "ayah": 16,
  "page": 532,
  "width": 163,
  "verse_pos": 15
 },
 {
  "line": 9,
  "left": 9,
  "end": 214,
  "height": 39,
  "top": 350,
  "ayah": 17,
  "page": 532,
  "width": 205,
  "verse_pos": 16
 },
 {
  "line": 10,
  "left": 9,
  "end": 378,
  "height": 46,
  "top": 389,
  "ayah": 17,
  "page": 532,
  "width": 369,
  "verse_pos": 16
 },
 {
  "line": 11,
  "left": 274,
  "end": 378,
  "height": 43,
  "top": 435,
  "ayah": 17,
  "page": 532,
  "width": 104,
  "verse_pos": 16
 },
 {
  "line": 11,
  "left": 91,
  "end": 273,
  "height": 43,
  "top": 435,
  "ayah": 18,
  "page": 532,
  "width": 182,
  "verse_pos": 17
 },
 {
  "line": 11,
  "left": 9,
  "end": 90,
  "height": 43,
  "top": 435,
  "ayah": 19,
  "page": 532,
  "width": 81,
  "verse_pos": 18
 },
 {
  "line": 12,
  "left": 132,
  "end": 378,
  "height": 44,
  "top": 478,
  "ayah": 19,
  "page": 532,
  "width": 246,
  "verse_pos": 18
 },
 {
  "line": 12,
  "left": 9,
  "end": 131,
  "height": 44,
  "top": 478,
  "ayah": 20,
  "page": 532,
  "width": 122,
  "verse_pos": 19
 },
 {
  "line": 13,
  "left": 287,
  "end": 378,
  "height": 42,
  "top": 522,
  "ayah": 20,
  "page": 532,
  "width": 91,
  "verse_pos": 19
 },
 {
  "line": 13,
  "left": 9,
  "end": 286,
  "height": 42,
  "top": 522,
  "ayah": 21,
  "page": 532,
  "width": 277,
  "verse_pos": 20
 },
 {
  "line": 14,
  "left": 341,
  "end": 378,
  "height": 42,
  "top": 564,
  "ayah": 21,
  "page": 532,
  "width": 37,
  "verse_pos": 20
 },
 {
  "line": 14,
  "left": 151,
  "end": 340,
  "height": 42,
  "top": 564,
  "ayah": 22,
  "page": 532,
  "width": 189,
  "verse_pos": 21
 },
 {
  "line": 14,
  "left": 9,
  "end": 150,
  "height": 42,
  "top": 564,
  "ayah": 23,
  "page": 532,
  "width": 141,
  "verse_pos": 22
 },
 {
  "line": 15,
  "left": 249,
  "end": 378,
  "height": 42,
  "top": 606,
  "ayah": 23,
  "page": 532,
  "width": 129,
  "verse_pos": 22
 },
 {
  "line": 15,
  "left": 9,
  "end": 248,
  "height": 42,
  "top": 606,
  "ayah": 24,
  "page": 532,
  "width": 239,
  "verse_pos": 23
 }
]