[
 {
  "line": 1,
  "left": 61,
  "end": 373,
  "height": 48,
  "top": 7,
  "ayah": 1,
  "page": 424,
  "width": 312,
  "verse_pos": 0
 },
 {
  "line": 1,
  "left": 15,
  "end": 60,
  "height": 48,
  "top": 7,
  "ayah": 2,
  "page": 424,
  "width": 45,
  "verse_pos": 1
 },
 {
  "line": 2,
  "left": 68,
  "end": 373,
  "height": 42,
  "top": 55,
  "ayah": 2,
  "page": 424,
  "width": 305,
  "verse_pos": 1
 },
 {
  "line": 2,
  "left": 15,
  "end": 67,
  "height": 42,
  "top": 55,
  "ayah": 3,
  "page": 424,
  "width": 52,
  "verse_pos": 2
 },
 {
  "line": 3,
  "left": 163,
  "end": 373,
  "height": 42,
  "top": 97,
  "ayah": 3,
  "page": 424,
  "width": 210,
  "verse_pos": 2
 },
 {
  "line": 3,
  "left": 15,
  "end": 162,
  "height": 42,
  "top": 97,
  "ayah": 4,
  "page": 424,
  "width": 147,
  "verse_pos": 3
 },
 {
  "line": 4,
  "left": 213,
  "end": 373,
  "height": 44,
  "top": 139,
  "ayah": 4,
  "page": 424,
  "width": 160,
  "verse_pos": 3
 },
 {
  "line": 4,
  "left": 15,
  "end": 212,
  "height": 44,
  "top": 139,
  "ayah": 5,
  "page": 424,
  "width": 197,
  "verse_pos": 4
 },
 {
  "line": 5,
  "left": 15,
  "end": 373,
  "height": 42,
  "top": 183,
  "ayah": 5,
  "page": 424,
  "width": 358,
  "verse_pos": 4
 },
 {
  "line": 6,
  "left": 15,
  "end": 373,
  "height": 42,
  "top": 225,
  "ayah": 6,
  "page": 424,
  "width": 358,
  "verse_pos": 5
 },
 {
  "line": 7,
  "left": 15,
  "end": 373,
  "height": 44,
  "top": 267,
  "ayah": 6,
  "page": 424,
  "width": 358,
  "verse_pos": 5
 },
 {
  "line": 8,
  "left": 120,
  "end": 373,
  "height": 43,
  "top": 311,
  "ayah": 6,
  "page": 424,
  "width": 253,
  "verse_pos": 5
 },
 {
  "line": 8,
  "left": 15,
  "end": 119,
  "height": 43,
  "top": 311,
  "ayah": 7,
  "page": 424,
  "width": 104,
  "verse_pos": 6
 },
 {
  "line": 9,
  "left": 15,
  "end": 373,
  "height": 44,
  "top": 354,
  "ayah": 7,
  "page": 424,
  "width": 358,
  "verse_pos": 6
 },
 {
  "line": 10,
  "left": 15,
  "end": 373,
  "height": 41,
  "top": 398,
  "ayah": 7,
  "page": 424,
  "width": 358,
  "verse_pos": 6
 },
 {
  "line": 11,
  "left": 15,
  "end": 373,
  "height": 44,
  "top": 439,
  "ayah": 7,
  "page": 424,
  "width": 358,
  "verse_pos": 6
 },
 {
  "line": 12,
  "left": 15,
  "end": 373,
  "height": 41,
  "top": 483,
  "ayah": 7,
  "page": 424,
  "width": 358,
  "verse_pos": 6
 },
 {
  "line": 13,
  "left": 15,
  "end": 373,
  "height": 45,
  "top": 524,
  "ayah": 7,
  "page": 424,
  "width": 358,
  "verse_pos": 6
 },
 {
  "line": 14,
  "left": 15,
  "end": 373,
  "height": 43,
  "top": 569,
  "ayah": 7,
  "page": 424,
  "width": 358,
  "verse_pos": 6
 },
 {
  "line": 15,
  "left": 15,
  "end": 373,
  "height": 42,
  "top": 612,
  "ayah": 7,
  "page": 424,
  "width": 358,
  "verse_pos": 6
 }
]