[
 {
  "line": 1,
  "left": 13,
  "end": 375,
  "height": 42,
  "top": 7,
  "ayah": 1,
  "page": 491,
  "width": 362,
  "verse_pos": 0
 },
 {
  "line": 2,
  "left": 13,
  "end": 375,
  "height": 39,
  "top": 49,
  "ayah": 1,
  "page": 491,
  "width": 362,
  "verse_pos": 0
 },
 {
  "line": 3,
  "left": 13,
  "end": 375,
  "height": 47,
  "top": 88,
  "ayah": 2,
  "page": 491,
  "width": 362,
  "verse_pos": 1
 },
 {
  "line": 4,
  "left": 189,
  "end": 375,
  "height": 45,
  "top": 135,
  "ayah": 2,
  "page": 491,
  "width": 186,
  "verse_pos": 1
 },
 {
  "line": 4,
  "left": 13,
  "end": 188,
  "height": 45,
  "top": 135,
  "ayah": 3,
  "page": 491,
  "width": 175,
  "verse_pos": 2
 },
 {
  "line": 5,
  "left": 206,
  "end": 375,
  "height": 42,
  "top": 180,
  "ayah": 3,
  "page": 491,
  "width": 169,
  "verse_pos": 2
 },
 {
  "line": 5,
  "left": 13,
  "end": 205,
  "height": 42,
  "top": 180,
  "ayah": 4,
  "page": 491,
  "width": 192,
  "verse_pos": 3
 },
 {
  "line": 6,
  "left": 209,
  "end": 375,
  "height": 42,
  "top": 222,
  "ayah": 4,
  "page": 491,
  "width": 166,
  "verse_pos": 3
 },
 {
  "line": 6,
  "left": 13,
  "end": 209,
  "height": 42,
  "top": 222,
  "ayah": 5,
  "page": 491,
  "width": 196,
  "verse_pos": 4
 },
 {
  "line": 7,
  "left": 337,
  "end": 375,
  "height": 44,
  "top": 264,
  "ayah": 5,
  "page": 491,
  "width": 38,
  "verse_pos": 4
 },
 {
  "line": 7,
  "left": 40,
  "end": 337,
  "height": 44,
  "top": 264,
  "ayah": 6,
  "page": 491,
  "width": 297,
  "verse_pos": 5
 },
 {
  "line": 7,
  "left": 13,
  "end": 39,
  "height": 44,
  "top": 264,
  "ayah": 7,
  "page": 491,
  "width": 26,
  "verse_pos": 6
 },
 {
  "line": 8,
  "left": 13,
  "end": 375,
  "height": 44,
  "top": 308,
  "ayah": 7,
  "page": 491,
  "width": 362,
  "verse_pos": 6
 },
 {
  "line": 9,
  "left": 57,
  "end": 375,
  "height": 43,
  "top": 352,
  "ayah": 8,
  "page": 491,
  "width": 318,
  "verse_pos": 7
 },
 {
  "line": 9,
  "left": 13,
  "end": 56,
  "height": 43,
  "top": 352,
  "ayah": 9,
  "page": 491,
  "width": 43,
  "verse_pos": 8
 },
 {
  "line": 10,
  "left": 46,
  "end": 375,
  "height": 40,
  "top": 395,
  "ayah": 9,
  "page": 491,
  "width": 329,
  "verse_pos": 8
 },
 {
  "line": 10,
  "left": 13,
  "end": 45,
  "height": 40,
  "top": 395,
  "ayah": 10,
  "page": 491,
  "width": 32,
  "verse_pos": 9
 },
 {
  "line": 11,
  "left": 13,
  "end": 375,
  "height": 40,
  "top": 435,
  "ayah": 10,
  "page": 491,
  "width": 362,
  "verse_pos": 9
 },
 {
  "line": 12,
  "left": 13,
  "end": 375,
  "height": 44,
  "top": 475,
  "ayah": 10,
  "page": 491,
  "width": 362,
  "verse_pos": 9
 },
 {
  "line": 13,
  "left": 58,
  "end": 375,
  "height": 45,
  "top": 519,
  "ayah": 10,
  "page": 491,
  "width": 317,
  "verse_pos": 9
 },
 {
  "line": 13,
  "left": 13,
  "end": 57,
  "height": 45,
  "top": 519,
  "ayah": 11,
  "page": 491,
  "width": 44,
  "verse_pos": 10
 },
 {
  "line": 14,
  "left": 13,
  "end": 375,
  "height": 44,
  "top": 564,
  "ayah": 11,
  "page": 491,
  "width": 362,
  "verse_pos": 10
 },
 {
  "line": 15,
  "left": 13,
  "end": 375,
  "height": 42,
  "top": 608,
  "ayah": 11,
  "page": 491,
  "width": 362,
  "verse_pos": 10
 }
]