[
 {
  "line": 1,
  "left": 18,
  "end": 372,
  "height": 45,
  "top": 7,
  "ayah": 1,
  "page": 514,
  "width": 354,
  "verse_pos": 0
 },
 {
  "line": 2,
  "left": 50,
  "end": 372,
  "height": 42,
  "top": 52,
  "ayah": 1,
  "page": 514,
  "width": 322,
  "verse_pos": 0
 },
 {
  "line": 2,
  "left": 18,
  "end": 49,
  "height": 42,
  "top": 52,
  "ayah": 2,
  "page": 514,
  "width": 31,
  "verse_pos": 1
 },
 {
  "line": 3,
  "left": 18,
  "end": 372,
  "height": 40,
  "top": 94,
  "ayah": 2,
  "page": 514,
  "width": 354,
  "verse_pos": 1
 },
 {
  "line": 4,
  "left": 18,
  "end": 372,
  "height": 45,
  "top": 134,
  "ayah": 2,
  "page": 514,
  "width": 354,
  "verse_pos": 1
 },
 {
  "line": 5,
  "left": 18,
  "end": 372,
  "height": 43,
  "top": 179,
  "ayah": 2,
  "page": 514,
  "width": 354,
  "verse_pos": 1
 },
 {
  "line": 6,
  "left": 18,
  "end": 372,
  "height": 44,
  "top": 222,
  "ayah": 2,
  "page": 514,
  "width": 354,
  "verse_pos": 1
 },
 {
  "line": 7,
  "left": 170,
  "end": 372,
  "height": 42,
  "top": 266,
  "ayah": 2,
  "page": 514,
  "width": 202,
  "verse_pos": 1
 },
 {
  "line": 7,
  "left": 18,
  "end": 169,
  "height": 42,
  "top": 266,
  "ayah": 3,
  "page": 514,
  "width": 151,
  "verse_pos": 2
 },
 {
  "line": 8,
  "left": 18,
  "end": 372,
  "height": 45,
  "top": 308,
  "ayah": 3,
  "page": 514,
  "width": 354,
  "verse_pos": 2
 },
 {
  "line": 9,
  "left": 18,
  "end": 372,
  "height": 41,
  "top": 353,
  "ayah": 3,
  "page": 514,
  "width": 354,
  "verse_pos": 2
 },
 {
  "line": 10,
  "left": 18,
  "end": 372,
  "height": 42,
  "top": 394,
  "ayah": 3,
  "page": 514,
  "width": 354,
  "verse_pos": 2
 },
 {
  "line": 11,
  "left": 18,
  "end": 372,
  "height": 45,
  "top": 436,
  "ayah": 4,
  "page": 514,
  "width": 354,
  "verse_pos": 3
 },
 {
  "line": 12,
  "left": 18,
  "end": 372,
  "height": 45,
  "top": 481,
  "ayah": 4,
  "page": 514,
  "width": 354,
  "verse_pos": 3
 },
 {
  "line": 13,
  "left": 18,
  "end": 372,
  "height": 41,
  "top": 526,
  "ayah": 4,
  "page": 514,
  "width": 354,
  "verse_pos": 3
 },
 {
  "line": 14,
  "left": 258,
  "end": 372,
  "height": 41,
  "top": 567,
  "ayah": 4,
  "page": 514,
  "width": 114,
  "verse_pos": 3
 },
 {
  "line": 14,
  "left": 18,
  "end": 257,
  "height": 41,
  "top": 567,
  "ayah": 5,
  "page": 514,
  "width": 239,
  "verse_pos": 4
 },
 {
  "line": 15,
  "left": 18,
  "end": 372,
  "height": 42,
  "top": 608,
  "ayah": 5,
  "page": 514,
  "width": 354,
  "verse_pos": 4
 }
]