[
 {
  "line": 1,
  "left": 19,
  "end": 372,
  "height": 38,
  "top": 7,
  "ayah": 1,
  "page": 166,
  "width": 353,
  "verse_pos": 0
 },
 {
  "line": 2,
  "left": 19,
  "end": 372,
  "height": 50,
  "top": 45,
  "ayah": 1,
  "page": 166,
  "width": 353,
  "verse_pos": 0
 },
 {
  "line": 3,
  "left": 195,
  "end": 372,
  "height": 41,
  "top": 95,
  "ayah": 1,
  "page": 166,
  "width": 177,
  "verse_pos": 0
 },
 {
  "line": 3,
  "left": 19,
  "end": 194,
  "height": 41,
  "top": 95,
  "ayah": 2,
  "page": 166,
  "width": 175,
  "verse_pos": 1
 },
 {
  "line": 4,
  "left": 112,
  "end": 372,
  "height": 41,
  "top": 136,
  "ayah": 2,
  "page": 166,
  "width": 260,
  "verse_pos": 1
 },
 {
  "line": 4,
  "left": 19,
  "end": 111,
  "height": 41,
  "top": 136,
  "ayah": 3,
  "page": 166,
  "width": 92,
  "verse_pos": 2
 },
 {
  "line": 5,
  "left": 19,
  "end": 372,
  "height": 44,
  "top": 177,
  "ayah": 3,
  "page": 166,
  "width": 353,
  "verse_pos": 2
 },
 {
  "line": 6,
  "left": 131,
  "end": 372,
  "height": 39,
  "top": 221,
  "ayah": 3,
  "page": 166,
  "width": 241,
  "verse_pos": 2
 },
 {
  "line": 6,
  "left": 19,
  "end": 130,
  "height": 39,
  "top": 221,
  "ayah": 4,
  "page": 166,
  "width": 111,
  "verse_pos": 3
 },
 {
  "line": 7,
  "left": 19,
  "end": 372,
  "height": 49,
  "top": 260,
  "ayah": 4,
  "page": 166,
  "width": 353,
  "verse_pos": 3
 },
 {
  "line": 8,
  "left": 19,
  "end": 372,
  "height": 42,
  "top": 309,
  "ayah": 4,
  "page": 166,
  "width": 353,
  "verse_pos": 3
 },
 {
  "line": 9,
  "left": 278,
  "end": 372,
  "height": 44,
  "top": 351,
  "ayah": 4,
  "page": 166,
  "width": 94,
  "verse_pos": 3
 },
 {
  "line": 9,
  "left": 19,
  "end": 277,
  "height": 44,
  "top": 351,
  "ayah": 5,
  "page": 166,
  "width": 258,
  "verse_pos": 4
 },
 {
  "line": 10,
  "left": 177,
  "end": 372,
  "height": 43,
  "top": 395,
  "ayah": 5,
  "page": 166,
  "width": 195,
  "verse_pos": 4
 },
 {
  "line": 10,
  "left": 19,
  "end": 176,
  "height": 43,
  "top": 395,
  "ayah": 6,
  "page": 166,
  "width": 157,
  "verse_pos": 5
 },
 {
  "line": 11,
  "left": 19,
  "end": 372,
  "height": 42,
  "top": 438,
  "ayah": 6,
  "page": 166,
  "width": 353,
  "verse_pos": 5
 },
 {
  "line": 12,
  "left": 19,
  "end": 372,
  "height": 41,
  "top": 480,
  "ayah": 7,
  "page": 166,
  "width": 353,
  "verse_pos": 6
 },
 {
  "line": 13,
  "left": 19,
  "end": 372,
  "height": 41,
  "top": 521,
  "ayah": 7,
  "page": 166,
  "width": 353,
  "verse_pos": 6
 },
 {
  "line": 14,
  "left": 19,
  "end": 372,
  "height": 49,
  "top": 562,
  "ayah": 7,
  "page": 166,
  "width": 353,
  "verse_pos": 6
 },
 {
  "line": 15,
  "left": 19,
  "end": 372,
  "height": 44,
  "top": 611,
  "ayah": 7,
  "page": 166,
  "width": 353,
  "verse_pos": 6
 }
]