[
 {
  "line": 1,
  "left": 275,
  "end": 377,
  "height": 42,
  "top": 93,
  "ayah": 2,
  "page": 582,
  "width": 102,
  "verse_pos": 1
 },
 {
  "line": 1,
  "left": 155,
  "end": 274,
  "height": 42,
  "top": 93,
  "ayah": 3,
  "page": 582,
  "width": 119,
  "verse_pos": 2
 },
 {
  "line": 1,
  "left": 12,
  "end": 154,
  "height": 42,
  "top": 93,
  "ayah": 4,
  "page": 582,
  "width": 142,
  "verse_pos": 3
 },
 {
  "line": 2,
  "left": 277,
  "end": 377,
  "height": 41,
  "top": 135,
  "ayah": 5,
  "page": 582,
  "width": 100,
  "verse_pos": 4
 },
 {
  "line": 2,
  "left": 170,
  "end": 276,
  "height": 41,
  "top": 135,
  "ayah": 6,
  "page": 582,
  "width": 106,
  "verse_pos": 5
 },
 {
  "line": 2,
  "left": 12,
  "end": 169,
  "height": 41,
  "top": 135,
  "ayah": 7,
  "page": 582,
  "width": 157,
  "verse_pos": 6
 },
 {
  "line": 3,
  "left": 260,
  "end": 377,
  "height": 43,
  "top": 176,
  "ayah": 8,
  "page": 582,
  "width": 117,
  "verse_pos": 7
 },
 {
  "line": 3,
  "left": 133,
  "end": 259,
  "height": 43,
  "top": 176,
  "ayah": 9,
  "page": 582,
  "width": 126,
  "verse_pos": 8
 },
 {
  "line": 3,
  "left": 12,
  "end": 132,
  "height": 43,
  "top": 176,
  "ayah": 10,
  "page": 582,
  "width": 120,
  "verse_pos": 9
 },
 {
  "line": 4,
  "left": 340,
  "end": 377,
  "height": 45,
  "top": 219,
  "ayah": 10,
  "page": 582,
  "width": 37,
  "verse_pos": 9
 },
 {
  "line": 4,
  "left": 205,
  "end": 339,
  "height": 45,
  "top": 219,
  "ayah": 11,
  "page": 582,
  "width": 134,
  "verse_pos": 10
 },
 {
  "line": 4,
  "left": 61,
  "end": 204,
  "height": 45,
  "top": 219,
  "ayah": 12,
  "page": 582,
  "width": 143,
  "verse_pos": 11
 },
 {
  "line": 4,
  "left": 12,
  "end": 60,
  "height": 45,
  "top": 219,
  "ayah": 13,
  "page": 582,
  "width": 48,
  "verse_pos": 12
 },
 {
  "line": 5,
  "left": 227,
  "end": 377,
  "height": 43,
  "top": 264,
  "ayah": 13,
  "page": 582,
  "width": 150,
  "verse_pos": 12
 },
 {
  "line": 5,
  "left": 65,
  "end": 226,
  "height": 43,
  "top": 264,
  "ayah": 14,
  "page": 582,
  "width": 161,
  "verse_pos": 13
 },
 {
  "line": 5,
  "left": 12,
  "end": 64,
  "height": 43,
  "top": 264,
  "ayah": 15,
  "page": 582,
  "width": 52,
  "verse_pos": 14
 },
 {
  "line": 6,
  "left": 206,
  "end": 377,
  "height": 44,
  "top": 307,
  "ayah": 15,
  "page": 582,
  "width": 171,
  "verse_pos": 14
 },
 {
  "line": 6,
  "left": 64,
  "end": 206,
  "height": 44,
  "top": 307,
  "ayah": 16,
  "page": 582,
  "width": 142,
  "verse_pos": 15
 },
 {
  "line": 6,
  "left": 12,
  "end": 63,
  "height": 44,
  "top": 307,
  "ayah": 17,
  "page": 582,
  "width": 51,
  "verse_pos": 16
 },
 {
  "line": 7,
  "left": 312,
  "end": 377,
  "height": 41,
  "top": 351,
  "ayah": 17,
  "page": 582,
  "width": 65,
  "verse_pos": 16
 },
 {
  "line": 7,
  "left": 130,
  "end": 312,
  "height": 41,
  "top": 351,
  "ayah": 18,
  "page": 582,
  "width": 182,
  "verse_pos": 17
 },
 {
  "line": 7,
  "left": 12,
  "end": 130,
  "height": 41,
  "top": 351,
  "ayah": 19,
  "page": 582,
  "width": 118,
  "verse_pos": 18
 },
 {
  "line": 8,
  "left": 266,
  "end": 377,
  "height": 44,
  "top": 392,
  "ayah": 19,
  "page": 582,
  "width": 111,
  "verse_pos": 18
 },
 {
  "line": 8,
  "left": 67,
  "end": 265,
  "height": 44,
  "top": 392,
  "ayah": 20,
  "page": 582,
  "width": 198,
  "verse_pos": 19
 },
 {
  "line": 8,
  "left": 12,
  "end": 66,
  "height": 44,
  "top": 392,
  "ayah": 21,
  "page": 582,
  "width": 54,
  "verse_pos": 20
 },
 {
  "line": 9,
  "left": 230,
  "end": 377,
  "height": 41,
  "top": 436,
  "ayah": 21,
  "page": 582,
  "width": 147,
  "verse_pos": 20
 },
 {
  "line": 9,
  "left": 67,
  "end": 230,
  "height": 41,
  "top": 436,
  "ayah": 22,
  "page": 582,
  "width": 163,
  "verse_pos": 21
 },
 {
  "line": 9,
  "left": 12,
  "end": 66,
  "height": 41,
  "top": 436,
  "ayah": 23,
  "page": 582,
  "width": 54,
  "verse_pos": 22
 },
 {
  "line": 10,
  "left": 314,
  "end": 377,
  "height": 44,
  "top": 477,
  "ayah": 23,
  "page": 582,
  "width": 63,
  "verse_pos": 22
 },
 {
  "line": 10,
  "left": 183,
  "end": 314,
  "height": 44,
  "top": 477,
  "ayah": 24,
  "page": 582,
  "width": 131,
  "verse_pos": 23
 },
 {
  "line": 10,
  "left": 12,
  "end": 182,
  "height": 44,
  "top": 477,
  "ayah": 25,
  "page": 582,
  "width": 170,
  "verse_pos": 24
 },
 {
  "line": 11,
  "left": 342,
  "end": 377,
  "height": 43,
  "top": 521,
  "ayah": 25,
  "page": 582,
  "width": 35,
  "verse_pos": 24
 },
 {
  "line": 11,
  "left": 207,
  "end": 342,
  "height": 43,
  "top": 521,
  "ayah": 26,
  "page": 582,
  "width": 135,
  "verse_pos": 25
 },
 {
  "line": 11,
  "left": 95,
  "end": 206,
  "height": 43,
  "top": 521,
  "ayah": 27,
  "page": 582,
  "width": 111,
  "verse_pos": 26
 },
 {
  "line": 11,
  "left": 12,
  "end": 94,
  "height": 43,
  "top": 521,
  "ayah": 28,
  "page": 582,
  "width": 82,
  "verse_pos": 27
 },
 {
  "line": 12,
  "left": 243,
  "end": 377,
  "height": 43,
  "top": 564,
  "ayah": 28,
  "page": 582,
  "width": 134,
  "verse_pos": 27
 },
 {
  "line": 12,
  "left": 87,
  "end": 242,
  "height": 43,
  "top": 564,
  "ayah": 29,
  "page": 582,
  "width": 155,
  "verse_pos": 28
 },
 {
  "line": 12,
  "left": 12,
  "end": 86,
  "height": 43,
  "top": 564,
  "ayah": 30,
  "page": 582,
  "width": 74,
  "verse_pos": 29
 },
 {
  "line": 13,
  "left": 228,
  "end": 377,
  "height": 42,
  "top": 607,
  "ayah": 30,
  "page": 582,
  "width": 149,
  "verse_pos": 29
 },
 {
  "line": 13,
  "left": 12,
  "end": 227,
  "height": 42,
  "top": 607,
  "ayah": 31,
  "page": 582,
  "width": 215,
  "verse_pos": 30
 }
]