[
 {
  "line": 1,
  "left": 16,
  "end": 372,
  "height": 43,
  "top": 7,
  "ayah": 1,
  "page": 480,
  "width": 356,
  "verse_pos": 0
 },
 {
  "line": 2,
  "left": 16,
  "end": 372,
  "height": 43,
  "top": 50,
  "ayah": 1,
  "page": 480,
  "width": 356,
  "verse_pos": 0
 },
 {
  "line": 3,
  "left": 184,
  "end": 372,
  "height": 42,
  "top": 93,
  "ayah": 1,
  "page": 480,
  "width": 188,
  "verse_pos": 0
 },
 {
  "line": 3,
  "left": 16,
  "end": 183,
  "height": 42,
  "top": 93,
  "ayah": 2,
  "page": 480,
  "width": 167,
  "verse_pos": 1
 },
 {
  "line": 4,
  "left": 16,
  "end": 372,
  "height": 43,
  "top": 135,
  "ayah": 2,
  "page": 480,
  "width": 356,
  "verse_pos": 1
 },
 {
  "line": 5,
  "left": 184,
  "end": 372,
  "height": 43,
  "top": 178,
  "ayah": 2,
  "page": 480,
  "width": 188,
  "verse_pos": 1
 },
 {
  "line": 5,
  "left": 16,
  "end": 183,
  "height": 43,
  "top": 178,
  "ayah": 3,
  "page": 480,
  "width": 167,
  "verse_pos": 2
 },
 {
  "line": 6,
  "left": 16,
  "end": 372,
  "height": 39,
  "top": 221,
  "ayah": 4,
  "page": 480,
  "width": 356,
  "verse_pos": 3
 },
 {
  "line": 7,
  "left": 216,
  "end": 372,
  "height": 45,
  "top": 260,
  "ayah": 4,
  "page": 480,
  "width": 156,
  "verse_pos": 3
 },
 {
  "line": 7,
  "left": 16,
  "end": 215,
  "height": 45,
  "top": 260,
  "ayah": 5,
  "page": 480,
  "width": 199,
  "verse_pos": 4
 },
 {
  "line": 8,
  "left": 16,
  "end": 372,
  "height": 45,
  "top": 305,
  "ayah": 5,
  "page": 480,
  "width": 356,
  "verse_pos": 4
 },
 {
  "line": 9,
  "left": 260,
  "end": 372,
  "height": 44,
  "top": 350,
  "ayah": 5,
  "page": 480,
  "width": 112,
  "verse_pos": 4
 },
 {
  "line": 9,
  "left": 16,
  "end": 259,
  "height": 44,
  "top": 350,
  "ayah": 6,
  "page": 480,
  "width": 243,
  "verse_pos": 5
 },
 {
  "line": 10,
  "left": 210,
  "end": 372,
  "height": 41,
  "top": 394,
  "ayah": 6,
  "page": 480,
  "width": 162,
  "verse_pos": 5
 },
 {
  "line": 10,
  "left": 16,
  "end": 209,
  "height": 41,
  "top": 394,
  "ayah": 7,
  "page": 480,
  "width": 193,
  "verse_pos": 6
 },
 {
  "line": 11,
  "left": 99,
  "end": 372,
  "height": 43,
  "top": 435,
  "ayah": 7,
  "page": 480,
  "width": 273,
  "verse_pos": 6
 },
 {
  "line": 11,
  "left": 16,
  "end": 98,
  "height": 43,
  "top": 435,
  "ayah": 8,
  "page": 480,
  "width": 82,
  "verse_pos": 7
 },
 {
  "line": 12,
  "left": 16,
  "end": 372,
  "height": 43,
  "top": 478,
  "ayah": 8,
  "page": 480,
  "width": 356,
  "verse_pos": 7
 },
 {
  "line": 13,
  "left": 16,
  "end": 372,
  "height": 44,
  "top": 521,
  "ayah": 8,
  "page": 480,
  "width": 356,
  "verse_pos": 7
 },
 {
  "line": 14,
  "left": 225,
  "end": 372,
  "height": 43,
  "top": 565,
  "ayah": 8,
  "page": 480,
  "width": 147,
  "verse_pos": 7
 },
 {
  "line": 14,
  "left": 16,
  "end": 224,
  "height": 43,
  "top": 565,
  "ayah": 9,
  "page": 480,
  "width": 208,
  "verse_pos": 8
 },
 {
  "line": 15,
  "left": 16,
  "end": 372,
  "height": 42,
  "top": 608,
  "ayah": 9,
  "page": 480,
  "width": 356,
  "verse_pos": 8
 }
]