[
 {
  "line": 1,
  "left": 20,
  "end": 366,
  "height": 40,
  "top": 7,
  "ayah": 1,
  "page": 84,
  "width": 346,
  "verse_pos": 0
 },
 {
  "line": 2,
  "left": 20,
  "end": 366,
  "height": 41,
  "top": 47,
  "ayah": 1,
  "page": 84,
  "width": 346,
  "verse_pos": 0
 },
 {
  "line": 3,
  "left": 20,
  "end": 366,
  "height": 46,
  "top": 88,
  "ayah": 1,
  "page": 84,
  "width": 346,
  "verse_pos": 0
 },
 {
  "line": 4,
  "left": 20,
  "end": 366,
  "height": 38,
  "top": 134,
  "ayah": 1,
  "page": 84,
  "width": 346,
  "verse_pos": 0
 },
 {
  "line": 5,
  "left": 20,
  "end": 366,
  "height": 48,
  "top": 172,
  "ayah": 1,
  "page": 84,
  "width": 346,
  "verse_pos": 0
 },
 {
  "line": 6,
  "left": 144,
  "end": 366,
  "height": 43,
  "top": 220,
  "ayah": 1,
  "page": 84,
  "width": 222,
  "verse_pos": 0
 },
 {
  "line": 6,
  "left": 20,
  "end": 143,
  "height": 43,
  "top": 220,
  "ayah": 2,
  "page": 84,
  "width": 123,
  "verse_pos": 1
 },
 {
  "line": 7,
  "left": 20,
  "end": 366,
  "height": 38,
  "top": 263,
  "ayah": 2,
  "page": 84,
  "width": 346,
  "verse_pos": 1
 },
 {
  "line": 8,
  "left": 20,
  "end": 366,
  "height": 45,
  "top": 301,
  "ayah": 2,
  "page": 84,
  "width": 346,
  "verse_pos": 1
 },
 {
  "line": 9,
  "left": 331,
  "end": 366,
  "height": 48,
  "top": 346,
  "ayah": 2,
  "page": 84,
  "width": 35,
  "verse_pos": 1
 },
 {
  "line": 9,
  "left": 20,
  "end": 330,
  "height": 48,
  "top": 346,
  "ayah": 3,
  "page": 84,
  "width": 310,
  "verse_pos": 2
 },
 {
  "line": 10,
  "left": 20,
  "end": 366,
  "height": 42,
  "top": 394,
  "ayah": 3,
  "page": 84,
  "width": 346,
  "verse_pos": 2
 },
 {
  "line": 11,
  "left": 20,
  "end": 366,
  "height": 39,
  "top": 436,
  "ayah": 3,
  "page": 84,
  "width": 346,
  "verse_pos": 2
 },
 {
  "line": 12,
  "left": 20,
  "end": 366,
  "height": 44,
  "top": 475,
  "ayah": 3,
  "page": 84,
  "width": 346,
  "verse_pos": 2
 },
 {
  "line": 13,
  "left": 177,
  "end": 366,
  "height": 46,
  "top": 519,
  "ayah": 3,
  "page": 84,
  "width": 189,
  "verse_pos": 2
 },
 {
  "line": 13,
  "left": 20,
  "end": 176,
  "height": 46,
  "top": 519,
  "ayah": 4,
  "page": 84,
  "width": 156,
  "verse_pos": 3
 },
 {
  "line": 14,
  "left": 20,
  "end": 366,
  "height": 41,
  "top": 565,
  "ayah": 4,
  "page": 84,
  "width": 346,
  "verse_pos": 3
 },
 {
  "line": 15,
  "left": 20,
  "end": 366,
  "height": 44,
  "top": 606,
  "ayah": 4,
  "page": 84,
  "width": 346,
  "verse_pos": 3
 }
]