[
 {
  "line": 1,
  "left": 15,
  "end": 371,
  "height": 39,
  "top": 7,
  "ayah": 1,
  "page": 414,
  "width": 356,
  "verse_pos": 0
 },
 {
  "line": 2,
  "left": 15,
  "end": 371,
  "height": 47,
  "top": 46,
  "ayah": 1,
  "page": 414,
  "width": 356,
  "verse_pos": 0
 },
 {
  "line": 3,
  "left": 226,
  "end": 371,
  "height": 40,
  "top": 93,
  "ayah": 1,
  "page": 414,
  "width": 145,
  "verse_pos": 0
 },
 {
  "line": 3,
  "left": 15,
  "end": 225,
  "height": 40,
  "top": 93,
  "ayah": 2,
  "page": 414,
  "width": 210,
  "verse_pos": 1
 },
 {
  "line": 4,
  "left": 71,
  "end": 371,
  "height": 46,
  "top": 133,
  "ayah": 2,
  "page": 414,
  "width": 300,
  "verse_pos": 1
 },
 {
  "line": 4,
  "left": 15,
  "end": 70,
  "height": 46,
  "top": 133,
  "ayah": 3,
  "page": 414,
  "width": 55,
  "verse_pos": 2
 },
 {
  "line": 5,
  "left": 15,
  "end": 371,
  "height": 43,
  "top": 179,
  "ayah": 3,
  "page": 414,
  "width": 356,
  "verse_pos": 2
 },
 {
  "line": 6,
  "left": 124,
  "end": 371,
  "height": 40,
  "top": 222,
  "ayah": 3,
  "page": 414,
  "width": 247,
  "verse_pos": 2
 },
 {
  "line": 6,
  "left": 15,
  "end": 123,
  "height": 40,
  "top": 222,
  "ayah": 4,
  "page": 414,
  "width": 108,
  "verse_pos": 3
 },
 {
  "line": 7,
  "left": 15,
  "end": 371,
  "height": 41,
  "top": 262,
  "ayah": 4,
  "page": 414,
  "width": 356,
  "verse_pos": 3
 },
 {
  "line": 8,
  "left": 15,
  "end": 371,
  "height": 48,
  "top": 303,
  "ayah": 4,
  "page": 414,
  "width": 356,
  "verse_pos": 3
 },
 {
  "line": 9,
  "left": 335,
  "end": 371,
  "height": 41,
  "top": 351,
  "ayah": 4,
  "page": 414,
  "width": 36,
  "verse_pos": 3
 },
 {
  "line": 9,
  "left": 15,
  "end": 334,
  "height": 41,
  "top": 351,
  "ayah": 5,
  "page": 414,
  "width": 319,
  "verse_pos": 4
 },
 {
  "line": 10,
  "left": 15,
  "end": 371,
  "height": 40,
  "top": 392,
  "ayah": 5,
  "page": 414,
  "width": 356,
  "verse_pos": 4
 },
 {
  "line": 11,
  "left": 15,
  "end": 371,
  "height": 49,
  "top": 432,
  "ayah": 5,
  "page": 414,
  "width": 356,
  "verse_pos": 4
 },
 {
  "line": 12,
  "left": 283,
  "end": 371,
  "height": 40,
  "top": 481,
  "ayah": 5,
  "page": 414,
  "width": 88,
  "verse_pos": 4
 },
 {
  "line": 13,
  "left": 15,
  "end": 282,
  "height": 40,
  "top": 481,
  "ayah": 6,
  "page": 414,
  "width": 267,
  "verse_pos": 5
 },
 {
  "line": 14,
  "left": 15,
  "end": 371,
  "height": 44,
  "top": 521,
  "ayah": 6,
  "page": 414,
  "width": 356,
  "verse_pos": 5
 },
 {
  "line": 15,
  "left": 15,
  "end": 371,
  "height": 42,
  "top": 565,
  "ayah": 6,
  "page": 414,
  "width": 356,
  "verse_pos": 5
 }
]