[
 {
  "line": 1,
  "left": 16,
  "end": 370,
  "height": 42,
  "top": 7,
  "ayah": 1,
  "page": 538,
  "width": 354,
  "verse_pos": 0
 },
 {
  "line": 2,
  "left": 16,
  "end": 370,
  "height": 43,
  "top": 49,
  "ayah": 1,
  "page": 538,
  "width": 354,
  "verse_pos": 0
 },
 {
  "line": 3,
  "left": 16,
  "end": 370,
  "height": 44,
  "top": 92,
  "ayah": 1,
  "page": 538,
  "width": 354,
  "verse_pos": 0
 },
 {
  "line": 4,
  "left": 297,
  "end": 370,
  "height": 42,
  "top": 136,
  "ayah": 1,
  "page": 538,
  "width": 73,
  "verse_pos": 0
 },
 {
  "line": 4,
  "left": 16,
  "end": 296,
  "height": 42,
  "top": 136,
  "ayah": 2,
  "page": 538,
  "width": 280,
  "verse_pos": 1
 },
 {
  "line": 5,
  "left": 336,
  "end": 370,
  "height": 43,
  "top": 178,
  "ayah": 2,
  "page": 538,
  "width": 34,
  "verse_pos": 1
 },
 {
  "line": 5,
  "left": 16,
  "end": 335,
  "height": 43,
  "top": 178,
  "ayah": 3,
  "page": 538,
  "width": 319,
  "verse_pos": 2
 },
 {
  "line": 6,
  "left": 271,
  "end": 370,
  "height": 43,
  "top": 221,
  "ayah": 3,
  "page": 538,
  "width": 99,
  "verse_pos": 2
 },
 {
  "line": 6,
  "left": 16,
  "end": 270,
  "height": 43,
  "top": 221,
  "ayah": 4,
  "page": 538,
  "width": 254,
  "verse_pos": 3
 },
 {
  "line": 7,
  "left": 16,
  "end": 370,
  "height": 42,
  "top": 264,
  "ayah": 4,
  "page": 538,
  "width": 354,
  "verse_pos": 3
 },
 {
  "line": 8,
  "left": 16,
  "end": 370,
  "height": 45,
  "top": 306,
  "ayah": 5,
  "page": 538,
  "width": 354,
  "verse_pos": 4
 },
 {
  "line": 9,
  "left": 175,
  "end": 370,
  "height": 42,
  "top": 351,
  "ayah": 5,
  "page": 538,
  "width": 195,
  "verse_pos": 4
 },
 {
  "line": 9,
  "left": 16,
  "end": 174,
  "height": 42,
  "top": 351,
  "ayah": 6,
  "page": 538,
  "width": 158,
  "verse_pos": 5
 },
 {
  "line": 10,
  "left": 16,
  "end": 370,
  "height": 42,
  "top": 393,
  "ayah": 6,
  "page": 538,
  "width": 354,
  "verse_pos": 5
 },
 {
  "line": 11,
  "left": 257,
  "end": 370,
  "height": 45,
  "top": 435,
  "ayah": 6,
  "page": 538,
  "width": 113,
  "verse_pos": 5
 },
 {
  "line": 11,
  "left": 16,
  "end": 256,
  "height": 45,
  "top": 435,
  "ayah": 7,
  "page": 538,
  "width": 240,
  "verse_pos": 6
 },
 {
  "line": 12,
  "left": 16,
  "end": 370,
  "height": 40,
  "top": 480,
  "ayah": 7,
  "page": 538,
  "width": 354,
  "verse_pos": 6
 },
 {
  "line": 13,
  "left": 16,
  "end": 370,
  "height": 44,
  "top": 520,
  "ayah": 7,
  "page": 538,
  "width": 354,
  "verse_pos": 6
 },
 {
  "line": 14,
  "left": 67,
  "end": 370,
  "height": 44,
  "top": 564,
  "ayah": 7,
  "page": 538,
  "width": 303,
  "verse_pos": 6
 },
 {
  "line": 14,
  "left": 16,
  "end": 66,
  "height": 44,
  "top": 564,
  "ayah": 8,
  "page": 538,
  "width": 50,
  "verse_pos": 7
 },
 {
  "line": 15,
  "left": 16,
  "end": 370,
  "height": 42,
  "top": 608,
  "ayah": 8,
  "page": 538,
  "width": 354,
  "verse_pos": 7
 }
]