[
 {
  "line": 1,
  "left": 12,
  "end": 377,
  "height": 41,
  "top": 7,
  "ayah": 1,
  "page": 529,
  "width": 365,
  "verse_pos": 0
 },
 {
  "line": 2,
  "left": 71,
  "end": 377,
  "height": 44,
  "top": 48,
  "ayah": 2,
  "page": 529,
  "width": 306,
  "verse_pos": 1
 },
 {
  "line": 2,
  "left": 12,
  "end": 70,
  "height": 44,
  "top": 48,
  "ayah": 3,
  "page": 529,
  "width": 58,
  "verse_pos": 2
 },
 {
  "line": 3,
  "left": 50,
  "end": 377,
  "height": 44,
  "top": 92,
  "ayah": 3,
  "page": 529,
  "width": 327,
  "verse_pos": 2
 },
 {
  "line": 3,
  "left": 12,
  "end": 49,
  "height": 44,
  "top": 92,
  "ayah": 4,
  "page": 529,
  "width": 37,
  "verse_pos": 3
 },
 {
  "line": 4,
  "left": 202,
  "end": 377,
  "height": 42,
  "top": 136,
  "ayah": 4,
  "page": 529,
  "width": 175,
  "verse_pos": 3
 },
 {
  "line": 4,
  "left": 12,
  "end": 201,
  "height": 42,
  "top": 136,
  "ayah": 5,
  "page": 529,
  "width": 189,
  "verse_pos": 4
 },
 {
  "line": 5,
  "left": 341,
  "end": 377,
  "height": 42,
  "top": 178,
  "ayah": 5,
  "page": 529,
  "width": 36,
  "verse_pos": 4
 },
 {
  "line": 5,
  "left": 12,
  "end": 340,
  "height": 42,
  "top": 178,
  "ayah": 6,
  "page": 529,
  "width": 328,
  "verse_pos": 5
 },
 {
  "line": 6,
  "left": 174,
  "end": 377,
  "height": 44,
  "top": 220,
  "ayah": 7,
  "page": 529,
  "width": 203,
  "verse_pos": 6
 },
 {
  "line": 6,
  "left": 12,
  "end": 174,
  "height": 44,
  "top": 220,
  "ayah": 8,
  "page": 529,
  "width": 162,
  "verse_pos": 7
 },
 {
  "line": 7,
  "left": 314,
  "end": 377,
  "height": 43,
  "top": 264,
  "ayah": 8,
  "page": 529,
  "width": 63,
  "verse_pos": 7
 },
 {
  "line": 7,
  "left": 91,
  "end": 313,
  "height": 43,
  "top": 264,
  "ayah": 9,
  "page": 529,
  "width": 222,
  "verse_pos": 8
 },
 {
  "line": 7,
  "left": 12,
  "end": 90,
  "height": 43,
  "top": 264,
  "ayah": 10,
  "page": 529,
  "width": 78,
  "verse_pos": 9
 },
 {
  "line": 8,
  "left": 269,
  "end": 377,
  "height": 44,
  "top": 307,
  "ayah": 10,
  "page": 529,
  "width": 108,
  "verse_pos": 9
 },
 {
  "line": 8,
  "left": 12,
  "end": 268,
  "height": 44,
  "top": 307,
  "ayah": 11,
  "page": 529,
  "width": 256,
  "verse_pos": 10
 },
 {
  "line": 9,
  "left": 341,
  "end": 377,
  "height": 43,
  "top": 351,
  "ayah": 11,
  "page": 529,
  "width": 36,
  "verse_pos": 10
 },
 {
  "line": 9,
  "left": 104,
  "end": 340,
  "height": 43,
  "top": 351,
  "ayah": 12,
  "page": 529,
  "width": 236,
  "verse_pos": 11
 },
 {
  "line": 9,
  "left": 12,
  "end": 103,
  "height": 43,
  "top": 351,
  "ayah": 13,
  "page": 529,
  "width": 91,
  "verse_pos": 12
 },
 {
  "line": 10,
  "left": 155,
  "end": 377,
  "height": 42,
  "top": 394,
  "ayah": 13,
  "page": 529,
  "width": 222,
  "verse_pos": 12
 },
 {
  "line": 10,
  "left": 12,
  "end": 155,
  "height": 42,
  "top": 394,
  "ayah": 14,
  "page": 529,
  "width": 143,
  "verse_pos": 13
 },
 {
  "line": 11,
  "left": 276,
  "end": 377,
  "height": 43,
  "top": 436,
  "ayah": 14,
  "page": 529,
  "width": 101,
  "verse_pos": 13
 },
 {
  "line": 11,
  "left": 114,
  "end": 275,
  "height": 43,
  "top": 436,
  "ayah": 15,
  "page": 529,
  "width": 161,
  "verse_pos": 14
 },
 {
  "line": 11,
  "left": 12,
  "end": 113,
  "height": 43,
  "top": 436,
  "ayah": 16,
  "page": 529,
  "width": 101,
  "verse_pos": 15
 },
 {
  "line": 12,
  "left": 227,
  "end": 377,
  "height": 43,
  "top": 479,
  "ayah": 16,
  "page": 529,
  "width": 150,
  "verse_pos": 15
 },
 {
  "line": 12,
  "left": 88,
  "end": 227,
  "height": 43,
  "top": 479,
  "ayah": 17,
  "page": 529,
  "width": 139,
  "verse_pos": 16
 },
 {
  "line": 12,
  "left": 12,
  "end": 87,
  "height": 43,
  "top": 479,
  "ayah": 18,
  "page": 529,
  "width": 75,
  "verse_pos": 17
 },
 {
  "line": 13,
  "left": 111,
  "end": 377,
  "height": 43,
  "top": 522,
  "ayah": 18,
  "page": 529,
  "width": 266,
  "verse_pos": 17
 },
 {
  "line": 13,
  "left": 12,
  "end": 110,
  "height": 43,
  "top": 522,
  "ayah": 19,
  "page": 529,
  "width": 98,
  "verse_pos": 18
 },
 {
  "line": 14,
  "left": 187,
  "end": 377,
  "height": 44,
  "top": 565,
  "ayah": 19,
  "page": 529,
  "width": 190,
  "verse_pos": 18
 },
 {
  "line": 14,
  "left": 12,
  "end": 186,
  "height": 44,
  "top": 565,
  "ayah": 20,
  "page": 529,
  "width": 174,
  "verse_pos": 19
 },
 {
  "line": 15,
  "left": 306,
  "end": 377,
  "height": 42,
  "top": 609,
  "ayah": 20,
  "page": 529,
  "width": 71,
  "verse_pos": 19
 },
 {
  "line": 15,
  "left": 12,
  "end": 305,
  "height": 42,
  "top": 609,
  "ayah": 21,
  "page": 529,
  "width": 293,
  "verse_pos": 20
 }
]