[
 {
  "line": 1,
  "left": 183,
  "end": 377,
  "height": 42,
  "top": 7,
  "ayah": 1,
  "page": 314,
  "width": 194,
  "verse_pos": 0
 },
 {
  "line": 1,
  "left": 13,
  "end": 182,
  "height": 42,
  "top": 7,
  "ayah": 2,
  "page": 314,
  "width": 169,
  "verse_pos": 1
 },
 {
  "line": 2,
  "left": 13,
  "end": 377,
  "height": 44,
  "top": 49,
  "ayah": 2,
  "page": 314,
  "width": 364,
  "verse_pos": 1
 },
 {
  "line": 3,
  "left": 134,
  "end": 377,
  "height": 41,
  "top": 93,
  "ayah": 2,
  "page": 314,
  "width": 243,
  "verse_pos": 1
 },
 {
  "line": 3,
  "left": 13,
  "end": 133,
  "height": 41,
  "top": 93,
  "ayah": 3,
  "page": 314,
  "width": 120,
  "verse_pos": 2
 },
 {
  "line": 4,
  "left": 13,
  "end": 377,
  "height": 46,
  "top": 134,
  "ayah": 3,
  "page": 314,
  "width": 364,
  "verse_pos": 2
 },
 {
  "line": 5,
  "left": 13,
  "end": 377,
  "height": 43,
  "top": 180,
  "ayah": 3,
  "page": 314,
  "width": 364,
  "verse_pos": 2
 },
 {
  "line": 6,
  "left": 13,
  "end": 377,
  "height": 43,
  "top": 223,
  "ayah": 3,
  "page": 314,
  "width": 364,
  "verse_pos": 2
 },
 {
  "line": 7,
  "left": 221,
  "end": 377,
  "height": 42,
  "top": 266,
  "ayah": 4,
  "page": 314,
  "width": 156,
  "verse_pos": 3
 },
 {
  "line": 7,
  "left": 13,
  "end": 220,
  "height": 42,
  "top": 266,
  "ayah": 5,
  "page": 314,
  "width": 207,
  "verse_pos": 4
 },
 {
  "line": 8,
  "left": 290,
  "end": 377,
  "height": 41,
  "top": 308,
  "ayah": 5,
  "page": 314,
  "width": 87,
  "verse_pos": 4
 },
 {
  "line": 8,
  "left": 114,
  "end": 289,
  "height": 41,
  "top": 308,
  "ayah": 6,
  "page": 314,
  "width": 175,
  "verse_pos": 5
 },
 {
  "line": 8,
  "left": 13,
  "end": 113,
  "height": 41,
  "top": 308,
  "ayah": 7,
  "page": 314,
  "width": 100,
  "verse_pos": 6
 },
 {
  "line": 9,
  "left": 213,
  "end": 377,
  "height": 42,
  "top": 349,
  "ayah": 7,
  "page": 314,
  "width": 164,
  "verse_pos": 6
 },
 {
  "line": 9,
  "left": 13,
  "end": 212,
  "height": 42,
  "top": 349,
  "ayah": 8,
  "page": 314,
  "width": 199,
  "verse_pos": 7
 },
 {
  "line": 10,
  "left": 272,
  "end": 377,
  "height": 46,
  "top": 391,
  "ayah": 8,
  "page": 314,
  "width": 105,
  "verse_pos": 7
 },
 {
  "line": 10,
  "left": 13,
  "end": 271,
  "height": 46,
  "top": 391,
  "ayah": 9,
  "page": 314,
  "width": 258,
  "verse_pos": 8
 },
 {
  "line": 11,
  "left": 338,
  "end": 377,
  "height": 42,
  "top": 437,
  "ayah": 9,
  "page": 314,
  "width": 39,
  "verse_pos": 8
 },
 {
  "line": 11,
  "left": 13,
  "end": 337,
  "height": 42,
  "top": 437,
  "ayah": 10,
  "page": 314,
  "width": 324,
  "verse_pos": 9
 },
 {
  "line": 12,
  "left": 13,
  "end": 377,
  "height": 44,
  "top": 479,
  "ayah": 10,
  "page": 314,
  "width": 364,
  "verse_pos": 9
 },
 {
  "line": 13,
  "left": 294,
  "end": 377,
  "height": 42,
  "top": 523,
  "ayah": 10,
  "page": 314,
  "width": 83,
  "verse_pos": 9
 },
 {
  "line": 13,
  "left": 13,
  "end": 293,
  "height": 42,
  "top": 523,
  "ayah": 11,
  "page": 314,
  "width": 280,
  "verse_pos": 10
 },
 {
  "line": 14,
  "left": 307,
  "end": 377,
  "height": 43,
  "top": 565,
  "ayah": 11,
  "page": 314,
  "width": 70,
  "verse_pos": 10
 },
 {
  "line": 14,
  "left": 135,
  "end": 306,
  "height": 43,
  "top": 565,
  "ayah": 12,
  "page": 314,
  "width": 171,
  "verse_pos": 11
 },
 {
  "line": 14,
  "left": 13,
  "end": 134,
  "height": 43,
  "top": 565,
  "ayah": 13,
  "page": 314,
  "width": 121,
  "verse_pos": 12
 },
 {
  "line": 15,
  "left": 197,
  "end": 377,
  "height": 42,
  "top": 608,
  "ayah": 13,
  "page": 314,
  "width": 180,
  "verse_pos": 12
 },
 {
  "line": 15,
  "left": 13,
  "end": 196,
  "height": 42,
  "top": 608,
  "ayah": 14,
  "page": 314,
  "width": 183,
  "verse_pos": 13
 }
]