[
 {
  "line": 1,
  "left": 11,
  "end": 378,
  "height": 41,
  "top": 7,
  "ayah": 1,
  "page": 298,
  "width": 367,
  "verse_pos": 0
 },
 {
  "line": 2,
  "left": 309,
  "end": 378,
  "height": 44,
  "top": 48,
  "ayah": 1,
  "page": 298,
  "width": 69,
  "verse_pos": 0
 },
 {
  "line": 2,
  "left": 11,
  "end": 308,
  "height": 44,
  "top": 48,
  "ayah": 2,
  "page": 298,
  "width": 297,
  "verse_pos": 1
 },
 {
  "line": 3,
  "left": 180,
  "end": 378,
  "height": 43,
  "top": 92,
  "ayah": 2,
  "page": 298,
  "width": 198,
  "verse_pos": 1
 },
 {
  "line": 3,
  "left": 11,
  "end": 179,
  "height": 43,
  "top": 92,
  "ayah": 3,
  "page": 298,
  "width": 168,
  "verse_pos": 2
 },
 {
  "line": 4,
  "left": 11,
  "end": 378,
  "height": 43,
  "top": 135,
  "ayah": 3,
  "page": 298,
  "width": 367,
  "verse_pos": 2
 },
 {
  "line": 5,
  "left": 343,
  "end": 378,
  "height": 44,
  "top": 178,
  "ayah": 3,
  "page": 298,
  "width": 35,
  "verse_pos": 2
 },
 {
  "line": 5,
  "left": 66,
  "end": 342,
  "height": 44,
  "top": 178,
  "ayah": 4,
  "page": 298,
  "width": 276,
  "verse_pos": 3
 },
 {
  "line": 5,
  "left": 11,
  "end": 65,
  "height": 44,
  "top": 178,
  "ayah": 5,
  "page": 298,
  "width": 54,
  "verse_pos": 4
 },
 {
  "line": 6,
  "left": 11,
  "end": 378,
  "height": 43,
  "top": 222,
  "ayah": 5,
  "page": 298,
  "width": 367,
  "verse_pos": 4
 },
 {
  "line": 7,
  "left": 209,
  "end": 378,
  "height": 44,
  "top": 265,
  "ayah": 5,
  "page": 298,
  "width": 169,
  "verse_pos": 4
 },
 {
  "line": 7,
  "left": 11,
  "end": 208,
  "height": 44,
  "top": 265,
  "ayah": 6,
  "page": 298,
  "width": 197,
  "verse_pos": 5
 },
 {
  "line": 8,
  "left": 11,
  "end": 378,
  "height": 42,
  "top": 309,
  "ayah": 6,
  "page": 298,
  "width": 367,
  "verse_pos": 5
 },
 {
  "line": 9,
  "left": 316,
  "end": 378,
  "height": 42,
  "top": 351,
  "ayah": 6,
  "page": 298,
  "width": 62,
  "verse_pos": 5
 },
 {
  "line": 9,
  "left": 11,
  "end": 315,
  "height": 42,
  "top": 351,
  "ayah": 7,
  "page": 298,
  "width": 304,
  "verse_pos": 6
 },
 {
  "line": 10,
  "left": 11,
  "end": 378,
  "height": 43,
  "top": 393,
  "ayah": 8,
  "page": 298,
  "width": 367,
  "verse_pos": 7
 },
 {
  "line": 11,
  "left": 90,
  "end": 378,
  "height": 45,
  "top": 436,
  "ayah": 8,
  "page": 298,
  "width": 288,
  "verse_pos": 7
 },
 {
  "line": 11,
  "left": 11,
  "end": 89,
  "height": 45,
  "top": 436,
  "ayah": 9,
  "page": 298,
  "width": 78,
  "verse_pos": 8
 },
 {
  "line": 12,
  "left": 98,
  "end": 378,
  "height": 43,
  "top": 481,
  "ayah": 9,
  "page": 298,
  "width": 280,
  "verse_pos": 8
 },
 {
  "line": 12,
  "left": 11,
  "end": 97,
  "height": 43,
  "top": 481,
  "ayah": 10,
  "page": 298,
  "width": 86,
  "verse_pos": 9
 },
 {
  "line": 13,
  "left": 156,
  "end": 378,
  "height": 41,
  "top": 524,
  "ayah": 10,
  "page": 298,
  "width": 222,
  "verse_pos": 9
 },
 {
  "line": 13,
  "left": 11,
  "end": 155,
  "height": 41,
  "top": 524,
  "ayah": 11,
  "page": 298,
  "width": 144,
  "verse_pos": 10
 },
 {
  "line": 14,
  "left": 11,
  "end": 378,
  "height": 43,
  "top": 565,
  "ayah": 11,
  "page": 298,
  "width": 367,
  "verse_pos": 10
 },
 {
  "line": 15,
  "left": 11,
  "end": 378,
  "height": 45,
  "top": 608,
  "ayah": 11,
  "page": 298,
  "width": 367,
  "verse_pos": 10
 }
]