[
 {
  "line": 1,
  "left": 15,
  "end": 372,
  "height": 38,
  "top": 7,
  "ayah": 1,
  "page": 215,
  "width": 357,
  "verse_pos": 0
 },
 {
  "line": 2,
  "left": 15,
  "end": 372,
  "height": 44,
  "top": 45,
  "ayah": 1,
  "page": 215,
  "width": 357,
  "verse_pos": 0
 },
 {
  "line": 3,
  "left": 264,
  "end": 372,
  "height": 45,
  "top": 89,
  "ayah": 1,
  "page": 215,
  "width": 108,
  "verse_pos": 0
 },
 {
  "line": 3,
  "left": 15,
  "end": 264,
  "height": 45,
  "top": 89,
  "ayah": 2,
  "page": 215,
  "width": 249,
  "verse_pos": 1
 },
 {
  "line": 4,
  "left": 115,
  "end": 372,
  "height": 44,
  "top": 134,
  "ayah": 2,
  "page": 215,
  "width": 257,
  "verse_pos": 1
 },
 {
  "line": 4,
  "left": 15,
  "end": 114,
  "height": 44,
  "top": 134,
  "ayah": 3,
  "page": 215,
  "width": 99,
  "verse_pos": 2
 },
 {
  "line": 5,
  "left": 227,
  "end": 372,
  "height": 42,
  "top": 178,
  "ayah": 3,
  "page": 215,
  "width": 145,
  "verse_pos": 2
 },
 {
  "line": 5,
  "left": 15,
  "end": 227,
  "height": 42,
  "top": 178,
  "ayah": 4,
  "page": 215,
  "width": 212,
  "verse_pos": 3
 },
 {
  "line": 6,
  "left": 15,
  "end": 372,
  "height": 46,
  "top": 220,
  "ayah": 4,
  "page": 215,
  "width": 357,
  "verse_pos": 3
 },
 {
  "line": 7,
  "left": 335,
  "end": 372,
  "height": 41,
  "top": 266,
  "ayah": 4,
  "page": 215,
  "width": 37,
  "verse_pos": 3
 },
 {
  "line": 7,
  "left": 15,
  "end": 335,
  "height": 41,
  "top": 266,
  "ayah": 5,
  "page": 215,
  "width": 320,
  "verse_pos": 4
 },
 {
  "line": 8,
  "left": 278,
  "end": 372,
  "height": 40,
  "top": 307,
  "ayah": 5,
  "page": 215,
  "width": 94,
  "verse_pos": 4
 },
 {
  "line": 8,
  "left": 15,
  "end": 277,
  "height": 40,
  "top": 307,
  "ayah": 6,
  "page": 215,
  "width": 262,
  "verse_pos": 5
 },
 {
  "line": 9,
  "left": 15,
  "end": 372,
  "height": 45,
  "top": 347,
  "ayah": 6,
  "page": 215,
  "width": 357,
  "verse_pos": 5
 },
 {
  "line": 10,
  "left": 271,
  "end": 372,
  "height": 41,
  "top": 392,
  "ayah": 6,
  "page": 215,
  "width": 101,
  "verse_pos": 5
 },
 {
  "line": 10,
  "left": 15,
  "end": 270,
  "height": 41,
  "top": 392,
  "ayah": 7,
  "page": 215,
  "width": 255,
  "verse_pos": 6
 },
 {
  "line": 11,
  "left": 15,
  "end": 372,
  "height": 43,
  "top": 433,
  "ayah": 7,
  "page": 215,
  "width": 357,
  "verse_pos": 6
 },
 {
  "line": 12,
  "left": 260,
  "end": 372,
  "height": 45,
  "top": 476,
  "ayah": 7,
  "page": 215,
  "width": 112,
  "verse_pos": 6
 },
 {
  "line": 12,
  "left": 15,
  "end": 259,
  "height": 45,
  "top": 476,
  "ayah": 8,
  "page": 215,
  "width": 244,
  "verse_pos": 7
 },
 {
  "line": 13,
  "left": 15,
  "end": 372,
  "height": 44,
  "top": 521,
  "ayah": 8,
  "page": 215,
  "width": 357,
  "verse_pos": 7
 },
 {
  "line": 14,
  "left": 15,
  "end": 372,
  "height": 41,
  "top": 565,
  "ayah": 8,
  "page": 215,
  "width": 357,
  "verse_pos": 7
 },
 {
  "line": 15,
  "left": 15,
  "end": 372,
  "height": 46,
  "top": 606,
  "ayah": 8,
  "page": 215,
  "width": 357,
  "verse_pos": 7
 }
]