[
 {
  "line": 1,
  "left": 16,
  "end": 375,
  "height": 49,
  "top": 7,
  "ayah": 1,
  "page": 137,
  "width": 359,
  "verse_pos": 0
 },
 {
  "line": 2,
  "left": 154,
  "end": 375,
  "height": 40,
  "top": 56,
  "ayah": 1,
  "page": 137,
  "width": 221,
  "verse_pos": 0
 },
 {
  "line": 2,
  "left": 16,
  "end": 153,
  "height": 40,
  "top": 56,
  "ayah": 2,
  "page": 137,
  "width": 137,
  "verse_pos": 1
 },
 {
  "line": 3,
  "left": 16,
  "end": 375,
  "height": 40,
  "top": 96,
  "ayah": 2,
  "page": 137,
  "width": 359,
  "verse_pos": 1
 },
 {
  "line": 4,
  "left": 16,
  "end": 375,
  "height": 47,
  "top": 136,
  "ayah": 3,
  "page": 137,
  "width": 359,
  "verse_pos": 2
 },
 {
  "line": 5,
  "left": 207,
  "end": 375,
  "height": 42,
  "top": 183,
  "ayah": 3,
  "page": 137,
  "width": 168,
  "verse_pos": 2
 },
 {
  "line": 5,
  "left": 16,
  "end": 206,
  "height": 42,
  "top": 183,
  "ayah": 4,
  "page": 137,
  "width": 190,
  "verse_pos": 3
 },
 {
  "line": 6,
  "left": 16,
  "end": 375,
  "height": 46,
  "top": 225,
  "ayah": 4,
  "page": 137,
  "width": 359,
  "verse_pos": 3
 },
 {
  "line": 7,
  "left": 284,
  "end": 375,
  "height": 38,
  "top": 271,
  "ayah": 4,
  "page": 137,
  "width": 91,
  "verse_pos": 3
 },
 {
  "line": 7,
  "left": 16,
  "end": 283,
  "height": 38,
  "top": 271,
  "ayah": 5,
  "page": 137,
  "width": 267,
  "verse_pos": 4
 },
 {
  "line": 8,
  "left": 16,
  "end": 375,
  "height": 46,
  "top": 309,
  "ayah": 5,
  "page": 137,
  "width": 359,
  "verse_pos": 4
 },
 {
  "line": 9,
  "left": 16,
  "end": 375,
  "height": 40,
  "top": 355,
  "ayah": 6,
  "page": 137,
  "width": 359,
  "verse_pos": 5
 },
 {
  "line": 10,
  "left": 131,
  "end": 375,
  "height": 47,
  "top": 395,
  "ayah": 6,
  "page": 137,
  "width": 244,
  "verse_pos": 5
 },
 {
  "line": 10,
  "left": 16,
  "end": 130,
  "height": 47,
  "top": 395,
  "ayah": 7,
  "page": 137,
  "width": 114,
  "verse_pos": 6
 },
 {
  "line": 11,
  "left": 16,
  "end": 375,
  "height": 39,
  "top": 442,
  "ayah": 7,
  "page": 137,
  "width": 359,
  "verse_pos": 6
 },
 {
  "line": 12,
  "left": 16,
  "end": 375,
  "height": 46,
  "top": 481,
  "ayah": 7,
  "page": 137,
  "width": 359,
  "verse_pos": 6
 },
 {
  "line": 13,
  "left": 246,
  "end": 375,
  "height": 44,
  "top": 527,
  "ayah": 7,
  "page": 137,
  "width": 129,
  "verse_pos": 6
 },
 {
  "line": 13,
  "left": 16,
  "end": 245,
  "height": 44,
  "top": 527,
  "ayah": 8,
  "page": 137,
  "width": 229,
  "verse_pos": 7
 },
 {
  "line": 14,
  "left": 16,
  "end": 375,
  "height": 39,
  "top": 571,
  "ayah": 8,
  "page": 137,
  "width": 359,
  "verse_pos": 7
 },
 {
  "line": 15,
  "left": 16,
  "end": 375,
  "height": 44,
  "top": 610,
  "ayah": 8,
  "page": 137,
  "width": 359,
  "verse_pos": 7
 }
]