[
 {
  "line": 1,
  "left": 268,
  "end": 374,
  "height": 43,
  "top": 92,
  "ayah": 2,
  "page": 574,
  "width": 106,
  "verse_pos": 1
 },
 {
  "line": 1,
  "left": 153,
  "end": 267,
  "height": 43,
  "top": 92,
  "ayah": 3,
  "page": 574,
  "width": 114,
  "verse_pos": 2
 },
 {
  "line": 1,
  "left": 15,
  "end": 152,
  "height": 43,
  "top": 92,
  "ayah": 4,
  "page": 574,
  "width": 137,
  "verse_pos": 3
 },
 {
  "line": 2,
  "left": 339,
  "end": 374,
  "height": 42,
  "top": 135,
  "ayah": 4,
  "page": 574,
  "width": 35,
  "verse_pos": 3
 },
 {
  "line": 2,
  "left": 143,
  "end": 338,
  "height": 42,
  "top": 135,
  "ayah": 5,
  "page": 574,
  "width": 195,
  "verse_pos": 4
 },
 {
  "line": 2,
  "left": 15,
  "end": 143,
  "height": 42,
  "top": 135,
  "ayah": 6,
  "page": 574,
  "width": 128,
  "verse_pos": 5
 },
 {
  "line": 3,
  "left": 310,
  "end": 374,
  "height": 42,
  "top": 177,
  "ayah": 6,
  "page": 574,
  "width": 64,
  "verse_pos": 5
 },
 {
  "line": 3,
  "left": 73,
  "end": 310,
  "height": 42,
  "top": 177,
  "ayah": 7,
  "page": 574,
  "width": 237,
  "verse_pos": 6
 },
 {
  "line": 3,
  "left": 15,
  "end": 73,
  "height": 42,
  "top": 177,
  "ayah": 8,
  "page": 574,
  "width": 58,
  "verse_pos": 7
 },
 {
  "line": 4,
  "left": 235,
  "end": 374,
  "height": 43,
  "top": 219,
  "ayah": 8,
  "page": 574,
  "width": 139,
  "verse_pos": 7
 },
 {
  "line": 4,
  "left": 15,
  "end": 234,
  "height": 43,
  "top": 219,
  "ayah": 9,
  "page": 574,
  "width": 219,
  "verse_pos": 8
 },
 {
  "line": 5,
  "left": 67,
  "end": 374,
  "height": 44,
  "top": 262,
  "ayah": 10,
  "page": 574,
  "width": 307,
  "verse_pos": 9
 },
 {
  "line": 5,
  "left": 15,
  "end": 66,
  "height": 44,
  "top": 262,
  "ayah": 11,
  "page": 574,
  "width": 51,
  "verse_pos": 10
 },
 {
  "line": 6,
  "left": 122,
  "end": 374,
  "height": 42,
  "top": 306,
  "ayah": 11,
  "page": 574,
  "width": 252,
  "verse_pos": 10
 },
 {
  "line": 6,
  "left": 15,
  "end": 121,
  "height": 42,
  "top": 306,
  "ayah": 12,
  "page": 574,
  "width": 106,
  "verse_pos": 11
 },
 {
  "line": 7,
  "left": 193,
  "end": 374,
  "height": 43,
  "top": 348,
  "ayah": 12,
  "page": 574,
  "width": 181,
  "verse_pos": 11
 },
 {
  "line": 7,
  "left": 15,
  "end": 192,
  "height": 43,
  "top": 348,
  "ayah": 13,
  "page": 574,
  "width": 177,
  "verse_pos": 12
 },
 {
  "line": 8,
  "left": 180,
  "end": 374,
  "height": 43,
  "top": 391,
  "ayah": 14,
  "page": 574,
  "width": 194,
  "verse_pos": 13
 },
 {
  "line": 8,
  "left": 15,
  "end": 179,
  "height": 43,
  "top": 391,
  "ayah": 15,
  "page": 574,
  "width": 164,
  "verse_pos": 14
 },
 {
  "line": 9,
  "left": 202,
  "end": 374,
  "height": 42,
  "top": 434,
  "ayah": 15,
  "page": 574,
  "width": 172,
  "verse_pos": 14
 },
 {
  "line": 9,
  "left": 15,
  "end": 202,
  "height": 42,
  "top": 434,
  "ayah": 16,
  "page": 574,
  "width": 187,
  "verse_pos": 15
 },
 {
  "line": 10,
  "left": 154,
  "end": 374,
  "height": 44,
  "top": 476,
  "ayah": 16,
  "page": 574,
  "width": 220,
  "verse_pos": 15
 },
 {
  "line": 10,
  "left": 15,
  "end": 153,
  "height": 44,
  "top": 476,
  "ayah": 17,
  "page": 574,
  "width": 138,
  "verse_pos": 16
 },
 {
  "line": 11,
  "left": 222,
  "end": 374,
  "height": 45,
  "top": 520,
  "ayah": 17,
  "page": 574,
  "width": 152,
  "verse_pos": 16
 },
 {
  "line": 11,
  "left": 15,
  "end": 221,
  "height": 45,
  "top": 520,
  "ayah": 18,
  "page": 574,
  "width": 206,
  "verse_pos": 17
 },
 {
  "line": 12,
  "left": 265,
  "end": 374,
  "height": 38,
  "top": 565,
  "ayah": 18,
  "page": 574,
  "width": 109,
  "verse_pos": 17
 },
 {
  "line": 12,
  "left": 15,
  "end": 264,
  "height": 38,
  "top": 565,
  "ayah": 19,
  "page": 574,
  "width": 249,
  "verse_pos": 18
 },
 {
  "line": 13,
  "left": 15,
  "end": 374,
  "height": 42,
  "top": 603,
  "ayah": 20,
  "page": 574,
  "width": 359,
  "verse_pos": 19
 }
]