[
 {
  "line": 1,
  "left": 16,
  "end": 371,
  "height": 36,
  "top": 7,
  "ayah": 1,
  "page": 275,
  "width": 355,
  "verse_pos": 0
 },
 {
  "line": 2,
  "left": 155,
  "end": 371,
  "height": 47,
  "top": 43,
  "ayah": 1,
  "page": 275,
  "width": 216,
  "verse_pos": 0
 },
 {
  "line": 2,
  "left": 16,
  "end": 154,
  "height": 47,
  "top": 43,
  "ayah": 2,
  "page": 275,
  "width": 138,
  "verse_pos": 1
 },
 {
  "line": 3,
  "left": 174,
  "end": 371,
  "height": 41,
  "top": 90,
  "ayah": 2,
  "page": 275,
  "width": 197,
  "verse_pos": 1
 },
 {
  "line": 3,
  "left": 16,
  "end": 173,
  "height": 41,
  "top": 90,
  "ayah": 3,
  "page": 275,
  "width": 157,
  "verse_pos": 2
 },
 {
  "line": 4,
  "left": 16,
  "end": 371,
  "height": 44,
  "top": 131,
  "ayah": 3,
  "page": 275,
  "width": 355,
  "verse_pos": 2
 },
 {
  "line": 5,
  "left": 16,
  "end": 371,
  "height": 45,
  "top": 175,
  "ayah": 3,
  "page": 275,
  "width": 355,
  "verse_pos": 2
 },
 {
  "line": 6,
  "left": 178,
  "end": 371,
  "height": 38,
  "top": 220,
  "ayah": 3,
  "page": 275,
  "width": 193,
  "verse_pos": 2
 },
 {
  "line": 6,
  "left": 16,
  "end": 177,
  "height": 38,
  "top": 220,
  "ayah": 4,
  "page": 275,
  "width": 161,
  "verse_pos": 3
 },
 {
  "line": 7,
  "left": 16,
  "end": 371,
  "height": 44,
  "top": 258,
  "ayah": 4,
  "page": 275,
  "width": 355,
  "verse_pos": 3
 },
 {
  "line": 8,
  "left": 16,
  "end": 371,
  "height": 46,
  "top": 302,
  "ayah": 4,
  "page": 275,
  "width": 355,
  "verse_pos": 3
 },
 {
  "line": 9,
  "left": 81,
  "end": 371,
  "height": 41,
  "top": 348,
  "ayah": 4,
  "page": 275,
  "width": 290,
  "verse_pos": 3
 },
 {
  "line": 9,
  "left": 16,
  "end": 80,
  "height": 41,
  "top": 348,
  "ayah": 5,
  "page": 275,
  "width": 64,
  "verse_pos": 4
 },
 {
  "line": 10,
  "left": 16,
  "end": 371,
  "height": 46,
  "top": 389,
  "ayah": 5,
  "page": 275,
  "width": 355,
  "verse_pos": 4
 },
 {
  "line": 11,
  "left": 51,
  "end": 371,
  "height": 40,
  "top": 435,
  "ayah": 5,
  "page": 275,
  "width": 320,
  "verse_pos": 4
 },
 {
  "line": 11,
  "left": 16,
  "end": 50,
  "height": 40,
  "top": 435,
  "ayah": 6,
  "page": 275,
  "width": 34,
  "verse_pos": 5
 },
 {
  "line": 12,
  "left": 16,
  "end": 371,
  "height": 41,
  "top": 475,
  "ayah": 6,
  "page": 275,
  "width": 355,
  "verse_pos": 5
 },
 {
  "line": 13,
  "left": 16,
  "end": 371,
  "height": 47,
  "top": 516,
  "ayah": 6,
  "page": 275,
  "width": 355,
  "verse_pos": 5
 },
 {
  "line": 14,
  "left": 335,
  "end": 371,
  "height": 40,
  "top": 563,
  "ayah": 6,
  "page": 275,
  "width": 36,
  "verse_pos": 5
 },
 {
  "line": 14,
  "left": 16,
  "end": 334,
  "height": 40,
  "top": 563,
  "ayah": 7,
  "page": 275,
  "width": 318,
  "verse_pos": 6
 },
 {
  "line": 15,
  "left": 16,
  "end": 371,
  "height": 46,
  "top": 603,
  "ayah": 7,
  "page": 275,
  "width": 355,
  "verse_pos": 6
 }
]