[
 {
  "line": 1,
  "left": 14,
  "end": 378,
  "height": 41,
  "top": 5,
  "ayah": 1,
  "page": 234,
  "width": 364,
  "verse_pos": 0
 },
 {
  "line": 2,
  "left": 14,
  "end": 378,
  "height": 46,
  "top": 46,
  "ayah": 1,
  "page": 234,
  "width": 364,
  "verse_pos": 0
 },
 {
  "line": 3,
  "left": 14,
  "end": 378,
  "height": 42,
  "top": 92,
  "ayah": 2,
  "page": 234,
  "width": 364,
  "verse_pos": 1
 },
 {
  "line": 4,
  "left": 14,
  "end": 378,
  "height": 44,
  "top": 134,
  "ayah": 2,
  "page": 234,
  "width": 364,
  "verse_pos": 1
 },
 {
  "line": 5,
  "left": 338,
  "end": 378,
  "height": 44,
  "top": 178,
  "ayah": 2,
  "page": 234,
  "width": 40,
  "verse_pos": 1
 },
 {
  "line": 5,
  "left": 14,
  "end": 337,
  "height": 44,
  "top": 178,
  "ayah": 3,
  "page": 234,
  "width": 323,
  "verse_pos": 2
 },
 {
  "line": 6,
  "left": 295,
  "end": 378,
  "height": 40,
  "top": 222,
  "ayah": 3,
  "page": 234,
  "width": 83,
  "verse_pos": 2
 },
 {
  "line": 6,
  "left": 14,
  "end": 294,
  "height": 40,
  "top": 222,
  "ayah": 4,
  "page": 234,
  "width": 280,
  "verse_pos": 3
 },
 {
  "line": 7,
  "left": 183,
  "end": 378,
  "height": 46,
  "top": 262,
  "ayah": 4,
  "page": 234,
  "width": 195,
  "verse_pos": 3
 },
 {
  "line": 7,
  "left": 14,
  "end": 182,
  "height": 46,
  "top": 262,
  "ayah": 5,
  "page": 234,
  "width": 168,
  "verse_pos": 4
 },
 {
  "line": 8,
  "left": 14,
  "end": 378,
  "height": 43,
  "top": 308,
  "ayah": 5,
  "page": 234,
  "width": 364,
  "verse_pos": 4
 },
 {
  "line": 9,
  "left": 246,
  "end": 378,
  "height": 41,
  "top": 351,
  "ayah": 5,
  "page": 234,
  "width": 132,
  "verse_pos": 4
 },
 {
  "line": 9,
  "left": 14,
  "end": 245,
  "height": 41,
  "top": 351,
  "ayah": 6,
  "page": 234,
  "width": 231,
  "verse_pos": 5
 },
 {
  "line": 10,
  "left": 14,
  "end": 378,
  "height": 45,
  "top": 392,
  "ayah": 6,
  "page": 234,
  "width": 364,
  "verse_pos": 5
 },
 {
  "line": 11,
  "left": 337,
  "end": 378,
  "height": 45,
  "top": 437,
  "ayah": 6,
  "page": 234,
  "width": 41,
  "verse_pos": 5
 },
 {
  "line": 11,
  "left": 60,
  "end": 336,
  "height": 45,
  "top": 437,
  "ayah": 7,
  "page": 234,
  "width": 276,
  "verse_pos": 6
 },
 {
  "line": 11,
  "left": 14,
  "end": 59,
  "height": 45,
  "top": 437,
  "ayah": 8,
  "page": 234,
  "width": 45,
  "verse_pos": 7
 },
 {
  "line": 12,
  "left": 14,
  "end": 378,
  "height": 40,
  "top": 482,
  "ayah": 8,
  "page": 234,
  "width": 364,
  "verse_pos": 7
 },
 {
  "line": 13,
  "left": 14,
  "end": 378,
  "height": 42,
  "top": 522,
  "ayah": 8,
  "page": 234,
  "width": 364,
  "verse_pos": 7
 },
 {
  "line": 14,
  "left": 91,
  "end": 378,
  "height": 45,
  "top": 564,
  "ayah": 8,
  "page": 234,
  "width": 287,
  "verse_pos": 7
 },
 {
  "line": 14,
  "left": 14,
  "end": 90,
  "height": 45,
  "top": 564,
  "ayah": 9,
  "page": 234,
  "width": 76,
  "verse_pos": 8
 },
 {
  "line": 15,
  "left": 14,
  "end": 378,
  "height": 46,
  "top": 609,
  "ayah": 9,
  "page": 234,
  "width": 364,
  "verse_pos": 8
 }
]