[
 {
  "line": 1,
  "left": 16,
  "end": 374,
  "height": 43,
  "top": 6,
  "ayah": 1,
  "page": 312,
  "width": 358,
  "verse_pos": 0
 },
 {
  "line": 2,
  "left": 267,
  "end": 374,
  "height": 40,
  "top": 49,
  "ayah": 1,
  "page": 312,
  "width": 107,
  "verse_pos": 0
 },
 {
  "line": 2,
  "left": 16,
  "end": 266,
  "height": 40,
  "top": 49,
  "ayah": 2,
  "page": 312,
  "width": 250,
  "verse_pos": 1
 },
 {
  "line": 3,
  "left": 145,
  "end": 374,
  "height": 46,
  "top": 89,
  "ayah": 2,
  "page": 312,
  "width": 229,
  "verse_pos": 1
 },
 {
  "line": 3,
  "left": 16,
  "end": 144,
  "height": 46,
  "top": 89,
  "ayah": 3,
  "page": 312,
  "width": 128,
  "verse_pos": 2
 },
 {
  "line": 4,
  "left": 16,
  "end": 374,
  "height": 40,
  "top": 135,
  "ayah": 3,
  "page": 312,
  "width": 358,
  "verse_pos": 2
 },
 {
  "line": 5,
  "left": 308,
  "end": 374,
  "height": 44,
  "top": 264,
  "ayah": 5,
  "page": 312,
  "width": 66,
  "verse_pos": 4
 },
 {
  "line": 5,
  "left": 98,
  "end": 307,
  "height": 44,
  "top": 264,
  "ayah": 6,
  "page": 312,
  "width": 209,
  "verse_pos": 5
 },
 {
  "line": 5,
  "left": 16,
  "end": 97,
  "height": 44,
  "top": 264,
  "ayah": 7,
  "page": 312,
  "width": 81,
  "verse_pos": 6
 },
 {
  "line": 6,
  "left": 278,
  "end": 374,
  "height": 44,
  "top": 308,
  "ayah": 7,
  "page": 312,
  "width": 96,
  "verse_pos": 6
 },
 {
  "line": 6,
  "left": 16,
  "end": 277,
  "height": 44,
  "top": 308,
  "ayah": 8,
  "page": 312,
  "width": 261,
  "verse_pos": 7
 },
 {
  "line": 7,
  "left": 175,
  "end": 374,
  "height": 41,
  "top": 352,
  "ayah": 9,
  "page": 312,
  "width": 199,
  "verse_pos": 8
 },
 {
  "line": 7,
  "left": 16,
  "end": 174,
  "height": 41,
  "top": 352,
  "ayah": 10,
  "page": 312,
  "width": 158,
  "verse_pos": 9
 },
 {
  "line": 8,
  "left": 123,
  "end": 374,
  "height": 42,
  "top": 393,
  "ayah": 10,
  "page": 312,
  "width": 251,
  "verse_pos": 9
 },
 {
  "line": 8,
  "left": 16,
  "end": 122,
  "height": 42,
  "top": 393,
  "ayah": 11,
  "page": 312,
  "width": 106,
  "verse_pos": 10
 },
 {
  "line": 9,
  "left": 204,
  "end": 374,
  "height": 44,
  "top": 435,
  "ayah": 11,
  "page": 312,
  "width": 170,
  "verse_pos": 10
 },
 {
  "line": 9,
  "left": 16,
  "end": 203,
  "height": 44,
  "top": 435,
  "ayah": 12,
  "page": 312,
  "width": 187,
  "verse_pos": 11
 },
 {
  "line": 10,
  "left": 286,
  "end": 374,
  "height": 42,
  "top": 479,
  "ayah": 12,
  "page": 312,
  "width": 88,
  "verse_pos": 11
 },
 {
  "line": 10,
  "left": 87,
  "end": 285,
  "height": 42,
  "top": 479,
  "ayah": 13,
  "page": 312,
  "width": 198,
  "verse_pos": 12
 },
 {
  "line": 10,
  "left": 16,
  "end": 86,
  "height": 42,
  "top": 479,
  "ayah": 14,
  "page": 312,
  "width": 70,
  "verse_pos": 13
 },
 {
  "line": 11,
  "left": 16,
  "end": 374,
  "height": 43,
  "top": 521,
  "ayah": 14,
  "page": 312,
  "width": 358,
  "verse_pos": 13
 },
 {
  "line": 12,
  "left": 202,
  "end": 374,
  "height": 41,
  "top": 564,
  "ayah": 14,
  "page": 312,
  "width": 172,
  "verse_pos": 13
 },
 {
  "line": 12,
  "left": 16,
  "end": 201,
  "height": 41,
  "top": 564,
  "ayah": 15,
  "page": 312,
  "width": 185,
  "verse_pos": 14
 },
 {
  "line": 13,
  "left": 16,
  "end": 374,
  "height": 46,
  "top": 605,
  "ayah": 16,
  "page": 312,
  "width": 358,
  "verse_pos": 15
 }
]