[
 {
  "line": 1,
  "left": 16,
  "end": 375,
  "height": 43,
  "top": 7,
  "ayah": 1,
  "page": 318,
  "width": 359,
  "verse_pos": 0
 },
 {
  "line": 2,
  "left": 225,
  "end": 375,
  "height": 43,
  "top": 50,
  "ayah": 1,
  "page": 318,
  "width": 150,
  "verse_pos": 0
 },
 {
  "line": 2,
  "left": 16,
  "end": 226,
  "height": 43,
  "top": 50,
  "ayah": 2,
  "page": 318,
  "width": 210,
  "verse_pos": 1
 },
 {
  "line": 3,
  "left": 192,
  "end": 375,
  "height": 43,
  "top": 93,
  "ayah": 2,
  "page": 318,
  "width": 183,
  "verse_pos": 1
 },
 {
  "line": 3,
  "left": 16,
  "end": 191,
  "height": 43,
  "top": 93,
  "ayah": 3,
  "page": 318,
  "width": 175,
  "verse_pos": 2
 },
 {
  "line": 4,
  "left": 16,
  "end": 375,
  "height": 42,
  "top": 136,
  "ayah": 3,
  "page": 318,
  "width": 359,
  "verse_pos": 2
 },
 {
  "line": 5,
  "left": 303,
  "end": 375,
  "height": 43,
  "top": 178,
  "ayah": 3,
  "page": 318,
  "width": 72,
  "verse_pos": 2
 },
 {
  "line": 5,
  "left": 16,
  "end": 302,
  "height": 43,
  "top": 178,
  "ayah": 4,
  "page": 318,
  "width": 286,
  "verse_pos": 3
 },
 {
  "line": 6,
  "left": 338,
  "end": 375,
  "height": 44,
  "top": 221,
  "ayah": 4,
  "page": 318,
  "width": 37,
  "verse_pos": 3
 },
 {
  "line": 6,
  "left": 102,
  "end": 337,
  "height": 44,
  "top": 221,
  "ayah": 5,
  "page": 318,
  "width": 235,
  "verse_pos": 4
 },
 {
  "line": 6,
  "left": 16,
  "end": 101,
  "height": 44,
  "top": 221,
  "ayah": 6,
  "page": 318,
  "width": 85,
  "verse_pos": 5
 },
 {
  "line": 7,
  "left": 235,
  "end": 375,
  "height": 42,
  "top": 265,
  "ayah": 6,
  "page": 318,
  "width": 140,
  "verse_pos": 5
 },
 {
  "line": 7,
  "left": 16,
  "end": 234,
  "height": 42,
  "top": 265,
  "ayah": 7,
  "page": 318,
  "width": 218,
  "verse_pos": 6
 },
 {
  "line": 8,
  "left": 16,
  "end": 375,
  "height": 48,
  "top": 307,
  "ayah": 7,
  "page": 318,
  "width": 359,
  "verse_pos": 6
 },
 {
  "line": 9,
  "left": 306,
  "end": 375,
  "height": 40,
  "top": 355,
  "ayah": 7,
  "page": 318,
  "width": 69,
  "verse_pos": 6
 },
 {
  "line": 9,
  "left": 102,
  "end": 305,
  "height": 40,
  "top": 355,
  "ayah": 8,
  "page": 318,
  "width": 203,
  "verse_pos": 7
 },
 {
  "line": 9,
  "left": 16,
  "end": 101,
  "height": 40,
  "top": 355,
  "ayah": 9,
  "page": 318,
  "width": 85,
  "verse_pos": 8
 },
 {
  "line": 10,
  "left": 16,
  "end": 375,
  "height": 43,
  "top": 395,
  "ayah": 9,
  "page": 318,
  "width": 359,
  "verse_pos": 8
 },
 {
  "line": 11,
  "left": 68,
  "end": 375,
  "height": 42,
  "top": 438,
  "ayah": 9,
  "page": 318,
  "width": 307,
  "verse_pos": 8
 },
 {
  "line": 11,
  "left": 16,
  "end": 67,
  "height": 42,
  "top": 438,
  "ayah": 10,
  "page": 318,
  "width": 51,
  "verse_pos": 9
 },
 {
  "line": 12,
  "left": 16,
  "end": 375,
  "height": 37,
  "top": 480,
  "ayah": 10,
  "page": 318,
  "width": 359,
  "verse_pos": 9
 },
 {
  "line": 13,
  "left": 16,
  "end": 375,
  "height": 45,
  "top": 517,
  "ayah": 10,
  "page": 318,
  "width": 359,
  "verse_pos": 9
 },
 {
  "line": 14,
  "left": 62,
  "end": 375,
  "height": 47,
  "top": 562,
  "ayah": 10,
  "page": 318,
  "width": 313,
  "verse_pos": 9
 },
 {
  "line": 14,
  "left": 16,
  "end": 61,
  "height": 47,
  "top": 562,
  "ayah": 11,
  "page": 318,
  "width": 45,
  "verse_pos": 10
 },
 {
  "line": 15,
  "left": 16,
  "end": 375,
  "height": 42,
  "top": 609,
  "ayah": 11,
  "page": 318,
  "width": 359,
  "verse_pos": 10
 }
]