[
 {
  "line": 1,
  "left": 15,
  "end": 372,
  "height": 41,
  "top": 7,
  "ayah": 1,
  "page": 363,
  "width": 357,
  "verse_pos": 0
 },
 {
  "line": 2,
  "left": 15,
  "end": 372,
  "height": 43,
  "top": 48,
  "ayah": 2,
  "page": 363,
  "width": 357,
  "verse_pos": 1
 },
 {
  "line": 3,
  "left": 192,
  "end": 372,
  "height": 43,
  "top": 91,
  "ayah": 2,
  "page": 363,
  "width": 180,
  "verse_pos": 1
 },
 {
  "line": 3,
  "left": 15,
  "end": 191,
  "height": 43,
  "top": 91,
  "ayah": 3,
  "page": 363,
  "width": 176,
  "verse_pos": 2
 },
 {
  "line": 4,
  "left": 115,
  "end": 372,
  "height": 42,
  "top": 134,
  "ayah": 3,
  "page": 363,
  "width": 257,
  "verse_pos": 2
 },
 {
  "line": 4,
  "left": 15,
  "end": 114,
  "height": 42,
  "top": 134,
  "ayah": 4,
  "page": 363,
  "width": 99,
  "verse_pos": 3
 },
 {
  "line": 5,
  "left": 51,
  "end": 372,
  "height": 43,
  "top": 176,
  "ayah": 4,
  "page": 363,
  "width": 321,
  "verse_pos": 3
 },
 {
  "line": 5,
  "left": 15,
  "end": 50,
  "height": 43,
  "top": 176,
  "ayah": 5,
  "page": 363,
  "width": 35,
  "verse_pos": 4
 },
 {
  "line": 6,
  "left": 15,
  "end": 372,
  "height": 41,
  "top": 219,
  "ayah": 5,
  "page": 363,
  "width": 357,
  "verse_pos": 4
 },
 {
  "line": 7,
  "left": 97,
  "end": 372,
  "height": 46,
  "top": 260,
  "ayah": 5,
  "page": 363,
  "width": 275,
  "verse_pos": 4
 },
 {
  "line": 7,
  "left": 15,
  "end": 96,
  "height": 46,
  "top": 260,
  "ayah": 6,
  "page": 363,
  "width": 81,
  "verse_pos": 5
 },
 {
  "line": 8,
  "left": 102,
  "end": 372,
  "height": 40,
  "top": 306,
  "ayah": 6,
  "page": 363,
  "width": 270,
  "verse_pos": 5
 },
 {
  "line": 8,
  "left": 15,
  "end": 101,
  "height": 40,
  "top": 306,
  "ayah": 7,
  "page": 363,
  "width": 86,
  "verse_pos": 6
 },
 {
  "line": 9,
  "left": 132,
  "end": 372,
  "height": 43,
  "top": 346,
  "ayah": 7,
  "page": 363,
  "width": 240,
  "verse_pos": 6
 },
 {
  "line": 9,
  "left": 15,
  "end": 131,
  "height": 43,
  "top": 346,
  "ayah": 8,
  "page": 363,
  "width": 116,
  "verse_pos": 7
 },
 {
  "line": 10,
  "left": 15,
  "end": 372,
  "height": 48,
  "top": 389,
  "ayah": 8,
  "page": 363,
  "width": 357,
  "verse_pos": 7
 },
 {
  "line": 11,
  "left": 180,
  "end": 372,
  "height": 41,
  "top": 437,
  "ayah": 8,
  "page": 363,
  "width": 192,
  "verse_pos": 7
 },
 {
  "line": 11,
  "left": 15,
  "end": 179,
  "height": 41,
  "top": 437,
  "ayah": 9,
  "page": 363,
  "width": 164,
  "verse_pos": 8
 },
 {
  "line": 12,
  "left": 81,
  "end": 372,
  "height": 42,
  "top": 478,
  "ayah": 9,
  "page": 363,
  "width": 291,
  "verse_pos": 8
 },
 {
  "line": 12,
  "left": 15,
  "end": 80,
  "height": 42,
  "top": 478,
  "ayah": 10,
  "page": 363,
  "width": 65,
  "verse_pos": 9
 },
 {
  "line": 13,
  "left": 15,
  "end": 372,
  "height": 41,
  "top": 520,
  "ayah": 10,
  "page": 363,
  "width": 357,
  "verse_pos": 9
 },
 {
  "line": 14,
  "left": 62,
  "end": 372,
  "height": 46,
  "top": 561,
  "ayah": 10,
  "page": 363,
  "width": 310,
  "verse_pos": 9
 },
 {
  "line": 14,
  "left": 15,
  "end": 61,
  "height": 46,
  "top": 561,
  "ayah": 11,
  "page": 363,
  "width": 46,
  "verse_pos": 10
 },
 {
  "line": 15,
  "left": 15,
  "end": 372,
  "height": 42,
  "top": 607,
  "ayah": 11,
  "page": 363,
  "width": 357,
  "verse_pos": 10
 }
]