[
    {
         "line": 1,
         "left": 21,
         "end": 366,
         "height": 39,
         "top": 7,
         "ayah": 1,
         "page": 5,
         "width": 345,
         "verse_pos": 0
       },
       {
         "line": 2,
         "left": 21,
         "end": 366,
         "height": 45,
         "top": 46,
         "ayah": 1,
         "page": 5,
         "width": 345,
         "verse_pos": 0
       },
       {
         "line": 3,
         "left": 21,
         "end": 366,
         "height": 41,
         "top": 91,
         "ayah": 1,
         "page": 5,
         "width": 345,
         "verse_pos": 0
       },
       {
         "line": 4,
         "left": 21,
         "end": 366,
         "height": 48,
         "top": 132,
         "ayah": 1,
         "page": 5,
         "width": 345,
         "verse_pos": 0
       },
       {
         "line": 5,
         "left": 21,
         "end": 366,
         "height": 41,
         "top": 180,
         "ayah": 2,
         "page": 5,
         "width": 345,
         "verse_pos": 1
       },
       {
         "line": 6,
         "left": 21,
         "end": 366,
         "height": 42,
         "top": 221,
         "ayah": 2,
         "page": 5,
         "width": 345,
         "verse_pos": 1
       },
       {
         "line": 7,
         "left": 21,
         "end": 366,
         "height": 42,
         "top": 263,
         "ayah": 2,
         "page": 5,
         "width": 345,
         "verse_pos": 1
       },
       {
         "line": 8,
         "left": 21,
         "end": 366,
         "height": 45,
         "top": 305,
         "ayah": 2,
         "page": 5,
         "width": 345,
         "verse_pos": 1
       },
       {
         "line": 9,
         "left": 149,
         "end": 366,
         "height": 44,
         "top": 350,
         "ayah": 2,
         "page": 5,
         "width": 217,
         "verse_pos": 1
       },
       {
         "line": 9,
         "left": 21,
         "end": 149,
         "height": 44,
         "top": 350,
         "ayah": 3,
         "page": 5,
         "width": 128,
         "verse_pos": 2
       },
       {
         "line": 10,
         "left": 21,
         "end": 366,
         "height": 41,
         "top": 394,
         "ayah": 3,
         "page": 5,
         "width": 345,
         "verse_pos": 2
       },
       {
         "line": 11,
         "left": 21,
         "end": 366,
         "height": 42,
         "top": 435,
         "ayah": 3,
         "page": 5,
         "width": 345,
         "verse_pos": 2
       },
       {
         "line": 12,
         "left": 21,
         "end": 366,
         "height": 44,
         "top": 477,
         "ayah": 3,
         "page": 5,
         "width": 345,
         "verse_pos": 3
       },
       {
         "line": 13,
         "left": 45,
         "end": 366,
         "height": 44,
         "top": 521,
         "ayah": 3,
         "page": 5,
         "width": 321,
         "verse_pos": 3
       },
       {
         "line": 13,
         "left": 21,
         "end": 44,
         "height": 44,
         "top": 521,
         "ayah": 4,
         "page": 5,
         "width": 23,
         "verse_pos": 4
       },
       {
         "line": 14,
         "left": 21,
         "end": 366,
         "height": 43,
         "top": 565,
         "ayah": 4,
         "page": 5,
         "width": 345,
         "verse_pos": 4
       },
       {
         "line": 15,
         "left": 21,
         "end": 366,
         "height": 47,
         "top": 608,
         "ayah": 4,
         "page": 5,
         "width": 345,
         "verse_pos": 4
       }
]
