[
 {
  "line": 1,
  "left": 228,
  "end": 376,
  "height": 43,
  "top": 46,
  "ayah": 2,
  "page": 587,
  "width": 148,
  "verse_pos": 1
 },
 {
  "line": 1,
  "left": 79,
  "end": 228,
  "height": 43,
  "top": 46,
  "ayah": 3,
  "page": 587,
  "width": 149,
  "verse_pos": 2
 },
 {
  "line": 1,
  "left": 14,
  "end": 78,
  "height": 43,
  "top": 46,
  "ayah": 4,
  "page": 587,
  "width": 64,
  "verse_pos": 3
 },
 {
  "line": 2,
  "left": 298,
  "end": 376,
  "height": 42,
  "top": 89,
  "ayah": 4,
  "page": 587,
  "width": 78,
  "verse_pos": 3
 },
 {
  "line": 2,
  "left": 163,
  "end": 297,
  "height": 42,
  "top": 89,
  "ayah": 5,
  "page": 587,
  "width": 134,
  "verse_pos": 4
 },
 {
  "line": 2,
  "left": 14,
  "end": 162,
  "height": 42,
  "top": 89,
  "ayah": 6,
  "page": 587,
  "width": 148,
  "verse_pos": 5
 },
 {
  "line": 3,
  "left": 296,
  "end": 376,
  "height": 41,
  "top": 131,
  "ayah": 6,
  "page": 587,
  "width": 80,
  "verse_pos": 5
 },
 {
  "line": 3,
  "left": 51,
  "end": 295,
  "height": 41,
  "top": 131,
  "ayah": 7,
  "page": 587,
  "width": 244,
  "verse_pos": 6
 },
 {
  "line": 3,
  "left": 14,
  "end": 51,
  "height": 41,
  "top": 131,
  "ayah": 8,
  "page": 587,
  "width": 37,
  "verse_pos": 7
 },
 {
  "line": 4,
  "left": 203,
  "end": 376,
  "height": 43,
  "top": 172,
  "ayah": 8,
  "page": 587,
  "width": 173,
  "verse_pos": 7
 },
 {
  "line": 4,
  "left": 14,
  "end": 202,
  "height": 43,
  "top": 172,
  "ayah": 9,
  "page": 587,
  "width": 188,
  "verse_pos": 8
 },
 {
  "line": 5,
  "left": 215,
  "end": 376,
  "height": 44,
  "top": 215,
  "ayah": 10,
  "page": 587,
  "width": 161,
  "verse_pos": 9
 },
 {
  "line": 5,
  "left": 59,
  "end": 214,
  "height": 44,
  "top": 215,
  "ayah": 11,
  "page": 587,
  "width": 155,
  "verse_pos": 10
 },
 {
  "line": 5,
  "left": 14,
  "end": 58,
  "height": 44,
  "top": 215,
  "ayah": 12,
  "page": 587,
  "width": 44,
  "verse_pos": 11
 },
 {
  "line": 6,
  "left": 304,
  "end": 376,
  "height": 44,
  "top": 259,
  "ayah": 12,
  "page": 587,
  "width": 72,
  "verse_pos": 11
 },
 {
  "line": 6,
  "left": 179,
  "end": 303,
  "height": 44,
  "top": 259,
  "ayah": 13,
  "page": 587,
  "width": 124,
  "verse_pos": 12
 },
 {
  "line": 6,
  "left": 42,
  "end": 179,
  "height": 44,
  "top": 259,
  "ayah": 14,
  "page": 587,
  "width": 137,
  "verse_pos": 13
 },
 {
  "line": 6,
  "left": 14,
  "end": 42,
  "height": 44,
  "top": 259,
  "ayah": 15,
  "page": 587,
  "width": 28,
  "verse_pos": 14
 },
 {
  "line": 7,
  "left": 244,
  "end": 376,
  "height": 42,
  "top": 303,
  "ayah": 15,
  "page": 587,
  "width": 132,
  "verse_pos": 14
 },
 {
  "line": 7,
  "left": 115,
  "end": 243,
  "height": 42,
  "top": 303,
  "ayah": 16,
  "page": 587,
  "width": 128,
  "verse_pos": 15
 },
 {
  "line": 7,
  "left": 14,
  "end": 114,
  "height": 42,
  "top": 303,
  "ayah": 17,
  "page": 587,
  "width": 100,
  "verse_pos": 16
 },
 {
  "line": 8,
  "left": 340,
  "end": 376,
  "height": 42,
  "top": 345,
  "ayah": 17,
  "page": 587,
  "width": 36,
  "verse_pos": 16
 },
 {
  "line": 8,
  "left": 179,
  "end": 339,
  "height": 42,
  "top": 345,
  "ayah": 18,
  "page": 587,
  "width": 160,
  "verse_pos": 17
 },
 {
  "line": 8,
  "left": 14,
  "end": 178,
  "height": 42,
  "top": 345,
  "ayah": 19,
  "page": 587,
  "width": 164,
  "verse_pos": 18
 },
 {
  "line": 9,
  "left": 340,
  "end": 376,
  "height": 40,
  "top": 387,
  "ayah": 19,
  "page": 587,
  "width": 36,
  "verse_pos": 18
 },
 {
  "line": 9,
  "left": 14,
  "end": 339,
  "height": 40,
  "top": 387,
  "ayah": 20,
  "page": 587,
  "width": 325,
  "verse_pos": 19
 },
 {
  "line": 10,
  "left": 249,
  "end": 376,
  "height": 41,
  "top": 517,
  "ayah": 22,
  "page": 587,
  "width": 127,
  "verse_pos": 21
 },
 {
  "line": 10,
  "left": 14,
  "end": 249,
  "height": 41,
  "top": 517,
  "ayah": 23,
  "page": 587,
  "width": 235,
  "verse_pos": 22
 },
 {
  "line": 11,
  "left": 148,
  "end": 376,
  "height": 48,
  "top": 558,
  "ayah": 24,
  "page": 587,
  "width": 228,
  "verse_pos": 23
 },
 {
  "line": 11,
  "left": 14,
  "end": 147,
  "height": 48,
  "top": 558,
  "ayah": 25,
  "page": 587,
  "width": 133,
  "verse_pos": 24
 },
 {
  "line": 12,
  "left": 290,
  "end": 376,
  "height": 42,
  "top": 606,
  "ayah": 25,
  "page": 587,
  "width": 86,
  "verse_pos": 24
 },
 {
  "line": 12,
  "left": 202,
  "end": 290,
  "height": 42,
  "top": 606,
  "ayah": 26,
  "page": 587,
  "width": 88,
  "verse_pos": 25
 },
 {
  "line": 12,
  "left": 14,
  "end": 202,
  "height": 42,
  "top": 606,
  "ayah": 27,
  "page": 587,
  "width": 188,
  "verse_pos": 26
 }
]