[
    {
        "line": 1,
        "left": 14,
        "end": 374,
        "height": 45,
        "top": 7,
        "ayah": 1,
        "page": 469,
        "width": 360,
        "verse_pos": 0
    },
    {
        "line": 2,
        "left": 209,
        "end": 374,
        "height": 42,
        "top": 52,
        "ayah": 1,
        "page": 469,
        "width": 165,
        "verse_pos": 0
    },
    {
        "line": 2,
        "left": 14,
        "end": 208,
        "height": 42,
        "top": 52,
        "ayah": 2,
        "page": 469,
        "width": 194,
        "verse_pos": 1
    },
    {
        "line": 3,
        "left": 14,
        "end": 374,
        "height": 43,
        "top": 94,
        "ayah": 2,
        "page": 469,
        "width": 360,
        "verse_pos": 1
    },
    {
        "line": 4,
        "left": 297,
        "end": 374,
        "height": 43,
        "top": 137,
        "ayah": 2,
        "page": 469,
        "width": 77,
        "verse_pos": 1
    },
    {
        "line": 4,
        "left": 14,
        "end": 296,
        "height": 43,
        "top": 137,
        "ayah": 3,
        "page": 469,
        "width": 282,
        "verse_pos": 2
    },
    {
        "line": 5,
        "left": 14,
        "end": 374,
        "height": 45,
        "top": 180,
        "ayah": 4,
        "page": 469,
        "width": 360,
        "verse_pos": 3
    },
    {
        "line": 6,
        "left": 124,
        "end": 374,
        "height": 41,
        "top": 225,
        "ayah": 4,
        "page": 469,
        "width": 250,
        "verse_pos": 3
    },
    {
        "line": 6,
        "left": 14,
        "end": 123,
        "height": 41,
        "top": 225,
        "ayah": 5,
        "page": 469,
        "width": 109,
        "verse_pos": 4
    },
    {
        "line": 7,
        "left": 14,
        "end": 374,
        "height": 42,
        "top": 266,
        "ayah": 5,
        "page": 469,
        "width": 360,
        "verse_pos": 4
    },
    {
        "line": 8,
        "left": 14,
        "end": 374,
        "height": 46,
        "top": 308,
        "ayah": 5,
        "page": 469,
        "width": 360,
        "verse_pos": 4
    },
    {
        "line": 9,
        "left": 117,
        "end": 374,
        "height": 40,
        "top": 354,
        "ayah": 5,
        "page": 469,
        "width": 257,
        "verse_pos": 4
    },
    {
        "line": 9,
        "left": 14,
        "end": 116,
        "height": 40,
        "top": 354,
        "ayah": 6,
        "page": 469,
        "width": 102,
        "verse_pos": 5
    },
    {
        "line": 10,
        "left": 14,
        "end": 374,
        "height": 44,
        "top": 394,
        "ayah": 6,
        "page": 469,
        "width": 360,
        "verse_pos": 5
    },
    {
        "line": 11,
        "left": 200,
        "end": 374,
        "height": 44,
        "top": 438,
        "ayah": 6,
        "page": 469,
        "width": 174,
        "verse_pos": 5
    },
    {
        "line": 11,
        "left": 14,
        "end": 200,
        "height": 44,
        "top": 438,
        "ayah": 7,
        "page": 469,
        "width": 186,
        "verse_pos": 6
    },
    {
        "line": 12,
        "left": 216,
        "end": 374,
        "height": 43,
        "top": 482,
        "ayah": 7,
        "page": 469,
        "width": 158,
        "verse_pos": 6
    },
    {
        "line": 12,
        "left": 14,
        "end": 215,
        "height": 43,
        "top": 482,
        "ayah": 8,
        "page": 469,
        "width": 201,
        "verse_pos": 7
    },
    {
        "line": 13,
        "left": 167,
        "end": 374,
        "height": 40,
        "top": 525,
        "ayah": 8,
        "page": 469,
        "width": 207,
        "verse_pos": 7
    },
    {
        "line": 13,
        "left": 14,
        "end": 166,
        "height": 40,
        "top": 525,
        "ayah": 9,
        "page": 469,
        "width": 152,
        "verse_pos": 8
    },
    {
        "line": 14,
        "left": 14,
        "end": 374,
        "height": 43,
        "top": 565,
        "ayah": 9,
        "page": 469,
        "width": 360,
        "verse_pos": 8
    },
    {
        "line": 15,
        "left": 14,
        "end": 374,
        "height": 44,
        "top": 608,
        "ayah": 9,
        "page": 469,
        "width": 360,
        "verse_pos": 8
    }
]