[
 {
  "line": 1,
  "left": 108,
  "end": 372,
  "height": 41,
  "top": 7,
  "ayah": 1,
  "page": 71,
  "width": 264,
  "verse_pos": 0
 },
 {
  "line": 1,
  "left": 15,
  "end": 107,
  "height": 41,
  "top": 7,
  "ayah": 2,
  "page": 71,
  "width": 92,
  "verse_pos": 1
 },
 {
  "line": 2,
  "left": 15,
  "end": 372,
  "height": 43,
  "top": 48,
  "ayah": 2,
  "page": 71,
  "width": 357,
  "verse_pos": 1
 },
 {
  "line": 3,
  "left": 15,
  "end": 372,
  "height": 44,
  "top": 91,
  "ayah": 2,
  "page": 71,
  "width": 357,
  "verse_pos": 1
 },
 {
  "line": 4,
  "left": 110,
  "end": 372,
  "height": 41,
  "top": 135,
  "ayah": 2,
  "page": 71,
  "width": 262,
  "verse_pos": 1
 },
 {
  "line": 4,
  "left": 15,
  "end": 110,
  "height": 41,
  "top": 135,
  "ayah": 3,
  "page": 71,
  "width": 95,
  "verse_pos": 2
 },
 {
  "line": 5,
  "left": 15,
  "end": 372,
  "height": 44,
  "top": 176,
  "ayah": 3,
  "page": 71,
  "width": 357,
  "verse_pos": 2
 },
 {
  "line": 6,
  "left": 116,
  "end": 372,
  "height": 41,
  "top": 220,
  "ayah": 3,
  "page": 71,
  "width": 256,
  "verse_pos": 2
 },
 {
  "line": 6,
  "left": 15,
  "end": 115,
  "height": 41,
  "top": 220,
  "ayah": 4,
  "page": 71,
  "width": 100,
  "verse_pos": 3
 },
 {
  "line": 7,
  "left": 15,
  "end": 372,
  "height": 47,
  "top": 261,
  "ayah": 4,
  "page": 71,
  "width": 357,
  "verse_pos": 3
 },
 {
  "line": 8,
  "left": 129,
  "end": 372,
  "height": 42,
  "top": 308,
  "ayah": 4,
  "page": 71,
  "width": 243,
  "verse_pos": 3
 },
 {
  "line": 8,
  "left": 15,
  "end": 128,
  "height": 42,
  "top": 308,
  "ayah": 5,
  "page": 71,
  "width": 113,
  "verse_pos": 4
 },
 {
  "line": 9,
  "left": 15,
  "end": 372,
  "height": 42,
  "top": 350,
  "ayah": 5,
  "page": 71,
  "width": 357,
  "verse_pos": 4
 },
 {
  "line": 10,
  "left": 336,
  "end": 372,
  "height": 47,
  "top": 392,
  "ayah": 5,
  "page": 71,
  "width": 36,
  "verse_pos": 4
 },
 {
  "line": 10,
  "left": 15,
  "end": 335,
  "height": 47,
  "top": 392,
  "ayah": 6,
  "page": 71,
  "width": 320,
  "verse_pos": 5
 },
 {
  "line": 11,
  "left": 15,
  "end": 372,
  "height": 43,
  "top": 439,
  "ayah": 7,
  "page": 71,
  "width": 357,
  "verse_pos": 6
 },
 {
  "line": 12,
  "left": 15,
  "end": 372,
  "height": 41,
  "top": 482,
  "ayah": 7,
  "page": 71,
  "width": 357,
  "verse_pos": 6
 },
 {
  "line": 13,
  "left": 15,
  "end": 372,
  "height": 42,
  "top": 523,
  "ayah": 7,
  "page": 71,
  "width": 357,
  "verse_pos": 6
 },
 {
  "line": 14,
  "left": 15,
  "end": 372,
  "height": 42,
  "top": 565,
  "ayah": 8,
  "page": 71,
  "width": 357,
  "verse_pos": 7
 },
 {
  "line": 15,
  "left": 15,
  "end": 372,
  "height": 46,
  "top": 607,
  "ayah": 8,
  "page": 71,
  "width": 357,
  "verse_pos": 7
 }
]