[
 {
  "line": 1,
  "left": 15,
  "end": 373,
  "height": 42,
  "top": 7,
  "ayah": 1,
  "page": 380,
  "width": 358,
  "verse_pos": 0
 },
 {
  "line": 2,
  "left": 150,
  "end": 373,
  "height": 42,
  "top": 49,
  "ayah": 1,
  "page": 380,
  "width": 223,
  "verse_pos": 0
 },
 {
  "line": 2,
  "left": 15,
  "end": 149,
  "height": 42,
  "top": 49,
  "ayah": 2,
  "page": 380,
  "width": 134,
  "verse_pos": 1
 },
 {
  "line": 3,
  "left": 42,
  "end": 373,
  "height": 43,
  "top": 91,
  "ayah": 2,
  "page": 380,
  "width": 331,
  "verse_pos": 1
 },
 {
  "line": 3,
  "left": 15,
  "end": 41,
  "height": 43,
  "top": 91,
  "ayah": 3,
  "page": 380,
  "width": 26,
  "verse_pos": 2
 },
 {
  "line": 4,
  "left": 15,
  "end": 373,
  "height": 40,
  "top": 134,
  "ayah": 3,
  "page": 380,
  "width": 358,
  "verse_pos": 2
 },
 {
  "line": 5,
  "left": 15,
  "end": 373,
  "height": 46,
  "top": 174,
  "ayah": 4,
  "page": 380,
  "width": 358,
  "verse_pos": 3
 },
 {
  "line": 6,
  "left": 250,
  "end": 373,
  "height": 41,
  "top": 220,
  "ayah": 4,
  "page": 380,
  "width": 123,
  "verse_pos": 3
 },
 {
  "line": 6,
  "left": 15,
  "end": 249,
  "height": 41,
  "top": 220,
  "ayah": 5,
  "page": 380,
  "width": 234,
  "verse_pos": 4
 },
 {
  "line": 7,
  "left": 15,
  "end": 373,
  "height": 41,
  "top": 261,
  "ayah": 5,
  "page": 380,
  "width": 358,
  "verse_pos": 4
 },
 {
  "line": 8,
  "left": 15,
  "end": 373,
  "height": 48,
  "top": 302,
  "ayah": 5,
  "page": 380,
  "width": 358,
  "verse_pos": 4
 },
 {
  "line": 9,
  "left": 138,
  "end": 373,
  "height": 41,
  "top": 350,
  "ayah": 5,
  "page": 380,
  "width": 235,
  "verse_pos": 4
 },
 {
  "line": 9,
  "left": 15,
  "end": 137,
  "height": 41,
  "top": 350,
  "ayah": 6,
  "page": 380,
  "width": 122,
  "verse_pos": 5
 },
 {
  "line": 10,
  "left": 102,
  "end": 373,
  "height": 43,
  "top": 391,
  "ayah": 6,
  "page": 380,
  "width": 271,
  "verse_pos": 5
 },
 {
  "line": 10,
  "left": 15,
  "end": 101,
  "height": 43,
  "top": 391,
  "ayah": 7,
  "page": 380,
  "width": 86,
  "verse_pos": 6
 },
 {
  "line": 11,
  "left": 15,
  "end": 373,
  "height": 41,
  "top": 434,
  "ayah": 7,
  "page": 380,
  "width": 358,
  "verse_pos": 6
 },
 {
  "line": 12,
  "left": 337,
  "end": 373,
  "height": 43,
  "top": 475,
  "ayah": 7,
  "page": 380,
  "width": 36,
  "verse_pos": 6
 },
 {
  "line": 12,
  "left": 15,
  "end": 336,
  "height": 43,
  "top": 475,
  "ayah": 8,
  "page": 380,
  "width": 321,
  "verse_pos": 7
 },
 {
  "line": 13,
  "left": 337,
  "end": 373,
  "height": 46,
  "top": 518,
  "ayah": 8,
  "page": 380,
  "width": 36,
  "verse_pos": 7
 },
 {
  "line": 13,
  "left": 15,
  "end": 336,
  "height": 46,
  "top": 518,
  "ayah": 9,
  "page": 380,
  "width": 321,
  "verse_pos": 8
 },
 {
  "line": 14,
  "left": 15,
  "end": 373,
  "height": 43,
  "top": 564,
  "ayah": 9,
  "page": 380,
  "width": 358,
  "verse_pos": 8
 },
 {
  "line": 15,
  "left": 15,
  "end": 373,
  "height": 42,
  "top": 607,
  "ayah": 9,
  "page": 380,
  "width": 358,
  "verse_pos": 8
 }
]