[
 {
  "line": 1,
  "left": 19,
  "end": 373,
  "height": 46,
  "top": 6,
  "ayah": 1,
  "page": 94,
  "width": 354,
  "verse_pos": 0
 },
 {
  "line": 2,
  "left": 19,
  "end": 373,
  "height": 40,
  "top": 52,
  "ayah": 1,
  "page": 94,
  "width": 354,
  "verse_pos": 0
 },
 {
  "line": 3,
  "left": 19,
  "end": 373,
  "height": 47,
  "top": 92,
  "ayah": 1,
  "page": 94,
  "width": 354,
  "verse_pos": 0
 },
 {
  "line": 4,
  "left": 133,
  "end": 373,
  "height": 41,
  "top": 139,
  "ayah": 1,
  "page": 94,
  "width": 240,
  "verse_pos": 0
 },
 {
  "line": 4,
  "left": 19,
  "end": 132,
  "height": 41,
  "top": 139,
  "ayah": 2,
  "page": 94,
  "width": 113,
  "verse_pos": 1
 },
 {
  "line": 5,
  "left": 165,
  "end": 373,
  "height": 42,
  "top": 180,
  "ayah": 2,
  "page": 94,
  "width": 208,
  "verse_pos": 1
 },
 {
  "line": 5,
  "left": 19,
  "end": 164,
  "height": 42,
  "top": 180,
  "ayah": 3,
  "page": 94,
  "width": 145,
  "verse_pos": 2
 },
 {
  "line": 6,
  "left": 19,
  "end": 373,
  "height": 50,
  "top": 222,
  "ayah": 3,
  "page": 94,
  "width": 354,
  "verse_pos": 2
 },
 {
  "line": 7,
  "left": 19,
  "end": 373,
  "height": 39,
  "top": 272,
  "ayah": 3,
  "page": 94,
  "width": 354,
  "verse_pos": 2
 },
 {
  "line": 8,
  "left": 205,
  "end": 373,
  "height": 47,
  "top": 311,
  "ayah": 3,
  "page": 94,
  "width": 168,
  "verse_pos": 2
 },
 {
  "line": 8,
  "left": 19,
  "end": 204,
  "height": 47,
  "top": 311,
  "ayah": 4,
  "page": 94,
  "width": 185,
  "verse_pos": 3
 },
 {
  "line": 9,
  "left": 19,
  "end": 373,
  "height": 35,
  "top": 358,
  "ayah": 4,
  "page": 94,
  "width": 354,
  "verse_pos": 3
 },
 {
  "line": 10,
  "left": 19,
  "end": 373,
  "height": 47,
  "top": 393,
  "ayah": 5,
  "page": 94,
  "width": 354,
  "verse_pos": 4
 },
 {
  "line": 11,
  "left": 19,
  "end": 373,
  "height": 41,
  "top": 440,
  "ayah": 6,
  "page": 94,
  "width": 354,
  "verse_pos": 5
 },
 {
  "line": 12,
  "left": 19,
  "end": 373,
  "height": 41,
  "top": 481,
  "ayah": 6,
  "page": 94,
  "width": 354,
  "verse_pos": 5
 },
 {
  "line": 13,
  "left": 81,
  "end": 373,
  "height": 48,
  "top": 522,
  "ayah": 6,
  "page": 94,
  "width": 292,
  "verse_pos": 5
 },
 {
  "line": 13,
  "left": 19,
  "end": 80,
  "height": 48,
  "top": 522,
  "ayah": 7,
  "page": 94,
  "width": 61,
  "verse_pos": 6
 },
 {
  "line": 14,
  "left": 19,
  "end": 373,
  "height": 39,
  "top": 570,
  "ayah": 7,
  "page": 94,
  "width": 354,
  "verse_pos": 6
 },
 {
  "line": 15,
  "left": 19,
  "end": 373,
  "height": 42,
  "top": 609,
  "ayah": 7,
  "page": 94,
  "width": 354,
  "verse_pos": 6
 }
]