[
 {
  "line": 1,
  "left": 16,
  "end": 370,
  "height": 37,
  "top": 7,
  "ayah": 1,
  "page": 473,
  "width": 354,
  "verse_pos": 0
 },
 {
  "line": 2,
  "left": 16,
  "end": 370,
  "height": 48,
  "top": 44,
  "ayah": 1,
  "page": 473,
  "width": 354,
  "verse_pos": 0
 },
 {
  "line": 3,
  "left": 335,
  "end": 370,
  "height": 43,
  "top": 92,
  "ayah": 1,
  "page": 473,
  "width": 35,
  "verse_pos": 0
 },
 {
  "line": 3,
  "left": 16,
  "end": 335,
  "height": 43,
  "top": 92,
  "ayah": 2,
  "page": 473,
  "width": 319,
  "verse_pos": 1
 },
 {
  "line": 4,
  "left": 211,
  "end": 370,
  "height": 43,
  "top": 135,
  "ayah": 2,
  "page": 473,
  "width": 159,
  "verse_pos": 1
 },
 {
  "line": 4,
  "left": 16,
  "end": 210,
  "height": 43,
  "top": 135,
  "ayah": 3,
  "page": 473,
  "width": 194,
  "verse_pos": 2
 },
 {
  "line": 5,
  "left": 126,
  "end": 370,
  "height": 44,
  "top": 178,
  "ayah": 3,
  "page": 473,
  "width": 244,
  "verse_pos": 2
 },
 {
  "line": 5,
  "left": 16,
  "end": 125,
  "height": 44,
  "top": 178,
  "ayah": 4,
  "page": 473,
  "width": 109,
  "verse_pos": 3
 },
 {
  "line": 6,
  "left": 62,
  "end": 370,
  "height": 39,
  "top": 222,
  "ayah": 4,
  "page": 473,
  "width": 308,
  "verse_pos": 3
 },
 {
  "line": 6,
  "left": 16,
  "end": 61,
  "height": 39,
  "top": 222,
  "ayah": 5,
  "page": 473,
  "width": 45,
  "verse_pos": 4
 },
 {
  "line": 7,
  "left": 162,
  "end": 370,
  "height": 46,
  "top": 261,
  "ayah": 5,
  "page": 473,
  "width": 208,
  "verse_pos": 4
 },
 {
  "line": 7,
  "left": 16,
  "end": 161,
  "height": 46,
  "top": 261,
  "ayah": 6,
  "page": 473,
  "width": 145,
  "verse_pos": 5
 },
 {
  "line": 8,
  "left": 16,
  "end": 370,
  "height": 43,
  "top": 307,
  "ayah": 6,
  "page": 473,
  "width": 354,
  "verse_pos": 5
 },
 {
  "line": 9,
  "left": 242,
  "end": 370,
  "height": 42,
  "top": 350,
  "ayah": 6,
  "page": 473,
  "width": 128,
  "verse_pos": 5
 },
 {
  "line": 9,
  "left": 16,
  "end": 242,
  "height": 42,
  "top": 350,
  "ayah": 7,
  "page": 473,
  "width": 226,
  "verse_pos": 6
 },
 {
  "line": 10,
  "left": 16,
  "end": 370,
  "height": 41,
  "top": 392,
  "ayah": 7,
  "page": 473,
  "width": 354,
  "verse_pos": 6
 },
 {
  "line": 11,
  "left": 16,
  "end": 370,
  "height": 48,
  "top": 433,
  "ayah": 7,
  "page": 473,
  "width": 354,
  "verse_pos": 6
 },
 {
  "line": 12,
  "left": 272,
  "end": 370,
  "height": 40,
  "top": 481,
  "ayah": 7,
  "page": 473,
  "width": 98,
  "verse_pos": 6
 },
 {
  "line": 12,
  "left": 16,
  "end": 271,
  "height": 40,
  "top": 481,
  "ayah": 8,
  "page": 473,
  "width": 255,
  "verse_pos": 7
 },
 {
  "line": 13,
  "left": 16,
  "end": 370,
  "height": 44,
  "top": 521,
  "ayah": 8,
  "page": 473,
  "width": 354,
  "verse_pos": 7
 },
 {
  "line": 14,
  "left": 16,
  "end": 370,
  "height": 40,
  "top": 565,
  "ayah": 9,
  "page": 473,
  "width": 354,
  "verse_pos": 8
 },
 {
  "line": 15,
  "left": 16,
  "end": 370,
  "height": 42,
  "top": 605,
  "ayah": 9,
  "page": 473,
  "width": 354,
  "verse_pos": 8
 }
]