[
 {
  "line": 1,
  "left": 17,
  "end": 371,
  "height": 41,
  "top": 7,
  "ayah": 1,
  "page": 310,
  "width": 354,
  "verse_pos": 0
 },
 {
  "line": 2,
  "left": 224,
  "end": 371,
  "height": 41,
  "top": 48,
  "ayah": 1,
  "page": 310,
  "width": 147,
  "verse_pos": 0
 },
 {
  "line": 2,
  "left": 17,
  "end": 223,
  "height": 41,
  "top": 48,
  "ayah": 2,
  "page": 310,
  "width": 206,
  "verse_pos": 1
 },
 {
  "line": 3,
  "left": 269,
  "end": 371,
  "height": 46,
  "top": 89,
  "ayah": 2,
  "page": 310,
  "width": 102,
  "verse_pos": 1
 },
 {
  "line": 3,
  "left": 17,
  "end": 268,
  "height": 46,
  "top": 89,
  "ayah": 3,
  "page": 310,
  "width": 251,
  "verse_pos": 2
 },
 {
  "line": 4,
  "left": 253,
  "end": 371,
  "height": 43,
  "top": 135,
  "ayah": 3,
  "page": 310,
  "width": 118,
  "verse_pos": 2
 },
 {
  "line": 4,
  "left": 17,
  "end": 253,
  "height": 43,
  "top": 135,
  "ayah": 4,
  "page": 310,
  "width": 236,
  "verse_pos": 3
 },
 {
  "line": 5,
  "left": 146,
  "end": 371,
  "height": 41,
  "top": 178,
  "ayah": 4,
  "page": 310,
  "width": 225,
  "verse_pos": 3
 },
 {
  "line": 5,
  "left": 17,
  "end": 145,
  "height": 41,
  "top": 178,
  "ayah": 5,
  "page": 310,
  "width": 128,
  "verse_pos": 4
 },
 {
  "line": 6,
  "left": 142,
  "end": 371,
  "height": 41,
  "top": 219,
  "ayah": 5,
  "page": 310,
  "width": 229,
  "verse_pos": 4
 },
 {
  "line": 6,
  "left": 17,
  "end": 141,
  "height": 41,
  "top": 219,
  "ayah": 6,
  "page": 310,
  "width": 124,
  "verse_pos": 5
 },
 {
  "line": 7,
  "left": 237,
  "end": 371,
  "height": 46,
  "top": 260,
  "ayah": 6,
  "page": 310,
  "width": 134,
  "verse_pos": 5
 },
 {
  "line": 7,
  "left": 17,
  "end": 236,
  "height": 46,
  "top": 260,
  "ayah": 7,
  "page": 310,
  "width": 219,
  "verse_pos": 6
 },
 {
  "line": 8,
  "left": 252,
  "end": 371,
  "height": 42,
  "top": 306,
  "ayah": 7,
  "page": 310,
  "width": 119,
  "verse_pos": 6
 },
 {
  "line": 8,
  "left": 17,
  "end": 251,
  "height": 42,
  "top": 306,
  "ayah": 8,
  "page": 310,
  "width": 234,
  "verse_pos": 7
 },
 {
  "line": 9,
  "left": 284,
  "end": 371,
  "height": 44,
  "top": 348,
  "ayah": 8,
  "page": 310,
  "width": 87,
  "verse_pos": 7
 },
 {
  "line": 9,
  "left": 17,
  "end": 283,
  "height": 44,
  "top": 348,
  "ayah": 9,
  "page": 310,
  "width": 266,
  "verse_pos": 8
 },
 {
  "line": 10,
  "left": 45,
  "end": 371,
  "height": 44,
  "top": 392,
  "ayah": 9,
  "page": 310,
  "width": 326,
  "verse_pos": 8
 },
 {
  "line": 10,
  "left": 17,
  "end": 44,
  "height": 44,
  "top": 392,
  "ayah": 10,
  "page": 310,
  "width": 27,
  "verse_pos": 9
 },
 {
  "line": 11,
  "left": 63,
  "end": 371,
  "height": 41,
  "top": 436,
  "ayah": 10,
  "page": 310,
  "width": 308,
  "verse_pos": 9
 },
 {
  "line": 11,
  "left": 17,
  "end": 62,
  "height": 41,
  "top": 436,
  "ayah": 11,
  "page": 310,
  "width": 45,
  "verse_pos": 10
 },
 {
  "line": 12,
  "left": 17,
  "end": 371,
  "height": 45,
  "top": 477,
  "ayah": 11,
  "page": 310,
  "width": 354,
  "verse_pos": 10
 },
 {
  "line": 13,
  "left": 17,
  "end": 371,
  "height": 42,
  "top": 522,
  "ayah": 11,
  "page": 310,
  "width": 354,
  "verse_pos": 10
 },
 {
  "line": 14,
  "left": 236,
  "end": 371,
  "height": 44,
  "top": 564,
  "ayah": 11,
  "page": 310,
  "width": 135,
  "verse_pos": 10
 },
 {
  "line": 14,
  "left": 17,
  "end": 235,
  "height": 44,
  "top": 564,
  "ayah": 12,
  "page": 310,
  "width": 218,
  "verse_pos": 11
 },
 {
  "line": 15,
  "left": 17,
  "end": 371,
  "height": 42,
  "top": 608,
  "ayah": 12,
  "page": 310,
  "width": 354,
  "verse_pos": 11
 }
]
