[
    {
     "line": 1,
     "left": 41,
     "end": 370,
     "height": 44,
     "top": 7,
     "ayah": 1,
     "page": 68,
     "width": 329,
     "verse_pos": 0
    },
    {
     "line": 1,
     "left": 18,
     "end": 40,
     "height": 44,
     "top": 7,
     "ayah": 2,
     "page": 68,
     "width": 22,
     "verse_pos": 1
    },
    {
     "line": 2,
     "left": 18,
     "end": 370,
     "height": 41,
     "top": 51,
     "ayah": 2,
     "page": 68,
     "width": 352,
     "verse_pos": 1
    },
    {
     "line": 3,
     "left": 190,
     "end": 370,
     "height": 43,
     "top": 92,
     "ayah": 2,
     "page": 68,
     "width": 180,
     "verse_pos": 1
    },
    {
     "line": 3,
     "left": 18,
     "end": 189,
     "height": 43,
     "top": 92,
     "ayah": 3,
     "page": 68,
     "width": 171,
     "verse_pos": 2
    },
    {
     "line": 4,
     "left": 86,
     "end": 370,
     "height": 43,
     "top": 135,
     "ayah": 3,
     "page": 68,
     "width": 284,
     "verse_pos": 2
    },
    {
     "line": 4,
     "left": 18,
     "end": 85,
     "height": 43,
     "top": 135,
     "ayah": 4,
     "page": 68,
     "width": 67,
     "verse_pos": 3
    },
    {
     "line": 5,
     "left": 18,
     "end": 370,
     "height": 43,
     "top": 178,
     "ayah": 4,
     "page": 68,
     "width": 352,
     "verse_pos": 3
    },
    {
     "line": 6,
     "left": 18,
     "end": 370,
     "height": 42,
     "top": 221,
     "ayah": 4,
     "page": 68,
     "width": 352,
     "verse_pos": 3
    },
    {
     "line": 7,
     "left": 92,
     "end": 370,
     "height": 45,
     "top": 263,
     "ayah": 4,
     "page": 68,
     "width": 278,
     "verse_pos": 3
    },
    {
     "line": 7,
     "left": 18,
     "end": 91,
     "height": 45,
     "top": 263,
     "ayah": 5,
     "page": 68,
     "width": 73,
     "verse_pos": 4
    },
    {
     "line": 8,
     "left": 18,
     "end": 370,
     "height": 44,
     "top": 308,
     "ayah": 5,
     "page": 68,
     "width": 352,
     "verse_pos": 4
    },
    {
     "line": 9,
     "left": 18,
     "end": 370,
     "height": 42,
     "top": 352,
     "ayah": 5,
     "page": 68,
     "width": 352,
     "verse_pos": 4
    },
    {
     "line": 10,
     "left": 179,
     "end": 370,
     "height": 44,
     "top": 394,
     "ayah": 5,
     "page": 68,
     "width": 191,
     "verse_pos": 4
    },
    {
     "line": 10,
     "left": 18,
     "end": 178,
     "height": 44,
     "top": 394,
     "ayah": 6,
     "page": 68,
     "width": 160,
     "verse_pos": 5
    },
    {
     "line": 11,
     "left": 18,
     "end": 370,
     "height": 39,
     "top": 438,
     "ayah": 6,
     "page": 68,
     "width": 352,
     "verse_pos": 5
    },
    {
     "line": 12,
     "left": 117,
     "end": 370,
     "height": 47,
     "top": 477,
     "ayah": 6,
     "page": 68,
     "width": 253,
     "verse_pos": 5
    },
    {
     "line": 12,
     "left": 18,
     "end": 116,
     "height": 47,
     "top": 477,
     "ayah": 7,
     "page": 68,
     "width": 98,
     "verse_pos": 6
    },
    {
     "line": 13,
     "left": 18,
     "end": 370,
     "height": 42,
     "top": 524,
     "ayah": 7,
     "page": 68,
     "width": 352,
     "verse_pos": 6
    },
    {
     "line": 14,
     "left": 92,
     "end": 370,
     "height": 38,
     "top": 566,
     "ayah": 7,
     "page": 68,
     "width": 278,
     "verse_pos": 6
    },
    {
     "line": 14,
     "left": 18,
     "end": 91,
     "height": 38,
     "top": 566,
     "ayah": 8,
     "page": 68,
     "width": 73,
     "verse_pos": 7
    },
    {
     "line": 15,
     "left": 18,
     "end": 370,
     "height": 48,
     "top": 604,
     "ayah": 8,
     "page": 68,
     "width": 352,
     "verse_pos": 7
    }
   ]