[
 {
  "line": 1,
  "left": 16,
  "end": 372,
  "height": 44,
  "top": 7,
  "ayah": 1,
  "page": 299,
  "width": 356,
  "verse_pos": 0
 },
 {
  "line": 2,
  "left": 160,
  "end": 372,
  "height": 43,
  "top": 51,
  "ayah": 1,
  "page": 299,
  "width": 212,
  "verse_pos": 0
 },
 {
  "line": 2,
  "left": 16,
  "end": 159,
  "height": 43,
  "top": 51,
  "ayah": 2,
  "page": 299,
  "width": 143,
  "verse_pos": 1
 },
 {
  "line": 3,
  "left": 74,
  "end": 372,
  "height": 43,
  "top": 94,
  "ayah": 2,
  "page": 299,
  "width": 298,
  "verse_pos": 1
 },
 {
  "line": 3,
  "left": 16,
  "end": 73,
  "height": 43,
  "top": 94,
  "ayah": 3,
  "page": 299,
  "width": 57,
  "verse_pos": 2
 },
 {
  "line": 4,
  "left": 16,
  "end": 372,
  "height": 44,
  "top": 137,
  "ayah": 3,
  "page": 299,
  "width": 356,
  "verse_pos": 2
 },
 {
  "line": 5,
  "left": 206,
  "end": 372,
  "height": 43,
  "top": 181,
  "ayah": 3,
  "page": 299,
  "width": 166,
  "verse_pos": 2
 },
 {
  "line": 5,
  "left": 16,
  "end": 205,
  "height": 43,
  "top": 181,
  "ayah": 4,
  "page": 299,
  "width": 189,
  "verse_pos": 3
 },
 {
  "line": 6,
  "left": 16,
  "end": 372,
  "height": 42,
  "top": 224,
  "ayah": 4,
  "page": 299,
  "width": 356,
  "verse_pos": 3
 },
 {
  "line": 7,
  "left": 16,
  "end": 372,
  "height": 43,
  "top": 266,
  "ayah": 4,
  "page": 299,
  "width": 356,
  "verse_pos": 3
 },
 {
  "line": 8,
  "left": 170,
  "end": 372,
  "height": 43,
  "top": 309,
  "ayah": 4,
  "page": 299,
  "width": 202,
  "verse_pos": 3
 },
 {
  "line": 8,
  "left": 16,
  "end": 169,
  "height": 43,
  "top": 309,
  "ayah": 5,
  "page": 299,
  "width": 153,
  "verse_pos": 4
 },
 {
  "line": 9,
  "left": 16,
  "end": 372,
  "height": 39,
  "top": 352,
  "ayah": 5,
  "page": 299,
  "width": 356,
  "verse_pos": 4
 },
 {
  "line": 10,
  "left": 16,
  "end": 372,
  "height": 47,
  "top": 391,
  "ayah": 5,
  "page": 299,
  "width": 356,
  "verse_pos": 4
 },
 {
  "line": 11,
  "left": 210,
  "end": 372,
  "height": 43,
  "top": 438,
  "ayah": 5,
  "page": 299,
  "width": 162,
  "verse_pos": 4
 },
 {
  "line": 11,
  "left": 16,
  "end": 209,
  "height": 43,
  "top": 438,
  "ayah": 6,
  "page": 299,
  "width": 193,
  "verse_pos": 5
 },
 {
  "line": 12,
  "left": 16,
  "end": 372,
  "height": 43,
  "top": 481,
  "ayah": 6,
  "page": 299,
  "width": 356,
  "verse_pos": 5
 },
 {
  "line": 13,
  "left": 335,
  "end": 372,
  "height": 44,
  "top": 524,
  "ayah": 6,
  "page": 299,
  "width": 37,
  "verse_pos": 5
 },
 {
  "line": 13,
  "left": 16,
  "end": 334,
  "height": 44,
  "top": 524,
  "ayah": 7,
  "page": 299,
  "width": 318,
  "verse_pos": 6
 },
 {
  "line": 14,
  "left": 114,
  "end": 372,
  "height": 43,
  "top": 568,
  "ayah": 7,
  "page": 299,
  "width": 258,
  "verse_pos": 6
 },
 {
  "line": 14,
  "left": 16,
  "end": 113,
  "height": 43,
  "top": 568,
  "ayah": 8,
  "page": 299,
  "width": 97,
  "verse_pos": 7
 },
 {
  "line": 15,
  "left": 16,
  "end": 372,
  "height": 44,
  "top": 611,
  "ayah": 8,
  "page": 299,
  "width": 356,
  "verse_pos": 7
 }
]