[
 {
  "line": 1,
  "left": 197,
  "end": 380,
  "height": 43,
  "top": 7,
  "ayah": 1,
  "page": 374,
  "width": 183,
  "verse_pos": 0
 },
 {
  "line": 1,
  "left": 12,
  "end": 196,
  "height": 43,
  "top": 7,
  "ayah": 2,
  "page": 374,
  "width": 184,
  "verse_pos": 1
 },
 {
  "line": 2,
  "left": 341,
  "end": 380,
  "height": 43,
  "top": 50,
  "ayah": 2,
  "page": 374,
  "width": 39,
  "verse_pos": 1
 },
 {
  "line": 2,
  "left": 195,
  "end": 340,
  "height": 43,
  "top": 50,
  "ayah": 3,
  "page": 374,
  "width": 145,
  "verse_pos": 2
 },
 {
  "line": 2,
  "left": 44,
  "end": 194,
  "height": 43,
  "top": 50,
  "ayah": 4,
  "page": 374,
  "width": 150,
  "verse_pos": 3
 },
 {
  "line": 2,
  "left": 12,
  "end": 43,
  "height": 43,
  "top": 50,
  "ayah": 5,
  "page": 374,
  "width": 31,
  "verse_pos": 4
 },
 {
  "line": 3,
  "left": 12,
  "end": 380,
  "height": 43,
  "top": 93,
  "ayah": 5,
  "page": 374,
  "width": 368,
  "verse_pos": 4
 },
 {
  "line": 4,
  "left": 175,
  "end": 380,
  "height": 40,
  "top": 136,
  "ayah": 6,
  "page": 374,
  "width": 205,
  "verse_pos": 5
 },
 {
  "line": 4,
  "left": 12,
  "end": 174,
  "height": 40,
  "top": 136,
  "ayah": 7,
  "page": 374,
  "width": 162,
  "verse_pos": 6
 },
 {
  "line": 5,
  "left": 151,
  "end": 380,
  "height": 49,
  "top": 176,
  "ayah": 7,
  "page": 374,
  "width": 229,
  "verse_pos": 6
 },
 {
  "line": 5,
  "left": 12,
  "end": 151,
  "height": 49,
  "top": 176,
  "ayah": 8,
  "page": 374,
  "width": 139,
  "verse_pos": 7
 },
 {
  "line": 6,
  "left": 209,
  "end": 380,
  "height": 41,
  "top": 225,
  "ayah": 8,
  "page": 374,
  "width": 171,
  "verse_pos": 7
 },
 {
  "line": 6,
  "left": 12,
  "end": 209,
  "height": 41,
  "top": 225,
  "ayah": 9,
  "page": 374,
  "width": 197,
  "verse_pos": 8
 },
 {
  "line": 7,
  "left": 175,
  "end": 380,
  "height": 44,
  "top": 266,
  "ayah": 10,
  "page": 374,
  "width": 205,
  "verse_pos": 9
 },
 {
  "line": 7,
  "left": 12,
  "end": 174,
  "height": 44,
  "top": 266,
  "ayah": 11,
  "page": 374,
  "width": 162,
  "verse_pos": 10
 },
 {
  "line": 8,
  "left": 218,
  "end": 380,
  "height": 37,
  "top": 310,
  "ayah": 12,
  "page": 374,
  "width": 162,
  "verse_pos": 11
 },
 {
  "line": 8,
  "left": 89,
  "end": 217,
  "height": 37,
  "top": 310,
  "ayah": 13,
  "page": 374,
  "width": 128,
  "verse_pos": 12
 },
 {
  "line": 8,
  "left": 12,
  "end": 88,
  "height": 37,
  "top": 310,
  "ayah": 14,
  "page": 374,
  "width": 76,
  "verse_pos": 13
 },
 {
  "line": 9,
  "left": 189,
  "end": 380,
  "height": 48,
  "top": 347,
  "ayah": 14,
  "page": 374,
  "width": 191,
  "verse_pos": 13
 },
 {
  "line": 9,
  "left": 12,
  "end": 188,
  "height": 48,
  "top": 347,
  "ayah": 15,
  "page": 374,
  "width": 176,
  "verse_pos": 14
 },
 {
  "line": 10,
  "left": 295,
  "end": 380,
  "height": 44,
  "top": 395,
  "ayah": 15,
  "page": 374,
  "width": 85,
  "verse_pos": 14
 },
 {
  "line": 10,
  "left": 103,
  "end": 294,
  "height": 44,
  "top": 395,
  "ayah": 16,
  "page": 374,
  "width": 191,
  "verse_pos": 15
 },
 {
  "line": 10,
  "left": 12,
  "end": 102,
  "height": 44,
  "top": 395,
  "ayah": 17,
  "page": 374,
  "width": 90,
  "verse_pos": 16
 },
 {
  "line": 11,
  "left": 246,
  "end": 380,
  "height": 41,
  "top": 439,
  "ayah": 17,
  "page": 374,
  "width": 134,
  "verse_pos": 16
 },
 {
  "line": 11,
  "left": 59,
  "end": 246,
  "height": 41,
  "top": 439,
  "ayah": 18,
  "page": 374,
  "width": 187,
  "verse_pos": 17
 },
 {
  "line": 11,
  "left": 12,
  "end": 58,
  "height": 41,
  "top": 439,
  "ayah": 19,
  "page": 374,
  "width": 46,
  "verse_pos": 18
 },
 {
  "line": 12,
  "left": 276,
  "end": 380,
  "height": 42,
  "top": 480,
  "ayah": 19,
  "page": 374,
  "width": 104,
  "verse_pos": 18
 },
 {
  "line": 12,
  "left": 124,
  "end": 275,
  "height": 42,
  "top": 480,
  "ayah": 20,
  "page": 374,
  "width": 151,
  "verse_pos": 19
 },
 {
  "line": 12,
  "left": 12,
  "end": 123,
  "height": 42,
  "top": 480,
  "ayah": 21,
  "page": 374,
  "width": 111,
  "verse_pos": 20
 },
 {
  "line": 13,
  "left": 123,
  "end": 380,
  "height": 44,
  "top": 522,
  "ayah": 21,
  "page": 374,
  "width": 257,
  "verse_pos": 20
 },
 {
  "line": 13,
  "left": 12,
  "end": 122,
  "height": 44,
  "top": 522,
  "ayah": 22,
  "page": 374,
  "width": 110,
  "verse_pos": 21
 },
 {
  "line": 14,
  "left": 211,
  "end": 380,
  "height": 44,
  "top": 566,
  "ayah": 22,
  "page": 374,
  "width": 169,
  "verse_pos": 21
 },
 {
  "line": 14,
  "left": 12,
  "end": 210,
  "height": 44,
  "top": 566,
  "ayah": 23,
  "page": 374,
  "width": 198,
  "verse_pos": 22
 },
 {
  "line": 15,
  "left": 12,
  "end": 380,
  "height": 42,
  "top": 610,
  "ayah": 24,
  "page": 374,
  "width": 368,
  "verse_pos": 23
 }
]