[
    {
          "line": 1,
          "left": 16,
          "end": 372,
          "height": 44,
          "top": 6,
          "ayah": 1,
          "page": 11,
          "width": 356,
          "verse_pos": 0
        },
        {
          "line": 2,
          "left": 201,
          "end": 372,
          "height": 41,
          "top": 50,
          "ayah": 1,
          "page": 11,
          "width": 171,
          "verse_pos": 0
        },
        {
          "line": 2,
          "left": 16,
          "end": 200,
          "height": 41,
          "top": 50,
          "ayah": 2,
          "page": 11,
          "width": 184,
          "verse_pos": 1
        },
        {
          "line": 3,
          "left": 16,
          "end": 372,
          "height": 43,
          "top": 91,
          "ayah": 2,
          "page": 11,
          "width": 356,
          "verse_pos": 1
        },
        {
          "line": 4,
          "left": 44,
          "end": 372,
          "height": 45,
          "top": 134,
          "ayah": 2,
          "page": 11,
          "width": 328,
          "verse_pos": 1
        },
        {
          "line": 4,
          "left": 16,
          "end": 43,
          "height": 45,
          "top": 134,
          "ayah": 3,
          "page": 11,
          "width": 27,
          "verse_pos": 2
        },
        {
          "line": 5,
          "left": 16,
          "end": 372,
          "height": 42,
          "top": 179,
          "ayah": 3,
          "page": 11,
          "width": 356,
          "verse_pos": 2
        },
        {
          "line": 6,
          "left": 16,
          "end": 372,
          "height": 43,
          "top": 221,
          "ayah": 4,
          "page": 11,
          "width": 356,
          "verse_pos": 3
        },
        {
          "line": 7,
          "left": 195,
          "end": 372,
          "height": 40,
          "top": 264,
          "ayah": 4,
          "page": 11,
          "width": 177,
          "verse_pos": 3
        },
        {
          "line": 7,
          "left": 16,
          "end": 194,
          "height": 40,
          "top": 264,
          "ayah": 5,
          "page": 11,
          "width": 178,
          "verse_pos": 4
        },
        {
          "line": 8,
          "left": 16,
          "end": 372,
          "height": 46,
          "top": 304,
          "ayah": 5,
          "page": 11,
          "width": 356,
          "verse_pos": 4
        },
        {
          "line": 9,
          "left": 16,
          "end": 372,
          "height": 41,
          "top": 350,
          "ayah": 5,
          "page": 11,
          "width": 356,
          "verse_pos": 4
        },
        {
          "line": 10,
          "left": 16,
          "end": 372,
          "height": 46,
          "top": 391,
          "ayah": 5,
          "page": 11,
          "width": 356,
          "verse_pos": 4
        },
        {
          "line": 11,
          "left": 336,
          "end": 372,
          "height": 44,
          "top": 437,
          "ayah": 5,
          "page": 11,
          "width": 36,
          "verse_pos": 4
        },
        {
          "line": 11,
          "left": 16,
          "end": 335,
          "height": 44,
          "top": 437,
          "ayah": 6,
          "page": 11,
          "width": 319,
          "verse_pos": 5
        },
        {
          "line": 12,
          "left": 16,
          "end": 372,
          "height": 43,
          "top": 481,
          "ayah": 6,
          "page": 11,
          "width": 356,
          "verse_pos": 5
        },
        {
          "line": 13,
          "left": 224,
          "end": 372,
          "height": 40,
          "top": 524,
          "ayah": 6,
          "page": 11,
          "width": 148,
          "verse_pos": 5
        },
        {
          "line": 13,
          "left": 16,
          "end": 223,
          "height": 40,
          "top": 524,
          "ayah": 7,
          "page": 11,
          "width": 207,
          "verse_pos": 6
        },
        {
          "line": 14,
          "left": 16,
          "end": 372,
          "height": 42,
          "top": 564,
          "ayah": 7,
          "page": 11,
          "width": 356,
          "verse_pos": 6
        },
        {
          "line": 15,
          "left": 16,
          "end": 372,
          "height": 46,
          "top": 606,
          "ayah": 7,
          "page": 11,
          "width": 356,
          "verse_pos": 6
        }
]
