[
 {
  "line": 1,
  "left": 15,
  "end": 372,
  "height": 41,
  "top": 7,
  "ayah": 1,
  "page": 344,
  "width": 357,
  "verse_pos": 0
 },
 {
  "line": 2,
  "left": 229,
  "end": 372,
  "height": 42,
  "top": 48,
  "ayah": 1,
  "page": 344,
  "width": 143,
  "verse_pos": 0
 },
 {
  "line": 2,
  "left": 15,
  "end": 228,
  "height": 42,
  "top": 48,
  "ayah": 2,
  "page": 344,
  "width": 213,
  "verse_pos": 1
 },
 {
  "line": 3,
  "left": 287,
  "end": 372,
  "height": 46,
  "top": 90,
  "ayah": 2,
  "page": 344,
  "width": 85,
  "verse_pos": 1
 },
 {
  "line": 3,
  "left": 64,
  "end": 286,
  "height": 46,
  "top": 90,
  "ayah": 3,
  "page": 344,
  "width": 222,
  "verse_pos": 2
 },
 {
  "line": 3,
  "left": 15,
  "end": 63,
  "height": 46,
  "top": 90,
  "ayah": 4,
  "page": 344,
  "width": 48,
  "verse_pos": 3
 },
 {
  "line": 4,
  "left": 210,
  "end": 372,
  "height": 39,
  "top": 136,
  "ayah": 4,
  "page": 344,
  "width": 162,
  "verse_pos": 3
 },
 {
  "line": 4,
  "left": 15,
  "end": 209,
  "height": 39,
  "top": 136,
  "ayah": 5,
  "page": 344,
  "width": 194,
  "verse_pos": 4
 },
 {
  "line": 5,
  "left": 137,
  "end": 372,
  "height": 45,
  "top": 175,
  "ayah": 5,
  "page": 344,
  "width": 235,
  "verse_pos": 4
 },
 {
  "line": 5,
  "left": 15,
  "end": 136,
  "height": 45,
  "top": 175,
  "ayah": 6,
  "page": 344,
  "width": 121,
  "verse_pos": 5
 },
 {
  "line": 6,
  "left": 15,
  "end": 372,
  "height": 41,
  "top": 220,
  "ayah": 6,
  "page": 344,
  "width": 357,
  "verse_pos": 5
 },
 {
  "line": 7,
  "left": 15,
  "end": 372,
  "height": 45,
  "top": 261,
  "ayah": 6,
  "page": 344,
  "width": 357,
  "verse_pos": 5
 },
 {
  "line": 8,
  "left": 290,
  "end": 372,
  "height": 42,
  "top": 306,
  "ayah": 6,
  "page": 344,
  "width": 82,
  "verse_pos": 5
 },
 {
  "line": 8,
  "left": 15,
  "end": 289,
  "height": 42,
  "top": 306,
  "ayah": 7,
  "page": 344,
  "width": 274,
  "verse_pos": 6
 },
 {
  "line": 9,
  "left": 338,
  "end": 372,
  "height": 44,
  "top": 348,
  "ayah": 7,
  "page": 344,
  "width": 34,
  "verse_pos": 6
 },
 {
  "line": 9,
  "left": 15,
  "end": 337,
  "height": 44,
  "top": 348,
  "ayah": 8,
  "page": 344,
  "width": 322,
  "verse_pos": 7
 },
 {
  "line": 10,
  "left": 337,
  "end": 372,
  "height": 43,
  "top": 392,
  "ayah": 8,
  "page": 344,
  "width": 35,
  "verse_pos": 7
 },
 {
  "line": 10,
  "left": 128,
  "end": 336,
  "height": 43,
  "top": 392,
  "ayah": 9,
  "page": 344,
  "width": 208,
  "verse_pos": 8
 },
 {
  "line": 10,
  "left": 15,
  "end": 127,
  "height": 43,
  "top": 392,
  "ayah": 10,
  "page": 344,
  "width": 112,
  "verse_pos": 9
 },
 {
  "line": 11,
  "left": 110,
  "end": 372,
  "height": 44,
  "top": 435,
  "ayah": 10,
  "page": 344,
  "width": 262,
  "verse_pos": 9
 },
 {
  "line": 11,
  "left": 15,
  "end": 109,
  "height": 44,
  "top": 435,
  "ayah": 11,
  "page": 344,
  "width": 94,
  "verse_pos": 10
 },
 {
  "line": 12,
  "left": 71,
  "end": 372,
  "height": 40,
  "top": 479,
  "ayah": 11,
  "page": 344,
  "width": 301,
  "verse_pos": 10
 },
 {
  "line": 12,
  "left": 15,
  "end": 70,
  "height": 40,
  "top": 479,
  "ayah": 12,
  "page": 344,
  "width": 55,
  "verse_pos": 11
 },
 {
  "line": 13,
  "left": 226,
  "end": 372,
  "height": 43,
  "top": 519,
  "ayah": 12,
  "page": 344,
  "width": 146,
  "verse_pos": 11
 },
 {
  "line": 13,
  "left": 15,
  "end": 225,
  "height": 43,
  "top": 519,
  "ayah": 13,
  "page": 344,
  "width": 210,
  "verse_pos": 12
 },
 {
  "line": 14,
  "left": 15,
  "end": 372,
  "height": 46,
  "top": 562,
  "ayah": 14,
  "page": 344,
  "width": 357,
  "verse_pos": 13
 },
 {
  "line": 15,
  "left": 272,
  "end": 372,
  "height": 42,
  "top": 608,
  "ayah": 14,
  "page": 344,
  "width": 100,
  "verse_pos": 13
 },
 {
  "line": 15,
  "left": 15,
  "end": 271,
  "height": 42,
  "top": 608,
  "ayah": 15,
  "page": 344,
  "width": 256,
  "verse_pos": 14
 }
]
