[
    {
        "line": 1,
        "left": 61,
        "end": 374,
        "height": 44,
        "top": 7,
        "ayah": 1,
        "page": 443,
        "width": 313,
        "verse_pos": 0
    },
    {
        "line": 1,
        "left": 13,
        "end": 60,
        "height": 44,
        "top": 7,
        "ayah": 2,
        "page": 443,
        "width": 47,
        "verse_pos": 1
    },
    {
        "line": 2,
        "left": 205,
        "end": 374,
        "height": 45,
        "top": 51,
        "ayah": 2,
        "page": 443,
        "width": 169,
        "verse_pos": 1
    },
    {
        "line": 2,
        "left": 13,
        "end": 204,
        "height": 45,
        "top": 51,
        "ayah": 3,
        "page": 443,
        "width": 191,
        "verse_pos": 2
    },
    {
        "line": 3,
        "left": 250,
        "end": 374,
        "height": 39,
        "top": 96,
        "ayah": 3,
        "page": 443,
        "width": 124,
        "verse_pos": 2
    },
    {
        "line": 3,
        "left": 48,
        "end": 249,
        "height": 39,
        "top": 96,
        "ayah": 4,
        "page": 443,
        "width": 201,
        "verse_pos": 3
    },
    {
        "line": 3,
        "left": 13,
        "end": 47,
        "height": 39,
        "top": 96,
        "ayah": 5,
        "page": 443,
        "width": 34,
        "verse_pos": 4
    },
    {
        "line": 4,
        "left": 13,
        "end": 374,
        "height": 45,
        "top": 135,
        "ayah": 5,
        "page": 443,
        "width": 361,
        "verse_pos": 4
    },
    {
        "line": 5,
        "left": 13,
        "end": 374,
        "height": 42,
        "top": 180,
        "ayah": 6,
        "page": 443,
        "width": 361,
        "verse_pos": 5
    },
    {
        "line": 6,
        "left": 340,
        "end": 374,
        "height": 44,
        "top": 222,
        "ayah": 6,
        "page": 443,
        "width": 34,
        "verse_pos": 5
    },
    {
        "line": 6,
        "left": 13,
        "end": 339,
        "height": 44,
        "top": 222,
        "ayah": 7,
        "page": 443,
        "width": 326,
        "verse_pos": 6
    },
    {
        "line": 7,
        "left": 13,
        "end": 374,
        "height": 44,
        "top": 266,
        "ayah": 7,
        "page": 443,
        "width": 361,
        "verse_pos": 6
    },
    {
        "line": 8,
        "left": 263,
        "end": 374,
        "height": 41,
        "top": 310,
        "ayah": 7,
        "page": 443,
        "width": 111,
        "verse_pos": 6
    },
    {
        "line": 8,
        "left": 13,
        "end": 262,
        "height": 41,
        "top": 310,
        "ayah": 8,
        "page": 443,
        "width": 249,
        "verse_pos": 7
    },
    {
        "line": 9,
        "left": 340,
        "end": 374,
        "height": 43,
        "top": 351,
        "ayah": 8,
        "page": 443,
        "width": 34,
        "verse_pos": 7
    },
    {
        "line": 9,
        "left": 13,
        "end": 339,
        "height": 43,
        "top": 351,
        "ayah": 9,
        "page": 443,
        "width": 326,
        "verse_pos": 8
    },
    {
        "line": 10,
        "left": 339,
        "end": 374,
        "height": 44,
        "top": 394,
        "ayah": 9,
        "page": 443,
        "width": 35,
        "verse_pos": 8
    },
    {
        "line": 10,
        "left": 13,
        "end": 338,
        "height": 44,
        "top": 394,
        "ayah": 10,
        "page": 443,
        "width": 325,
        "verse_pos": 9
    },
    {
        "line": 11,
        "left": 13,
        "end": 374,
        "height": 43,
        "top": 438,
        "ayah": 11,
        "page": 443,
        "width": 361,
        "verse_pos": 10
    },
    {
        "line": 12,
        "left": 339,
        "end": 374,
        "height": 43,
        "top": 481,
        "ayah": 11,
        "page": 443,
        "width": 35,
        "verse_pos": 10
    },
    {
        "line": 12,
        "left": 13,
        "end": 338,
        "height": 43,
        "top": 481,
        "ayah": 12,
        "page": 443,
        "width": 325,
        "verse_pos": 11
    },
    {
        "line": 13,
        "left": 178,
        "end": 374,
        "height": 42,
        "top": 524,
        "ayah": 12,
        "page": 443,
        "width": 196,
        "verse_pos": 11
    },
    {
        "line": 13,
        "left": 13,
        "end": 177,
        "height": 42,
        "top": 524,
        "ayah": 13,
        "page": 443,
        "width": 164,
        "verse_pos": 12
    },
    {
        "line": 14,
        "left": 112,
        "end": 374,
        "height": 45,
        "top": 566,
        "ayah": 13,
        "page": 443,
        "width": 262,
        "verse_pos": 12
    },
    {
        "line": 14,
        "left": 13,
        "end": 111,
        "height": 45,
        "top": 566,
        "ayah": 14,
        "page": 443,
        "width": 98,
        "verse_pos": 13
    },
    {
        "line": 15,
        "left": 13,
        "end": 374,
        "height": 42,
        "top": 611,
        "ayah": 14,
        "page": 443,
        "width": 361,
        "verse_pos": 13
    }
]