[
 {
  "line": 1,
  "left": 16,
  "end": 376,
  "height": 43,
  "top": 7,
  "ayah": 1,
  "page": 258,
  "width": 360,
  "verse_pos": 0
 },
 {
  "line": 2,
  "left": 162,
  "end": 376,
  "height": 42,
  "top": 50,
  "ayah": 1,
  "page": 258,
  "width": 214,
  "verse_pos": 0
 },
 {
  "line": 2,
  "left": 16,
  "end": 161,
  "height": 42,
  "top": 50,
  "ayah": 2,
  "page": 258,
  "width": 145,
  "verse_pos": 1
 },
 {
  "line": 3,
  "left": 334,
  "end": 376,
  "height": 43,
  "top": 92,
  "ayah": 2,
  "page": 258,
  "width": 42,
  "verse_pos": 1
 },
 {
  "line": 3,
  "left": 16,
  "end": 333,
  "height": 43,
  "top": 92,
  "ayah": 3,
  "page": 258,
  "width": 317,
  "verse_pos": 2
 },
 {
  "line": 4,
  "left": 16,
  "end": 376,
  "height": 43,
  "top": 135,
  "ayah": 3,
  "page": 258,
  "width": 360,
  "verse_pos": 2
 },
 {
  "line": 5,
  "left": 16,
  "end": 376,
  "height": 45,
  "top": 178,
  "ayah": 3,
  "page": 258,
  "width": 360,
  "verse_pos": 2
 },
 {
  "line": 6,
  "left": 116,
  "end": 376,
  "height": 41,
  "top": 223,
  "ayah": 3,
  "page": 258,
  "width": 260,
  "verse_pos": 2
 },
 {
  "line": 6,
  "left": 16,
  "end": 115,
  "height": 41,
  "top": 223,
  "ayah": 4,
  "page": 258,
  "width": 99,
  "verse_pos": 3
 },
 {
  "line": 7,
  "left": 16,
  "end": 376,
  "height": 43,
  "top": 264,
  "ayah": 4,
  "page": 258,
  "width": 360,
  "verse_pos": 3
 },
 {
  "line": 8,
  "left": 16,
  "end": 376,
  "height": 42,
  "top": 307,
  "ayah": 4,
  "page": 258,
  "width": 360,
  "verse_pos": 3
 },
 {
  "line": 9,
  "left": 16,
  "end": 376,
  "height": 46,
  "top": 349,
  "ayah": 4,
  "page": 258,
  "width": 360,
  "verse_pos": 3
 },
 {
  "line": 10,
  "left": 16,
  "end": 376,
  "height": 39,
  "top": 395,
  "ayah": 4,
  "page": 258,
  "width": 360,
  "verse_pos": 3
 },
 {
  "line": 11,
  "left": 16,
  "end": 376,
  "height": 46,
  "top": 434,
  "ayah": 4,
  "page": 258,
  "width": 360,
  "verse_pos": 3
 },
 {
  "line": 12,
  "left": 335,
  "end": 376,
  "height": 42,
  "top": 480,
  "ayah": 4,
  "page": 258,
  "width": 41,
  "verse_pos": 3
 },
 {
  "line": 12,
  "left": 16,
  "end": 334,
  "height": 42,
  "top": 480,
  "ayah": 5,
  "page": 258,
  "width": 318,
  "verse_pos": 4
 },
 {
  "line": 13,
  "left": 16,
  "end": 376,
  "height": 46,
  "top": 522,
  "ayah": 5,
  "page": 258,
  "width": 360,
  "verse_pos": 4
 },
 {
  "line": 14,
  "left": 277,
  "end": 376,
  "height": 42,
  "top": 568,
  "ayah": 5,
  "page": 258,
  "width": 99,
  "verse_pos": 4
 },
 {
  "line": 14,
  "left": 16,
  "end": 276,
  "height": 42,
  "top": 568,
  "ayah": 6,
  "page": 258,
  "width": 260,
  "verse_pos": 5
 },
 {
  "line": 15,
  "left": 16,
  "end": 376,
  "height": 42,
  "top": 610,
  "ayah": 6,
  "page": 258,
  "width": 360,
  "verse_pos": 5
 }
]