[
 {
  "line": 1,
  "left": 13,
  "end": 374,
  "height": 39,
  "top": 91,
  "ayah": 2,
  "page": 282,
  "width": 361,
  "verse_pos": 1
 },
 {
  "line": 2,
  "left": 13,
  "end": 374,
  "height": 49,
  "top": 130,
  "ayah": 2,
  "page": 282,
  "width": 361,
  "verse_pos": 1
 },
 {
  "line": 3,
  "left": 213,
  "end": 374,
  "height": 38,
  "top": 179,
  "ayah": 2,
  "page": 282,
  "width": 161,
  "verse_pos": 1
 },
 {
  "line": 3,
  "left": 13,
  "end": 213,
  "height": 38,
  "top": 179,
  "ayah": 3,
  "page": 282,
  "width": 200,
  "verse_pos": 2
 },
 {
  "line": 4,
  "left": 13,
  "end": 374,
  "height": 46,
  "top": 217,
  "ayah": 3,
  "page": 282,
  "width": 361,
  "verse_pos": 2
 },
 {
  "line": 5,
  "left": 13,
  "end": 374,
  "height": 42,
  "top": 263,
  "ayah": 4,
  "page": 282,
  "width": 361,
  "verse_pos": 3
 },
 {
  "line": 6,
  "left": 13,
  "end": 374,
  "height": 44,
  "top": 305,
  "ayah": 5,
  "page": 282,
  "width": 361,
  "verse_pos": 4
 },
 {
  "line": 7,
  "left": 167,
  "end": 374,
  "height": 39,
  "top": 349,
  "ayah": 5,
  "page": 282,
  "width": 207,
  "verse_pos": 4
 },
 {
  "line": 7,
  "left": 13,
  "end": 166,
  "height": 39,
  "top": 349,
  "ayah": 6,
  "page": 282,
  "width": 153,
  "verse_pos": 5
 },
 {
  "line": 8,
  "left": 13,
  "end": 374,
  "height": 47,
  "top": 388,
  "ayah": 6,
  "page": 282,
  "width": 361,
  "verse_pos": 5
 },
 {
  "line": 9,
  "left": 206,
  "end": 374,
  "height": 41,
  "top": 435,
  "ayah": 6,
  "page": 282,
  "width": 168,
  "verse_pos": 5
 },
 {
  "line": 9,
  "left": 13,
  "end": 205,
  "height": 41,
  "top": 435,
  "ayah": 7,
  "page": 282,
  "width": 192,
  "verse_pos": 6
 },
 {
  "line": 10,
  "left": 13,
  "end": 374,
  "height": 41,
  "top": 476,
  "ayah": 7,
  "page": 282,
  "width": 361,
  "verse_pos": 6
 },
 {
  "line": 11,
  "left": 13,
  "end": 374,
  "height": 49,
  "top": 517,
  "ayah": 8,
  "page": 282,
  "width": 361,
  "verse_pos": 7
 },
 {
  "line": 12,
  "left": 13,
  "end": 374,
  "height": 41,
  "top": 566,
  "ayah": 8,
  "page": 282,
  "width": 361,
  "verse_pos": 7
 },
 {
  "line": 13,
  "left": 13,
  "end": 374,
  "height": 46,
  "top": 607,
  "ayah": 8,
  "page": 282,
  "width": 361,
  "verse_pos": 7
 }
]