[
 {
  "line": 1,
  "left": 16,
  "end": 371,
  "height": 38,
  "top": 7,
  "ayah": 1,
  "page": 436,
  "width": 355,
  "verse_pos": 0
 },
 {
  "line": 2,
  "left": 16,
  "end": 371,
  "height": 44,
  "top": 45,
  "ayah": 1,
  "page": 436,
  "width": 355,
  "verse_pos": 0
 },
 {
  "line": 3,
  "left": 16,
  "end": 371,
  "height": 44,
  "top": 89,
  "ayah": 1,
  "page": 436,
  "width": 355,
  "verse_pos": 0
 },
 {
  "line": 4,
  "left": 201,
  "end": 371,
  "height": 42,
  "top": 133,
  "ayah": 1,
  "page": 436,
  "width": 170,
  "verse_pos": 0
 },
 {
  "line": 4,
  "left": 16,
  "end": 200,
  "height": 42,
  "top": 133,
  "ayah": 2,
  "page": 436,
  "width": 184,
  "verse_pos": 1
 },
 {
  "line": 5,
  "left": 16,
  "end": 371,
  "height": 44,
  "top": 175,
  "ayah": 2,
  "page": 436,
  "width": 355,
  "verse_pos": 1
 },
 {
  "line": 6,
  "left": 16,
  "end": 371,
  "height": 46,
  "top": 219,
  "ayah": 2,
  "page": 436,
  "width": 355,
  "verse_pos": 1
 },
 {
  "line": 7,
  "left": 41,
  "end": 371,
  "height": 38,
  "top": 265,
  "ayah": 2,
  "page": 436,
  "width": 330,
  "verse_pos": 1
 },
 {
  "line": 7,
  "left": 16,
  "end": 40,
  "height": 38,
  "top": 265,
  "ayah": 3,
  "page": 436,
  "width": 24,
  "verse_pos": 2
 },
 {
  "line": 8,
  "left": 16,
  "end": 371,
  "height": 44,
  "top": 303,
  "ayah": 3,
  "page": 436,
  "width": 355,
  "verse_pos": 2
 },
 {
  "line": 9,
  "left": 16,
  "end": 371,
  "height": 44,
  "top": 347,
  "ayah": 3,
  "page": 436,
  "width": 355,
  "verse_pos": 2
 },
 {
  "line": 10,
  "left": 336,
  "end": 371,
  "height": 42,
  "top": 391,
  "ayah": 3,
  "page": 436,
  "width": 35,
  "verse_pos": 2
 },
 {
  "line": 10,
  "left": 16,
  "end": 335,
  "height": 42,
  "top": 391,
  "ayah": 4,
  "page": 436,
  "width": 319,
  "verse_pos": 3
 },
 {
  "line": 11,
  "left": 284,
  "end": 371,
  "height": 45,
  "top": 433,
  "ayah": 4,
  "page": 436,
  "width": 87,
  "verse_pos": 3
 },
 {
  "line": 11,
  "left": 16,
  "end": 283,
  "height": 45,
  "top": 433,
  "ayah": 5,
  "page": 436,
  "width": 267,
  "verse_pos": 4
 },
 {
  "line": 12,
  "left": 199,
  "end": 371,
  "height": 41,
  "top": 478,
  "ayah": 6,
  "page": 436,
  "width": 172,
  "verse_pos": 5
 },
 {
  "line": 12,
  "left": 16,
  "end": 198,
  "height": 41,
  "top": 478,
  "ayah": 7,
  "page": 436,
  "width": 182,
  "verse_pos": 6
 },
 {
  "line": 13,
  "left": 16,
  "end": 371,
  "height": 40,
  "top": 519,
  "ayah": 7,
  "page": 436,
  "width": 355,
  "verse_pos": 6
 },
 {
  "line": 14,
  "left": 16,
  "end": 371,
  "height": 46,
  "top": 559,
  "ayah": 7,
  "page": 436,
  "width": 355,
  "verse_pos": 6
 },
 {
  "line": 15,
  "left": 16,
  "end": 371,
  "height": 42,
  "top": 605,
  "ayah": 7,
  "page": 436,
  "width": 355,
  "verse_pos": 6
 }
]