[
 {
  "line": 1,
  "left": 18,
  "end": 374,
  "height": 44,
  "top": 7,
  "ayah": 1,
  "page": 179,
  "width": 356,
  "verse_pos": 0
 },
 {
  "line": 2,
  "left": 18,
  "end": 374,
  "height": 42,
  "top": 51,
  "ayah": 1,
  "page": 179,
  "width": 356,
  "verse_pos": 0
 },
 {
  "line": 3,
  "left": 192,
  "end": 374,
  "height": 42,
  "top": 93,
  "ayah": 1,
  "page": 179,
  "width": 182,
  "verse_pos": 0
 },
 {
  "line": 3,
  "left": 18,
  "end": 191,
  "height": 42,
  "top": 93,
  "ayah": 2,
  "page": 179,
  "width": 173,
  "verse_pos": 1
 },
 {
  "line": 4,
  "left": 268,
  "end": 374,
  "height": 40,
  "top": 135,
  "ayah": 2,
  "page": 179,
  "width": 106,
  "verse_pos": 1
 },
 {
  "line": 4,
  "left": 18,
  "end": 267,
  "height": 40,
  "top": 135,
  "ayah": 3,
  "page": 179,
  "width": 249,
  "verse_pos": 2
 },
 {
  "line": 5,
  "left": 18,
  "end": 374,
  "height": 47,
  "top": 175,
  "ayah": 3,
  "page": 179,
  "width": 356,
  "verse_pos": 2
 },
 {
  "line": 6,
  "left": 59,
  "end": 374,
  "height": 43,
  "top": 222,
  "ayah": 3,
  "page": 179,
  "width": 315,
  "verse_pos": 2
 },
 {
  "line": 6,
  "left": 18,
  "end": 58,
  "height": 43,
  "top": 222,
  "ayah": 4,
  "page": 179,
  "width": 40,
  "verse_pos": 3
 },
 {
  "line": 7,
  "left": 18,
  "end": 374,
  "height": 42,
  "top": 265,
  "ayah": 4,
  "page": 179,
  "width": 356,
  "verse_pos": 3
 },
 {
  "line": 8,
  "left": 275,
  "end": 374,
  "height": 46,
  "top": 307,
  "ayah": 4,
  "page": 179,
  "width": 99,
  "verse_pos": 3
 },
 {
  "line": 8,
  "left": 18,
  "end": 274,
  "height": 46,
  "top": 307,
  "ayah": 5,
  "page": 179,
  "width": 256,
  "verse_pos": 4
 },
 {
  "line": 9,
  "left": 268,
  "end": 374,
  "height": 41,
  "top": 353,
  "ayah": 5,
  "page": 179,
  "width": 106,
  "verse_pos": 4
 },
 {
  "line": 9,
  "left": 18,
  "end": 267,
  "height": 41,
  "top": 353,
  "ayah": 6,
  "page": 179,
  "width": 249,
  "verse_pos": 5
 },
 {
  "line": 10,
  "left": 219,
  "end": 374,
  "height": 43,
  "top": 394,
  "ayah": 6,
  "page": 179,
  "width": 155,
  "verse_pos": 5
 },
 {
  "line": 10,
  "left": 18,
  "end": 218,
  "height": 43,
  "top": 394,
  "ayah": 7,
  "page": 179,
  "width": 200,
  "verse_pos": 6
 },
 {
  "line": 11,
  "left": 98,
  "end": 374,
  "height": 40,
  "top": 437,
  "ayah": 7,
  "page": 179,
  "width": 276,
  "verse_pos": 6
 },
 {
  "line": 11,
  "left": 18,
  "end": 97,
  "height": 40,
  "top": 437,
  "ayah": 8,
  "page": 179,
  "width": 79,
  "verse_pos": 7
 },
 {
  "line": 12,
  "left": 18,
  "end": 374,
  "height": 47,
  "top": 477,
  "ayah": 8,
  "page": 179,
  "width": 356,
  "verse_pos": 7
 },
 {
  "line": 13,
  "left": 18,
  "end": 374,
  "height": 41,
  "top": 524,
  "ayah": 8,
  "page": 179,
  "width": 356,
  "verse_pos": 7
 },
 {
  "line": 14,
  "left": 250,
  "end": 374,
  "height": 41,
  "top": 565,
  "ayah": 8,
  "page": 179,
  "width": 124,
  "verse_pos": 7
 },
 {
  "line": 14,
  "left": 18,
  "end": 249,
  "height": 41,
  "top": 565,
  "ayah": 9,
  "page": 179,
  "width": 231,
  "verse_pos": 8
 },
 {
  "line": 15,
  "left": 18,
  "end": 374,
  "height": 46,
  "top": 606,
  "ayah": 9,
  "page": 179,
  "width": 356,
  "verse_pos": 8
 }
]