[
 {
  "line": 1,
  "left": 220,
  "end": 369,
  "height": 40,
  "top": 7,
  "ayah": 1,
  "page": 596,
  "width": 149,
  "verse_pos": 0
 },
 {
  "line": 1,
  "left": 89,
  "end": 220,
  "height": 40,
  "top": 7,
  "ayah": 2,
  "page": 596,
  "width": 131,
  "verse_pos": 1
 },
 {
  "line": 1,
  "left": 18,
  "end": 89,
  "height": 40,
  "top": 7,
  "ayah": 3,
  "page": 596,
  "width": 71,
  "verse_pos": 2
 },
 {
  "line": 2,
  "left": 292,
  "end": 369,
  "height": 45,
  "top": 47,
  "ayah": 3,
  "page": 596,
  "width": 77,
  "verse_pos": 2
 },
 {
  "line": 2,
  "left": 135,
  "end": 292,
  "height": 45,
  "top": 47,
  "ayah": 4,
  "page": 596,
  "width": 157,
  "verse_pos": 3
 },
 {
  "line": 2,
  "left": 18,
  "end": 135,
  "height": 45,
  "top": 47,
  "ayah": 5,
  "page": 596,
  "width": 117,
  "verse_pos": 4
 },
 {
  "line": 3,
  "left": 276,
  "end": 369,
  "height": 40,
  "top": 92,
  "ayah": 5,
  "page": 596,
  "width": 93,
  "verse_pos": 4
 },
 {
  "line": 3,
  "left": 119,
  "end": 276,
  "height": 40,
  "top": 92,
  "ayah": 6,
  "page": 596,
  "width": 157,
  "verse_pos": 5
 },
 {
  "line": 3,
  "left": 18,
  "end": 118,
  "height": 40,
  "top": 92,
  "ayah": 7,
  "page": 596,
  "width": 100,
  "verse_pos": 6
 },
 {
  "line": 4,
  "left": 282,
  "end": 369,
  "height": 41,
  "top": 222,
  "ayah": 9,
  "page": 596,
  "width": 87,
  "verse_pos": 8
 },
 {
  "line": 4,
  "left": 167,
  "end": 282,
  "height": 41,
  "top": 222,
  "ayah": 10,
  "page": 596,
  "width": 115,
  "verse_pos": 9
 },
 {
  "line": 4,
  "left": 18,
  "end": 166,
  "height": 41,
  "top": 222,
  "ayah": 11,
  "page": 596,
  "width": 148,
  "verse_pos": 10
 },
 {
  "line": 5,
  "left": 171,
  "end": 369,
  "height": 43,
  "top": 263,
  "ayah": 12,
  "page": 596,
  "width": 198,
  "verse_pos": 11
 },
 {
  "line": 5,
  "left": 18,
  "end": 170,
  "height": 43,
  "top": 263,
  "ayah": 13,
  "page": 596,
  "width": 152,
  "verse_pos": 12
 },
 {
  "line": 6,
  "left": 293,
  "end": 369,
  "height": 43,
  "top": 306,
  "ayah": 13,
  "page": 596,
  "width": 76,
  "verse_pos": 12
 },
 {
  "line": 6,
  "left": 115,
  "end": 292,
  "height": 43,
  "top": 306,
  "ayah": 14,
  "page": 596,
  "width": 177,
  "verse_pos": 13
 },
 {
  "line": 6,
  "left": 18,
  "end": 114,
  "height": 43,
  "top": 306,
  "ayah": 15,
  "page": 596,
  "width": 96,
  "verse_pos": 14
 },
 {
  "line": 7,
  "left": 287,
  "end": 369,
  "height": 44,
  "top": 349,
  "ayah": 15,
  "page": 596,
  "width": 82,
  "verse_pos": 14
 },
 {
  "line": 7,
  "left": 132,
  "end": 286,
  "height": 44,
  "top": 349,
  "ayah": 16,
  "page": 596,
  "width": 154,
  "verse_pos": 15
 },
 {
  "line": 7,
  "left": 18,
  "end": 131,
  "height": 44,
  "top": 349,
  "ayah": 17,
  "page": 596,
  "width": 113,
  "verse_pos": 16
 },
 {
  "line": 8,
  "left": 335,
  "end": 369,
  "height": 40,
  "top": 393,
  "ayah": 17,
  "page": 596,
  "width": 34,
  "verse_pos": 16
 },
 {
  "line": 8,
  "left": 184,
  "end": 334,
  "height": 40,
  "top": 393,
  "ayah": 18,
  "page": 596,
  "width": 150,
  "verse_pos": 17
 },
 {
  "line": 8,
  "left": 18,
  "end": 183,
  "height": 40,
  "top": 393,
  "ayah": 19,
  "page": 596,
  "width": 165,
  "verse_pos": 18
 },
 {
  "line": 9,
  "left": 219,
  "end": 369,
  "height": 43,
  "top": 524,
  "ayah": 21,
  "page": 596,
  "width": 150,
  "verse_pos": 20
 },
 {
  "line": 9,
  "left": 54,
  "end": 218,
  "height": 43,
  "top": 524,
  "ayah": 22,
  "page": 596,
  "width": 164,
  "verse_pos": 21
 },
 {
  "line": 9,
  "left": 18,
  "end": 53,
  "height": 43,
  "top": 524,
  "ayah": 23,
  "page": 596,
  "width": 35,
  "verse_pos": 22
 },
 {
  "line": 10,
  "left": 269,
  "end": 369,
  "height": 44,
  "top": 567,
  "ayah": 23,
  "page": 596,
  "width": 100,
  "verse_pos": 22
 },
 {
  "line": 10,
  "left": 155,
  "end": 269,
  "height": 44,
  "top": 567,
  "ayah": 24,
  "page": 596,
  "width": 114,
  "verse_pos": 23
 },
 {
  "line": 10,
  "left": 37,
  "end": 154,
  "height": 44,
  "top": 567,
  "ayah": 25,
  "page": 596,
  "width": 117,
  "verse_pos": 24
 },
 {
  "line": 10,
  "left": 18,
  "end": 37,
  "height": 44,
  "top": 567,
  "ayah": 26,
  "page": 596,
  "width": 19,
  "verse_pos": 25
 },
 {
  "line": 11,
  "left": 270,
  "end": 369,
  "height": 42,
  "top": 611,
  "ayah": 26,
  "page": 596,
  "width": 99,
  "verse_pos": 25
 },
 {
  "line": 11,
  "left": 141,
  "end": 269,
  "height": 42,
  "top": 611,
  "ayah": 27,
  "page": 596,
  "width": 128,
  "verse_pos": 26
 },
 {
  "line": 11,
  "left": 18,
  "end": 141,
  "height": 42,
  "top": 611,
  "ayah": 28,
  "page": 596,
  "width": 123,
  "verse_pos": 27
 }
]