[
 {
  "line": 1,
  "left": 16,
  "end": 373,
  "height": 45,
  "top": 7,
  "ayah": 1,
  "page": 425,
  "width": 357,
  "verse_pos": 0
 },
 {
  "line": 2,
  "left": 16,
  "end": 373,
  "height": 40,
  "top": 52,
  "ayah": 1,
  "page": 425,
  "width": 357,
  "verse_pos": 0
 },
 {
  "line": 3,
  "left": 16,
  "end": 373,
  "height": 46,
  "top": 92,
  "ayah": 1,
  "page": 425,
  "width": 357,
  "verse_pos": 0
 },
 {
  "line": 4,
  "left": 92,
  "end": 373,
  "height": 44,
  "top": 138,
  "ayah": 1,
  "page": 425,
  "width": 281,
  "verse_pos": 0
 },
 {
  "line": 4,
  "left": 16,
  "end": 91,
  "height": 44,
  "top": 138,
  "ayah": 2,
  "page": 425,
  "width": 75,
  "verse_pos": 1
 },
 {
  "line": 5,
  "left": 16,
  "end": 373,
  "height": 42,
  "top": 182,
  "ayah": 2,
  "page": 425,
  "width": 357,
  "verse_pos": 1
 },
 {
  "line": 6,
  "left": 16,
  "end": 373,
  "height": 42,
  "top": 224,
  "ayah": 2,
  "page": 425,
  "width": 357,
  "verse_pos": 1
 },
 {
  "line": 7,
  "left": 336,
  "end": 373,
  "height": 45,
  "top": 266,
  "ayah": 2,
  "page": 425,
  "width": 37,
  "verse_pos": 1
 },
 {
  "line": 7,
  "left": 16,
  "end": 335,
  "height": 45,
  "top": 266,
  "ayah": 3,
  "page": 425,
  "width": 319,
  "verse_pos": 2
 },
 {
  "line": 8,
  "left": 16,
  "end": 373,
  "height": 45,
  "top": 311,
  "ayah": 3,
  "page": 425,
  "width": 357,
  "verse_pos": 2
 },
 {
  "line": 9,
  "left": 16,
  "end": 373,
  "height": 39,
  "top": 356,
  "ayah": 3,
  "page": 425,
  "width": 357,
  "verse_pos": 2
 },
 {
  "line": 10,
  "left": 16,
  "end": 373,
  "height": 42,
  "top": 395,
  "ayah": 3,
  "page": 425,
  "width": 357,
  "verse_pos": 2
 },
 {
  "line": 11,
  "left": 16,
  "end": 373,
  "height": 43,
  "top": 437,
  "ayah": 3,
  "page": 425,
  "width": 357,
  "verse_pos": 2
 },
 {
  "line": 12,
  "left": 16,
  "end": 373,
  "height": 47,
  "top": 480,
  "ayah": 3,
  "page": 425,
  "width": 357,
  "verse_pos": 2
 },
 {
  "line": 13,
  "left": 16,
  "end": 373,
  "height": 41,
  "top": 527,
  "ayah": 3,
  "page": 425,
  "width": 357,
  "verse_pos": 2
 },
 {
  "line": 14,
  "left": 39,
  "end": 373,
  "height": 45,
  "top": 568,
  "ayah": 3,
  "page": 425,
  "width": 334,
  "verse_pos": 2
 },
 {
  "line": 14,
  "left": 16,
  "end": 38,
  "height": 45,
  "top": 568,
  "ayah": 4,
  "page": 425,
  "width": 22,
  "verse_pos": 3
 },
 {
  "line": 15,
  "left": 16,
  "end": 373,
  "height": 42,
  "top": 613,
  "ayah": 4,
  "page": 425,
  "width": 357,
  "verse_pos": 3
 }
]