[
 {
  "line": 1,
  "left": 18,
  "end": 372,
  "height": 45,
  "top": 7,
  "ayah": 1,
  "page": 130,
  "width": 354,
  "verse_pos": 0
 },
 {
  "line": 2,
  "left": 18,
  "end": 372,
  "height": 41,
  "top": 52,
  "ayah": 1,
  "page": 130,
  "width": 354,
  "verse_pos": 0
 },
 {
  "line": 3,
  "left": 18,
  "end": 372,
  "height": 47,
  "top": 93,
  "ayah": 1,
  "page": 130,
  "width": 354,
  "verse_pos": 0
 },
 {
  "line": 4,
  "left": 288,
  "end": 372,
  "height": 40,
  "top": 140,
  "ayah": 1,
  "page": 130,
  "width": 84,
  "verse_pos": 0
 },
 {
  "line": 4,
  "left": 18,
  "end": 287,
  "height": 40,
  "top": 140,
  "ayah": 2,
  "page": 130,
  "width": 269,
  "verse_pos": 1
 },
 {
  "line": 5,
  "left": 75,
  "end": 372,
  "height": 44,
  "top": 180,
  "ayah": 2,
  "page": 130,
  "width": 297,
  "verse_pos": 1
 },
 {
  "line": 5,
  "left": 18,
  "end": 73,
  "height": 44,
  "top": 180,
  "ayah": 3,
  "page": 130,
  "width": 55,
  "verse_pos": 2
 },
 {
  "line": 6,
  "left": 18,
  "end": 372,
  "height": 44,
  "top": 224,
  "ayah": 3,
  "page": 130,
  "width": 354,
  "verse_pos": 2
 },
 {
  "line": 7,
  "left": 335,
  "end": 372,
  "height": 43,
  "top": 268,
  "ayah": 3,
  "page": 130,
  "width": 37,
  "verse_pos": 2
 },
 {
  "line": 7,
  "left": 18,
  "end": 334,
  "height": 43,
  "top": 268,
  "ayah": 4,
  "page": 130,
  "width": 316,
  "verse_pos": 3
 },
 {
  "line": 8,
  "left": 224,
  "end": 372,
  "height": 42,
  "top": 311,
  "ayah": 4,
  "page": 130,
  "width": 148,
  "verse_pos": 3
 },
 {
  "line": 8,
  "left": 18,
  "end": 223,
  "height": 42,
  "top": 311,
  "ayah": 5,
  "page": 130,
  "width": 205,
  "verse_pos": 4
 },
 {
  "line": 9,
  "left": 227,
  "end": 372,
  "height": 42,
  "top": 353,
  "ayah": 5,
  "page": 130,
  "width": 145,
  "verse_pos": 4
 },
 {
  "line": 9,
  "left": 18,
  "end": 226,
  "height": 42,
  "top": 353,
  "ayah": 6,
  "page": 130,
  "width": 208,
  "verse_pos": 5
 },
 {
  "line": 10,
  "left": 223,
  "end": 372,
  "height": 45,
  "top": 395,
  "ayah": 6,
  "page": 130,
  "width": 149,
  "verse_pos": 5
 },
 {
  "line": 10,
  "left": 18,
  "end": 222,
  "height": 45,
  "top": 395,
  "ayah": 7,
  "page": 130,
  "width": 204,
  "verse_pos": 6
 },
 {
  "line": 11,
  "left": 18,
  "end": 372,
  "height": 44,
  "top": 440,
  "ayah": 7,
  "page": 130,
  "width": 354,
  "verse_pos": 6
 },
 {
  "line": 12,
  "left": 18,
  "end": 372,
  "height": 41,
  "top": 484,
  "ayah": 7,
  "page": 130,
  "width": 354,
  "verse_pos": 6
 },
 {
  "line": 13,
  "left": 218,
  "end": 372,
  "height": 44,
  "top": 525,
  "ayah": 7,
  "page": 130,
  "width": 154,
  "verse_pos": 6
 },
 {
  "line": 13,
  "left": 18,
  "end": 217,
  "height": 44,
  "top": 525,
  "ayah": 8,
  "page": 130,
  "width": 199,
  "verse_pos": 7
 },
 {
  "line": 14,
  "left": 156,
  "end": 372,
  "height": 41,
  "top": 569,
  "ayah": 8,
  "page": 130,
  "width": 216,
  "verse_pos": 7
 },
 {
  "line": 14,
  "left": 18,
  "end": 155,
  "height": 41,
  "top": 569,
  "ayah": 9,
  "page": 130,
  "width": 137,
  "verse_pos": 8
 },
 {
  "line": 15,
  "left": 18,
  "end": 372,
  "height": 50,
  "top": 610,
  "ayah": 9,
  "page": 130,
  "width": 354,
  "verse_pos": 8
 }
]