[
 {
  "line": 1,
  "left": 16,
  "end": 372,
  "height": 42,
  "top": 7,
  "ayah": 1,
  "page": 343,
  "width": 356,
  "verse_pos": 0
 },
 {
  "line": 2,
  "left": 262,
  "end": 372,
  "height": 43,
  "top": 49,
  "ayah": 1,
  "page": 343,
  "width": 110,
  "verse_pos": 0
 },
 {
  "line": 2,
  "left": 16,
  "end": 261,
  "height": 43,
  "top": 49,
  "ayah": 2,
  "page": 343,
  "width": 245,
  "verse_pos": 1
 },
 {
  "line": 3,
  "left": 130,
  "end": 372,
  "height": 43,
  "top": 92,
  "ayah": 2,
  "page": 343,
  "width": 242,
  "verse_pos": 1
 },
 {
  "line": 3,
  "left": 16,
  "end": 129,
  "height": 43,
  "top": 92,
  "ayah": 3,
  "page": 343,
  "width": 113,
  "verse_pos": 2
 },
 {
  "line": 4,
  "left": 88,
  "end": 372,
  "height": 42,
  "top": 135,
  "ayah": 3,
  "page": 343,
  "width": 284,
  "verse_pos": 2
 },
 {
  "line": 4,
  "left": 16,
  "end": 87,
  "height": 42,
  "top": 135,
  "ayah": 4,
  "page": 343,
  "width": 71,
  "verse_pos": 3
 },
 {
  "line": 5,
  "left": 16,
  "end": 372,
  "height": 45,
  "top": 177,
  "ayah": 4,
  "page": 343,
  "width": 356,
  "verse_pos": 3
 },
 {
  "line": 6,
  "left": 256,
  "end": 372,
  "height": 42,
  "top": 222,
  "ayah": 4,
  "page": 343,
  "width": 116,
  "verse_pos": 3
 },
 {
  "line": 6,
  "left": 60,
  "end": 255,
  "height": 42,
  "top": 222,
  "ayah": 5,
  "page": 343,
  "width": 195,
  "verse_pos": 4
 },
 {
  "line": 6,
  "left": 16,
  "end": 59,
  "height": 42,
  "top": 222,
  "ayah": 6,
  "page": 343,
  "width": 43,
  "verse_pos": 5
 },
 {
  "line": 7,
  "left": 16,
  "end": 372,
  "height": 40,
  "top": 264,
  "ayah": 6,
  "page": 343,
  "width": 356,
  "verse_pos": 5
 },
 {
  "line": 8,
  "left": 241,
  "end": 372,
  "height": 46,
  "top": 304,
  "ayah": 6,
  "page": 343,
  "width": 131,
  "verse_pos": 5
 },
 {
  "line": 8,
  "left": 16,
  "end": 240,
  "height": 46,
  "top": 304,
  "ayah": 7,
  "page": 343,
  "width": 224,
  "verse_pos": 6
 },
 {
  "line": 9,
  "left": 16,
  "end": 372,
  "height": 43,
  "top": 350,
  "ayah": 7,
  "page": 343,
  "width": 356,
  "verse_pos": 6
 },
 {
  "line": 10,
  "left": 80,
  "end": 372,
  "height": 44,
  "top": 393,
  "ayah": 7,
  "page": 343,
  "width": 292,
  "verse_pos": 6
 },
 {
  "line": 10,
  "left": 16,
  "end": 79,
  "height": 44,
  "top": 393,
  "ayah": 8,
  "page": 343,
  "width": 63,
  "verse_pos": 7
 },
 {
  "line": 11,
  "left": 108,
  "end": 372,
  "height": 43,
  "top": 437,
  "ayah": 8,
  "page": 343,
  "width": 264,
  "verse_pos": 7
 },
 {
  "line": 11,
  "left": 16,
  "end": 107,
  "height": 43,
  "top": 437,
  "ayah": 9,
  "page": 343,
  "width": 91,
  "verse_pos": 8
 },
 {
  "line": 12,
  "left": 243,
  "end": 372,
  "height": 42,
  "top": 480,
  "ayah": 9,
  "page": 343,
  "width": 129,
  "verse_pos": 8
 },
 {
  "line": 12,
  "left": 16,
  "end": 242,
  "height": 42,
  "top": 480,
  "ayah": 10,
  "page": 343,
  "width": 226,
  "verse_pos": 9
 },
 {
  "line": 13,
  "left": 16,
  "end": 372,
  "height": 41,
  "top": 522,
  "ayah": 10,
  "page": 343,
  "width": 356,
  "verse_pos": 9
 },
 {
  "line": 14,
  "left": 16,
  "end": 372,
  "height": 42,
  "top": 563,
  "ayah": 10,
  "page": 343,
  "width": 356,
  "verse_pos": 9
 },
 {
  "line": 15,
  "left": 16,
  "end": 372,
  "height": 46,
  "top": 605,
  "ayah": 10,
  "page": 343,
  "width": 356,
  "verse_pos": 9
 }
]