[
 {
  "line": 1,
  "left": 16,
  "end": 373,
  "height": 47,
  "top": 7,
  "ayah": 1,
  "page": 429,
  "width": 357,
  "verse_pos": 0
 },
 {
  "line": 2,
  "left": 175,
  "end": 373,
  "height": 41,
  "top": 54,
  "ayah": 1,
  "page": 429,
  "width": 198,
  "verse_pos": 0
 },
 {
  "line": 2,
  "left": 16,
  "end": 174,
  "height": 41,
  "top": 54,
  "ayah": 2,
  "page": 429,
  "width": 158,
  "verse_pos": 1
 },
 {
  "line": 3,
  "left": 16,
  "end": 373,
  "height": 43,
  "top": 95,
  "ayah": 2,
  "page": 429,
  "width": 357,
  "verse_pos": 1
 },
 {
  "line": 4,
  "left": 16,
  "end": 373,
  "height": 42,
  "top": 138,
  "ayah": 2,
  "page": 429,
  "width": 357,
  "verse_pos": 1
 },
 {
  "line": 5,
  "left": 203,
  "end": 373,
  "height": 42,
  "top": 180,
  "ayah": 2,
  "page": 429,
  "width": 170,
  "verse_pos": 1
 },
 {
  "line": 5,
  "left": 16,
  "end": 202,
  "height": 42,
  "top": 180,
  "ayah": 3,
  "page": 429,
  "width": 186,
  "verse_pos": 2
 },
 {
  "line": 6,
  "left": 72,
  "end": 373,
  "height": 44,
  "top": 222,
  "ayah": 3,
  "page": 429,
  "width": 301,
  "verse_pos": 2
 },
 {
  "line": 6,
  "left": 16,
  "end": 71,
  "height": 44,
  "top": 222,
  "ayah": 4,
  "page": 429,
  "width": 55,
  "verse_pos": 3
 },
 {
  "line": 7,
  "left": 16,
  "end": 373,
  "height": 42,
  "top": 266,
  "ayah": 4,
  "page": 429,
  "width": 357,
  "verse_pos": 3
 },
 {
  "line": 8,
  "left": 294,
  "end": 373,
  "height": 46,
  "top": 308,
  "ayah": 4,
  "page": 429,
  "width": 79,
  "verse_pos": 3
 },
 {
  "line": 8,
  "left": 16,
  "end": 293,
  "height": 46,
  "top": 308,
  "ayah": 5,
  "page": 429,
  "width": 277,
  "verse_pos": 4
 },
 {
  "line": 9,
  "left": 16,
  "end": 373,
  "height": 44,
  "top": 354,
  "ayah": 5,
  "page": 429,
  "width": 357,
  "verse_pos": 4
 },
 {
  "line": 10,
  "left": 16,
  "end": 373,
  "height": 42,
  "top": 398,
  "ayah": 5,
  "page": 429,
  "width": 357,
  "verse_pos": 4
 },
 {
  "line": 11,
  "left": 16,
  "end": 373,
  "height": 42,
  "top": 440,
  "ayah": 6,
  "page": 429,
  "width": 357,
  "verse_pos": 5
 },
 {
  "line": 12,
  "left": 16,
  "end": 373,
  "height": 45,
  "top": 482,
  "ayah": 6,
  "page": 429,
  "width": 357,
  "verse_pos": 5
 },
 {
  "line": 13,
  "left": 272,
  "end": 373,
  "height": 39,
  "top": 527,
  "ayah": 6,
  "page": 429,
  "width": 101,
  "verse_pos": 5
 },
 {
  "line": 13,
  "left": 16,
  "end": 271,
  "height": 39,
  "top": 527,
  "ayah": 7,
  "page": 429,
  "width": 255,
  "verse_pos": 6
 },
 {
  "line": 14,
  "left": 16,
  "end": 373,
  "height": 43,
  "top": 566,
  "ayah": 7,
  "page": 429,
  "width": 357,
  "verse_pos": 6
 },
 {
  "line": 15,
  "left": 16,
  "end": 373,
  "height": 42,
  "top": 609,
  "ayah": 7,
  "page": 429,
  "width": 357,
  "verse_pos": 6
 }
]