[
 {
  "line": 1,
  "left": 13,
  "end": 376,
  "height": 41,
  "top": 7,
  "ayah": 1,
  "page": 490,
  "width": 363,
  "verse_pos": 0
 },
 {
  "line": 2,
  "left": 223,
  "end": 376,
  "height": 44,
  "top": 48,
  "ayah": 1,
  "page": 490,
  "width": 153,
  "verse_pos": 0
 },
 {
  "line": 2,
  "left": 13,
  "end": 222,
  "height": 44,
  "top": 48,
  "ayah": 2,
  "page": 490,
  "width": 209,
  "verse_pos": 1
 },
 {
  "line": 3,
  "left": 135,
  "end": 376,
  "height": 44,
  "top": 92,
  "ayah": 2,
  "page": 490,
  "width": 241,
  "verse_pos": 1
 },
 {
  "line": 3,
  "left": 13,
  "end": 134,
  "height": 44,
  "top": 92,
  "ayah": 3,
  "page": 490,
  "width": 121,
  "verse_pos": 2
 },
 {
  "line": 4,
  "left": 13,
  "end": 376,
  "height": 43,
  "top": 136,
  "ayah": 3,
  "page": 490,
  "width": 363,
  "verse_pos": 2
 },
 {
  "line": 5,
  "left": 83,
  "end": 376,
  "height": 42,
  "top": 179,
  "ayah": 3,
  "page": 490,
  "width": 293,
  "verse_pos": 2
 },
 {
  "line": 5,
  "left": 13,
  "end": 82,
  "height": 42,
  "top": 179,
  "ayah": 4,
  "page": 490,
  "width": 69,
  "verse_pos": 3
 },
 {
  "line": 6,
  "left": 280,
  "end": 376,
  "height": 44,
  "top": 221,
  "ayah": 4,
  "page": 490,
  "width": 96,
  "verse_pos": 3
 },
 {
  "line": 6,
  "left": 13,
  "end": 279,
  "height": 44,
  "top": 221,
  "ayah": 5,
  "page": 490,
  "width": 266,
  "verse_pos": 4
 },
 {
  "line": 7,
  "left": 253,
  "end": 376,
  "height": 42,
  "top": 265,
  "ayah": 5,
  "page": 490,
  "width": 123,
  "verse_pos": 4
 },
 {
  "line": 7,
  "left": 13,
  "end": 252,
  "height": 42,
  "top": 265,
  "ayah": 6,
  "page": 490,
  "width": 239,
  "verse_pos": 5
 },
 {
  "line": 8,
  "left": 284,
  "end": 376,
  "height": 42,
  "top": 307,
  "ayah": 6,
  "page": 490,
  "width": 92,
  "verse_pos": 5
 },
 {
  "line": 8,
  "left": 13,
  "end": 283,
  "height": 42,
  "top": 307,
  "ayah": 7,
  "page": 490,
  "width": 270,
  "verse_pos": 6
 },
 {
  "line": 9,
  "left": 133,
  "end": 376,
  "height": 46,
  "top": 349,
  "ayah": 7,
  "page": 490,
  "width": 243,
  "verse_pos": 6
 },
 {
  "line": 9,
  "left": 13,
  "end": 133,
  "height": 46,
  "top": 349,
  "ayah": 8,
  "page": 490,
  "width": 120,
  "verse_pos": 7
 },
 {
  "line": 10,
  "left": 135,
  "end": 376,
  "height": 40,
  "top": 395,
  "ayah": 8,
  "page": 490,
  "width": 241,
  "verse_pos": 7
 },
 {
  "line": 10,
  "left": 13,
  "end": 134,
  "height": 40,
  "top": 395,
  "ayah": 9,
  "page": 490,
  "width": 121,
  "verse_pos": 8
 },
 {
  "line": 11,
  "left": 13,
  "end": 376,
  "height": 47,
  "top": 435,
  "ayah": 9,
  "page": 490,
  "width": 363,
  "verse_pos": 8
 },
 {
  "line": 12,
  "left": 217,
  "end": 376,
  "height": 41,
  "top": 482,
  "ayah": 9,
  "page": 490,
  "width": 159,
  "verse_pos": 8
 },
 {
  "line": 12,
  "left": 13,
  "end": 216,
  "height": 41,
  "top": 482,
  "ayah": 10,
  "page": 490,
  "width": 203,
  "verse_pos": 9
 },
 {
  "line": 13,
  "left": 77,
  "end": 376,
  "height": 43,
  "top": 523,
  "ayah": 10,
  "page": 490,
  "width": 299,
  "verse_pos": 9
 },
 {
  "line": 13,
  "left": 13,
  "end": 76,
  "height": 43,
  "top": 523,
  "ayah": 11,
  "page": 490,
  "width": 63,
  "verse_pos": 10
 },
 {
  "line": 14,
  "left": 75,
  "end": 376,
  "height": 41,
  "top": 566,
  "ayah": 11,
  "page": 490,
  "width": 301,
  "verse_pos": 10
 },
 {
  "line": 14,
  "left": 13,
  "end": 74,
  "height": 41,
  "top": 566,
  "ayah": 12,
  "page": 490,
  "width": 61,
  "verse_pos": 11
 },
 {
  "line": 15,
  "left": 13,
  "end": 376,
  "height": 42,
  "top": 607,
  "ayah": 12,
  "page": 490,
  "width": 363,
  "verse_pos": 11
 }
]