[
 {
  "line": 1,
  "left": 204,
  "end": 377,
  "height": 38,
  "top": 7,
  "ayah": 1,
  "page": 450,
  "width": 173,
  "verse_pos": 0
 },
 {
  "line": 1,
  "left": 41,
  "end": 203,
  "height": 38,
  "top": 7,
  "ayah": 2,
  "page": 450,
  "width": 162,
  "verse_pos": 1
 },
 {
  "line": 1,
  "left": 11,
  "end": 40,
  "height": 38,
  "top": 7,
  "ayah": 3,
  "page": 450,
  "width": 29,
  "verse_pos": 2
 },
 {
  "line": 2,
  "left": 95,
  "end": 377,
  "height": 46,
  "top": 45,
  "ayah": 3,
  "page": 450,
  "width": 282,
  "verse_pos": 2
 },
 {
  "line": 2,
  "left": 11,
  "end": 94,
  "height": 46,
  "top": 45,
  "ayah": 4,
  "page": 450,
  "width": 83,
  "verse_pos": 3
 },
 {
  "line": 3,
  "left": 263,
  "end": 377,
  "height": 45,
  "top": 91,
  "ayah": 4,
  "page": 450,
  "width": 114,
  "verse_pos": 3
 },
 {
  "line": 3,
  "left": 102,
  "end": 262,
  "height": 45,
  "top": 91,
  "ayah": 5,
  "page": 450,
  "width": 160,
  "verse_pos": 4
 },
 {
  "line": 3,
  "left": 11,
  "end": 101,
  "height": 45,
  "top": 91,
  "ayah": 6,
  "page": 450,
  "width": 90,
  "verse_pos": 5
 },
 {
  "line": 4,
  "left": 289,
  "end": 377,
  "height": 43,
  "top": 136,
  "ayah": 6,
  "page": 450,
  "width": 88,
  "verse_pos": 5
 },
 {
  "line": 4,
  "left": 155,
  "end": 288,
  "height": 43,
  "top": 136,
  "ayah": 7,
  "page": 450,
  "width": 133,
  "verse_pos": 6
 },
 {
  "line": 4,
  "left": 11,
  "end": 154,
  "height": 43,
  "top": 136,
  "ayah": 8,
  "page": 450,
  "width": 143,
  "verse_pos": 7
 },
 {
  "line": 5,
  "left": 341,
  "end": 377,
  "height": 41,
  "top": 179,
  "ayah": 8,
  "page": 450,
  "width": 36,
  "verse_pos": 7
 },
 {
  "line": 5,
  "left": 155,
  "end": 340,
  "height": 41,
  "top": 179,
  "ayah": 9,
  "page": 450,
  "width": 185,
  "verse_pos": 8
 },
 {
  "line": 5,
  "left": 11,
  "end": 154,
  "height": 41,
  "top": 179,
  "ayah": 10,
  "page": 450,
  "width": 143,
  "verse_pos": 9
 },
 {
  "line": 6,
  "left": 263,
  "end": 377,
  "height": 44,
  "top": 220,
  "ayah": 10,
  "page": 450,
  "width": 114,
  "verse_pos": 9
 },
 {
  "line": 6,
  "left": 11,
  "end": 262,
  "height": 44,
  "top": 220,
  "ayah": 11,
  "page": 450,
  "width": 251,
  "verse_pos": 10
 },
 {
  "line": 7,
  "left": 152,
  "end": 377,
  "height": 44,
  "top": 264,
  "ayah": 11,
  "page": 450,
  "width": 225,
  "verse_pos": 10
 },
 {
  "line": 7,
  "left": 11,
  "end": 151,
  "height": 44,
  "top": 264,
  "ayah": 12,
  "page": 450,
  "width": 140,
  "verse_pos": 11
 },
 {
  "line": 8,
  "left": 275,
  "end": 377,
  "height": 44,
  "top": 308,
  "ayah": 12,
  "page": 450,
  "width": 102,
  "verse_pos": 11
 },
 {
  "line": 8,
  "left": 11,
  "end": 274,
  "height": 44,
  "top": 308,
  "ayah": 13,
  "page": 450,
  "width": 263,
  "verse_pos": 12
 },
 {
  "line": 9,
  "left": 338,
  "end": 377,
  "height": 41,
  "top": 352,
  "ayah": 13,
  "page": 450,
  "width": 39,
  "verse_pos": 12
 },
 {
  "line": 9,
  "left": 121,
  "end": 337,
  "height": 41,
  "top": 352,
  "ayah": 14,
  "page": 450,
  "width": 216,
  "verse_pos": 13
 },
 {
  "line": 9,
  "left": 11,
  "end": 120,
  "height": 41,
  "top": 352,
  "ayah": 15,
  "page": 450,
  "width": 109,
  "verse_pos": 14
 },
 {
  "line": 10,
  "left": 276,
  "end": 377,
  "height": 42,
  "top": 393,
  "ayah": 15,
  "page": 450,
  "width": 101,
  "verse_pos": 14
 },
 {
  "line": 10,
  "left": 54,
  "end": 275,
  "height": 42,
  "top": 393,
  "ayah": 16,
  "page": 450,
  "width": 221,
  "verse_pos": 15
 },
 {
  "line": 10,
  "left": 11,
  "end": 53,
  "height": 42,
  "top": 393,
  "ayah": 17,
  "page": 450,
  "width": 42,
  "verse_pos": 16
 },
 {
  "line": 11,
  "left": 197,
  "end": 377,
  "height": 46,
  "top": 435,
  "ayah": 17,
  "page": 450,
  "width": 180,
  "verse_pos": 16
 },
 {
  "line": 11,
  "left": 11,
  "end": 196,
  "height": 46,
  "top": 435,
  "ayah": 18,
  "page": 450,
  "width": 185,
  "verse_pos": 17
 },
 {
  "line": 12,
  "left": 340,
  "end": 377,
  "height": 41,
  "top": 481,
  "ayah": 18,
  "page": 450,
  "width": 37,
  "verse_pos": 17
 },
 {
  "line": 12,
  "left": 68,
  "end": 339,
  "height": 41,
  "top": 481,
  "ayah": 19,
  "page": 450,
  "width": 271,
  "verse_pos": 18
 },
 {
  "line": 12,
  "left": 11,
  "end": 67,
  "height": 41,
  "top": 481,
  "ayah": 20,
  "page": 450,
  "width": 56,
  "verse_pos": 19
 },
 {
  "line": 13,
  "left": 219,
  "end": 377,
  "height": 43,
  "top": 522,
  "ayah": 20,
  "page": 450,
  "width": 158,
  "verse_pos": 19
 },
 {
  "line": 13,
  "left": 11,
  "end": 218,
  "height": 43,
  "top": 522,
  "ayah": 21,
  "page": 450,
  "width": 207,
  "verse_pos": 20
 },
 {
  "line": 14,
  "left": 197,
  "end": 377,
  "height": 41,
  "top": 565,
  "ayah": 22,
  "page": 450,
  "width": 180,
  "verse_pos": 21
 },
 {
  "line": 14,
  "left": 11,
  "end": 196,
  "height": 41,
  "top": 565,
  "ayah": 23,
  "page": 450,
  "width": 185,
  "verse_pos": 22
 },
 {
  "line": 15,
  "left": 282,
  "end": 377,
  "height": 42,
  "top": 606,
  "ayah": 23,
  "page": 450,
  "width": 95,
  "verse_pos": 22
 },
 {
  "line": 15,
  "left": 11,
  "end": 281,
  "height": 42,
  "top": 606,
  "ayah": 24,
  "page": 450,
  "width": 270,
  "verse_pos": 23
 }
]