[
 {
  "line": 1,
  "left": 15,
  "end": 374,
  "height": 41,
  "top": 7,
  "ayah": 1,
  "page": 385,
  "width": 359,
  "verse_pos": 0
 },
 {
  "line": 2,
  "left": 15,
  "end": 374,
  "height": 42,
  "top": 48,
  "ayah": 2,
  "page": 385,
  "width": 359,
  "verse_pos": 1
 },
 {
  "line": 3,
  "left": 219,
  "end": 374,
  "height": 42,
  "top": 90,
  "ayah": 2,
  "page": 385,
  "width": 155,
  "verse_pos": 1
 },
 {
  "line": 3,
  "left": 15,
  "end": 218,
  "height": 42,
  "top": 90,
  "ayah": 3,
  "page": 385,
  "width": 203,
  "verse_pos": 2
 },
 {
  "line": 4,
  "left": 15,
  "end": 374,
  "height": 43,
  "top": 132,
  "ayah": 3,
  "page": 385,
  "width": 359,
  "verse_pos": 2
 },
 {
  "line": 5,
  "left": 277,
  "end": 374,
  "height": 43,
  "top": 175,
  "ayah": 3,
  "page": 385,
  "width": 97,
  "verse_pos": 2
 },
 {
  "line": 5,
  "left": 15,
  "end": 276,
  "height": 43,
  "top": 175,
  "ayah": 4,
  "page": 385,
  "width": 261,
  "verse_pos": 3
 },
 {
  "line": 6,
  "left": 79,
  "end": 374,
  "height": 44,
  "top": 218,
  "ayah": 4,
  "page": 385,
  "width": 295,
  "verse_pos": 3
 },
 {
  "line": 6,
  "left": 15,
  "end": 78,
  "height": 44,
  "top": 218,
  "ayah": 5,
  "page": 385,
  "width": 63,
  "verse_pos": 4
 },
 {
  "line": 7,
  "left": 15,
  "end": 374,
  "height": 41,
  "top": 262,
  "ayah": 5,
  "page": 385,
  "width": 359,
  "verse_pos": 4
 },
 {
  "line": 8,
  "left": 296,
  "end": 374,
  "height": 43,
  "top": 393,
  "ayah": 7,
  "page": 385,
  "width": 78,
  "verse_pos": 6
 },
 {
  "line": 8,
  "left": 99,
  "end": 295,
  "height": 43,
  "top": 393,
  "ayah": 8,
  "page": 385,
  "width": 196,
  "verse_pos": 7
 },
 {
  "line": 8,
  "left": 15,
  "end": 98,
  "height": 43,
  "top": 393,
  "ayah": 9,
  "page": 385,
  "width": 83,
  "verse_pos": 8
 },
 {
  "line": 9,
  "left": 39,
  "end": 374,
  "height": 42,
  "top": 436,
  "ayah": 9,
  "page": 385,
  "width": 335,
  "verse_pos": 8
 },
 {
  "line": 9,
  "left": 15,
  "end": 38,
  "height": 42,
  "top": 436,
  "ayah": 10,
  "page": 385,
  "width": 23,
  "verse_pos": 9
 },
 {
  "line": 10,
  "left": 15,
  "end": 374,
  "height": 43,
  "top": 478,
  "ayah": 10,
  "page": 385,
  "width": 359,
  "verse_pos": 9
 },
 {
  "line": 11,
  "left": 15,
  "end": 374,
  "height": 41,
  "top": 521,
  "ayah": 10,
  "page": 385,
  "width": 359,
  "verse_pos": 9
 },
 {
  "line": 12,
  "left": 250,
  "end": 374,
  "height": 44,
  "top": 562,
  "ayah": 10,
  "page": 385,
  "width": 124,
  "verse_pos": 9
 },
 {
  "line": 12,
  "left": 15,
  "end": 249,
  "height": 44,
  "top": 562,
  "ayah": 11,
  "page": 385,
  "width": 234,
  "verse_pos": 10
 },
 {
  "line": 13,
  "left": 15,
  "end": 374,
  "height": 42,
  "top": 606,
  "ayah": 11,
  "page": 385,
  "width": 359,
  "verse_pos": 10
 }
]