[
 {
  "line": 1,
  "left": 112,
  "end": 378,
  "height": 40,
  "top": 7,
  "ayah": 1,
  "page": 369,
  "width": 266,
  "verse_pos": 0
 },
 {
  "line": 1,
  "left": 8,
  "end": 111,
  "height": 40,
  "top": 7,
  "ayah": 2,
  "page": 369,
  "width": 103,
  "verse_pos": 1
 },
 {
  "line": 2,
  "left": 66,
  "end": 378,
  "height": 44,
  "top": 47,
  "ayah": 2,
  "page": 369,
  "width": 312,
  "verse_pos": 1
 },
 {
  "line": 2,
  "left": 8,
  "end": 65,
  "height": 44,
  "top": 47,
  "ayah": 3,
  "page": 369,
  "width": 57,
  "verse_pos": 2
 },
 {
  "line": 3,
  "left": 199,
  "end": 378,
  "height": 44,
  "top": 91,
  "ayah": 3,
  "page": 369,
  "width": 179,
  "verse_pos": 2
 },
 {
  "line": 3,
  "left": 8,
  "end": 198,
  "height": 44,
  "top": 91,
  "ayah": 4,
  "page": 369,
  "width": 190,
  "verse_pos": 3
 },
 {
  "line": 4,
  "left": 343,
  "end": 378,
  "height": 42,
  "top": 135,
  "ayah": 4,
  "page": 369,
  "width": 35,
  "verse_pos": 3
 },
 {
  "line": 4,
  "left": 8,
  "end": 342,
  "height": 42,
  "top": 135,
  "ayah": 5,
  "page": 369,
  "width": 334,
  "verse_pos": 4
 },
 {
  "line": 5,
  "left": 286,
  "end": 378,
  "height": 41,
  "top": 177,
  "ayah": 5,
  "page": 369,
  "width": 92,
  "verse_pos": 4
 },
 {
  "line": 5,
  "left": 8,
  "end": 285,
  "height": 41,
  "top": 177,
  "ayah": 6,
  "page": 369,
  "width": 277,
  "verse_pos": 5
 },
 {
  "line": 6,
  "left": 342,
  "end": 378,
  "height": 41,
  "top": 218,
  "ayah": 6,
  "page": 369,
  "width": 36,
  "verse_pos": 5
 },
 {
  "line": 6,
  "left": 173,
  "end": 341,
  "height": 41,
  "top": 218,
  "ayah": 7,
  "page": 369,
  "width": 168,
  "verse_pos": 6
 },
 {
  "line": 6,
  "left": 8,
  "end": 172,
  "height": 41,
  "top": 218,
  "ayah": 8,
  "page": 369,
  "width": 164,
  "verse_pos": 7
 },
 {
  "line": 7,
  "left": 237,
  "end": 378,
  "height": 44,
  "top": 259,
  "ayah": 9,
  "page": 369,
  "width": 141,
  "verse_pos": 8
 },
 {
  "line": 7,
  "left": 8,
  "end": 236,
  "height": 44,
  "top": 259,
  "ayah": 10,
  "page": 369,
  "width": 228,
  "verse_pos": 9
 },
 {
  "line": 8,
  "left": 8,
  "end": 378,
  "height": 45,
  "top": 303,
  "ayah": 10,
  "page": 369,
  "width": 370,
  "verse_pos": 9
 },
 {
  "line": 9,
  "left": 104,
  "end": 378,
  "height": 42,
  "top": 348,
  "ayah": 10,
  "page": 369,
  "width": 274,
  "verse_pos": 9
 },
 {
  "line": 9,
  "left": 8,
  "end": 103,
  "height": 42,
  "top": 348,
  "ayah": 11,
  "page": 369,
  "width": 95,
  "verse_pos": 10
 },
 {
  "line": 10,
  "left": 249,
  "end": 378,
  "height": 47,
  "top": 390,
  "ayah": 11,
  "page": 369,
  "width": 129,
  "verse_pos": 10
 },
 {
  "line": 10,
  "left": 8,
  "end": 248,
  "height": 47,
  "top": 390,
  "ayah": 12,
  "page": 369,
  "width": 240,
  "verse_pos": 11
 },
 {
  "line": 11,
  "left": 257,
  "end": 378,
  "height": 43,
  "top": 437,
  "ayah": 12,
  "page": 369,
  "width": 121,
  "verse_pos": 11
 },
 {
  "line": 11,
  "left": 8,
  "end": 256,
  "height": 43,
  "top": 437,
  "ayah": 13,
  "page": 369,
  "width": 248,
  "verse_pos": 12
 },
 {
  "line": 12,
  "left": 293,
  "end": 378,
  "height": 42,
  "top": 480,
  "ayah": 13,
  "page": 369,
  "width": 85,
  "verse_pos": 12
 },
 {
  "line": 12,
  "left": 67,
  "end": 292,
  "height": 42,
  "top": 480,
  "ayah": 14,
  "page": 369,
  "width": 225,
  "verse_pos": 13
 },
 {
  "line": 12,
  "left": 8,
  "end": 66,
  "height": 42,
  "top": 480,
  "ayah": 15,
  "page": 369,
  "width": 58,
  "verse_pos": 14
 },
 {
  "line": 13,
  "left": 253,
  "end": 378,
  "height": 43,
  "top": 522,
  "ayah": 15,
  "page": 369,
  "width": 125,
  "verse_pos": 14
 },
 {
  "line": 13,
  "left": 120,
  "end": 252,
  "height": 43,
  "top": 522,
  "ayah": 16,
  "page": 369,
  "width": 132,
  "verse_pos": 15
 },
 {
  "line": 13,
  "left": 8,
  "end": 119,
  "height": 43,
  "top": 522,
  "ayah": 17,
  "page": 369,
  "width": 111,
  "verse_pos": 16
 },
 {
  "line": 14,
  "left": 342,
  "end": 378,
  "height": 43,
  "top": 565,
  "ayah": 17,
  "page": 369,
  "width": 36,
  "verse_pos": 16
 },
 {
  "line": 14,
  "left": 148,
  "end": 341,
  "height": 43,
  "top": 565,
  "ayah": 18,
  "page": 369,
  "width": 193,
  "verse_pos": 17
 },
 {
  "line": 14,
  "left": 8,
  "end": 147,
  "height": 43,
  "top": 565,
  "ayah": 19,
  "page": 369,
  "width": 139,
  "verse_pos": 18
 },
 {
  "line": 15,
  "left": 168,
  "end": 378,
  "height": 42,
  "top": 608,
  "ayah": 20,
  "page": 369,
  "width": 210,
  "verse_pos": 19
 },
 {
  "line": 15,
  "left": 8,
  "end": 167,
  "height": 42,
  "top": 608,
  "ayah": 21,
  "page": 369,
  "width": 159,
  "verse_pos": 20
 }
]
