[
 {
  "line": 1,
  "left": 11,
  "end": 377,
  "height": 41,
  "top": 7,
  "ayah": 1,
  "page": 440,
  "width": 366,
  "verse_pos": 0
 },
 {
  "line": 2,
  "left": 11,
  "end": 377,
  "height": 43,
  "top": 48,
  "ayah": 1,
  "page": 440,
  "width": 366,
  "verse_pos": 0
 },
 {
  "line": 3,
  "left": 11,
  "end": 377,
  "height": 38,
  "top": 91,
  "ayah": 1,
  "page": 440,
  "width": 366,
  "verse_pos": 0
 },
 {
  "line": 4,
  "left": 315,
  "end": 377,
  "height": 40,
  "top": 222,
  "ayah": 3,
  "page": 440,
  "width": 62,
  "verse_pos": 2
 },
 {
  "line": 4,
  "left": 179,
  "end": 314,
  "height": 40,
  "top": 222,
  "ayah": 4,
  "page": 440,
  "width": 135,
  "verse_pos": 3
 },
 {
  "line": 4,
  "left": 39,
  "end": 178,
  "height": 40,
  "top": 222,
  "ayah": 5,
  "page": 440,
  "width": 139,
  "verse_pos": 4
 },
 {
  "line": 4,
  "left": 11,
  "end": 38,
  "height": 40,
  "top": 222,
  "ayah": 6,
  "page": 440,
  "width": 27,
  "verse_pos": 5
 },
 {
  "line": 5,
  "left": 248,
  "end": 377,
  "height": 40,
  "top": 262,
  "ayah": 6,
  "page": 440,
  "width": 129,
  "verse_pos": 5
 },
 {
  "line": 5,
  "left": 99,
  "end": 247,
  "height": 43,
  "top": 262,
  "ayah": 7,
  "page": 440,
  "width": 148,
  "verse_pos": 6
 },
 {
  "line": 5,
  "left": 11,
  "end": 98,
  "height": 43,
  "top": 262,
  "ayah": 8,
  "page": 440,
  "width": 87,
  "verse_pos": 7
 },
 {
  "line": 6,
  "left": 176,
  "end": 377,
  "height": 44,
  "top": 305,
  "ayah": 8,
  "page": 440,
  "width": 201,
  "verse_pos": 7
 },
 {
  "line": 6,
  "left": 11,
  "end": 175,
  "height": 44,
  "top": 305,
  "ayah": 9,
  "page": 440,
  "width": 164,
  "verse_pos": 8
 },
 {
  "line": 7,
  "left": 251,
  "end": 377,
  "height": 42,
  "top": 349,
  "ayah": 9,
  "page": 440,
  "width": 126,
  "verse_pos": 8
 },
 {
  "line": 7,
  "left": 11,
  "end": 250,
  "height": 42,
  "top": 349,
  "ayah": 10,
  "page": 440,
  "width": 239,
  "verse_pos": 9
 },
 {
  "line": 8,
  "left": 199,
  "end": 377,
  "height": 42,
  "top": 391,
  "ayah": 10,
  "page": 440,
  "width": 178,
  "verse_pos": 9
 },
 {
  "line": 8,
  "left": 11,
  "end": 198,
  "height": 42,
  "top": 391,
  "ayah": 11,
  "page": 440,
  "width": 187,
  "verse_pos": 10
 },
 {
  "line": 9,
  "left": 57,
  "end": 377,
  "height": 44,
  "top": 433,
  "ayah": 11,
  "page": 440,
  "width": 320,
  "verse_pos": 10
 },
 {
  "line": 9,
  "left": 11,
  "end": 56,
  "height": 44,
  "top": 433,
  "ayah": 12,
  "page": 440,
  "width": 45,
  "verse_pos": 11
 },
 {
  "line": 10,
  "left": 84,
  "end": 377,
  "height": 45,
  "top": 477,
  "ayah": 12,
  "page": 440,
  "width": 293,
  "verse_pos": 11
 },
 {
  "line": 10,
  "left": 11,
  "end": 83,
  "height": 45,
  "top": 477,
  "ayah": 13,
  "page": 440,
  "width": 72,
  "verse_pos": 12
 },
 {
  "line": 11,
  "left": 11,
  "end": 377,
  "height": 42,
  "top": 522,
  "ayah": 13,
  "page": 440,
  "width": 366,
  "verse_pos": 12
 },
 {
  "line": 12,
  "left": 235,
  "end": 377,
  "height": 41,
  "top": 564,
  "ayah": 13,
  "page": 440,
  "width": 142,
  "verse_pos": 12
 },
 {
  "line": 12,
  "left": 11,
  "end": 234,
  "height": 41,
  "top": 564,
  "ayah": 14,
  "page": 440,
  "width": 223,
  "verse_pos": 13
 },
 {
  "line": 13,
  "left": 11,
  "end": 377,
  "height": 42,
  "top": 605,
  "ayah": 14,
  "page": 440,
  "width": 366,
  "verse_pos": 13
 }
]