[
 {
  "line": 1,
  "left": 22,
  "end": 369,
  "height": 44,
  "top": 7,
  "ayah": 1,
  "page": 148,
  "width": 347,
  "verse_pos": 0
 },
 {
  "line": 2,
  "left": 142,
  "end": 369,
  "height": 44,
  "top": 51,
  "ayah": 1,
  "page": 148,
  "width": 227,
  "verse_pos": 0
 },
 {
  "line": 2,
  "left": 22,
  "end": 141,
  "height": 44,
  "top": 51,
  "ayah": 2,
  "page": 148,
  "width": 119,
  "verse_pos": 1
 },
 {
  "line": 3,
  "left": 22,
  "end": 369,
  "height": 41,
  "top": 95,
  "ayah": 2,
  "page": 148,
  "width": 347,
  "verse_pos": 1
 },
 {
  "line": 4,
  "left": 22,
  "end": 369,
  "height": 40,
  "top": 136,
  "ayah": 2,
  "page": 148,
  "width": 347,
  "verse_pos": 1
 },
 {
  "line": 5,
  "left": 22,
  "end": 369,
  "height": 43,
  "top": 176,
  "ayah": 2,
  "page": 148,
  "width": 347,
  "verse_pos": 1
 },
 {
  "line": 6,
  "left": 156,
  "end": 369,
  "height": 46,
  "top": 219,
  "ayah": 2,
  "page": 148,
  "width": 213,
  "verse_pos": 1
 },
 {
  "line": 6,
  "left": 22,
  "end": 155,
  "height": 46,
  "top": 219,
  "ayah": 3,
  "page": 148,
  "width": 133,
  "verse_pos": 2
 },
 {
  "line": 7,
  "left": 171,
  "end": 369,
  "height": 42,
  "top": 265,
  "ayah": 3,
  "page": 148,
  "width": 198,
  "verse_pos": 2
 },
 {
  "line": 7,
  "left": 22,
  "end": 170,
  "height": 42,
  "top": 265,
  "ayah": 4,
  "page": 148,
  "width": 148,
  "verse_pos": 3
 },
 {
  "line": 8,
  "left": 22,
  "end": 369,
  "height": 44,
  "top": 307,
  "ayah": 4,
  "page": 148,
  "width": 347,
  "verse_pos": 3
 },
 {
  "line": 9,
  "left": 22,
  "end": 369,
  "height": 45,
  "top": 351,
  "ayah": 4,
  "page": 148,
  "width": 347,
  "verse_pos": 3
 },
 {
  "line": 10,
  "left": 65,
  "end": 369,
  "height": 40,
  "top": 396,
  "ayah": 4,
  "page": 148,
  "width": 304,
  "verse_pos": 3
 },
 {
  "line": 10,
  "left": 22,
  "end": 64,
  "height": 40,
  "top": 396,
  "ayah": 5,
  "page": 148,
  "width": 42,
  "verse_pos": 4
 },
 {
  "line": 11,
  "left": 22,
  "end": 369,
  "height": 44,
  "top": 436,
  "ayah": 5,
  "page": 148,
  "width": 347,
  "verse_pos": 4
 },
 {
  "line": 12,
  "left": 22,
  "end": 369,
  "height": 44,
  "top": 480,
  "ayah": 5,
  "page": 148,
  "width": 347,
  "verse_pos": 4
 },
 {
  "line": 13,
  "left": 22,
  "end": 369,
  "height": 41,
  "top": 524,
  "ayah": 5,
  "page": 148,
  "width": 347,
  "verse_pos": 4
 },
 {
  "line": 14,
  "left": 22,
  "end": 369,
  "height": 44,
  "top": 565,
  "ayah": 5,
  "page": 148,
  "width": 347,
  "verse_pos": 4
 },
 {
  "line": 15,
  "left": 22,
  "end": 369,
  "height": 44,
  "top": 609,
  "ayah": 5,
  "page": 148,
  "width": 347,
  "verse_pos": 4
 }
]