[
 {
  "line": 1,
  "left": 11,
  "end": 376,
  "height": 40,
  "top": 7,
  "ayah": 1,
  "page": 325,
  "width": 365,
  "verse_pos": 0
 },
 {
  "line": 2,
  "left": 234,
  "end": 376,
  "height": 47,
  "top": 47,
  "ayah": 1,
  "page": 325,
  "width": 142,
  "verse_pos": 0
 },
 {
  "line": 2,
  "left": 11,
  "end": 233,
  "height": 47,
  "top": 47,
  "ayah": 2,
  "page": 325,
  "width": 222,
  "verse_pos": 1
 },
 {
  "line": 3,
  "left": 190,
  "end": 376,
  "height": 43,
  "top": 94,
  "ayah": 2,
  "page": 325,
  "width": 186,
  "verse_pos": 1
 },
 {
  "line": 3,
  "left": 11,
  "end": 189,
  "height": 43,
  "top": 94,
  "ayah": 3,
  "page": 325,
  "width": 178,
  "verse_pos": 2
 },
 {
  "line": 4,
  "left": 212,
  "end": 376,
  "height": 42,
  "top": 137,
  "ayah": 3,
  "page": 324,
  "width": 164,
  "verse_pos": 2
 },
 {
  "line": 4,
  "left": 11,
  "end": 211,
  "height": 42,
  "top": 137,
  "ayah": 4,
  "page": 324,
  "width": 200,
  "verse_pos": 3
 },
 {
  "line": 5,
  "left": 11,
  "end": 376,
  "height": 45,
  "top": 179,
  "ayah": 4,
  "page": 324,
  "width": 365,
  "verse_pos": 3
 },
 {
  "line": 6,
  "left": 340,
  "end": 376,
  "height": 41,
  "top": 224,
  "ayah": 4,
  "page": 324,
  "width": 36,
  "verse_pos": 3
 },
 {
  "line": 6,
  "left": 11,
  "end": 339,
  "height": 41,
  "top": 224,
  "ayah": 5,
  "page": 324,
  "width": 328,
  "verse_pos": 4
 },
 {
  "line": 7,
  "left": 134,
  "end": 376,
  "height": 43,
  "top": 265,
  "ayah": 5,
  "page": 324,
  "width": 242,
  "verse_pos": 4
 },
 {
  "line": 7,
  "left": 11,
  "end": 133,
  "height": 43,
  "top": 265,
  "ayah": 6,
  "page": 324,
  "width": 122,
  "verse_pos": 5
 },
 {
  "line": 8,
  "left": 11,
  "end": 376,
  "height": 40,
  "top": 308,
  "ayah": 6,
  "page": 324,
  "width": 365,
  "verse_pos": 5
 },
 {
  "line": 9,
  "left": 126,
  "end": 376,
  "height": 45,
  "top": 348,
  "ayah": 6,
  "page": 324,
  "width": 250,
  "verse_pos": 5
 },
 {
  "line": 9,
  "left": 11,
  "end": 125,
  "height": 45,
  "top": 348,
  "ayah": 7,
  "page": 324,
  "width": 114,
  "verse_pos": 6
 },
 {
  "line": 10,
  "left": 11,
  "end": 376,
  "height": 41,
  "top": 393,
  "ayah": 7,
  "page": 324,
  "width": 365,
  "verse_pos": 6
 },
 {
  "line": 11,
  "left": 285,
  "end": 376,
  "height": 46,
  "top": 434,
  "ayah": 7,
  "page": 324,
  "width": 91,
  "verse_pos": 6
 },
 {
  "line": 11,
  "left": 11,
  "end": 284,
  "height": 46,
  "top": 434,
  "ayah": 8,
  "page": 324,
  "width": 273,
  "verse_pos": 7
 },
 {
  "line": 12,
  "left": 246,
  "end": 376,
  "height": 41,
  "top": 480,
  "ayah": 8,
  "page": 324,
  "width": 130,
  "verse_pos": 7
 },
 {
  "line": 12,
  "left": 11,
  "end": 245,
  "height": 41,
  "top": 480,
  "ayah": 9,
  "page": 324,
  "width": 234,
  "verse_pos": 8
 },
 {
  "line": 13,
  "left": 170,
  "end": 376,
  "height": 41,
  "top": 521,
  "ayah": 9,
  "page": 324,
  "width": 206,
  "verse_pos": 8
 },
 {
  "line": 13,
  "left": 11,
  "end": 169,
  "height": 41,
  "top": 521,
  "ayah": 10,
  "page": 324,
  "width": 158,
  "verse_pos": 9
 },
 {
  "line": 14,
  "left": 125,
  "end": 376,
  "height": 41,
  "top": 562,
  "ayah": 10,
  "page": 324,
  "width": 251,
  "verse_pos": 9
 },
 {
  "line": 14,
  "left": 11,
  "end": 124,
  "height": 41,
  "top": 562,
  "ayah": 11,
  "page": 324,
  "width": 113,
  "verse_pos": 10
 },
 {
  "line": 15,
  "left": 11,
  "end": 376,
  "height": 48,
  "top": 603,
  "ayah": 11,
  "page": 324,
  "width": 365,
  "verse_pos": 10
 }
]