[
 {
  "line": 1,
  "left": 112,
  "end": 373,
  "height": 41,
  "top": 6,
  "ayah": 1,
  "page": 218,
  "width": 261,
  "verse_pos": 0
 },
 {
  "line": 1,
  "left": 14,
  "end": 111,
  "height": 41,
  "top": 6,
  "ayah": 2,
  "page": 218,
  "width": 97,
  "verse_pos": 1
 },
 {
  "line": 2,
  "left": 112,
  "end": 373,
  "height": 39,
  "top": 47,
  "ayah": 2,
  "page": 218,
  "width": 261,
  "verse_pos": 1
 },
 {
  "line": 2,
  "left": 14,
  "end": 111,
  "height": 39,
  "top": 47,
  "ayah": 3,
  "page": 218,
  "width": 97,
  "verse_pos": 2
 },
 {
  "line": 3,
  "left": 14,
  "end": 373,
  "height": 49,
  "top": 86,
  "ayah": 3,
  "page": 218,
  "width": 359,
  "verse_pos": 2
 },
 {
  "line": 4,
  "left": 235,
  "end": 373,
  "height": 41,
  "top": 135,
  "ayah": 3,
  "page": 218,
  "width": 138,
  "verse_pos": 2
 },
 {
  "line": 4,
  "left": 14,
  "end": 234,
  "height": 41,
  "top": 135,
  "ayah": 4,
  "page": 218,
  "width": 220,
  "verse_pos": 3
 },
 {
  "line": 5,
  "left": 270,
  "end": 373,
  "height": 44,
  "top": 176,
  "ayah": 4,
  "page": 218,
  "width": 103,
  "verse_pos": 3
 },
 {
  "line": 5,
  "left": 14,
  "end": 269,
  "height": 44,
  "top": 176,
  "ayah": 5,
  "page": 218,
  "width": 255,
  "verse_pos": 4
 },
 {
  "line": 6,
  "left": 14,
  "end": 373,
  "height": 43,
  "top": 220,
  "ayah": 5,
  "page": 218,
  "width": 359,
  "verse_pos": 4
 },
 {
  "line": 7,
  "left": 156,
  "end": 373,
  "height": 41,
  "top": 263,
  "ayah": 5,
  "page": 218,
  "width": 217,
  "verse_pos": 4
 },
 {
  "line": 7,
  "left": 14,
  "end": 155,
  "height": 41,
  "top": 263,
  "ayah": 6,
  "page": 218,
  "width": 141,
  "verse_pos": 5
 },
 {
  "line": 8,
  "left": 96,
  "end": 373,
  "height": 45,
  "top": 304,
  "ayah": 6,
  "page": 218,
  "width": 277,
  "verse_pos": 5
 },
 {
  "line": 8,
  "left": 14,
  "end": 95,
  "height": 45,
  "top": 304,
  "ayah": 7,
  "page": 218,
  "width": 81,
  "verse_pos": 6
 },
 {
  "line": 9,
  "left": 58,
  "end": 373,
  "height": 42,
  "top": 349,
  "ayah": 7,
  "page": 218,
  "width": 315,
  "verse_pos": 6
 },
 {
  "line": 9,
  "left": 14,
  "end": 57,
  "height": 42,
  "top": 349,
  "ayah": 8,
  "page": 218,
  "width": 43,
  "verse_pos": 7
 },
 {
  "line": 10,
  "left": 161,
  "end": 373,
  "height": 45,
  "top": 391,
  "ayah": 8,
  "page": 218,
  "width": 212,
  "verse_pos": 7
 },
 {
  "line": 10,
  "left": 14,
  "end": 160,
  "height": 45,
  "top": 391,
  "ayah": 9,
  "page": 218,
  "width": 146,
  "verse_pos": 8
 },
 {
  "line": 11,
  "left": 14,
  "end": 373,
  "height": 39,
  "top": 436,
  "ayah": 9,
  "page": 218,
  "width": 359,
  "verse_pos": 8
 },
 {
  "line": 12,
  "left": 105,
  "end": 373,
  "height": 47,
  "top": 475,
  "ayah": 9,
  "page": 218,
  "width": 268,
  "verse_pos": 8
 },
 {
  "line": 12,
  "left": 14,
  "end": 104,
  "height": 47,
  "top": 475,
  "ayah": 10,
  "page": 218,
  "width": 90,
  "verse_pos": 9
 },
 {
  "line": 13,
  "left": 14,
  "end": 373,
  "height": 38,
  "top": 522,
  "ayah": 10,
  "page": 218,
  "width": 359,
  "verse_pos": 9
 },
 {
  "line": 14,
  "left": 14,
  "end": 373,
  "height": 45,
  "top": 560,
  "ayah": 10,
  "page": 218,
  "width": 359,
  "verse_pos": 9
 },
 {
  "line": 15,
  "left": 14,
  "end": 373,
  "height": 46,
  "top": 605,
  "ayah": 10,
  "page": 218,
  "width": 359,
  "verse_pos": 9
 }
]