[
 {
  "line": 1,
  "left": 92,
  "end": 372,
  "height": 42,
  "top": 7,
  "ayah": 1,
  "page": 309,
  "width": 280,
  "verse_pos": 0
 },
 {
  "line": 1,
  "left": 17,
  "end": 91,
  "height": 42,
  "top": 7,
  "ayah": 2,
  "page": 309,
  "width": 74,
  "verse_pos": 1
 },
 {
  "line": 2,
  "left": 211,
  "end": 372,
  "height": 45,
  "top": 49,
  "ayah": 2,
  "page": 309,
  "width": 161,
  "verse_pos": 1
 },
 {
  "line": 2,
  "left": 17,
  "end": 210,
  "height": 45,
  "top": 49,
  "ayah": 3,
  "page": 309,
  "width": 193,
  "verse_pos": 2
 },
 {
  "line": 3,
  "left": 170,
  "end": 372,
  "height": 43,
  "top": 94,
  "ayah": 3,
  "page": 309,
  "width": 202,
  "verse_pos": 2
 },
 {
  "line": 3,
  "left": 17,
  "end": 169,
  "height": 43,
  "top": 94,
  "ayah": 4,
  "page": 309,
  "width": 152,
  "verse_pos": 3
 },
 {
  "line": 4,
  "left": 156,
  "end": 372,
  "height": 41,
  "top": 137,
  "ayah": 4,
  "page": 309,
  "width": 216,
  "verse_pos": 3
 },
 {
  "line": 4,
  "left": 17,
  "end": 155,
  "height": 41,
  "top": 137,
  "ayah": 5,
  "page": 309,
  "width": 138,
  "verse_pos": 4
 },
 {
  "line": 5,
  "left": 230,
  "end": 372,
  "height": 47,
  "top": 178,
  "ayah": 5,
  "page": 309,
  "width": 142,
  "verse_pos": 4
 },
 {
  "line": 5,
  "left": 98,
  "end": 229,
  "height": 47,
  "top": 178,
  "ayah": 6,
  "page": 309,
  "width": 131,
  "verse_pos": 5
 },
 {
  "line": 5,
  "left": 17,
  "end": 97,
  "height": 47,
  "top": 178,
  "ayah": 7,
  "page": 309,
  "width": 80,
  "verse_pos": 6
 },
 {
  "line": 6,
  "left": 17,
  "end": 372,
  "height": 39,
  "top": 225,
  "ayah": 7,
  "page": 309,
  "width": 355,
  "verse_pos": 6
 },
 {
  "line": 7,
  "left": 17,
  "end": 372,
  "height": 45,
  "top": 264,
  "ayah": 7,
  "page": 309,
  "width": 355,
  "verse_pos": 6
 },
 {
  "line": 8,
  "left": 128,
  "end": 372,
  "height": 45,
  "top": 309,
  "ayah": 7,
  "page": 309,
  "width": 244,
  "verse_pos": 6
 },
 {
  "line": 8,
  "left": 17,
  "end": 127,
  "height": 45,
  "top": 309,
  "ayah": 8,
  "page": 309,
  "width": 110,
  "verse_pos": 7
 },
 {
  "line": 9,
  "left": 17,
  "end": 372,
  "height": 39,
  "top": 354,
  "ayah": 8,
  "page": 309,
  "width": 355,
  "verse_pos": 7
 },
 {
  "line": 10,
  "left": 337,
  "end": 372,
  "height": 44,
  "top": 393,
  "ayah": 8,
  "page": 309,
  "width": 35,
  "verse_pos": 7
 },
 {
  "line": 10,
  "left": 17,
  "end": 336,
  "height": 44,
  "top": 393,
  "ayah": 9,
  "page": 309,
  "width": 319,
  "verse_pos": 8
 },
 {
  "line": 11,
  "left": 228,
  "end": 372,
  "height": 43,
  "top": 437,
  "ayah": 9,
  "page": 309,
  "width": 144,
  "verse_pos": 8
 },
 {
  "line": 11,
  "left": 17,
  "end": 227,
  "height": 43,
  "top": 437,
  "ayah": 10,
  "page": 309,
  "width": 210,
  "verse_pos": 9
 },
 {
  "line": 12,
  "left": 187,
  "end": 372,
  "height": 43,
  "top": 480,
  "ayah": 10,
  "page": 309,
  "width": 185,
  "verse_pos": 9
 },
 {
  "line": 12,
  "left": 17,
  "end": 187,
  "height": 43,
  "top": 480,
  "ayah": 11,
  "page": 309,
  "width": 170,
  "verse_pos": 10
 },
 {
  "line": 13,
  "left": 161,
  "end": 372,
  "height": 42,
  "top": 523,
  "ayah": 11,
  "page": 309,
  "width": 211,
  "verse_pos": 10
 },
 {
  "line": 13,
  "left": 17,
  "end": 160,
  "height": 42,
  "top": 523,
  "ayah": 12,
  "page": 309,
  "width": 143,
  "verse_pos": 11
 },
 {
  "line": 14,
  "left": 227,
  "end": 372,
  "height": 45,
  "top": 565,
  "ayah": 12,
  "page": 309,
  "width": 145,
  "verse_pos": 11
 },
 {
  "line": 14,
  "left": 17,
  "end": 226,
  "height": 45,
  "top": 565,
  "ayah": 13,
  "page": 309,
  "width": 209,
  "verse_pos": 12
 },
 {
  "line": 15,
  "left": 17,
  "end": 372,
  "height": 42,
  "top": 610,
  "ayah": 13,
  "page": 309,
  "width": 355,
  "verse_pos": 12
 }
]