[
 {
  "line": 1,
  "left": 11,
  "end": 377,
  "height": 43,
  "top": 7,
  "ayah": 1,
  "page": 281,
  "width": 366,
  "verse_pos": 0
 },
 {
  "line": 2,
  "left": 11,
  "end": 377,
  "height": 40,
  "top": 50,
  "ayah": 1,
  "page": 281,
  "width": 366,
  "verse_pos": 0
 },
 {
  "line": 3,
  "left": 11,
  "end": 377,
  "height": 48,
  "top": 90,
  "ayah": 2,
  "page": 281,
  "width": 366,
  "verse_pos": 1
 },
 {
  "line": 4,
  "left": 341,
  "end": 377,
  "height": 37,
  "top": 138,
  "ayah": 2,
  "page": 281,
  "width": 36,
  "verse_pos": 1
 },
 {
  "line": 4,
  "left": 11,
  "end": 340,
  "height": 37,
  "top": 138,
  "ayah": 3,
  "page": 281,
  "width": 329,
  "verse_pos": 2
 },
 {
  "line": 5,
  "left": 341,
  "end": 377,
  "height": 43,
  "top": 175,
  "ayah": 3,
  "page": 281,
  "width": 36,
  "verse_pos": 2
 },
 {
  "line": 5,
  "left": 11,
  "end": 340,
  "height": 43,
  "top": 175,
  "ayah": 4,
  "page": 281,
  "width": 329,
  "verse_pos": 3
 },
 {
  "line": 6,
  "left": 341,
  "end": 377,
  "height": 46,
  "top": 218,
  "ayah": 4,
  "page": 281,
  "width": 36,
  "verse_pos": 3
 },
 {
  "line": 6,
  "left": 11,
  "end": 340,
  "height": 46,
  "top": 218,
  "ayah": 5,
  "page": 281,
  "width": 329,
  "verse_pos": 4
 },
 {
  "line": 7,
  "left": 222,
  "end": 377,
  "height": 43,
  "top": 264,
  "ayah": 5,
  "page": 281,
  "width": 155,
  "verse_pos": 4
 },
 {
  "line": 7,
  "left": 11,
  "end": 221,
  "height": 43,
  "top": 264,
  "ayah": 6,
  "page": 281,
  "width": 210,
  "verse_pos": 5
 },
 {
  "line": 8,
  "left": 11,
  "end": 377,
  "height": 45,
  "top": 307,
  "ayah": 6,
  "page": 281,
  "width": 366,
  "verse_pos": 5
 },
 {
  "line": 9,
  "left": 196,
  "end": 377,
  "height": 41,
  "top": 352,
  "ayah": 6,
  "page": 281,
  "width": 181,
  "verse_pos": 5
 },
 {
  "line": 9,
  "left": 11,
  "end": 195,
  "height": 41,
  "top": 352,
  "ayah": 7,
  "page": 281,
  "width": 184,
  "verse_pos": 6
 },
 {
  "line": 10,
  "left": 11,
  "end": 377,
  "height": 44,
  "top": 393,
  "ayah": 7,
  "page": 281,
  "width": 366,
  "verse_pos": 6
 },
 {
  "line": 11,
  "left": 11,
  "end": 377,
  "height": 44,
  "top": 437,
  "ayah": 7,
  "page": 281,
  "width": 366,
  "verse_pos": 6
 },
 {
  "line": 12,
  "left": 11,
  "end": 377,
  "height": 42,
  "top": 481,
  "ayah": 8,
  "page": 281,
  "width": 366,
  "verse_pos": 7
 },
 {
  "line": 13,
  "left": 197,
  "end": 377,
  "height": 45,
  "top": 523,
  "ayah": 8,
  "page": 281,
  "width": 180,
  "verse_pos": 7
 },
 {
  "line": 13,
  "left": 11,
  "end": 196,
  "height": 45,
  "top": 523,
  "ayah": 9,
  "page": 281,
  "width": 185,
  "verse_pos": 8
 },
 {
  "line": 14,
  "left": 11,
  "end": 377,
  "height": 39,
  "top": 568,
  "ayah": 9,
  "page": 281,
  "width": 366,
  "verse_pos": 8
 },
 {
  "line": 15,
  "left": 341,
  "end": 377,
  "height": 46,
  "top": 607,
  "ayah": 9,
  "page": 281,
  "width": 36,
  "verse_pos": 8
 },
 {
  "line": 15,
  "left": 11,
  "end": 340,
  "height": 46,
  "top": 607,
  "ayah": 10,
  "page": 281,
  "width": 329,
  "verse_pos": 9
 }
]