[
 {
  "line": 1,
  "left": 20,
  "end": 366,
  "height": 47,
  "top": 7,
  "ayah": 1,
  "page": 49,
  "width": 346,
  "verse_pos": 0
 },
 {
  "line": 2,
  "left": 20,
  "end": 366,
  "height": 40,
  "top": 54,
  "ayah": 1,
  "page": 49,
  "width": 346,
  "verse_pos": 0
 },
 {
  "line": 3,
  "left": 20,
  "end": 366,
  "height": 44,
  "top": 94,
  "ayah": 1,
  "page": 49,
  "width": 346,
  "verse_pos": 0
 },
 {
  "line": 4,
  "left": 122,
  "end": 366,
  "height": 47,
  "top": 138,
  "ayah": 1,
  "page": 49,
  "width": 244,
  "verse_pos": 0
 },
 {
  "line": 4,
  "left": 20,
  "end": 121,
  "height": 47,
  "top": 138,
  "ayah": 2,
  "page": 49,
  "width": 101,
  "verse_pos": 1
 },
 {
  "line": 5,
  "left": 20,
  "end": 366,
  "height": 40,
  "top": 185,
  "ayah": 2,
  "page": 49,
  "width": 346,
  "verse_pos": 1
 },
 {
  "line": 6,
  "left": 20,
  "end": 366,
  "height": 45,
  "top": 225,
  "ayah": 2,
  "page": 49,
  "width": 346,
  "verse_pos": 1
 },
 {
  "line": 7,
  "left": 168,
  "end": 366,
  "height": 40,
  "top": 270,
  "ayah": 2,
  "page": 49,
  "width": 198,
  "verse_pos": 1
 },
 {
  "line": 7,
  "left": 20,
  "end": 167,
  "height": 40,
  "top": 270,
  "ayah": 3,
  "page": 49,
  "width": 147,
  "verse_pos": 2
 },
 {
  "line": 8,
  "left": 20,
  "end": 366,
  "height": 48,
  "top": 310,
  "ayah": 3,
  "page": 49,
  "width": 346,
  "verse_pos": 2
 },
 {
  "line": 9,
  "left": 20,
  "end": 366,
  "height": 38,
  "top": 358,
  "ayah": 3,
  "page": 49,
  "width": 346,
  "verse_pos": 2
 },
 {
  "line": 10,
  "left": 89,
  "end": 366,
  "height": 47,
  "top": 396,
  "ayah": 3,
  "page": 49,
  "width": 277,
  "verse_pos": 2
 },
 {
  "line": 10,
  "left": 20,
  "end": 88,
  "height": 47,
  "top": 396,
  "ayah": 4,
  "page": 49,
  "width": 68,
  "verse_pos": 3
 },
 {
  "line": 11,
  "left": 20,
  "end": 366,
  "height": 38,
  "top": 443,
  "ayah": 4,
  "page": 49,
  "width": 346,
  "verse_pos": 3
 },
 {
  "line": 12,
  "left": 20,
  "end": 366,
  "height": 47,
  "top": 481,
  "ayah": 4,
  "page": 49,
  "width": 346,
  "verse_pos": 3
 },
 {
  "line": 13,
  "left": 20,
  "end": 366,
  "height": 40,
  "top": 528,
  "ayah": 4,
  "page": 49,
  "width": 346,
  "verse_pos": 3
 },
 {
  "line": 14,
  "left": 20,
  "end": 366,
  "height": 46,
  "top": 568,
  "ayah": 4,
  "page": 49,
  "width": 346,
  "verse_pos": 3
 },
 {
  "line": 15,
  "left": 20,
  "end": 366,
  "height": 42,
  "top": 614,
  "ayah": 4,
  "page": 49,
  "width": 346,
  "verse_pos": 3
 }
]