[
 {
  "line": 1,
  "left": 10,
  "end": 379,
  "height": 38,
  "top": 7,
  "ayah": 1,
  "page": 413,
  "width": 369,
  "verse_pos": 0
 },
 {
  "line": 2,
  "left": 10,
  "end": 379,
  "height": 47,
  "top": 45,
  "ayah": 1,
  "page": 413,
  "width": 369,
  "verse_pos": 0
 },
 {
  "line": 3,
  "left": 135,
  "end": 379,
  "height": 40,
  "top": 92,
  "ayah": 1,
  "page": 413,
  "width": 244,
  "verse_pos": 0
 },
 {
  "line": 3,
  "left": 10,
  "end": 134,
  "height": 40,
  "top": 92,
  "ayah": 2,
  "page": 413,
  "width": 124,
  "verse_pos": 1
 },
 {
  "line": 4,
  "left": 10,
  "end": 379,
  "height": 49,
  "top": 132,
  "ayah": 2,
  "page": 413,
  "width": 369,
  "verse_pos": 1
 },
 {
  "line": 5,
  "left": 114,
  "end": 379,
  "height": 41,
  "top": 181,
  "ayah": 2,
  "page": 413,
  "width": 265,
  "verse_pos": 1
 },
 {
  "line": 5,
  "left": 10,
  "end": 113,
  "height": 41,
  "top": 181,
  "ayah": 3,
  "page": 413,
  "width": 103,
  "verse_pos": 2
 },
 {
  "line": 6,
  "left": 10,
  "end": 379,
  "height": 39,
  "top": 222,
  "ayah": 3,
  "page": 413,
  "width": 369,
  "verse_pos": 2
 },
 {
  "line": 7,
  "left": 193,
  "end": 379,
  "height": 42,
  "top": 261,
  "ayah": 3,
  "page": 413,
  "width": 186,
  "verse_pos": 2
 },
 {
  "line": 7,
  "left": 10,
  "end": 192,
  "height": 42,
  "top": 261,
  "ayah": 4,
  "page": 413,
  "width": 182,
  "verse_pos": 3
 },
 {
  "line": 8,
  "left": 10,
  "end": 379,
  "height": 49,
  "top": 303,
  "ayah": 4,
  "page": 413,
  "width": 369,
  "verse_pos": 3
 },
 {
  "line": 9,
  "left": 339,
  "end": 379,
  "height": 38,
  "top": 352,
  "ayah": 4,
  "page": 413,
  "width": 40,
  "verse_pos": 3
 },
 {
  "line": 9,
  "left": 10,
  "end": 338,
  "height": 38,
  "top": 352,
  "ayah": 5,
  "page": 413,
  "width": 328,
  "verse_pos": 4
 },
 {
  "line": 10,
  "left": 10,
  "end": 379,
  "height": 42,
  "top": 390,
  "ayah": 6,
  "page": 413,
  "width": 369,
  "verse_pos": 5
 },
 {
  "line": 11,
  "left": 124,
  "end": 379,
  "height": 46,
  "top": 432,
  "ayah": 6,
  "page": 413,
  "width": 255,
  "verse_pos": 5
 },
 {
  "line": 11,
  "left": 10,
  "end": 123,
  "height": 46,
  "top": 432,
  "ayah": 7,
  "page": 413,
  "width": 113,
  "verse_pos": 6
 },
 {
  "line": 12,
  "left": 133,
  "end": 379,
  "height": 43,
  "top": 478,
  "ayah": 7,
  "page": 413,
  "width": 246,
  "verse_pos": 6
 },
 {
  "line": 12,
  "left": 10,
  "end": 132,
  "height": 43,
  "top": 478,
  "ayah": 8,
  "page": 413,
  "width": 122,
  "verse_pos": 7
 },
 {
  "line": 13,
  "left": 10,
  "end": 379,
  "height": 44,
  "top": 521,
  "ayah": 8,
  "page": 413,
  "width": 369,
  "verse_pos": 7
 },
 {
  "line": 14,
  "left": 84,
  "end": 379,
  "height": 42,
  "top": 565,
  "ayah": 8,
  "page": 413,
  "width": 295,
  "verse_pos": 7
 },
 {
  "line": 14,
  "left": 10,
  "end": 83,
  "height": 42,
  "top": 565,
  "ayah": 9,
  "page": 413,
  "width": 73,
  "verse_pos": 8
 },
 {
  "line": 15,
  "left": 10,
  "end": 379,
  "height": 42,
  "top": 607,
  "ayah": 9,
  "page": 413,
  "width": 369,
  "verse_pos": 8
 }
]