[
 {
  "line": 1,
  "left": 13,
  "end": 375,
  "height": 44,
  "top": 6,
  "ayah": 1,
  "page": 220,
  "width": 362,
  "verse_pos": 0
 },
 {
  "line": 2,
  "left": 13,
  "end": 375,
  "height": 39,
  "top": 50,
  "ayah": 1,
  "page": 220,
  "width": 362,
  "verse_pos": 0
 },
 {
  "line": 3,
  "left": 286,
  "end": 375,
  "height": 44,
  "top": 89,
  "ayah": 1,
  "page": 220,
  "width": 89,
  "verse_pos": 0
 },
 {
  "line": 3,
  "left": 13,
  "end": 286,
  "height": 44,
  "top": 89,
  "ayah": 2,
  "page": 220,
  "width": 273,
  "verse_pos": 1
 },
 {
  "line": 4,
  "left": 41,
  "end": 375,
  "height": 43,
  "top": 133,
  "ayah": 2,
  "page": 220,
  "width": 334,
  "verse_pos": 1
 },
 {
  "line": 4,
  "left": 13,
  "end": 40,
  "height": 43,
  "top": 133,
  "ayah": 3,
  "page": 220,
  "width": 27,
  "verse_pos": 2
 },
 {
  "line": 5,
  "left": 13,
  "end": 375,
  "height": 45,
  "top": 176,
  "ayah": 3,
  "page": 220,
  "width": 362,
  "verse_pos": 2
 },
 {
  "line": 6,
  "left": 193,
  "end": 375,
  "height": 43,
  "top": 221,
  "ayah": 3,
  "page": 220,
  "width": 182,
  "verse_pos": 2
 },
 {
  "line": 6,
  "left": 13,
  "end": 192,
  "height": 43,
  "top": 221,
  "ayah": 4,
  "page": 220,
  "width": 179,
  "verse_pos": 3
 },
 {
  "line": 7,
  "left": 13,
  "end": 375,
  "height": 42,
  "top": 264,
  "ayah": 4,
  "page": 220,
  "width": 362,
  "verse_pos": 3
 },
 {
  "line": 8,
  "left": 13,
  "end": 375,
  "height": 45,
  "top": 306,
  "ayah": 5,
  "page": 220,
  "width": 362,
  "verse_pos": 4
 },
 {
  "line": 9,
  "left": 73,
  "end": 375,
  "height": 40,
  "top": 351,
  "ayah": 5,
  "page": 220,
  "width": 302,
  "verse_pos": 4
 },
 {
  "line": 9,
  "left": 13,
  "end": 72,
  "height": 40,
  "top": 351,
  "ayah": 6,
  "page": 220,
  "width": 59,
  "verse_pos": 5
 },
 {
  "line": 10,
  "left": 13,
  "end": 375,
  "height": 45,
  "top": 391,
  "ayah": 6,
  "page": 220,
  "width": 362,
  "verse_pos": 5
 },
 {
  "line": 11,
  "left": 336,
  "end": 375,
  "height": 39,
  "top": 436,
  "ayah": 6,
  "page": 220,
  "width": 39,
  "verse_pos": 5
 },
 {
  "line": 11,
  "left": 13,
  "end": 335,
  "height": 39,
  "top": 436,
  "ayah": 7,
  "page": 220,
  "width": 322,
  "verse_pos": 6
 },
 {
  "line": 12,
  "left": 13,
  "end": 375,
  "height": 48,
  "top": 475,
  "ayah": 7,
  "page": 220,
  "width": 362,
  "verse_pos": 6
 },
 {
  "line": 13,
  "left": 203,
  "end": 375,
  "height": 44,
  "top": 523,
  "ayah": 7,
  "page": 220,
  "width": 172,
  "verse_pos": 6
 },
 {
  "line": 13,
  "left": 13,
  "end": 202,
  "height": 44,
  "top": 523,
  "ayah": 8,
  "page": 220,
  "width": 189,
  "verse_pos": 7
 },
 {
  "line": 14,
  "left": 143,
  "end": 375,
  "height": 39,
  "top": 567,
  "ayah": 8,
  "page": 220,
  "width": 232,
  "verse_pos": 7
 },
 {
  "line": 14,
  "left": 13,
  "end": 142,
  "height": 39,
  "top": 567,
  "ayah": 9,
  "page": 220,
  "width": 129,
  "verse_pos": 8
 },
 {
  "line": 15,
  "left": 13,
  "end": 375,
  "height": 46,
  "top": 606,
  "ayah": 9,
  "page": 220,
  "width": 362,
  "verse_pos": 8
 }
]