[
 {
  "line": 1,
  "left": 15,
  "end": 374,
  "height": 41,
  "top": 7,
  "ayah": 1,
  "page": 162,
  "width": 359,
  "verse_pos": 0
 },
 {
  "line": 2,
  "left": 15,
  "end": 374,
  "height": 45,
  "top": 48,
  "ayah": 1,
  "page": 162,
  "width": 359,
  "verse_pos": 0
 },
 {
  "line": 3,
  "left": 274,
  "end": 374,
  "height": 41,
  "top": 93,
  "ayah": 1,
  "page": 162,
  "width": 100,
  "verse_pos": 0
 },
 {
  "line": 3,
  "left": 15,
  "end": 273,
  "height": 41,
  "top": 93,
  "ayah": 2,
  "page": 162,
  "width": 258,
  "verse_pos": 1
 },
 {
  "line": 4,
  "left": 15,
  "end": 374,
  "height": 41,
  "top": 134,
  "ayah": 2,
  "page": 162,
  "width": 359,
  "verse_pos": 1
 },
 {
  "line": 5,
  "left": 15,
  "end": 374,
  "height": 48,
  "top": 175,
  "ayah": 2,
  "page": 162,
  "width": 359,
  "verse_pos": 1
 },
 {
  "line": 6,
  "left": 74,
  "end": 374,
  "height": 41,
  "top": 223,
  "ayah": 2,
  "page": 162,
  "width": 300,
  "verse_pos": 1
 },
 {
  "line": 6,
  "left": 15,
  "end": 73,
  "height": 41,
  "top": 223,
  "ayah": 3,
  "page": 162,
  "width": 58,
  "verse_pos": 2
 },
 {
  "line": 7,
  "left": 15,
  "end": 374,
  "height": 45,
  "top": 264,
  "ayah": 3,
  "page": 162,
  "width": 359,
  "verse_pos": 2
 },
 {
  "line": 8,
  "left": 337,
  "end": 374,
  "height": 42,
  "top": 309,
  "ayah": 3,
  "page": 162,
  "width": 37,
  "verse_pos": 2
 },
 {
  "line": 8,
  "left": 15,
  "end": 336,
  "height": 42,
  "top": 309,
  "ayah": 4,
  "page": 162,
  "width": 321,
  "verse_pos": 3
 },
 {
  "line": 9,
  "left": 15,
  "end": 374,
  "height": 44,
  "top": 351,
  "ayah": 5,
  "page": 162,
  "width": 359,
  "verse_pos": 4
 },
 {
  "line": 10,
  "left": 193,
  "end": 374,
  "height": 41,
  "top": 395,
  "ayah": 5,
  "page": 162,
  "width": 181,
  "verse_pos": 4
 },
 {
  "line": 10,
  "left": 15,
  "end": 192,
  "height": 41,
  "top": 395,
  "ayah": 6,
  "page": 162,
  "width": 177,
  "verse_pos": 5
 },
 {
  "line": 11,
  "left": 15,
  "end": 374,
  "height": 44,
  "top": 436,
  "ayah": 6,
  "page": 162,
  "width": 359,
  "verse_pos": 5
 },
 {
  "line": 12,
  "left": 224,
  "end": 374,
  "height": 44,
  "top": 480,
  "ayah": 6,
  "page": 162,
  "width": 150,
  "verse_pos": 5
 },
 {
  "line": 12,
  "left": 15,
  "end": 223,
  "height": 44,
  "top": 480,
  "ayah": 7,
  "page": 162,
  "width": 208,
  "verse_pos": 6
 },
 {
  "line": 13,
  "left": 36,
  "end": 374,
  "height": 44,
  "top": 524,
  "ayah": 7,
  "page": 162,
  "width": 338,
  "verse_pos": 6
 },
 {
  "line": 13,
  "left": 15,
  "end": 35,
  "height": 44,
  "top": 524,
  "ayah": 8,
  "page": 162,
  "width": 20,
  "verse_pos": 7
 },
 {
  "line": 14,
  "left": 15,
  "end": 374,
  "height": 41,
  "top": 568,
  "ayah": 8,
  "page": 162,
  "width": 359,
  "verse_pos": 7
 },
 {
  "line": 15,
  "left": 15,
  "end": 374,
  "height": 45,
  "top": 609,
  "ayah": 8,
  "page": 162,
  "width": 359,
  "verse_pos": 7
 }
]