[
 {
  "line": 1,
  "left": 12,
  "end": 375,
  "height": 43,
  "top": 7,
  "ayah": 1,
  "page": 284,
  "width": 363,
  "verse_pos": 0
 },
 {
  "line": 2,
  "left": 79,
  "end": 375,
  "height": 41,
  "top": 50,
  "ayah": 1,
  "page": 284,
  "width": 296,
  "verse_pos": 0
 },
 {
  "line": 2,
  "left": 12,
  "end": 78,
  "height": 41,
  "top": 50,
  "ayah": 2,
  "page": 284,
  "width": 66,
  "verse_pos": 1
 },
 {
  "line": 3,
  "left": 12,
  "end": 375,
  "height": 42,
  "top": 91,
  "ayah": 2,
  "page": 284,
  "width": 363,
  "verse_pos": 1
 },
 {
  "line": 4,
  "left": 231,
  "end": 375,
  "height": 44,
  "top": 133,
  "ayah": 2,
  "page": 284,
  "width": 144,
  "verse_pos": 1
 },
 {
  "line": 4,
  "left": 12,
  "end": 230,
  "height": 44,
  "top": 133,
  "ayah": 3,
  "page": 284,
  "width": 218,
  "verse_pos": 2
 },
 {
  "line": 5,
  "left": 129,
  "end": 375,
  "height": 43,
  "top": 177,
  "ayah": 3,
  "page": 284,
  "width": 246,
  "verse_pos": 2
 },
 {
  "line": 5,
  "left": 12,
  "end": 128,
  "height": 43,
  "top": 177,
  "ayah": 4,
  "page": 284,
  "width": 116,
  "verse_pos": 3
 },
 {
  "line": 6,
  "left": 12,
  "end": 375,
  "height": 45,
  "top": 220,
  "ayah": 4,
  "page": 284,
  "width": 363,
  "verse_pos": 3
 },
 {
  "line": 7,
  "left": 340,
  "end": 375,
  "height": 42,
  "top": 265,
  "ayah": 4,
  "page": 284,
  "width": 35,
  "verse_pos": 3
 },
 {
  "line": 7,
  "left": 12,
  "end": 339,
  "height": 42,
  "top": 265,
  "ayah": 5,
  "page": 284,
  "width": 327,
  "verse_pos": 4
 },
 {
  "line": 8,
  "left": 12,
  "end": 375,
  "height": 42,
  "top": 307,
  "ayah": 6,
  "page": 284,
  "width": 363,
  "verse_pos": 5
 },
 {
  "line": 9,
  "left": 12,
  "end": 375,
  "height": 43,
  "top": 349,
  "ayah": 6,
  "page": 284,
  "width": 363,
  "verse_pos": 5
 },
 {
  "line": 10,
  "left": 71,
  "end": 375,
  "height": 42,
  "top": 392,
  "ayah": 6,
  "page": 284,
  "width": 304,
  "verse_pos": 5
 },
 {
  "line": 10,
  "left": 12,
  "end": 70,
  "height": 42,
  "top": 392,
  "ayah": 7,
  "page": 284,
  "width": 58,
  "verse_pos": 6
 },
 {
  "line": 11,
  "left": 12,
  "end": 375,
  "height": 44,
  "top": 434,
  "ayah": 7,
  "page": 284,
  "width": 363,
  "verse_pos": 6
 },
 {
  "line": 12,
  "left": 298,
  "end": 375,
  "height": 45,
  "top": 478,
  "ayah": 7,
  "page": 284,
  "width": 77,
  "verse_pos": 6
 },
 {
  "line": 12,
  "left": 12,
  "end": 297,
  "height": 45,
  "top": 478,
  "ayah": 8,
  "page": 284,
  "width": 285,
  "verse_pos": 7
 },
 {
  "line": 13,
  "left": 149,
  "end": 375,
  "height": 43,
  "top": 523,
  "ayah": 8,
  "page": 284,
  "width": 226,
  "verse_pos": 7
 },
 {
  "line": 13,
  "left": 12,
  "end": 148,
  "height": 43,
  "top": 523,
  "ayah": 9,
  "page": 284,
  "width": 136,
  "verse_pos": 8
 },
 {
  "line": 14,
  "left": 90,
  "end": 375,
  "height": 43,
  "top": 566,
  "ayah": 9,
  "page": 284,
  "width": 285,
  "verse_pos": 8
 },
 {
  "line": 14,
  "left": 12,
  "end": 89,
  "height": 43,
  "top": 566,
  "ayah": 10,
  "page": 284,
  "width": 77,
  "verse_pos": 9
 },
 {
  "line": 15,
  "left": 12,
  "end": 375,
  "height": 46,
  "top": 609,
  "ayah": 10,
  "page": 284,
  "width": 363,
  "verse_pos": 9
 }
]