[
 {
  "line": 1,
  "left": 9,
  "end": 381,
  "height": 41,
  "top": 7,
  "ayah": 1,
  "page": 323,
  "width": 372,
  "verse_pos": 0
 },
 {
  "line": 2,
  "left": 274,
  "end": 381,
  "height": 42,
  "top": 48,
  "ayah": 1,
  "page": 323,
  "width": 107,
  "verse_pos": 0
 },
 {
  "line": 2,
  "left": 9,
  "end": 273,
  "height": 42,
  "top": 48,
  "ayah": 2,
  "page": 323,
  "width": 264,
  "verse_pos": 1
 },
 {
  "line": 3,
  "left": 9,
  "end": 381,
  "height": 46,
  "top": 90,
  "ayah": 3,
  "page": 323,
  "width": 372,
  "verse_pos": 2
 },
 {
  "line": 4,
  "left": 298,
  "end": 381,
  "height": 43,
  "top": 136,
  "ayah": 3,
  "page": 323,
  "width": 83,
  "verse_pos": 2
 },
 {
  "line": 4,
  "left": 106,
  "end": 297,
  "height": 43,
  "top": 136,
  "ayah": 4,
  "page": 323,
  "width": 191,
  "verse_pos": 3
 },
 {
  "line": 4,
  "left": 9,
  "end": 105,
  "height": 43,
  "top": 136,
  "ayah": 5,
  "page": 323,
  "width": 96,
  "verse_pos": 4
 },
 {
  "line": 5,
  "left": 79,
  "end": 381,
  "height": 42,
  "top": 179,
  "ayah": 5,
  "page": 323,
  "width": 302,
  "verse_pos": 4
 },
 {
  "line": 5,
  "left": 9,
  "end": 78,
  "height": 42,
  "top": 179,
  "ayah": 6,
  "page": 323,
  "width": 69,
  "verse_pos": 5
 },
 {
  "line": 6,
  "left": 138,
  "end": 381,
  "height": 40,
  "top": 221,
  "ayah": 6,
  "page": 323,
  "width": 243,
  "verse_pos": 5
 },
 {
  "line": 6,
  "left": 9,
  "end": 137,
  "height": 40,
  "top": 221,
  "ayah": 7,
  "page": 323,
  "width": 128,
  "verse_pos": 6
 },
 {
  "line": 7,
  "left": 113,
  "end": 381,
  "height": 43,
  "top": 261,
  "ayah": 7,
  "page": 323,
  "width": 268,
  "verse_pos": 6
 },
 {
  "line": 7,
  "left": 9,
  "end": 112,
  "height": 43,
  "top": 261,
  "ayah": 8,
  "page": 323,
  "width": 103,
  "verse_pos": 7
 },
 {
  "line": 8,
  "left": 9,
  "end": 381,
  "height": 47,
  "top": 304,
  "ayah": 8,
  "page": 323,
  "width": 372,
  "verse_pos": 7
 },
 {
  "line": 9,
  "left": 345,
  "end": 381,
  "height": 41,
  "top": 351,
  "ayah": 8,
  "page": 323,
  "width": 36,
  "verse_pos": 7
 },
 {
  "line": 9,
  "left": 9,
  "end": 344,
  "height": 41,
  "top": 351,
  "ayah": 9,
  "page": 323,
  "width": 335,
  "verse_pos": 8
 },
 {
  "line": 10,
  "left": 158,
  "end": 381,
  "height": 44,
  "top": 392,
  "ayah": 9,
  "page": 323,
  "width": 223,
  "verse_pos": 8
 },
 {
  "line": 10,
  "left": 9,
  "end": 157,
  "height": 44,
  "top": 392,
  "ayah": 10,
  "page": 323,
  "width": 148,
  "verse_pos": 9
 },
 {
  "line": 11,
  "left": 276,
  "end": 381,
  "height": 39,
  "top": 436,
  "ayah": 10,
  "page": 323,
  "width": 105,
  "verse_pos": 9
 },
 {
  "line": 11,
  "left": 9,
  "end": 275,
  "height": 39,
  "top": 436,
  "ayah": 11,
  "page": 323,
  "width": 266,
  "verse_pos": 10
 },
 {
  "line": 12,
  "left": 344,
  "end": 381,
  "height": 49,
  "top": 475,
  "ayah": 11,
  "page": 323,
  "width": 37,
  "verse_pos": 10
 },
 {
  "line": 12,
  "left": 9,
  "end": 343,
  "height": 49,
  "top": 475,
  "ayah": 12,
  "page": 323,
  "width": 334,
  "verse_pos": 11
 },
 {
  "line": 13,
  "left": 271,
  "end": 381,
  "height": 35,
  "top": 524,
  "ayah": 12,
  "page": 323,
  "width": 110,
  "verse_pos": 11
 },
 {
  "line": 13,
  "left": 35,
  "end": 270,
  "height": 35,
  "top": 524,
  "ayah": 13,
  "page": 323,
  "width": 235,
  "verse_pos": 12
 },
 {
  "line": 13,
  "left": 9,
  "end": 34,
  "height": 35,
  "top": 524,
  "ayah": 14,
  "page": 323,
  "width": 25,
  "verse_pos": 13
 },
 {
  "line": 14,
  "left": 9,
  "end": 381,
  "height": 43,
  "top": 559,
  "ayah": 14,
  "page": 323,
  "width": 372,
  "verse_pos": 13
 },
 {
  "line": 15,
  "left": 9,
  "end": 381,
  "height": 48,
  "top": 602,
  "ayah": 14,
  "page": 323,
  "width": 372,
  "verse_pos": 13
 }
]