[
 {
  "line": 1,
  "left": 18,
  "end": 370,
  "height": 40,
  "top": 7,
  "ayah": 1,
  "page": 62,
  "width": 352,
  "verse_pos": 0
 },
 {
  "line": 2,
  "left": 225,
  "end": 370,
  "height": 45,
  "top": 47,
  "ayah": 1,
  "page": 62,
  "width": 145,
  "verse_pos": 0
 },
 {
  "line": 2,
  "left": 18,
  "end": 224,
  "height": 45,
  "top": 47,
  "ayah": 2,
  "page": 62,
  "width": 206,
  "verse_pos": 1
 },
 {
  "line": 3,
  "left": 18,
  "end": 370,
  "height": 38,
  "top": 92,
  "ayah": 2,
  "page": 62,
  "width": 352,
  "verse_pos": 1
 },
 {
  "line": 4,
  "left": 18,
  "end": 370,
  "height": 46,
  "top": 130,
  "ayah": 2,
  "page": 62,
  "width": 352,
  "verse_pos": 1
 },
 {
  "line": 5,
  "left": 332,
  "end": 370,
  "height": 39,
  "top": 176,
  "ayah": 2,
  "page": 62,
  "width": 38,
  "verse_pos": 1
 },
 {
  "line": 5,
  "left": 18,
  "end": 331,
  "height": 39,
  "top": 176,
  "ayah": 3,
  "page": 62,
  "width": 313,
  "verse_pos": 2
 },
 {
  "line": 6,
  "left": 257,
  "end": 370,
  "height": 49,
  "top": 215,
  "ayah": 3,
  "page": 62,
  "width": 113,
  "verse_pos": 2
 },
 {
  "line": 6,
  "left": 18,
  "end": 256,
  "height": 49,
  "top": 215,
  "ayah": 4,
  "page": 62,
  "width": 238,
  "verse_pos": 3
 },
 {
  "line": 7,
  "left": 208,
  "end": 370,
  "height": 42,
  "top": 264,
  "ayah": 4,
  "page": 62,
  "width": 162,
  "verse_pos": 3
 },
 {
  "line": 7,
  "left": 18,
  "end": 207,
  "height": 42,
  "top": 264,
  "ayah": 5,
  "page": 62,
  "width": 189,
  "verse_pos": 4
 },
 {
  "line": 8,
  "left": 155,
  "end": 370,
  "height": 41,
  "top": 306,
  "ayah": 5,
  "page": 62,
  "width": 215,
  "verse_pos": 4
 },
 {
  "line": 8,
  "left": 18,
  "end": 154,
  "height": 41,
  "top": 306,
  "ayah": 6,
  "page": 62,
  "width": 136,
  "verse_pos": 5
 },
 {
  "line": 9,
  "left": 18,
  "end": 370,
  "height": 46,
  "top": 347,
  "ayah": 6,
  "page": 62,
  "width": 352,
  "verse_pos": 5
 },
 {
  "line": 10,
  "left": 18,
  "end": 370,
  "height": 44,
  "top": 393,
  "ayah": 6,
  "page": 62,
  "width": 352,
  "verse_pos": 5
 },
 {
  "line": 11,
  "left": 334,
  "end": 370,
  "height": 41,
  "top": 437,
  "ayah": 6,
  "page": 62,
  "width": 36,
  "verse_pos": 5
 },
 {
  "line": 11,
  "left": 18,
  "end": 333,
  "height": 41,
  "top": 437,
  "ayah": 7,
  "page": 62,
  "width": 315,
  "verse_pos": 6
 },
 {
  "line": 12,
  "left": 246,
  "end": 370,
  "height": 42,
  "top": 478,
  "ayah": 7,
  "page": 62,
  "width": 124,
  "verse_pos": 6
 },
 {
  "line": 12,
  "left": 18,
  "end": 245,
  "height": 41,
  "top": 478,
  "ayah": 8,
  "page": 62,
  "width": 227,
  "verse_pos": 7
 },
 {
  "line": 13,
  "left": 18,
  "end": 370,
  "height": 45,
  "top": 519,
  "ayah": 8,
  "page": 62,
  "width": 352,
  "verse_pos": 7
 },
 {
  "line": 14,
  "left": 218,
  "end": 370,
  "height": 41,
  "top": 564,
  "ayah": 8,
  "page": 62,
  "width": 152,
  "verse_pos": 7
 },
 {
  "line": 14,
  "left": 18,
  "end": 217,
  "height": 41,
  "top": 564,
  "ayah": 9,
  "page": 62,
  "width": 199,
  "verse_pos": 8
 },
 {
  "line": 15,
  "left": 18,
  "end": 370,
  "height": 46,
  "top": 605,
  "ayah": 9,
  "page": 62,
  "width": 352,
  "verse_pos": 8
 }
]