[
 {
  "line": 1,
  "left": 13,
  "end": 376,
  "height": 44,
  "top": 7,
  "ayah": 1,
  "page": 493,
  "width": 363,
  "verse_pos": 0
 },
 {
  "line": 2,
  "left": 188,
  "end": 376,
  "height": 43,
  "top": 51,
  "ayah": 1,
  "page": 493,
  "width": 188,
  "verse_pos": 0
 },
 {
  "line": 2,
  "left": 13,
  "end": 187,
  "height": 43,
  "top": 51,
  "ayah": 2,
  "page": 493,
  "width": 174,
  "verse_pos": 1
 },
 {
  "line": 3,
  "left": 117,
  "end": 376,
  "height": 43,
  "top": 94,
  "ayah": 2,
  "page": 493,
  "width": 259,
  "verse_pos": 1
 },
 {
  "line": 3,
  "left": 13,
  "end": 116,
  "height": 43,
  "top": 94,
  "ayah": 3,
  "page": 493,
  "width": 103,
  "verse_pos": 2
 },
 {
  "line": 4,
  "left": 174,
  "end": 376,
  "height": 42,
  "top": 137,
  "ayah": 3,
  "page": 493,
  "width": 202,
  "verse_pos": 2
 },
 {
  "line": 4,
  "left": 13,
  "end": 174,
  "height": 42,
  "top": 137,
  "ayah": 4,
  "page": 493,
  "width": 161,
  "verse_pos": 3
 },
 {
  "line": 5,
  "left": 13,
  "end": 376,
  "height": 41,
  "top": 179,
  "ayah": 4,
  "page": 493,
  "width": 363,
  "verse_pos": 3
 },
 {
  "line": 6,
  "left": 220,
  "end": 376,
  "height": 43,
  "top": 220,
  "ayah": 4,
  "page": 493,
  "width": 156,
  "verse_pos": 3
 },
 {
  "line": 6,
  "left": 13,
  "end": 219,
  "height": 43,
  "top": 220,
  "ayah": 5,
  "page": 493,
  "width": 206,
  "verse_pos": 4
 },
 {
  "line": 7,
  "left": 254,
  "end": 376,
  "height": 44,
  "top": 263,
  "ayah": 5,
  "page": 493,
  "width": 122,
  "verse_pos": 4
 },
 {
  "line": 7,
  "left": 13,
  "end": 253,
  "height": 44,
  "top": 263,
  "ayah": 6,
  "page": 493,
  "width": 240,
  "verse_pos": 5
 },
 {
  "line": 8,
  "left": 128,
  "end": 376,
  "height": 40,
  "top": 307,
  "ayah": 6,
  "page": 493,
  "width": 248,
  "verse_pos": 5
 },
 {
  "line": 8,
  "left": 13,
  "end": 127,
  "height": 40,
  "top": 307,
  "ayah": 7,
  "page": 493,
  "width": 114,
  "verse_pos": 6
 },
 {
  "line": 9,
  "left": 122,
  "end": 376,
  "height": 49,
  "top": 347,
  "ayah": 7,
  "page": 493,
  "width": 254,
  "verse_pos": 6
 },
 {
  "line": 9,
  "left": 13,
  "end": 121,
  "height": 49,
  "top": 347,
  "ayah": 8,
  "page": 493,
  "width": 108,
  "verse_pos": 7
 },
 {
  "line": 10,
  "left": 95,
  "end": 376,
  "height": 41,
  "top": 396,
  "ayah": 8,
  "page": 493,
  "width": 281,
  "verse_pos": 7
 },
 {
  "line": 10,
  "left": 13,
  "end": 94,
  "height": 41,
  "top": 396,
  "ayah": 9,
  "page": 493,
  "width": 81,
  "verse_pos": 8
 },
 {
  "line": 11,
  "left": 174,
  "end": 376,
  "height": 44,
  "top": 437,
  "ayah": 9,
  "page": 493,
  "width": 202,
  "verse_pos": 8
 },
 {
  "line": 11,
  "left": 13,
  "end": 173,
  "height": 44,
  "top": 437,
  "ayah": 10,
  "page": 493,
  "width": 160,
  "verse_pos": 9
 },
 {
  "line": 12,
  "left": 131,
  "end": 376,
  "height": 38,
  "top": 481,
  "ayah": 10,
  "page": 493,
  "width": 245,
  "verse_pos": 9
 },
 {
  "line": 12,
  "left": 13,
  "end": 130,
  "height": 38,
  "top": 481,
  "ayah": 11,
  "page": 493,
  "width": 117,
  "verse_pos": 10
 },
 {
  "line": 13,
  "left": 13,
  "end": 376,
  "height": 48,
  "top": 519,
  "ayah": 11,
  "page": 493,
  "width": 363,
  "verse_pos": 10
 },
 {
  "line": 14,
  "left": 13,
  "end": 376,
  "height": 40,
  "top": 567,
  "ayah": 12,
  "page": 493,
  "width": 363,
  "verse_pos": 11
 },
 {
  "line": 15,
  "left": 340,
  "end": 376,
  "height": 42,
  "top": 607,
  "ayah": 12,
  "page": 493,
  "width": 36,
  "verse_pos": 11
 },
 {
  "line": 15,
  "left": 13,
  "end": 340,
  "height": 42,
  "top": 607,
  "ayah": 13,
  "page": 493,
  "width": 327,
  "verse_pos": 12
 }
]