[
 {
  "line": 1,
  "left": 15,
  "end": 376,
  "height": 41,
  "top": 7,
  "ayah": 1,
  "page": 242,
  "width": 361,
  "verse_pos": 0
 },
 {
  "line": 2,
  "left": 207,
  "end": 376,
  "height": 44,
  "top": 48,
  "ayah": 1,
  "page": 242,
  "width": 169,
  "verse_pos": 0
 },
 {
  "line": 2,
  "left": 15,
  "end": 206,
  "height": 44,
  "top": 48,
  "ayah": 2,
  "page": 242,
  "width": 191,
  "verse_pos": 1
 },
 {
  "line": 3,
  "left": 46,
  "end": 376,
  "height": 43,
  "top": 92,
  "ayah": 2,
  "page": 242,
  "width": 330,
  "verse_pos": 1
 },
 {
  "line": 3,
  "left": 15,
  "end": 45,
  "height": 43,
  "top": 92,
  "ayah": 3,
  "page": 242,
  "width": 30,
  "verse_pos": 2
 },
 {
  "line": 4,
  "left": 69,
  "end": 376,
  "height": 40,
  "top": 135,
  "ayah": 3,
  "page": 242,
  "width": 307,
  "verse_pos": 2
 },
 {
  "line": 4,
  "left": 15,
  "end": 70,
  "height": 40,
  "top": 135,
  "ayah": 4,
  "page": 242,
  "width": 55,
  "verse_pos": 3
 },
 {
  "line": 5,
  "left": 15,
  "end": 376,
  "height": 42,
  "top": 175,
  "ayah": 4,
  "page": 242,
  "width": 361,
  "verse_pos": 3
 },
 {
  "line": 6,
  "left": 65,
  "end": 376,
  "height": 47,
  "top": 217,
  "ayah": 4,
  "page": 242,
  "width": 311,
  "verse_pos": 3
 },
 {
  "line": 6,
  "left": 15,
  "end": 64,
  "height": 47,
  "top": 217,
  "ayah": 5,
  "page": 242,
  "width": 49,
  "verse_pos": 4
 },
 {
  "line": 7,
  "left": 101,
  "end": 376,
  "height": 45,
  "top": 264,
  "ayah": 5,
  "page": 242,
  "width": 275,
  "verse_pos": 4
 },
 {
  "line": 7,
  "left": 15,
  "end": 100,
  "height": 45,
  "top": 264,
  "ayah": 6,
  "page": 242,
  "width": 85,
  "verse_pos": 5
 },
 {
  "line": 8,
  "left": 48,
  "end": 376,
  "height": 41,
  "top": 309,
  "ayah": 6,
  "page": 242,
  "width": 328,
  "verse_pos": 5
 },
 {
  "line": 8,
  "left": 15,
  "end": 47,
  "height": 38,
  "top": 309,
  "ayah": 7,
  "page": 242,
  "width": 32,
  "verse_pos": 6
 },
 {
  "line": 9,
  "left": 15,
  "end": 376,
  "height": 46,
  "top": 347,
  "ayah": 7,
  "page": 242,
  "width": 361,
  "verse_pos": 6
 },
 {
  "line": 10,
  "left": 139,
  "end": 376,
  "height": 42,
  "top": 393,
  "ayah": 7,
  "page": 242,
  "width": 237,
  "verse_pos": 6
 },
 {
  "line": 10,
  "left": 15,
  "end": 138,
  "height": 42,
  "top": 393,
  "ayah": 8,
  "page": 242,
  "width": 123,
  "verse_pos": 7
 },
 {
  "line": 11,
  "left": 157,
  "end": 376,
  "height": 46,
  "top": 435,
  "ayah": 8,
  "page": 242,
  "width": 219,
  "verse_pos": 7
 },
 {
  "line": 11,
  "left": 15,
  "end": 156,
  "height": 46,
  "top": 435,
  "ayah": 9,
  "page": 242,
  "width": 141,
  "verse_pos": 8
 },
 {
  "line": 12,
  "left": 258,
  "end": 376,
  "height": 40,
  "top": 481,
  "ayah": 9,
  "page": 242,
  "width": 118,
  "verse_pos": 8
 },
 {
  "line": 12,
  "left": 15,
  "end": 257,
  "height": 40,
  "top": 481,
  "ayah": 10,
  "page": 242,
  "width": 242,
  "verse_pos": 9
 },
 {
  "line": 13,
  "left": 15,
  "end": 376,
  "height": 45,
  "top": 521,
  "ayah": 10,
  "page": 242,
  "width": 361,
  "verse_pos": 9
 },
 {
  "line": 14,
  "left": 336,
  "end": 376,
  "height": 42,
  "top": 566,
  "ayah": 10,
  "page": 242,
  "width": 40,
  "verse_pos": 9
 },
 {
  "line": 14,
  "left": 15,
  "end": 335,
  "height": 42,
  "top": 566,
  "ayah": 11,
  "page": 242,
  "width": 320,
  "verse_pos": 10
 },
 {
  "line": 15,
  "left": 15,
  "end": 376,
  "height": 46,
  "top": 608,
  "ayah": 11,
  "page": 242,
  "width": 361,
  "verse_pos": 10
 }
]