[
 {
  "line": 1,
  "left": 15,
  "end": 373,
  "height": 35,
  "top": 7,
  "ayah": 1,
  "page": 506,
  "width": 358,
  "verse_pos": 0
 },
 {
  "line": 2,
  "left": 15,
  "end": 373,
  "height": 47,
  "top": 42,
  "ayah": 1,
  "page": 506,
  "width": 358,
  "verse_pos": 0
 },
 {
  "line": 3,
  "left": 336,
  "end": 373,
  "height": 44,
  "top": 89,
  "ayah": 1,
  "page": 506,
  "width": 37,
  "verse_pos": 0
 },
 {
  "line": 3,
  "left": 15,
  "end": 335,
  "height": 44,
  "top": 89,
  "ayah": 2,
  "page": 506,
  "width": 320,
  "verse_pos": 1
 },
 {
  "line": 4,
  "left": 15,
  "end": 373,
  "height": 45,
  "top": 133,
  "ayah": 2,
  "page": 506,
  "width": 358,
  "verse_pos": 1
 },
 {
  "line": 5,
  "left": 335,
  "end": 373,
  "height": 40,
  "top": 178,
  "ayah": 2,
  "page": 506,
  "width": 38,
  "verse_pos": 1
 },
 {
  "line": 5,
  "left": 15,
  "end": 334,
  "height": 40,
  "top": 178,
  "ayah": 3,
  "page": 506,
  "width": 319,
  "verse_pos": 2
 },
 {
  "line": 6,
  "left": 153,
  "end": 373,
  "height": 41,
  "top": 218,
  "ayah": 3,
  "page": 506,
  "width": 220,
  "verse_pos": 2
 },
 {
  "line": 6,
  "left": 15,
  "end": 152,
  "height": 41,
  "top": 218,
  "ayah": 4,
  "page": 506,
  "width": 137,
  "verse_pos": 3
 },
 {
  "line": 7,
  "left": 15,
  "end": 373,
  "height": 45,
  "top": 259,
  "ayah": 4,
  "page": 506,
  "width": 358,
  "verse_pos": 3
 },
 {
  "line": 8,
  "left": 253,
  "end": 373,
  "height": 42,
  "top": 304,
  "ayah": 4,
  "page": 506,
  "width": 120,
  "verse_pos": 3
 },
 {
  "line": 8,
  "left": 15,
  "end": 252,
  "height": 42,
  "top": 304,
  "ayah": 5,
  "page": 506,
  "width": 237,
  "verse_pos": 4
 },
 {
  "line": 9,
  "left": 15,
  "end": 373,
  "height": 45,
  "top": 346,
  "ayah": 5,
  "page": 506,
  "width": 358,
  "verse_pos": 4
 },
 {
  "line": 10,
  "left": 211,
  "end": 373,
  "height": 41,
  "top": 391,
  "ayah": 5,
  "page": 506,
  "width": 162,
  "verse_pos": 4
 },
 {
  "line": 10,
  "left": 15,
  "end": 210,
  "height": 41,
  "top": 391,
  "ayah": 6,
  "page": 506,
  "width": 195,
  "verse_pos": 5
 },
 {
  "line": 11,
  "left": 15,
  "end": 373,
  "height": 44,
  "top": 432,
  "ayah": 6,
  "page": 506,
  "width": 358,
  "verse_pos": 5
 },
 {
  "line": 12,
  "left": 249,
  "end": 373,
  "height": 42,
  "top": 476,
  "ayah": 6,
  "page": 506,
  "width": 124,
  "verse_pos": 5
 },
 {
  "line": 12,
  "left": 15,
  "end": 248,
  "height": 42,
  "top": 476,
  "ayah": 7,
  "page": 506,
  "width": 233,
  "verse_pos": 6
 },
 {
  "line": 13,
  "left": 15,
  "end": 373,
  "height": 42,
  "top": 518,
  "ayah": 7,
  "page": 506,
  "width": 358,
  "verse_pos": 6
 },
 {
  "line": 14,
  "left": 15,
  "end": 373,
  "height": 42,
  "top": 560,
  "ayah": 7,
  "page": 506,
  "width": 358,
  "verse_pos": 6
 }
]