[
 {
  "line": 1,
  "left": 18,
  "end": 369,
  "height": 43,
  "top": 90,
  "ayah": 2,
  "page": 572,
  "width": 351,
  "verse_pos": 1
 },
 {
  "line": 2,
  "left": 314,
  "end": 369,
  "height": 43,
  "top": 133,
  "ayah": 2,
  "page": 572,
  "width": 55,
  "verse_pos": 1
 },
 {
  "line": 2,
  "left": 18,
  "end": 314,
  "height": 43,
  "top": 133,
  "ayah": 3,
  "page": 572,
  "width": 296,
  "verse_pos": 2
 },
 {
  "line": 3,
  "left": 89,
  "end": 369,
  "height": 42,
  "top": 176,
  "ayah": 4,
  "page": 572,
  "width": 280,
  "verse_pos": 3
 },
 {
  "line": 3,
  "left": 18,
  "end": 88,
  "height": 42,
  "top": 176,
  "ayah": 5,
  "page": 572,
  "width": 70,
  "verse_pos": 4
 },
 {
  "line": 4,
  "left": 173,
  "end": 369,
  "height": 44,
  "top": 218,
  "ayah": 5,
  "page": 572,
  "width": 196,
  "verse_pos": 4
 },
 {
  "line": 4,
  "left": 18,
  "end": 172,
  "height": 44,
  "top": 218,
  "ayah": 6,
  "page": 572,
  "width": 154,
  "verse_pos": 5
 },
 {
  "line": 5,
  "left": 235,
  "end": 369,
  "height": 44,
  "top": 262,
  "ayah": 6,
  "page": 572,
  "width": 134,
  "verse_pos": 5
 },
 {
  "line": 5,
  "left": 18,
  "end": 235,
  "height": 44,
  "top": 262,
  "ayah": 7,
  "page": 572,
  "width": 217,
  "verse_pos": 6
 },
 {
  "line": 6,
  "left": 210,
  "end": 369,
  "height": 45,
  "top": 306,
  "ayah": 7,
  "page": 572,
  "width": 159,
  "verse_pos": 6
 },
 {
  "line": 6,
  "left": 18,
  "end": 210,
  "height": 45,
  "top": 306,
  "ayah": 8,
  "page": 572,
  "width": 192,
  "verse_pos": 7
 },
 {
  "line": 7,
  "left": 285,
  "end": 369,
  "height": 41,
  "top": 351,
  "ayah": 8,
  "page": 572,
  "width": 84,
  "verse_pos": 7
 },
 {
  "line": 7,
  "left": 18,
  "end": 284,
  "height": 41,
  "top": 351,
  "ayah": 9,
  "page": 572,
  "width": 266,
  "verse_pos": 8
 },
 {
  "line": 8,
  "left": 253,
  "end": 369,
  "height": 42,
  "top": 392,
  "ayah": 9,
  "page": 572,
  "width": 116,
  "verse_pos": 8
 },
 {
  "line": 8,
  "left": 18,
  "end": 252,
  "height": 42,
  "top": 392,
  "ayah": 10,
  "page": 572,
  "width": 234,
  "verse_pos": 9
 },
 {
  "line": 9,
  "left": 151,
  "end": 369,
  "height": 44,
  "top": 434,
  "ayah": 10,
  "page": 572,
  "width": 218,
  "verse_pos": 9
 },
 {
  "line": 9,
  "left": 18,
  "end": 150,
  "height": 44,
  "top": 434,
  "ayah": 11,
  "page": 572,
  "width": 132,
  "verse_pos": 10
 },
 {
  "line": 10,
  "left": 128,
  "end": 369,
  "height": 40,
  "top": 478,
  "ayah": 11,
  "page": 572,
  "width": 241,
  "verse_pos": 10
 },
 {
  "line": 10,
  "left": 18,
  "end": 128,
  "height": 40,
  "top": 478,
  "ayah": 12,
  "page": 572,
  "width": 110,
  "verse_pos": 11
 },
 {
  "line": 11,
  "left": 159,
  "end": 369,
  "height": 45,
  "top": 518,
  "ayah": 12,
  "page": 572,
  "width": 210,
  "verse_pos": 11
 },
 {
  "line": 11,
  "left": 18,
  "end": 158,
  "height": 45,
  "top": 518,
  "ayah": 13,
  "page": 572,
  "width": 140,
  "verse_pos": 12
 },
 {
  "line": 12,
  "left": 157,
  "end": 369,
  "height": 44,
  "top": 563,
  "ayah": 13,
  "page": 572,
  "width": 212,
  "verse_pos": 12
 },
 {
  "line": 12,
  "left": 18,
  "end": 157,
  "height": 44,
  "top": 563,
  "ayah": 14,
  "page": 572,
  "width": 139,
  "verse_pos": 13
 },
 {
  "line": 13,
  "left": 18,
  "end": 369,
  "height": 42,
  "top": 607,
  "ayah": 14,
  "page": 572,
  "width": 351,
  "verse_pos": 13
 }
]