[
 {
  "line": 1,
  "left": 12,
  "end": 378,
  "height": 46,
  "top": 7,
  "ayah": 1,
  "page": 412,
  "width": 366,
  "verse_pos": 0
 },
 {
  "line": 2,
  "left": 63,
  "end": 378,
  "height": 39,
  "top": 53,
  "ayah": 1,
  "page": 412,
  "width": 315,
  "verse_pos": 0
 },
 {
  "line": 2,
  "left": 12,
  "end": 62,
  "height": 39,
  "top": 53,
  "ayah": 2,
  "page": 412,
  "width": 50,
  "verse_pos": 1
 },
 {
  "line": 3,
  "left": 12,
  "end": 378,
  "height": 44,
  "top": 92,
  "ayah": 2,
  "page": 412,
  "width": 366,
  "verse_pos": 1
 },
 {
  "line": 4,
  "left": 252,
  "end": 378,
  "height": 46,
  "top": 136,
  "ayah": 2,
  "page": 412,
  "width": 126,
  "verse_pos": 1
 },
 {
  "line": 4,
  "left": 12,
  "end": 251,
  "height": 46,
  "top": 136,
  "ayah": 3,
  "page": 412,
  "width": 239,
  "verse_pos": 2
 },
 {
  "line": 5,
  "left": 12,
  "end": 378,
  "height": 43,
  "top": 182,
  "ayah": 3,
  "page": 412,
  "width": 366,
  "verse_pos": 2
 },
 {
  "line": 6,
  "left": 257,
  "end": 378,
  "height": 42,
  "top": 225,
  "ayah": 3,
  "page": 412,
  "width": 121,
  "verse_pos": 2
 },
 {
  "line": 6,
  "left": 12,
  "end": 256,
  "height": 42,
  "top": 225,
  "ayah": 4,
  "page": 412,
  "width": 244,
  "verse_pos": 3
 },
 {
  "line": 7,
  "left": 12,
  "end": 378,
  "height": 40,
  "top": 267,
  "ayah": 4,
  "page": 412,
  "width": 366,
  "verse_pos": 3
 },
 {
  "line": 8,
  "left": 12,
  "end": 378,
  "height": 49,
  "top": 307,
  "ayah": 4,
  "page": 412,
  "width": 366,
  "verse_pos": 3
 },
 {
  "line": 9,
  "left": 228,
  "end": 378,
  "height": 40,
  "top": 356,
  "ayah": 4,
  "page": 412,
  "width": 150,
  "verse_pos": 3
 },
 {
  "line": 9,
  "left": 12,
  "end": 227,
  "height": 40,
  "top": 356,
  "ayah": 5,
  "page": 412,
  "width": 215,
  "verse_pos": 4
 },
 {
  "line": 10,
  "left": 12,
  "end": 378,
  "height": 44,
  "top": 396,
  "ayah": 5,
  "page": 412,
  "width": 366,
  "verse_pos": 4
 },
 {
  "line": 11,
  "left": 172,
  "end": 378,
  "height": 40,
  "top": 440,
  "ayah": 5,
  "page": 412,
  "width": 206,
  "verse_pos": 4
 },
 {
  "line": 11,
  "left": 12,
  "end": 171,
  "height": 40,
  "top": 440,
  "ayah": 6,
  "page": 412,
  "width": 159,
  "verse_pos": 5
 },
 {
  "line": 12,
  "left": 12,
  "end": 378,
  "height": 46,
  "top": 480,
  "ayah": 6,
  "page": 412,
  "width": 366,
  "verse_pos": 5
 },
 {
  "line": 13,
  "left": 255,
  "end": 378,
  "height": 42,
  "top": 526,
  "ayah": 6,
  "page": 412,
  "width": 123,
  "verse_pos": 5
 },
 {
  "line": 13,
  "left": 12,
  "end": 254,
  "height": 42,
  "top": 526,
  "ayah": 7,
  "page": 412,
  "width": 242,
  "verse_pos": 6
 },
 {
  "line": 14,
  "left": 121,
  "end": 378,
  "height": 44,
  "top": 568,
  "ayah": 7,
  "page": 412,
  "width": 257,
  "verse_pos": 6
 },
 {
  "line": 14,
  "left": 12,
  "end": 120,
  "height": 44,
  "top": 568,
  "ayah": 8,
  "page": 412,
  "width": 108,
  "verse_pos": 7
 },
 {
  "line": 15,
  "left": 12,
  "end": 378,
  "height": 42,
  "top": 612,
  "ayah": 8,
  "page": 412,
  "width": 366,
  "verse_pos": 7
 }
]