[
 {
  "line": 1,
  "left": 166,
  "end": 377,
  "height": 41,
  "top": 7,
  "ayah": 1,
  "page": 368,
  "width": 211,
  "verse_pos": 0
 },
 {
  "line": 1,
  "left": 11,
  "end": 165,
  "height": 41,
  "top": 7,
  "ayah": 2,
  "page": 368,
  "width": 154,
  "verse_pos": 1
 },
 {
  "line": 2,
  "left": 107,
  "end": 377,
  "height": 44,
  "top": 48,
  "ayah": 2,
  "page": 368,
  "width": 270,
  "verse_pos": 1
 },
 {
  "line": 2,
  "left": 11,
  "end": 106,
  "height": 44,
  "top": 48,
  "ayah": 3,
  "page": 368,
  "width": 95,
  "verse_pos": 2
 },
 {
  "line": 3,
  "left": 187,
  "end": 377,
  "height": 39,
  "top": 92,
  "ayah": 3,
  "page": 368,
  "width": 190,
  "verse_pos": 2
 },
 {
  "line": 3,
  "left": 11,
  "end": 186,
  "height": 39,
  "top": 92,
  "ayah": 4,
  "page": 368,
  "width": 175,
  "verse_pos": 3
 },
 {
  "line": 4,
  "left": 338,
  "end": 377,
  "height": 47,
  "top": 131,
  "ayah": 4,
  "page": 368,
  "width": 39,
  "verse_pos": 3
 },
 {
  "line": 4,
  "left": 11,
  "end": 337,
  "height": 47,
  "top": 131,
  "ayah": 5,
  "page": 368,
  "width": 326,
  "verse_pos": 4
 },
 {
  "line": 5,
  "left": 342,
  "end": 377,
  "height": 41,
  "top": 178,
  "ayah": 5,
  "page": 368,
  "width": 35,
  "verse_pos": 4
 },
 {
  "line": 5,
  "left": 154,
  "end": 341,
  "height": 41,
  "top": 178,
  "ayah": 6,
  "page": 368,
  "width": 187,
  "verse_pos": 5
 },
 {
  "line": 5,
  "left": 11,
  "end": 153,
  "height": 41,
  "top": 178,
  "ayah": 7,
  "page": 368,
  "width": 142,
  "verse_pos": 6
 },
 {
  "line": 6,
  "left": 290,
  "end": 377,
  "height": 40,
  "top": 219,
  "ayah": 7,
  "page": 368,
  "width": 87,
  "verse_pos": 6
 },
 {
  "line": 6,
  "left": 11,
  "end": 289,
  "height": 40,
  "top": 219,
  "ayah": 8,
  "page": 368,
  "width": 278,
  "verse_pos": 7
 },
 {
  "line": 7,
  "left": 37,
  "end": 377,
  "height": 47,
  "top": 259,
  "ayah": 9,
  "page": 368,
  "width": 340,
  "verse_pos": 8
 },
 {
  "line": 7,
  "left": 11,
  "end": 36,
  "height": 47,
  "top": 259,
  "ayah": 10,
  "page": 368,
  "width": 25,
  "verse_pos": 9
 },
 {
  "line": 8,
  "left": 38,
  "end": 377,
  "height": 42,
  "top": 306,
  "ayah": 10,
  "page": 368,
  "width": 339,
  "verse_pos": 9
 },
 {
  "line": 8,
  "left": 11,
  "end": 37,
  "height": 42,
  "top": 306,
  "ayah": 11,
  "page": 368,
  "width": 26,
  "verse_pos": 10
 },
 {
  "line": 9,
  "left": 197,
  "end": 377,
  "height": 44,
  "top": 348,
  "ayah": 11,
  "page": 368,
  "width": 180,
  "verse_pos": 10
 },
 {
  "line": 9,
  "left": 11,
  "end": 196,
  "height": 44,
  "top": 348,
  "ayah": 12,
  "page": 368,
  "width": 185,
  "verse_pos": 11
 },
 {
  "line": 10,
  "left": 279,
  "end": 377,
  "height": 44,
  "top": 392,
  "ayah": 12,
  "page": 368,
  "width": 98,
  "verse_pos": 11
 },
 {
  "line": 10,
  "left": 64,
  "end": 278,
  "height": 44,
  "top": 392,
  "ayah": 13,
  "page": 368,
  "width": 214,
  "verse_pos": 12
 },
 {
  "line": 10,
  "left": 11,
  "end": 63,
  "height": 44,
  "top": 392,
  "ayah": 14,
  "page": 368,
  "width": 52,
  "verse_pos": 13
 },
 {
  "line": 11,
  "left": 199,
  "end": 377,
  "height": 42,
  "top": 436,
  "ayah": 14,
  "page": 368,
  "width": 178,
  "verse_pos": 13
 },
 {
  "line": 11,
  "left": 11,
  "end": 198,
  "height": 42,
  "top": 436,
  "ayah": 15,
  "page": 368,
  "width": 187,
  "verse_pos": 14
 },
 {
  "line": 12,
  "left": 305,
  "end": 377,
  "height": 42,
  "top": 478,
  "ayah": 15,
  "page": 368,
  "width": 72,
  "verse_pos": 14
 },
 {
  "line": 12,
  "left": 11,
  "end": 304,
  "height": 42,
  "top": 478,
  "ayah": 16,
  "page": 368,
  "width": 293,
  "verse_pos": 15
 },
 {
  "line": 13,
  "left": 275,
  "end": 377,
  "height": 45,
  "top": 520,
  "ayah": 16,
  "page": 368,
  "width": 102,
  "verse_pos": 15
 },
 {
  "line": 13,
  "left": 11,
  "end": 274,
  "height": 45,
  "top": 520,
  "ayah": 17,
  "page": 368,
  "width": 263,
  "verse_pos": 16
 },
 {
  "line": 14,
  "left": 340,
  "end": 377,
  "height": 41,
  "top": 565,
  "ayah": 17,
  "page": 368,
  "width": 37,
  "verse_pos": 16
 },
 {
  "line": 14,
  "left": 112,
  "end": 339,
  "height": 41,
  "top": 565,
  "ayah": 18,
  "page": 368,
  "width": 227,
  "verse_pos": 17
 },
 {
  "line": 14,
  "left": 11,
  "end": 111,
  "height": 41,
  "top": 565,
  "ayah": 19,
  "page": 368,
  "width": 100,
  "verse_pos": 18
 },
 {
  "line": 15,
  "left": 224,
  "end": 377,
  "height": 42,
  "top": 606,
  "ayah": 19,
  "page": 368,
  "width": 153,
  "verse_pos": 18
 },
 {
  "line": 15,
  "left": 11,
  "end": 223,
  "height": 42,
  "top": 606,
  "ayah": 20,
  "page": 368,
  "width": 212,
  "verse_pos": 19
 }
]