[
    {
         "line": 1,
         "left": 17,
         "end": 370,
         "height": 45,
         "top": 7,
         "ayah": 1,
         "page": 7,
         "width": 353,
         "verse_pos": 0
       },
       {
         "line": 2,
         "left": 97,
         "end": 370,
         "height": 43,
         "top": 52,
         "ayah": 1,
         "page": 7,
         "width": 273,
         "verse_pos": 0
       },
       {
         "line": 2,
         "left": 17,
         "end": 96,
         "height": 43,
         "top": 52,
         "ayah": 2,
         "page": 7,
         "width": 79,
         "verse_pos": 1
       },
       {
         "line": 3,
         "left": 17,
         "end": 370,
         "height": 42,
         "top": 95,
         "ayah": 2,
         "page": 7,
         "width": 353,
         "verse_pos": 1
       },
       {
         "line": 4,
         "left": 17,
         "end": 370,
         "height": 43,
         "top": 137,
         "ayah": 3,
         "page": 7,
         "width": 353,
         "verse_pos": 2
       },
       {
         "line": 5,
         "left": 152,
         "end": 370,
         "height": 45,
         "top": 180,
         "ayah": 3,
         "page": 7,
         "width": 218,
         "verse_pos": 2
       },
       {
         "line": 5,
         "left": 17,
         "end": 152,
         "height": 45,
         "top": 180,
         "ayah": 4,
         "page": 7,
         "width": 135,
         "verse_pos": 3
       },
       {
         "line": 6,
         "left": 17,
         "end": 370,
         "height": 43,
         "top": 225,
         "ayah": 4,
         "page": 7,
         "width": 353,
         "verse_pos": 3
       },
       {
         "line": 7,
         "left": 193,
         "end": 370,
         "height": 41,
         "top": 268,
         "ayah": 4,
         "page": 7,
         "width": 177,
         "verse_pos": 3
       },
       {
         "line": 7,
         "left": 17,
         "end": 192,
         "height": 41,
         "top": 268,
         "ayah": 5,
         "page": 7,
         "width": 175,
         "verse_pos": 4
       },
       {
         "line": 8,
         "left": 157,
         "end": 370,
         "height": 45,
         "top": 309,
         "ayah": 5,
         "page": 7,
         "width": 213,
         "verse_pos": 4
       },
       {
         "line": 8,
         "left": 17,
         "end": 156,
         "height": 45,
         "top": 309,
         "ayah": 6,
         "page": 7,
         "width": 139,
         "verse_pos": 5
       },
       {
         "line": 9,
         "left": 170,
         "end": 370,
         "height": 41,
         "top": 354,
         "ayah": 6,
         "page": 7,
         "width": 200,
         "verse_pos": 5
       },
       {
         "line": 9,
         "left": 17,
         "end": 170,
         "height": 41,
         "top": 354,
         "ayah": 7,
         "page": 7,
         "width": 153,
         "verse_pos": 6
       },
       {
         "line": 10,
         "left": 17,
         "end": 370,
         "height": 41,
         "top": 395,
         "ayah": 7,
         "page": 7,
         "width": 353,
         "verse_pos": 6
       },
       {
         "line": 11,
         "left": 17,
         "end": 370,
         "height": 46,
         "top": 436,
         "ayah": 8,
         "page": 7,
         "width": 353,
         "verse_pos": 7
       },
       {
         "line": 12,
         "left": 340,
         "end": 370,
         "height": 42,
         "top": 482,
         "ayah": 8,
         "page": 7,
         "width": 30,
         "verse_pos": 7
       },
       {
         "line": 12,
         "left": 17,
         "end": 339,
         "height": 42,
         "top": 482,
         "ayah": 9,
         "page": 7,
         "width": 322,
         "verse_pos": 8
       },
       {
         "line": 13,
         "left": 17,
         "end": 370,
         "height": 44,
         "top": 524,
         "ayah": 10,
         "page": 7,
         "width": 353,
         "verse_pos": 9
       },
       {
         "line": 14,
         "left": 274,
         "end": 370,
         "height": 42,
         "top": 568,
         "ayah": 10,
         "page": 7,
         "width": 96,
         "verse_pos": 9
       },
       {
         "line": 14,
         "left": 17,
         "end": 273,
         "height": 42,
         "top": 568,
         "ayah": 11,
         "page": 7,
         "width": 256,
         "verse_pos": 10
       },
       {
         "line": 15,
         "left": 17,
         "end": 370,
         "height": 46,
         "top": 610,
         "ayah": 11,
         "page": 7,
         "width": 353,
         "verse_pos": 10
       }
]
