[
 {
  "line": 1,
  "left": 199,
  "end": 376,
  "height": 42,
  "top": 7,
  "ayah": 1,
  "page": 451,
  "width": 177,
  "verse_pos": 0
 },
 {
  "line": 1,
  "left": 10,
  "end": 198,
  "height": 42,
  "top": 7,
  "ayah": 2,
  "page": 451,
  "width": 188,
  "verse_pos": 1
 },
 {
  "line": 2,
  "left": 210,
  "end": 376,
  "height": 43,
  "top": 49,
  "ayah": 3,
  "page": 451,
  "width": 166,
  "verse_pos": 2
 },
 {
  "line": 2,
  "left": 72,
  "end": 209,
  "height": 43,
  "top": 49,
  "ayah": 4,
  "page": 451,
  "width": 137,
  "verse_pos": 3
 },
 {
  "line": 2,
  "left": 10,
  "end": 71,
  "height": 43,
  "top": 49,
  "ayah": 5,
  "page": 451,
  "width": 61,
  "verse_pos": 4
 },
 {
  "line": 3,
  "left": 242,
  "end": 376,
  "height": 41,
  "top": 92,
  "ayah": 5,
  "page": 451,
  "width": 134,
  "verse_pos": 4
 },
 {
  "line": 3,
  "left": 70,
  "end": 241,
  "height": 41,
  "top": 92,
  "ayah": 6,
  "page": 451,
  "width": 171,
  "verse_pos": 5
 },
 {
  "line": 3,
  "left": 10,
  "end": 69,
  "height": 41,
  "top": 92,
  "ayah": 7,
  "page": 451,
  "width": 59,
  "verse_pos": 6
 },
 {
  "line": 4,
  "left": 255,
  "end": 376,
  "height": 44,
  "top": 133,
  "ayah": 7,
  "page": 451,
  "width": 121,
  "verse_pos": 6
 },
 {
  "line": 4,
  "left": 70,
  "end": 255,
  "height": 44,
  "top": 133,
  "ayah": 8,
  "page": 451,
  "width": 185,
  "verse_pos": 7
 },
 {
  "line": 4,
  "left": 10,
  "end": 70,
  "height": 44,
  "top": 133,
  "ayah": 9,
  "page": 451,
  "width": 60,
  "verse_pos": 8
 },
 {
  "line": 5,
  "left": 269,
  "end": 376,
  "height": 42,
  "top": 177,
  "ayah": 9,
  "page": 451,
  "width": 107,
  "verse_pos": 8
 },
 {
  "line": 5,
  "left": 130,
  "end": 268,
  "height": 42,
  "top": 177,
  "ayah": 10,
  "page": 451,
  "width": 138,
  "verse_pos": 9
 },
 {
  "line": 5,
  "left": 10,
  "end": 129,
  "height": 42,
  "top": 177,
  "ayah": 11,
  "page": 451,
  "width": 119,
  "verse_pos": 10
 },
 {
  "line": 6,
  "left": 280,
  "end": 376,
  "height": 44,
  "top": 219,
  "ayah": 11,
  "page": 451,
  "width": 96,
  "verse_pos": 10
 },
 {
  "line": 6,
  "left": 110,
  "end": 279,
  "height": 44,
  "top": 219,
  "ayah": 12,
  "page": 451,
  "width": 169,
  "verse_pos": 11
 },
 {
  "line": 6,
  "left": 10,
  "end": 109,
  "height": 44,
  "top": 219,
  "ayah": 13,
  "page": 451,
  "width": 99,
  "verse_pos": 12
 },
 {
  "line": 7,
  "left": 284,
  "end": 376,
  "height": 43,
  "top": 263,
  "ayah": 13,
  "page": 451,
  "width": 92,
  "verse_pos": 12
 },
 {
  "line": 7,
  "left": 92,
  "end": 283,
  "height": 43,
  "top": 263,
  "ayah": 14,
  "page": 451,
  "width": 191,
  "verse_pos": 13
 },
 {
  "line": 7,
  "left": 10,
  "end": 91,
  "height": 43,
  "top": 263,
  "ayah": 15,
  "page": 451,
  "width": 81,
  "verse_pos": 14
 },
 {
  "line": 8,
  "left": 251,
  "end": 376,
  "height": 42,
  "top": 306,
  "ayah": 15,
  "page": 451,
  "width": 125,
  "verse_pos": 14
 },
 {
  "line": 8,
  "left": 77,
  "end": 250,
  "height": 42,
  "top": 306,
  "ayah": 16,
  "page": 451,
  "width": 173,
  "verse_pos": 15
 },
 {
  "line": 8,
  "left": 10,
  "end": 76,
  "height": 42,
  "top": 306,
  "ayah": 17,
  "page": 451,
  "width": 66,
  "verse_pos": 16
 },
 {
  "line": 9,
  "left": 226,
  "end": 376,
  "height": 44,
  "top": 348,
  "ayah": 17,
  "page": 451,
  "width": 150,
  "verse_pos": 16
 },
 {
  "line": 9,
  "left": 10,
  "end": 225,
  "height": 44,
  "top": 348,
  "ayah": 18,
  "page": 451,
  "width": 215,
  "verse_pos": 17
 },
 {
  "line": 10,
  "left": 143,
  "end": 376,
  "height": 43,
  "top": 392,
  "ayah": 19,
  "page": 451,
  "width": 233,
  "verse_pos": 18
 },
 {
  "line": 10,
  "left": 10,
  "end": 142,
  "height": 43,
  "top": 392,
  "ayah": 20,
  "page": 451,
  "width": 132,
  "verse_pos": 19
 },
 {
  "line": 11,
  "left": 276,
  "end": 376,
  "height": 44,
  "top": 435,
  "ayah": 20,
  "page": 451,
  "width": 100,
  "verse_pos": 19
 },
 {
  "line": 11,
  "left": 10,
  "end": 275,
  "height": 44,
  "top": 435,
  "ayah": 21,
  "page": 451,
  "width": 265,
  "verse_pos": 20
 },
 {
  "line": 12,
  "left": 180,
  "end": 376,
  "height": 42,
  "top": 479,
  "ayah": 22,
  "page": 451,
  "width": 196,
  "verse_pos": 21
 },
 {
  "line": 12,
  "left": 10,
  "end": 179,
  "height": 42,
  "top": 479,
  "ayah": 23,
  "page": 451,
  "width": 169,
  "verse_pos": 22
 },
 {
  "line": 13,
  "left": 233,
  "end": 376,
  "height": 43,
  "top": 521,
  "ayah": 23,
  "page": 451,
  "width": 143,
  "verse_pos": 22
 },
 {
  "line": 13,
  "left": 10,
  "end": 232,
  "height": 43,
  "top": 521,
  "ayah": 24,
  "page": 451,
  "width": 222,
  "verse_pos": 23
 },
 {
  "line": 14,
  "left": 262,
  "end": 376,
  "height": 42,
  "top": 564,
  "ayah": 24,
  "page": 451,
  "width": 114,
  "verse_pos": 23
 },
 {
  "line": 14,
  "left": 40,
  "end": 261,
  "height": 42,
  "top": 564,
  "ayah": 25,
  "page": 451,
  "width": 221,
  "verse_pos": 24
 },
 {
  "line": 14,
  "left": 10,
  "end": 40,
  "height": 42,
  "top": 564,
  "ayah": 26,
  "page": 451,
  "width": 30,
  "verse_pos": 25
 },
 {
  "line": 15,
  "left": 218,
  "end": 376,
  "height": 42,
  "top": 606,
  "ayah": 26,
  "page": 451,
  "width": 158,
  "verse_pos": 25
 },
 {
  "line": 15,
  "left": 10,
  "end": 217,
  "height": 42,
  "top": 606,
  "ayah": 27,
  "page": 451,
  "width": 207,
  "verse_pos": 26
 }
]