[
    {
        "line": 1,
        "left": 15,
        "end": 372,
        "height": 41,
        "top": 7,
        "ayah": 1,
        "page": 466,
        "width": 357,
        "verse_pos": 0
    },
    {
        "line": 2,
        "left": 15,
        "end": 372,
        "height": 46,
        "top": 48,
        "ayah": 1,
        "page": 466,
        "width": 357,
        "verse_pos": 0
    },
    {
        "line": 3,
        "left": 335,
        "end": 372,
        "height": 41,
        "top": 94,
        "ayah": 1,
        "page": 466,
        "width": 37,
        "verse_pos": 0
    },
    {
        "line": 3,
        "left": 15,
        "end": 334,
        "height": 41,
        "top": 94,
        "ayah": 2,
        "page": 466,
        "width": 319,
        "verse_pos": 1
    },
    {
        "line": 4,
        "left": 15,
        "end": 372,
        "height": 41,
        "top": 135,
        "ayah": 2,
        "page": 466,
        "width": 357,
        "verse_pos": 1
    },
    {
        "line": 5,
        "left": 338,
        "end": 372,
        "height": 42,
        "top": 176,
        "ayah": 2,
        "page": 466,
        "width": 34,
        "verse_pos": 1
    },
    {
        "line": 5,
        "left": 15,
        "end": 338,
        "height": 42,
        "top": 176,
        "ayah": 3,
        "page": 466,
        "width": 323,
        "verse_pos": 2
    },
    {
        "line": 6,
        "left": 15,
        "end": 372,
        "height": 45,
        "top": 218,
        "ayah": 4,
        "page": 466,
        "width": 357,
        "verse_pos": 3
    },
    {
        "line": 7,
        "left": 15,
        "end": 372,
        "height": 43,
        "top": 263,
        "ayah": 4,
        "page": 466,
        "width": 357,
        "verse_pos": 3
    },
    {
        "line": 8,
        "left": 15,
        "end": 372,
        "height": 42,
        "top": 306,
        "ayah": 4,
        "page": 466,
        "width": 357,
        "verse_pos": 3
    },
    {
        "line": 9,
        "left": 15,
        "end": 372,
        "height": 45,
        "top": 348,
        "ayah": 4,
        "page": 466,
        "width": 357,
        "verse_pos": 3
    },
    {
        "line": 10,
        "left": 336,
        "end": 372,
        "height": 43,
        "top": 393,
        "ayah": 4,
        "page": 466,
        "width": 36,
        "verse_pos": 3
    },
    {
        "line": 10,
        "left": 15,
        "end": 335,
        "height": 43,
        "top": 393,
        "ayah": 5,
        "page": 466,
        "width": 320,
        "verse_pos": 4
    },
    {
        "line": 11,
        "left": 217,
        "end": 372,
        "height": 41,
        "top": 436,
        "ayah": 5,
        "page": 466,
        "width": 155,
        "verse_pos": 4
    },
    {
        "line": 11,
        "left": 15,
        "end": 216,
        "height": 41,
        "top": 436,
        "ayah": 6,
        "page": 466,
        "width": 201,
        "verse_pos": 5
    },
    {
        "line": 12,
        "left": 15,
        "end": 372,
        "height": 47,
        "top": 477,
        "ayah": 6,
        "page": 466,
        "width": 357,
        "verse_pos": 5
    },
    {
        "line": 13,
        "left": 15,
        "end": 372,
        "height": 39,
        "top": 524,
        "ayah": 6,
        "page": 466,
        "width": 357,
        "verse_pos": 5
    },
    {
        "line": 14,
        "left": 15,
        "end": 372,
        "height": 41,
        "top": 563,
        "ayah": 7,
        "page": 466,
        "width": 357,
        "verse_pos": 6
    },
    {
        "line": 15,
        "left": 15,
        "end": 372,
        "height": 45,
        "top": 604,
        "ayah": 7,
        "page": 466,
        "width": 357,
        "verse_pos": 6
    }
]