[
    {
     "line": 1,
     "left": 111,
     "end": 376,
     "height": 47,
     "top": 7,
     "ayah": 1,
     "page": 525,
     "width": 265,
     "verse_pos": 0
    },
    {
     "line": 1,
     "left": 13,
     "end": 110,
     "height": 47,
     "top": 7,
     "ayah": 2,
     "page": 525,
     "width": 97,
     "verse_pos": 1
    },
    {
     "line": 2,
     "left": 260,
     "end": 376,
     "height": 44,
     "top": 54,
     "ayah": 2,
     "page": 525,
     "width": 116,
     "verse_pos": 1
    },
    {
     "line": 2,
     "left": 13,
     "end": 259,
     "height": 44,
     "top": 54,
     "ayah": 3,
     "page": 525,
     "width": 246,
     "verse_pos": 2
    },
    {
     "line": 3,
     "left": 340,
     "end": 376,
     "height": 41,
     "top": 98,
     "ayah": 3,
     "page": 525,
     "width": 36,
     "verse_pos": 2
    },
    {
     "line": 3,
     "left": 76,
     "end": 339,
     "height": 41,
     "top": 98,
     "ayah": 4,
     "page": 525,
     "width": 263,
     "verse_pos": 3
    },
    {
     "line": 3,
     "left": 13,
     "end": 75,
     "height": 41,
     "top": 98,
     "ayah": 5,
     "page": 525,
     "width": 62,
     "verse_pos": 4
    },
    {
     "line": 4,
     "left": 136,
     "end": 376,
     "height": 45,
     "top": 139,
     "ayah": 5,
     "page": 525,
     "width": 240,
     "verse_pos": 4
    },
    {
     "line": 4,
     "left": 13,
     "end": 135,
     "height": 45,
     "top": 139,
     "ayah": 6,
     "page": 525,
     "width": 122,
     "verse_pos": 5
    },
    {
     "line": 5,
     "left": 198,
     "end": 376,
     "height": 42,
     "top": 184,
     "ayah": 6,
     "page": 525,
     "width": 178,
     "verse_pos": 5
    },
    {
     "line": 5,
     "left": 13,
     "end": 197,
     "height": 42,
     "top": 184,
     "ayah": 7,
     "page": 525,
     "width": 184,
     "verse_pos": 6
    },
    {
     "line": 6,
     "left": 198,
     "end": 376,
     "height": 45,
     "top": 226,
     "ayah": 7,
     "page": 525,
     "width": 178,
     "verse_pos": 6
    },
    {
     "line": 6,
     "left": 13,
     "end": 197,
     "height": 45,
     "top": 226,
     "ayah": 8,
     "page": 525,
     "width": 184,
     "verse_pos": 7
    },
    {
     "line": 7,
     "left": 136,
     "end": 376,
     "height": 39,
     "top": 271,
     "ayah": 9,
     "page": 525,
     "width": 240,
     "verse_pos": 8
    },
    {
     "line": 7,
     "left": 13,
     "end": 135,
     "height": 39,
     "top": 271,
     "ayah": 10,
     "page": 525,
     "width": 122,
     "verse_pos": 9
    },
    {
     "line": 8,
     "left": 291,
     "end": 376,
     "height": 46,
     "top": 310,
     "ayah": 10,
     "page": 525,
     "width": 85,
     "verse_pos": 9
    },
    {
     "line": 8,
     "left": 13,
     "end": 290,
     "height": 46,
     "top": 310,
     "ayah": 11,
     "page": 525,
     "width": 277,
     "verse_pos": 10
    },
    {
     "line": 9,
     "left": 109,
     "end": 376,
     "height": 42,
     "top": 356,
     "ayah": 12,
     "page": 525,
     "width": 267,
     "verse_pos": 11
    },
    {
     "line": 9,
     "left": 13,
     "end": 108,
     "height": 42,
     "top": 356,
     "ayah": 13,
     "page": 525,
     "width": 95,
     "verse_pos": 12
    },
    {
     "line": 10,
     "left": 131,
     "end": 376,
     "height": 44,
     "top": 398,
     "ayah": 13,
     "page": 525,
     "width": 245,
     "verse_pos": 12
    },
    {
     "line": 10,
     "left": 13,
     "end": 130,
     "height": 44,
     "top": 398,
     "ayah": 14,
     "page": 525,
     "width": 117,
     "verse_pos": 13
    },
    {
     "line": 11,
     "left": 189,
     "end": 376,
     "height": 44,
     "top": 442,
     "ayah": 14,
     "page": 525,
     "width": 187,
     "verse_pos": 13
    },
    {
     "line": 11,
     "left": 13,
     "end": 188,
     "height": 44,
     "top": 442,
     "ayah": 15,
     "page": 525,
     "width": 175,
     "verse_pos": 14
    },
    {
     "line": 12,
     "left": 250,
     "end": 376,
     "height": 40,
     "top": 486,
     "ayah": 15,
     "page": 525,
     "width": 126,
     "verse_pos": 14
    },
    {
     "line": 12,
     "left": 13,
     "end": 249,
     "height": 40,
     "top": 486,
     "ayah": 16,
     "page": 525,
     "width": 236,
     "verse_pos": 15
    },
    {
     "line": 13,
     "left": 244,
     "end": 376,
     "height": 45,
     "top": 526,
     "ayah": 16,
     "page": 525,
     "width": 132,
     "verse_pos": 15
    },
    {
     "line": 13,
     "left": 13,
     "end": 243,
     "height": 45,
     "top": 526,
     "ayah": 17,
     "page": 525,
     "width": 230,
     "verse_pos": 16
    },
    {
     "line": 14,
     "left": 229,
     "end": 376,
     "height": 38,
     "top": 571,
     "ayah": 17,
     "page": 525,
     "width": 147,
     "verse_pos": 16
    },
    {
     "line": 14,
     "left": 13,
     "end": 228,
     "height": 38,
     "top": 571,
     "ayah": 18,
     "page": 525,
     "width": 215,
     "verse_pos": 17
    }
   ]