[
 {
  "line": 1,
  "left": 19,
  "end": 368,
  "height": 43,
  "top": 7,
  "ayah": 1,
  "page": 88,
  "width": 349,
  "verse_pos": 0
 },
 {
  "line": 2,
  "left": 19,
  "end": 368,
  "height": 43,
  "top": 50,
  "ayah": 1,
  "page": 88,
  "width": 349,
  "verse_pos": 0
 },
 {
  "line": 3,
  "left": 19,
  "end": 368,
  "height": 43,
  "top": 93,
  "ayah": 1,
  "page": 88,
  "width": 349,
  "verse_pos": 0
 },
 {
  "line": 4,
  "left": 237,
  "end": 368,
  "height": 44,
  "top": 136,
  "ayah": 1,
  "page": 88,
  "width": 131,
  "verse_pos": 0
 },
 {
  "line": 4,
  "left": 19,
  "end": 236,
  "height": 44,
  "top": 136,
  "ayah": 2,
  "page": 88,
  "width": 217,
  "verse_pos": 1
 },
 {
  "line": 5,
  "left": 19,
  "end": 368,
  "height": 40,
  "top": 180,
  "ayah": 2,
  "page": 88,
  "width": 349,
  "verse_pos": 1
 },
 {
  "line": 6,
  "left": 269,
  "end": 368,
  "height": 45,
  "top": 220,
  "ayah": 2,
  "page": 88,
  "width": 99,
  "verse_pos": 1
 },
 {
  "line": 6,
  "left": 19,
  "end": 268,
  "height": 45,
  "top": 220,
  "ayah": 3,
  "page": 88,
  "width": 249,
  "verse_pos": 2
 },
 {
  "line": 7,
  "left": 19,
  "end": 368,
  "height": 40,
  "top": 265,
  "ayah": 3,
  "page": 88,
  "width": 349,
  "verse_pos": 2
 },
 {
  "line": 8,
  "left": 216,
  "end": 368,
  "height": 47,
  "top": 305,
  "ayah": 3,
  "page": 88,
  "width": 152,
  "verse_pos": 2
 },
 {
  "line": 8,
  "left": 19,
  "end": 215,
  "height": 47,
  "top": 305,
  "ayah": 4,
  "page": 88,
  "width": 196,
  "verse_pos": 3
 },
 {
  "line": 9,
  "left": 19,
  "end": 368,
  "height": 42,
  "top": 352,
  "ayah": 4,
  "page": 88,
  "width": 349,
  "verse_pos": 3
 },
 {
  "line": 10,
  "left": 197,
  "end": 368,
  "height": 45,
  "top": 394,
  "ayah": 4,
  "page": 88,
  "width": 171,
  "verse_pos": 3
 },
 {
  "line": 10,
  "left": 19,
  "end": 196,
  "height": 45,
  "top": 394,
  "ayah": 5,
  "page": 88,
  "width": 177,
  "verse_pos": 4
 },
 {
  "line": 11,
  "left": 19,
  "end": 368,
  "height": 43,
  "top": 439,
  "ayah": 5,
  "page": 88,
  "width": 349,
  "verse_pos": 4
 },
 {
  "line": 12,
  "left": 19,
  "end": 368,
  "height": 42,
  "top": 482,
  "ayah": 5,
  "page": 88,
  "width": 349,
  "verse_pos": 4
 },
 {
  "line": 13,
  "left": 165,
  "end": 368,
  "height": 44,
  "top": 524,
  "ayah": 5,
  "page": 88,
  "width": 203,
  "verse_pos": 4
 },
 {
  "line": 13,
  "left": 19,
  "end": 164,
  "height": 44,
  "top": 524,
  "ayah": 6,
  "page": 88,
  "width": 145,
  "verse_pos": 5
 },
 {
  "line": 14,
  "left": 19,
  "end": 368,
  "height": 42,
  "top": 568,
  "ayah": 6,
  "page": 88,
  "width": 349,
  "verse_pos": 5
 },
 {
  "line": 15,
  "left": 19,
  "end": 368,
  "height": 44,
  "top": 610,
  "ayah": 6,
  "page": 88,
  "width": 349,
  "verse_pos": 5
 }
]