[
 {
  "line": 1,
  "left": 12,
  "end": 373,
  "height": 42,
  "top": 6,
  "ayah": 1,
  "page": 226,
  "width": 361,
  "verse_pos": 0
 },
 {
  "line": 2,
  "left": 12,
  "end": 373,
  "height": 45,
  "top": 48,
  "ayah": 1,
  "page": 226,
  "width": 361,
  "verse_pos": 0
 },
 {
  "line": 3,
  "left": 12,
  "end": 373,
  "height": 43,
  "top": 93,
  "ayah": 2,
  "page": 226,
  "width": 361,
  "verse_pos": 1
 },
 {
  "line": 4,
  "left": 288,
  "end": 373,
  "height": 44,
  "top": 136,
  "ayah": 2,
  "page": 226,
  "width": 85,
  "verse_pos": 1
 },
 {
  "line": 4,
  "left": 12,
  "end": 287,
  "height": 44,
  "top": 136,
  "ayah": 3,
  "page": 226,
  "width": 275,
  "verse_pos": 2
 },
 {
  "line": 5,
  "left": 12,
  "end": 373,
  "height": 40,
  "top": 180,
  "ayah": 3,
  "page": 226,
  "width": 361,
  "verse_pos": 2
 },
 {
  "line": 6,
  "left": 122,
  "end": 373,
  "height": 42,
  "top": 220,
  "ayah": 3,
  "page": 226,
  "width": 251,
  "verse_pos": 2
 },
 {
  "line": 6,
  "left": 12,
  "end": 121,
  "height": 42,
  "top": 220,
  "ayah": 4,
  "page": 226,
  "width": 109,
  "verse_pos": 3
 },
 {
  "line": 7,
  "left": 45,
  "end": 373,
  "height": 47,
  "top": 262,
  "ayah": 4,
  "page": 226,
  "width": 328,
  "verse_pos": 3
 },
 {
  "line": 7,
  "left": 12,
  "end": 44,
  "height": 47,
  "top": 262,
  "ayah": 5,
  "page": 226,
  "width": 32,
  "verse_pos": 4
 },
 {
  "line": 8,
  "left": 12,
  "end": 373,
  "height": 44,
  "top": 309,
  "ayah": 5,
  "page": 226,
  "width": 361,
  "verse_pos": 4
 },
 {
  "line": 9,
  "left": 12,
  "end": 373,
  "height": 40,
  "top": 353,
  "ayah": 5,
  "page": 226,
  "width": 361,
  "verse_pos": 4
 },
 {
  "line": 10,
  "left": 12,
  "end": 373,
  "height": 43,
  "top": 393,
  "ayah": 6,
  "page": 226,
  "width": 361,
  "verse_pos": 5
 },
 {
  "line": 11,
  "left": 12,
  "end": 373,
  "height": 45,
  "top": 436,
  "ayah": 6,
  "page": 226,
  "width": 361,
  "verse_pos": 5
 },
 {
  "line": 12,
  "left": 229,
  "end": 373,
  "height": 42,
  "top": 481,
  "ayah": 6,
  "page": 226,
  "width": 144,
  "verse_pos": 5
 },
 {
  "line": 12,
  "left": 12,
  "end": 228,
  "height": 42,
  "top": 481,
  "ayah": 7,
  "page": 226,
  "width": 216,
  "verse_pos": 6
 },
 {
  "line": 13,
  "left": 12,
  "end": 373,
  "height": 43,
  "top": 523,
  "ayah": 7,
  "page": 226,
  "width": 361,
  "verse_pos": 6
 },
 {
  "line": 14,
  "left": 209,
  "end": 373,
  "height": 41,
  "top": 566,
  "ayah": 7,
  "page": 226,
  "width": 164,
  "verse_pos": 6
 },
 {
  "line": 14,
  "left": 12,
  "end": 208,
  "height": 41,
  "top": 566,
  "ayah": 8,
  "page": 226,
  "width": 196,
  "verse_pos": 7
 },
 {
  "line": 15,
  "left": 12,
  "end": 373,
  "height": 46,
  "top": 607,
  "ayah": 8,
  "page": 226,
  "width": 361,
  "verse_pos": 7
 }
]