[
 {
  "line": 1,
  "left": 16,
  "end": 372,
  "height": 43,
  "top": 7,
  "ayah": 1,
  "page": 325,
  "width": 356,
  "verse_pos": 0
 },
 {
  "line": 2,
  "left": 16,
  "end": 372,
  "height": 42,
  "top": 50,
  "ayah": 1,
  "page": 325,
  "width": 356,
  "verse_pos": 0
 },
 {
  "line": 3,
  "left": 219,
  "end": 372,
  "height": 46,
  "top": 92,
  "ayah": 1,
  "page": 325,
  "width": 153,
  "verse_pos": 0
 },
 {
  "line": 3,
  "left": 16,
  "end": 218,
  "height": 46,
  "top": 92,
  "ayah": 2,
  "page": 325,
  "width": 202,
  "verse_pos": 1
 },
 {
  "line": 4,
  "left": 184,
  "end": 372,
  "height": 42,
  "top": 138,
  "ayah": 2,
  "page": 325,
  "width": 188,
  "verse_pos": 1
 },
 {
  "line": 4,
  "left": 16,
  "end": 183,
  "height": 42,
  "top": 138,
  "ayah": 3,
  "page": 325,
  "width": 167,
  "verse_pos": 2
 },
 {
  "line": 5,
  "left": 185,
  "end": 372,
  "height": 41,
  "top": 180,
  "ayah": 3,
  "page": 325,
  "width": 187,
  "verse_pos": 2
 },
 {
  "line": 5,
  "left": 16,
  "end": 184,
  "height": 41,
  "top": 180,
  "ayah": 4,
  "page": 325,
  "width": 168,
  "verse_pos": 3
 },
 {
  "line": 6,
  "left": 16,
  "end": 372,
  "height": 43,
  "top": 221,
  "ayah": 4,
  "page": 325,
  "width": 356,
  "verse_pos": 3
 },
 {
  "line": 7,
  "left": 235,
  "end": 372,
  "height": 45,
  "top": 264,
  "ayah": 4,
  "page": 325,
  "width": 137,
  "verse_pos": 3
 },
 {
  "line": 7,
  "left": 16,
  "end": 234,
  "height": 45,
  "top": 264,
  "ayah": 5,
  "page": 325,
  "width": 218,
  "verse_pos": 4
 },
 {
  "line": 8,
  "left": 107,
  "end": 372,
  "height": 43,
  "top": 309,
  "ayah": 5,
  "page": 325,
  "width": 265,
  "verse_pos": 4
 },
 {
  "line": 8,
  "left": 16,
  "end": 106,
  "height": 43,
  "top": 309,
  "ayah": 6,
  "page": 325,
  "width": 90,
  "verse_pos": 5
 },
 {
  "line": 9,
  "left": 16,
  "end": 372,
  "height": 41,
  "top": 352,
  "ayah": 6,
  "page": 325,
  "width": 356,
  "verse_pos": 5
 },
 {
  "line": 10,
  "left": 245,
  "end": 372,
  "height": 46,
  "top": 393,
  "ayah": 6,
  "page": 325,
  "width": 127,
  "verse_pos": 5
 },
 {
  "line": 10,
  "left": 16,
  "end": 244,
  "height": 46,
  "top": 393,
  "ayah": 7,
  "page": 325,
  "width": 228,
  "verse_pos": 6
 },
 {
  "line": 11,
  "left": 40,
  "end": 372,
  "height": 41,
  "top": 439,
  "ayah": 7,
  "page": 325,
  "width": 332,
  "verse_pos": 6
 },
 {
  "line": 11,
  "left": 16,
  "end": 39,
  "height": 41,
  "top": 439,
  "ayah": 8,
  "page": 325,
  "width": 23,
  "verse_pos": 7
 },
 {
  "line": 12,
  "left": 16,
  "end": 372,
  "height": 44,
  "top": 480,
  "ayah": 8,
  "page": 325,
  "width": 356,
  "verse_pos": 7
 },
 {
  "line": 13,
  "left": 126,
  "end": 372,
  "height": 38,
  "top": 524,
  "ayah": 8,
  "page": 325,
  "width": 246,
  "verse_pos": 7
 },
 {
  "line": 13,
  "left": 16,
  "end": 125,
  "height": 38,
  "top": 524,
  "ayah": 9,
  "page": 325,
  "width": 109,
  "verse_pos": 8
 },
 {
  "line": 14,
  "left": 16,
  "end": 372,
  "height": 43,
  "top": 562,
  "ayah": 9,
  "page": 325,
  "width": 356,
  "verse_pos": 8
 },
 {
  "line": 15,
  "left": 16,
  "end": 372,
  "height": 45,
  "top": 605,
  "ayah": 9,
  "page": 325,
  "width": 356,
  "verse_pos": 8
 }
]