[
 {
  "line": 1,
  "left": 156,
  "end": 375,
  "height": 43,
  "top": 7,
  "ayah": 1,
  "page": 365,
  "width": 219,
  "verse_pos": 0
 },
 {
  "line": 1,
  "left": 11,
  "end": 155,
  "height": 43,
  "top": 7,
  "ayah": 2,
  "page": 365,
  "width": 144,
  "verse_pos": 1
 },
 {
  "line": 2,
  "left": 74,
  "end": 375,
  "height": 42,
  "top": 50,
  "ayah": 2,
  "page": 365,
  "width": 301,
  "verse_pos": 1
 },
 {
  "line": 2,
  "left": 11,
  "end": 73,
  "height": 42,
  "top": 50,
  "ayah": 3,
  "page": 365,
  "width": 62,
  "verse_pos": 2
 },
 {
  "line": 3,
  "left": 11,
  "end": 375,
  "height": 43,
  "top": 92,
  "ayah": 3,
  "page": 365,
  "width": 364,
  "verse_pos": 2
 },
 {
  "line": 4,
  "left": 254,
  "end": 375,
  "height": 44,
  "top": 135,
  "ayah": 3,
  "page": 365,
  "width": 121,
  "verse_pos": 2
 },
 {
  "line": 4,
  "left": 11,
  "end": 253,
  "height": 44,
  "top": 135,
  "ayah": 4,
  "page": 365,
  "width": 242,
  "verse_pos": 3
 },
 {
  "line": 5,
  "left": 11,
  "end": 375,
  "height": 43,
  "top": 179,
  "ayah": 4,
  "page": 365,
  "width": 364,
  "verse_pos": 3
 },
 {
  "line": 6,
  "left": 292,
  "end": 375,
  "height": 41,
  "top": 222,
  "ayah": 4,
  "page": 365,
  "width": 83,
  "verse_pos": 3
 },
 {
  "line": 6,
  "left": 11,
  "end": 291,
  "height": 41,
  "top": 222,
  "ayah": 5,
  "page": 365,
  "width": 280,
  "verse_pos": 4
 },
 {
  "line": 7,
  "left": 136,
  "end": 375,
  "height": 47,
  "top": 263,
  "ayah": 5,
  "page": 365,
  "width": 239,
  "verse_pos": 4
 },
 {
  "line": 7,
  "left": 11,
  "end": 135,
  "height": 47,
  "top": 263,
  "ayah": 6,
  "page": 365,
  "width": 124,
  "verse_pos": 5
 },
 {
  "line": 8,
  "left": 45,
  "end": 375,
  "height": 40,
  "top": 310,
  "ayah": 6,
  "page": 365,
  "width": 330,
  "verse_pos": 5
 },
 {
  "line": 8,
  "left": 11,
  "end": 44,
  "height": 40,
  "top": 310,
  "ayah": 7,
  "page": 365,
  "width": 33,
  "verse_pos": 6
 },
 {
  "line": 9,
  "left": 11,
  "end": 375,
  "height": 43,
  "top": 350,
  "ayah": 7,
  "page": 365,
  "width": 364,
  "verse_pos": 6
 },
 {
  "line": 10,
  "left": 271,
  "end": 375,
  "height": 42,
  "top": 393,
  "ayah": 7,
  "page": 365,
  "width": 104,
  "verse_pos": 6
 },
 {
  "line": 10,
  "left": 11,
  "end": 270,
  "height": 42,
  "top": 393,
  "ayah": 8,
  "page": 365,
  "width": 259,
  "verse_pos": 7
 },
 {
  "line": 11,
  "left": 60,
  "end": 375,
  "height": 43,
  "top": 435,
  "ayah": 8,
  "page": 365,
  "width": 315,
  "verse_pos": 7
 },
 {
  "line": 11,
  "left": 11,
  "end": 59,
  "height": 43,
  "top": 435,
  "ayah": 9,
  "page": 365,
  "width": 48,
  "verse_pos": 8
 },
 {
  "line": 12,
  "left": 122,
  "end": 375,
  "height": 41,
  "top": 478,
  "ayah": 9,
  "page": 365,
  "width": 253,
  "verse_pos": 8
 },
 {
  "line": 12,
  "left": 11,
  "end": 121,
  "height": 41,
  "top": 478,
  "ayah": 10,
  "page": 365,
  "width": 110,
  "verse_pos": 9
 },
 {
  "line": 13,
  "left": 11,
  "end": 375,
  "height": 47,
  "top": 519,
  "ayah": 10,
  "page": 365,
  "width": 364,
  "verse_pos": 9
 },
 {
  "line": 14,
  "left": 339,
  "end": 375,
  "height": 43,
  "top": 566,
  "ayah": 10,
  "page": 365,
  "width": 36,
  "verse_pos": 9
 },
 {
  "line": 14,
  "left": 123,
  "end": 338,
  "height": 43,
  "top": 566,
  "ayah": 11,
  "page": 365,
  "width": 215,
  "verse_pos": 10
 },
 {
  "line": 14,
  "left": 11,
  "end": 122,
  "height": 43,
  "top": 566,
  "ayah": 12,
  "page": 365,
  "width": 111,
  "verse_pos": 11
 },
 {
  "line": 15,
  "left": 11,
  "end": 375,
  "height": 42,
  "top": 609,
  "ayah": 12,
  "page": 365,
  "width": 364,
  "verse_pos": 11
 }
]