[
 {
  "line": 1,
  "left": 21,
  "end": 369,
  "height": 47,
  "top": 7,
  "ayah": 1,
  "page": 131,
  "width": 348,
  "verse_pos": 0
 },
 {
  "line": 2,
  "left": 240,
  "end": 369,
  "height": 41,
  "top": 54,
  "ayah": 1,
  "page": 131,
  "width": 129,
  "verse_pos": 0
 },
 {
  "line": 2,
  "left": 21,
  "end": 239,
  "height": 41,
  "top": 54,
  "ayah": 2,
  "page": 131,
  "width": 218,
  "verse_pos": 1
 },
 {
  "line": 3,
  "left": 275,
  "end": 369,
  "height": 42,
  "top": 95,
  "ayah": 2,
  "page": 131,
  "width": 94,
  "verse_pos": 1
 },
 {
  "line": 3,
  "left": 21,
  "end": 274,
  "height": 42,
  "top": 95,
  "ayah": 3,
  "page": 131,
  "width": 253,
  "verse_pos": 2
 },
 {
  "line": 4,
  "left": 21,
  "end": 369,
  "height": 44,
  "top": 137,
  "ayah": 3,
  "page": 131,
  "width": 348,
  "verse_pos": 2
 },
 {
  "line": 5,
  "left": 331,
  "end": 369,
  "height": 46,
  "top": 181,
  "ayah": 3,
  "page": 131,
  "width": 38,
  "verse_pos": 2
 },
 {
  "line": 5,
  "left": 21,
  "end": 330,
  "height": 46,
  "top": 181,
  "ayah": 4,
  "page": 131,
  "width": 309,
  "verse_pos": 3
 },
 {
  "line": 6,
  "left": 21,
  "end": 369,
  "height": 41,
  "top": 227,
  "ayah": 4,
  "page": 131,
  "width": 348,
  "verse_pos": 3
 },
 {
  "line": 7,
  "left": 153,
  "end": 369,
  "height": 41,
  "top": 268,
  "ayah": 4,
  "page": 131,
  "width": 216,
  "verse_pos": 3
 },
 {
  "line": 7,
  "left": 21,
  "end": 152,
  "height": 41,
  "top": 268,
  "ayah": 5,
  "page": 131,
  "width": 131,
  "verse_pos": 4
 },
 {
  "line": 8,
  "left": 21,
  "end": 369,
  "height": 44,
  "top": 309,
  "ayah": 5,
  "page": 131,
  "width": 348,
  "verse_pos": 4
 },
 {
  "line": 9,
  "left": 331,
  "end": 369,
  "height": 45,
  "top": 353,
  "ayah": 5,
  "page": 131,
  "width": 38,
  "verse_pos": 4
 },
 {
  "line": 9,
  "left": 21,
  "end": 330,
  "height": 45,
  "top": 353,
  "ayah": 6,
  "page": 131,
  "width": 309,
  "verse_pos": 5
 },
 {
  "line": 10,
  "left": 106,
  "end": 369,
  "height": 41,
  "top": 398,
  "ayah": 6,
  "page": 131,
  "width": 263,
  "verse_pos": 5
 },
 {
  "line": 10,
  "left": 21,
  "end": 105,
  "height": 41,
  "top": 398,
  "ayah": 7,
  "page": 131,
  "width": 84,
  "verse_pos": 6
 },
 {
  "line": 11,
  "left": 21,
  "end": 369,
  "height": 45,
  "top": 439,
  "ayah": 7,
  "page": 131,
  "width": 348,
  "verse_pos": 6
 },
 {
  "line": 12,
  "left": 21,
  "end": 369,
  "height": 43,
  "top": 484,
  "ayah": 7,
  "page": 131,
  "width": 348,
  "verse_pos": 6
 },
 {
  "line": 13,
  "left": 333,
  "end": 369,
  "height": 41,
  "top": 527,
  "ayah": 7,
  "page": 131,
  "width": 36,
  "verse_pos": 6
 },
 {
  "line": 13,
  "left": 21,
  "end": 332,
  "height": 41,
  "top": 527,
  "ayah": 8,
  "page": 131,
  "width": 311,
  "verse_pos": 7
 },
 {
  "line": 14,
  "left": 21,
  "end": 369,
  "height": 46,
  "top": 568,
  "ayah": 8,
  "page": 131,
  "width": 348,
  "verse_pos": 7
 },
 {
  "line": 15,
  "left": 21,
  "end": 369,
  "height": 44,
  "top": 614,
  "ayah": 8,
  "page": 131,
  "width": 348,
  "verse_pos": 7
 }
]