[
    {
        "line": 1,
        "left": 12,
        "end": 375,
        "height": 39,
        "top": 7,
        "ayah": 1,
        "page": 465,
        "width": 363,
        "verse_pos": 0
    },
    {
        "line": 2,
        "left": 12,
        "end": 375,
        "height": 45,
        "top": 46,
        "ayah": 2,
        "page": 465,
        "width": 363,
        "verse_pos": 1
    },
    {
        "line": 3,
        "left": 238,
        "end": 375,
        "height": 44,
        "top": 91,
        "ayah": 2,
        "page": 465,
        "width": 137,
        "verse_pos": 1
    },
    {
        "line": 3,
        "left": 12,
        "end": 237,
        "height": 44,
        "top": 91,
        "ayah": 3,
        "page": 465,
        "width": 225,
        "verse_pos": 2
    },
    {
        "line": 4,
        "left": 101,
        "end": 375,
        "height": 40,
        "top": 135,
        "ayah": 3,
        "page": 465,
        "width": 274,
        "verse_pos": 2
    },
    {
        "line": 4,
        "left": 12,
        "end": 100,
        "height": 40,
        "top": 135,
        "ayah": 4,
        "page": 465,
        "width": 88,
        "verse_pos": 3
    },
    {
        "line": 5,
        "left": 12,
        "end": 375,
        "height": 44,
        "top": 175,
        "ayah": 4,
        "page": 465,
        "width": 363,
        "verse_pos": 3
    },
    {
        "line": 6,
        "left": 164,
        "end": 375,
        "height": 45,
        "top": 219,
        "ayah": 4,
        "page": 465,
        "width": 211,
        "verse_pos": 3
    },
    {
        "line": 6,
        "left": 12,
        "end": 163,
        "height": 45,
        "top": 219,
        "ayah": 5,
        "page": 465,
        "width": 151,
        "verse_pos": 4
    },
    {
        "line": 7,
        "left": 42,
        "end": 375,
        "height": 41,
        "top": 264,
        "ayah": 5,
        "page": 465,
        "width": 333,
        "verse_pos": 4
    },
    {
        "line": 7,
        "left": 12,
        "end": 42,
        "height": 41,
        "top": 264,
        "ayah": 6,
        "page": 465,
        "width": 30,
        "verse_pos": 5
    },
    {
        "line": 8,
        "left": 77,
        "end": 375,
        "height": 44,
        "top": 305,
        "ayah": 6,
        "page": 465,
        "width": 298,
        "verse_pos": 5
    },
    {
        "line": 8,
        "left": 12,
        "end": 76,
        "height": 44,
        "top": 305,
        "ayah": 7,
        "page": 465,
        "width": 64,
        "verse_pos": 6
    },
    {
        "line": 9,
        "left": 12,
        "end": 375,
        "height": 41,
        "top": 349,
        "ayah": 7,
        "page": 465,
        "width": 363,
        "verse_pos": 6
    },
    {
        "line": 10,
        "left": 223,
        "end": 375,
        "height": 45,
        "top": 390,
        "ayah": 7,
        "page": 465,
        "width": 152,
        "verse_pos": 6
    },
    {
        "line": 10,
        "left": 12,
        "end": 222,
        "height": 45,
        "top": 390,
        "ayah": 8,
        "page": 465,
        "width": 210,
        "verse_pos": 7
    },
    {
        "line": 11,
        "left": 281,
        "end": 375,
        "height": 44,
        "top": 435,
        "ayah": 8,
        "page": 465,
        "width": 94,
        "verse_pos": 7
    },
    {
        "line": 11,
        "left": 12,
        "end": 280,
        "height": 44,
        "top": 435,
        "ayah": 9,
        "page": 465,
        "width": 268,
        "verse_pos": 8
    },
    {
        "line": 12,
        "left": 61,
        "end": 375,
        "height": 42,
        "top": 479,
        "ayah": 9,
        "page": 465,
        "width": 314,
        "verse_pos": 8
    },
    {
        "line": 12,
        "left": 12,
        "end": 60,
        "height": 42,
        "top": 479,
        "ayah": 10,
        "page": 465,
        "width": 48,
        "verse_pos": 9
    },
    {
        "line": 13,
        "left": 165,
        "end": 375,
        "height": 44,
        "top": 521,
        "ayah": 10,
        "page": 465,
        "width": 210,
        "verse_pos": 9
    },
    {
        "line": 13,
        "left": 12,
        "end": 164,
        "height": 44,
        "top": 521,
        "ayah": 11,
        "page": 465,
        "width": 152,
        "verse_pos": 10
    },
    {
        "line": 14,
        "left": 12,
        "end": 375,
        "height": 42,
        "top": 565,
        "ayah": 11,
        "page": 465,
        "width": 363,
        "verse_pos": 10
    },
    {
        "line": 15,
        "left": 12,
        "end": 375,
        "height": 42,
        "top": 607,
        "ayah": 11,
        "page": 465,
        "width": 363,
        "verse_pos": 10
    }
]