[
 {
  "line": 1,
  "left": 158,
  "end": 372,
  "height": 38,
  "top": 7,
  "ayah": 1,
  "page": 384,
  "width": 214,
  "verse_pos": 0
 },
 {
  "line": 1,
  "left": 14,
  "end": 157,
  "height": 38,
  "top": 7,
  "ayah": 2,
  "page": 384,
  "width": 143,
  "verse_pos": 1
 },
 {
  "line": 2,
  "left": 161,
  "end": 372,
  "height": 46,
  "top": 45,
  "ayah": 2,
  "page": 384,
  "width": 211,
  "verse_pos": 1
 },
 {
  "line": 2,
  "left": 14,
  "end": 160,
  "height": 46,
  "top": 45,
  "ayah": 3,
  "page": 384,
  "width": 146,
  "verse_pos": 2
 },
 {
  "line": 3,
  "left": 258,
  "end": 372,
  "height": 42,
  "top": 91,
  "ayah": 3,
  "page": 384,
  "width": 114,
  "verse_pos": 2
 },
 {
  "line": 3,
  "left": 14,
  "end": 257,
  "height": 42,
  "top": 91,
  "ayah": 4,
  "page": 384,
  "width": 243,
  "verse_pos": 3
 },
 {
  "line": 4,
  "left": 248,
  "end": 372,
  "height": 43,
  "top": 133,
  "ayah": 4,
  "page": 384,
  "width": 124,
  "verse_pos": 3
 },
 {
  "line": 4,
  "left": 14,
  "end": 247,
  "height": 43,
  "top": 133,
  "ayah": 5,
  "page": 384,
  "width": 233,
  "verse_pos": 4
 },
 {
  "line": 5,
  "left": 66,
  "end": 372,
  "height": 44,
  "top": 176,
  "ayah": 5,
  "page": 384,
  "width": 306,
  "verse_pos": 4
 },
 {
  "line": 5,
  "left": 14,
  "end": 65,
  "height": 44,
  "top": 176,
  "ayah": 6,
  "page": 384,
  "width": 51,
  "verse_pos": 5
 },
 {
  "line": 6,
  "left": 14,
  "end": 372,
  "height": 44,
  "top": 220,
  "ayah": 6,
  "page": 384,
  "width": 358,
  "verse_pos": 5
 },
 {
  "line": 7,
  "left": 164,
  "end": 372,
  "height": 43,
  "top": 264,
  "ayah": 6,
  "page": 384,
  "width": 208,
  "verse_pos": 5
 },
 {
  "line": 7,
  "left": 14,
  "end": 163,
  "height": 43,
  "top": 264,
  "ayah": 7,
  "page": 384,
  "width": 149,
  "verse_pos": 6
 },
 {
  "line": 8,
  "left": 102,
  "end": 372,
  "height": 42,
  "top": 307,
  "ayah": 7,
  "page": 384,
  "width": 270,
  "verse_pos": 6
 },
 {
  "line": 8,
  "left": 14,
  "end": 101,
  "height": 42,
  "top": 307,
  "ayah": 8,
  "page": 384,
  "width": 87,
  "verse_pos": 7
 },
 {
  "line": 9,
  "left": 14,
  "end": 372,
  "height": 44,
  "top": 349,
  "ayah": 8,
  "page": 384,
  "width": 358,
  "verse_pos": 7
 },
 {
  "line": 10,
  "left": 338,
  "end": 372,
  "height": 40,
  "top": 393,
  "ayah": 8,
  "page": 384,
  "width": 34,
  "verse_pos": 7
 },
 {
  "line": 10,
  "left": 45,
  "end": 337,
  "height": 40,
  "top": 393,
  "ayah": 9,
  "page": 384,
  "width": 292,
  "verse_pos": 8
 },
 {
  "line": 10,
  "left": 14,
  "end": 44,
  "height": 40,
  "top": 393,
  "ayah": 10,
  "page": 384,
  "width": 30,
  "verse_pos": 9
 },
 {
  "line": 11,
  "left": 14,
  "end": 372,
  "height": 46,
  "top": 433,
  "ayah": 10,
  "page": 384,
  "width": 358,
  "verse_pos": 9
 },
 {
  "line": 12,
  "left": 183,
  "end": 372,
  "height": 40,
  "top": 479,
  "ayah": 10,
  "page": 384,
  "width": 189,
  "verse_pos": 9
 },
 {
  "line": 12,
  "left": 14,
  "end": 182,
  "height": 40,
  "top": 479,
  "ayah": 11,
  "page": 384,
  "width": 168,
  "verse_pos": 10
 },
 {
  "line": 13,
  "left": 14,
  "end": 372,
  "height": 45,
  "top": 519,
  "ayah": 11,
  "page": 384,
  "width": 358,
  "verse_pos": 10
 },
 {
  "line": 14,
  "left": 291,
  "end": 372,
  "height": 40,
  "top": 564,
  "ayah": 11,
  "page": 384,
  "width": 81,
  "verse_pos": 10
 },
 {
  "line": 14,
  "left": 14,
  "end": 290,
  "height": 40,
  "top": 564,
  "ayah": 12,
  "page": 384,
  "width": 276,
  "verse_pos": 11
 },
 {
  "line": 15,
  "left": 14,
  "end": 372,
  "height": 46,
  "top": 604,
  "ayah": 12,
  "page": 384,
  "width": 358,
  "verse_pos": 11
 }
]