[
 {
  "line": 1,
  "left": 18,
  "end": 372,
  "height": 42,
  "top": 7,
  "ayah": 1,
  "page": 510,
  "width": 354,
  "verse_pos": 0
 },
 {
  "line": 2,
  "left": 149,
  "end": 372,
  "height": 42,
  "top": 49,
  "ayah": 1,
  "page": 510,
  "width": 223,
  "verse_pos": 0
 },
 {
  "line": 2,
  "left": 18,
  "end": 149,
  "height": 42,
  "top": 49,
  "ayah": 2,
  "page": 510,
  "width": 131,
  "verse_pos": 1
 },
 {
  "line": 3,
  "left": 81,
  "end": 372,
  "height": 44,
  "top": 91,
  "ayah": 2,
  "page": 510,
  "width": 291,
  "verse_pos": 1
 },
 {
  "line": 3,
  "left": 18,
  "end": 80,
  "height": 44,
  "top": 91,
  "ayah": 3,
  "page": 510,
  "width": 62,
  "verse_pos": 2
 },
 {
  "line": 4,
  "left": 18,
  "end": 372,
  "height": 45,
  "top": 135,
  "ayah": 3,
  "page": 510,
  "width": 354,
  "verse_pos": 2
 },
 {
  "line": 5,
  "left": 18,
  "end": 372,
  "height": 41,
  "top": 180,
  "ayah": 3,
  "page": 510,
  "width": 354,
  "verse_pos": 2
 },
 {
  "line": 6,
  "left": 18,
  "end": 372,
  "height": 44,
  "top": 221,
  "ayah": 4,
  "page": 510,
  "width": 354,
  "verse_pos": 3
 },
 {
  "line": 7,
  "left": 283,
  "end": 372,
  "height": 43,
  "top": 265,
  "ayah": 4,
  "page": 510,
  "width": 89,
  "verse_pos": 3
 },
 {
  "line": 7,
  "left": 18,
  "end": 282,
  "height": 43,
  "top": 265,
  "ayah": 5,
  "page": 510,
  "width": 264,
  "verse_pos": 4
 },
 {
  "line": 8,
  "left": 177,
  "end": 372,
  "height": 42,
  "top": 308,
  "ayah": 5,
  "page": 510,
  "width": 195,
  "verse_pos": 4
 },
 {
  "line": 8,
  "left": 18,
  "end": 176,
  "height": 42,
  "top": 308,
  "ayah": 6,
  "page": 510,
  "width": 158,
  "verse_pos": 5
 },
 {
  "line": 9,
  "left": 58,
  "end": 372,
  "height": 40,
  "top": 350,
  "ayah": 6,
  "page": 510,
  "width": 314,
  "verse_pos": 5
 },
 {
  "line": 9,
  "left": 18,
  "end": 57,
  "height": 40,
  "top": 350,
  "ayah": 7,
  "page": 510,
  "width": 39,
  "verse_pos": 6
 },
 {
  "line": 10,
  "left": 18,
  "end": 372,
  "height": 49,
  "top": 390,
  "ayah": 7,
  "page": 510,
  "width": 354,
  "verse_pos": 6
 },
 {
  "line": 11,
  "left": 202,
  "end": 372,
  "height": 41,
  "top": 439,
  "ayah": 7,
  "page": 510,
  "width": 170,
  "verse_pos": 6
 },
 {
  "line": 11,
  "left": 18,
  "end": 202,
  "height": 41,
  "top": 439,
  "ayah": 8,
  "page": 510,
  "width": 184,
  "verse_pos": 7
 },
 {
  "line": 12,
  "left": 175,
  "end": 372,
  "height": 39,
  "top": 480,
  "ayah": 8,
  "page": 510,
  "width": 197,
  "verse_pos": 7
 },
 {
  "line": 12,
  "left": 18,
  "end": 175,
  "height": 39,
  "top": 480,
  "ayah": 9,
  "page": 510,
  "width": 157,
  "verse_pos": 8
 },
 {
  "line": 13,
  "left": 18,
  "end": 372,
  "height": 45,
  "top": 519,
  "ayah": 9,
  "page": 510,
  "width": 354,
  "verse_pos": 8
 },
 {
  "line": 14,
  "left": 18,
  "end": 372,
  "height": 45,
  "top": 564,
  "ayah": 9,
  "page": 510,
  "width": 354,
  "verse_pos": 8
 },
 {
  "line": 15,
  "left": 18,
  "end": 372,
  "height": 42,
  "top": 609,
  "ayah": 9,
  "page": 510,
  "width": 354,
  "verse_pos": 8
 }
]