[
 {
  "line": 1,
  "left": 314,
  "end": 373,
  "height": 40,
  "top": 48,
  "ayah": 2,
  "page": 499,
  "width": 59,
  "verse_pos": 1
 },
 {
  "line": 1,
  "left": 92,
  "end": 314,
  "height": 40,
  "top": 48,
  "ayah": 3,
  "page": 499,
  "width": 222,
  "verse_pos": 2
 },
 {
  "line": 1,
  "left": 15,
  "end": 92,
  "height": 40,
  "top": 48,
  "ayah": 4,
  "page": 499,
  "width": 77,
  "verse_pos": 3
 },
 {
  "line": 2,
  "left": 199,
  "end": 373,
  "height": 44,
  "top": 88,
  "ayah": 4,
  "page": 499,
  "width": 174,
  "verse_pos": 3
 },
 {
  "line": 2,
  "left": 15,
  "end": 198,
  "height": 44,
  "top": 88,
  "ayah": 5,
  "page": 499,
  "width": 183,
  "verse_pos": 4
 },
 {
  "line": 3,
  "left": 268,
  "end": 373,
  "height": 43,
  "top": 132,
  "ayah": 5,
  "page": 499,
  "width": 105,
  "verse_pos": 4
 },
 {
  "line": 3,
  "left": 15,
  "end": 267,
  "height": 43,
  "top": 132,
  "ayah": 6,
  "page": 499,
  "width": 252,
  "verse_pos": 5
 },
 {
  "line": 4,
  "left": 15,
  "end": 373,
  "height": 41,
  "top": 175,
  "ayah": 6,
  "page": 499,
  "width": 358,
  "verse_pos": 5
 },
 {
  "line": 5,
  "left": 297,
  "end": 373,
  "height": 42,
  "top": 216,
  "ayah": 6,
  "page": 499,
  "width": 76,
  "verse_pos": 5
 },
 {
  "line": 5,
  "left": 15,
  "end": 296,
  "height": 42,
  "top": 216,
  "ayah": 7,
  "page": 499,
  "width": 281,
  "verse_pos": 6
 },
 {
  "line": 6,
  "left": 223,
  "end": 373,
  "height": 43,
  "top": 258,
  "ayah": 7,
  "page": 499,
  "width": 150,
  "verse_pos": 6
 },
 {
  "line": 6,
  "left": 89,
  "end": 222,
  "height": 43,
  "top": 258,
  "ayah": 8,
  "page": 499,
  "width": 133,
  "verse_pos": 7
 },
 {
  "line": 6,
  "left": 15,
  "end": 89,
  "height": 43,
  "top": 258,
  "ayah": 9,
  "page": 499,
  "width": 74,
  "verse_pos": 8
 },
 {
  "line": 7,
  "left": 15,
  "end": 373,
  "height": 42,
  "top": 301,
  "ayah": 9,
  "page": 499,
  "width": 358,
  "verse_pos": 8
 },
 {
  "line": 8,
  "left": 336,
  "end": 373,
  "height": 43,
  "top": 343,
  "ayah": 9,
  "page": 499,
  "width": 37,
  "verse_pos": 8
 },
 {
  "line": 8,
  "left": 15,
  "end": 335,
  "height": 43,
  "top": 343,
  "ayah": 10,
  "page": 499,
  "width": 320,
  "verse_pos": 9
 },
 {
  "line": 9,
  "left": 302,
  "end": 373,
  "height": 45,
  "top": 386,
  "ayah": 10,
  "page": 499,
  "width": 71,
  "verse_pos": 9
 },
 {
  "line": 9,
  "left": 15,
  "end": 301,
  "height": 45,
  "top": 386,
  "ayah": 11,
  "page": 499,
  "width": 286,
  "verse_pos": 10
 },
 {
  "line": 10,
  "left": 52,
  "end": 373,
  "height": 44,
  "top": 431,
  "ayah": 11,
  "page": 499,
  "width": 321,
  "verse_pos": 10
 },
 {
  "line": 10,
  "left": 15,
  "end": 51,
  "height": 44,
  "top": 431,
  "ayah": 12,
  "page": 499,
  "width": 36,
  "verse_pos": 11
 },
 {
  "line": 11,
  "left": 15,
  "end": 373,
  "height": 44,
  "top": 475,
  "ayah": 12,
  "page": 499,
  "width": 358,
  "verse_pos": 11
 },
 {
  "line": 12,
  "left": 15,
  "end": 373,
  "height": 41,
  "top": 519,
  "ayah": 13,
  "page": 499,
  "width": 358,
  "verse_pos": 12
 },
 {
  "line": 13,
  "left": 201,
  "end": 373,
  "height": 41,
  "top": 560,
  "ayah": 13,
  "page": 499,
  "width": 172,
  "verse_pos": 12
 },
 {
  "line": 13,
  "left": 15,
  "end": 200,
  "height": 41,
  "top": 560,
  "ayah": 14,
  "page": 499,
  "width": 185,
  "verse_pos": 13
 },
 {
  "line": 14,
  "left": 15,
  "end": 373,
  "height": 42,
  "top": 601,
  "ayah": 14,
  "page": 499,
  "width": 358,
  "verse_pos": 13
 }
]