[
 {
  "line": 1,
  "left": 250,
  "end": 381,
  "height": 42,
  "top": 43,
  "ayah": 2,
  "page": 446,
  "width": 131,
  "verse_pos": 1
 },
 {
  "line": 1,
  "left": 128,
  "end": 249,
  "height": 42,
  "top": 43,
  "ayah": 3,
  "page": 446,
  "width": 121,
  "verse_pos": 2
 },
 {
  "line": 1,
  "left": 9,
  "end": 127,
  "height": 42,
  "top": 43,
  "ayah": 4,
  "page": 446,
  "width": 118,
  "verse_pos": 3
 },
 {
  "line": 2,
  "left": 249,
  "end": 381,
  "height": 44,
  "top": 85,
  "ayah": 5,
  "page": 446,
  "width": 132,
  "verse_pos": 4
 },
 {
  "line": 2,
  "left": 9,
  "end": 248,
  "height": 44,
  "top": 85,
  "ayah": 6,
  "page": 446,
  "width": 239,
  "verse_pos": 5
 },
 {
  "line": 3,
  "left": 291,
  "end": 381,
  "height": 43,
  "top": 129,
  "ayah": 6,
  "page": 446,
  "width": 90,
  "verse_pos": 5
 },
 {
  "line": 3,
  "left": 57,
  "end": 290,
  "height": 43,
  "top": 129,
  "ayah": 7,
  "page": 446,
  "width": 233,
  "verse_pos": 6
 },
 {
  "line": 3,
  "left": 9,
  "end": 56,
  "height": 43,
  "top": 129,
  "ayah": 8,
  "page": 446,
  "width": 47,
  "verse_pos": 7
 },
 {
  "line": 4,
  "left": 234,
  "end": 381,
  "height": 41,
  "top": 172,
  "ayah": 8,
  "page": 446,
  "width": 147,
  "verse_pos": 7
 },
 {
  "line": 4,
  "left": 9,
  "end": 233,
  "height": 41,
  "top": 172,
  "ayah": 9,
  "page": 446,
  "width": 224,
  "verse_pos": 8
 },
 {
  "line": 5,
  "left": 272,
  "end": 381,
  "height": 44,
  "top": 213,
  "ayah": 9,
  "page": 446,
  "width": 109,
  "verse_pos": 8
 },
 {
  "line": 5,
  "left": 91,
  "end": 271,
  "height": 44,
  "top": 213,
  "ayah": 10,
  "page": 446,
  "width": 180,
  "verse_pos": 9
 },
 {
  "line": 5,
  "left": 9,
  "end": 90,
  "height": 44,
  "top": 213,
  "ayah": 11,
  "page": 446,
  "width": 81,
  "verse_pos": 10
 },
 {
  "line": 6,
  "left": 172,
  "end": 381,
  "height": 42,
  "top": 257,
  "ayah": 11,
  "page": 446,
  "width": 209,
  "verse_pos": 10
 },
 {
  "line": 6,
  "left": 9,
  "end": 172,
  "height": 42,
  "top": 257,
  "ayah": 12,
  "page": 446,
  "width": 163,
  "verse_pos": 11
 },
 {
  "line": 7,
  "left": 108,
  "end": 381,
  "height": 44,
  "top": 299,
  "ayah": 12,
  "page": 446,
  "width": 273,
  "verse_pos": 11
 },
 {
  "line": 7,
  "left": 9,
  "end": 107,
  "height": 44,
  "top": 299,
  "ayah": 13,
  "page": 446,
  "width": 98,
  "verse_pos": 12
 },
 {
  "line": 8,
  "left": 288,
  "end": 381,
  "height": 43,
  "top": 343,
  "ayah": 13,
  "page": 446,
  "width": 93,
  "verse_pos": 12
 },
 {
  "line": 8,
  "left": 145,
  "end": 287,
  "height": 43,
  "top": 343,
  "ayah": 14,
  "page": 446,
  "width": 142,
  "verse_pos": 13
 },
 {
  "line": 8,
  "left": 9,
  "end": 144,
  "height": 43,
  "top": 343,
  "ayah": 15,
  "page": 446,
  "width": 135,
  "verse_pos": 14
 },
 {
  "line": 9,
  "left": 346,
  "end": 381,
  "height": 45,
  "top": 386,
  "ayah": 15,
  "page": 446,
  "width": 35,
  "verse_pos": 14
 },
 {
  "line": 9,
  "left": 157,
  "end": 345,
  "height": 45,
  "top": 386,
  "ayah": 16,
  "page": 446,
  "width": 188,
  "verse_pos": 15
 },
 {
  "line": 9,
  "left": 9,
  "end": 156,
  "height": 45,
  "top": 386,
  "ayah": 17,
  "page": 446,
  "width": 147,
  "verse_pos": 16
 },
 {
  "line": 10,
  "left": 269,
  "end": 381,
  "height": 43,
  "top": 431,
  "ayah": 17,
  "page": 446,
  "width": 112,
  "verse_pos": 16
 },
 {
  "line": 10,
  "left": 139,
  "end": 268,
  "height": 43,
  "top": 431,
  "ayah": 18,
  "page": 446,
  "width": 129,
  "verse_pos": 17
 },
 {
  "line": 10,
  "left": 9,
  "end": 138,
  "height": 43,
  "top": 431,
  "ayah": 19,
  "page": 446,
  "width": 129,
  "verse_pos": 18
 },
 {
  "line": 11,
  "left": 345,
  "end": 381,
  "height": 43,
  "top": 474,
  "ayah": 19,
  "page": 446,
  "width": 36,
  "verse_pos": 18
 },
 {
  "line": 11,
  "left": 108,
  "end": 344,
  "height": 43,
  "top": 474,
  "ayah": 20,
  "page": 446,
  "width": 236,
  "verse_pos": 19
 },
 {
  "line": 11,
  "left": 9,
  "end": 107,
  "height": 43,
  "top": 474,
  "ayah": 21,
  "page": 446,
  "width": 98,
  "verse_pos": 20
 },
 {
  "line": 12,
  "left": 291,
  "end": 381,
  "height": 44,
  "top": 517,
  "ayah": 21,
  "page": 446,
  "width": 90,
  "verse_pos": 20
 },
 {
  "line": 12,
  "left": 9,
  "end": 290,
  "height": 44,
  "top": 517,
  "ayah": 22,
  "page": 446,
  "width": 281,
  "verse_pos": 21
 },
 {
  "line": 13,
  "left": 64,
  "end": 381,
  "height": 39,
  "top": 561,
  "ayah": 23,
  "page": 446,
  "width": 317,
  "verse_pos": 22
 },
 {
  "line": 13,
  "left": 9,
  "end": 63,
  "height": 39,
  "top": 561,
  "ayah": 24,
  "page": 446,
  "width": 54,
  "verse_pos": 23
 },
 {
  "line": 14,
  "left": 173,
  "end": 381,
  "height": 45,
  "top": 600,
  "ayah": 24,
  "page": 446,
  "width": 208,
  "verse_pos": 23
 },
 {
  "line": 14,
  "left": 9,
  "end": 172,
  "height": 45,
  "top": 600,
  "ayah": 25,
  "page": 446,
  "width": 163,
  "verse_pos": 24
 }
]