[
 {
  "line": 1,
  "left": 16,
  "end": 370,
  "height": 40,
  "top": 7,
  "ayah": 1,
  "page": 250,
  "width": 354,
  "verse_pos": 0
 },
 {
  "line": 2,
  "left": 16,
  "end": 370,
  "height": 42,
  "top": 47,
  "ayah": 1,
  "page": 250,
  "width": 354,
  "verse_pos": 0
 },
 {
  "line": 3,
  "left": 160,
  "end": 370,
  "height": 41,
  "top": 89,
  "ayah": 1,
  "page": 250,
  "width": 210,
  "verse_pos": 0
 },
 {
  "line": 3,
  "left": 16,
  "end": 159,
  "height": 41,
  "top": 89,
  "ayah": 2,
  "page": 250,
  "width": 143,
  "verse_pos": 1
 },
 {
  "line": 4,
  "left": 16,
  "end": 370,
  "height": 44,
  "top": 130,
  "ayah": 2,
  "page": 250,
  "width": 354,
  "verse_pos": 1
 },
 {
  "line": 5,
  "left": 335,
  "end": 370,
  "height": 41,
  "top": 174,
  "ayah": 2,
  "page": 250,
  "width": 35,
  "verse_pos": 1
 },
 {
  "line": 5,
  "left": 16,
  "end": 334,
  "height": 41,
  "top": 174,
  "ayah": 3,
  "page": 250,
  "width": 318,
  "verse_pos": 2
 },
 {
  "line": 6,
  "left": 98,
  "end": 370,
  "height": 46,
  "top": 215,
  "ayah": 3,
  "page": 250,
  "width": 272,
  "verse_pos": 2
 },
 {
  "line": 6,
  "left": 16,
  "end": 97,
  "height": 46,
  "top": 215,
  "ayah": 4,
  "page": 250,
  "width": 81,
  "verse_pos": 3
 },
 {
  "line": 7,
  "left": 140,
  "end": 370,
  "height": 43,
  "top": 261,
  "ayah": 4,
  "page": 250,
  "width": 230,
  "verse_pos": 3
 },
 {
  "line": 7,
  "left": 16,
  "end": 139,
  "height": 43,
  "top": 261,
  "ayah": 5,
  "page": 250,
  "width": 123,
  "verse_pos": 4
 },
 {
  "line": 8,
  "left": 16,
  "end": 370,
  "height": 44,
  "top": 304,
  "ayah": 5,
  "page": 250,
  "width": 354,
  "verse_pos": 4
 },
 {
  "line": 9,
  "left": 296,
  "end": 370,
  "height": 42,
  "top": 348,
  "ayah": 5,
  "page": 250,
  "width": 74,
  "verse_pos": 4
 },
 {
  "line": 9,
  "left": 16,
  "end": 295,
  "height": 42,
  "top": 348,
  "ayah": 6,
  "page": 250,
  "width": 279,
  "verse_pos": 5
 },
 {
  "line": 10,
  "left": 16,
  "end": 370,
  "height": 42,
  "top": 390,
  "ayah": 6,
  "page": 250,
  "width": 354,
  "verse_pos": 5
 },
 {
  "line": 11,
  "left": 16,
  "end": 370,
  "height": 45,
  "top": 432,
  "ayah": 6,
  "page": 250,
  "width": 354,
  "verse_pos": 5
 },
 {
  "line": 12,
  "left": 307,
  "end": 370,
  "height": 44,
  "top": 477,
  "ayah": 6,
  "page": 250,
  "width": 63,
  "verse_pos": 5
 },
 {
  "line": 12,
  "left": 16,
  "end": 306,
  "height": 44,
  "top": 477,
  "ayah": 7,
  "page": 250,
  "width": 290,
  "verse_pos": 6
 },
 {
  "line": 13,
  "left": 172,
  "end": 370,
  "height": 42,
  "top": 521,
  "ayah": 7,
  "page": 250,
  "width": 198,
  "verse_pos": 6
 },
 {
  "line": 13,
  "left": 16,
  "end": 171,
  "height": 42,
  "top": 521,
  "ayah": 8,
  "page": 250,
  "width": 155,
  "verse_pos": 7
 },
 {
  "line": 14,
  "left": 16,
  "end": 370,
  "height": 44,
  "top": 563,
  "ayah": 8,
  "page": 250,
  "width": 354,
  "verse_pos": 7
 },
 {
  "line": 15,
  "left": 16,
  "end": 370,
  "height": 46,
  "top": 607,
  "ayah": 8,
  "page": 250,
  "width": 354,
  "verse_pos": 7
 }
]