[
 {
  "line": 1,
  "left": 15,
  "end": 372,
  "height": 42,
  "top": 7,
  "ayah": 1,
  "page": 202,
  "width": 357,
  "verse_pos": 0
 },
 {
  "line": 2,
  "left": 15,
  "end": 372,
  "height": 45,
  "top": 49,
  "ayah": 1,
  "page": 202,
  "width": 357,
  "verse_pos": 0
 },
 {
  "line": 3,
  "left": 15,
  "end": 372,
  "height": 43,
  "top": 94,
  "ayah": 1,
  "page": 202,
  "width": 357,
  "verse_pos": 0
 },
 {
  "line": 4,
  "left": 88,
  "end": 372,
  "height": 40,
  "top": 137,
  "ayah": 1,
  "page": 202,
  "width": 284,
  "verse_pos": 0
 },
 {
  "line": 4,
  "left": 15,
  "end": 87,
  "height": 40,
  "top": 137,
  "ayah": 2,
  "page": 202,
  "width": 72,
  "verse_pos": 1
 },
 {
  "line": 5,
  "left": 15,
  "end": 372,
  "height": 44,
  "top": 177,
  "ayah": 2,
  "page": 202,
  "width": 357,
  "verse_pos": 1
 },
 {
  "line": 6,
  "left": 15,
  "end": 372,
  "height": 44,
  "top": 221,
  "ayah": 2,
  "page": 202,
  "width": 357,
  "verse_pos": 1
 },
 {
  "line": 7,
  "left": 240,
  "end": 372,
  "height": 46,
  "top": 265,
  "ayah": 2,
  "page": 202,
  "width": 132,
  "verse_pos": 1
 },
 {
  "line": 7,
  "left": 15,
  "end": 239,
  "height": 46,
  "top": 265,
  "ayah": 3,
  "page": 202,
  "width": 224,
  "verse_pos": 2
 },
 {
  "line": 8,
  "left": 15,
  "end": 372,
  "height": 38,
  "top": 311,
  "ayah": 3,
  "page": 202,
  "width": 357,
  "verse_pos": 2
 },
 {
  "line": 9,
  "left": 333,
  "end": 372,
  "height": 46,
  "top": 349,
  "ayah": 3,
  "page": 202,
  "width": 39,
  "verse_pos": 2
 },
 {
  "line": 9,
  "left": 15,
  "end": 332,
  "height": 46,
  "top": 349,
  "ayah": 4,
  "page": 202,
  "width": 317,
  "verse_pos": 3
 },
 {
  "line": 10,
  "left": 48,
  "end": 372,
  "height": 40,
  "top": 395,
  "ayah": 4,
  "page": 202,
  "width": 324,
  "verse_pos": 3
 },
 {
  "line": 10,
  "left": 15,
  "end": 47,
  "height": 40,
  "top": 395,
  "ayah": 5,
  "page": 202,
  "width": 32,
  "verse_pos": 4
 },
 {
  "line": 11,
  "left": 15,
  "end": 372,
  "height": 48,
  "top": 435,
  "ayah": 5,
  "page": 202,
  "width": 357,
  "verse_pos": 4
 },
 {
  "line": 12,
  "left": 76,
  "end": 372,
  "height": 40,
  "top": 483,
  "ayah": 5,
  "page": 202,
  "width": 296,
  "verse_pos": 4
 },
 {
  "line": 12,
  "left": 15,
  "end": 75,
  "height": 40,
  "top": 483,
  "ayah": 6,
  "page": 202,
  "width": 60,
  "verse_pos": 5
 },
 {
  "line": 13,
  "left": 15,
  "end": 372,
  "height": 44,
  "top": 523,
  "ayah": 6,
  "page": 202,
  "width": 357,
  "verse_pos": 5
 },
 {
  "line": 14,
  "left": 15,
  "end": 372,
  "height": 41,
  "top": 567,
  "ayah": 6,
  "page": 202,
  "width": 357,
  "verse_pos": 5
 },
 {
  "line": 15,
  "left": 15,
  "end": 372,
  "height": 47,
  "top": 608,
  "ayah": 6,
  "page": 202,
  "width": 357,
  "verse_pos": 5
 }
]