[
 {
  "line": 1,
  "left": 16,
  "end": 372,
  "height": 43,
  "top": 7,
  "ayah": 1,
  "page": 393,
  "width": 356,
  "verse_pos": 0
 },
 {
  "line": 2,
  "left": 179,
  "end": 372,
  "height": 43,
  "top": 50,
  "ayah": 1,
  "page": 393,
  "width": 193,
  "verse_pos": 0
 },
 {
  "line": 2,
  "left": 16,
  "end": 178,
  "height": 43,
  "top": 50,
  "ayah": 2,
  "page": 393,
  "width": 162,
  "verse_pos": 1
 },
 {
  "line": 3,
  "left": 16,
  "end": 372,
  "height": 42,
  "top": 93,
  "ayah": 2,
  "page": 393,
  "width": 356,
  "verse_pos": 1
 },
 {
  "line": 4,
  "left": 243,
  "end": 372,
  "height": 44,
  "top": 135,
  "ayah": 2,
  "page": 393,
  "width": 129,
  "verse_pos": 1
 },
 {
  "line": 4,
  "left": 16,
  "end": 242,
  "height": 44,
  "top": 135,
  "ayah": 3,
  "page": 393,
  "width": 226,
  "verse_pos": 2
 },
 {
  "line": 5,
  "left": 230,
  "end": 372,
  "height": 40,
  "top": 179,
  "ayah": 3,
  "page": 393,
  "width": 142,
  "verse_pos": 2
 },
 {
  "line": 5,
  "left": 16,
  "end": 229,
  "height": 40,
  "top": 179,
  "ayah": 4,
  "page": 393,
  "width": 213,
  "verse_pos": 3
 },
 {
  "line": 6,
  "left": 16,
  "end": 372,
  "height": 45,
  "top": 219,
  "ayah": 4,
  "page": 393,
  "width": 356,
  "verse_pos": 3
 },
 {
  "line": 7,
  "left": 265,
  "end": 372,
  "height": 44,
  "top": 264,
  "ayah": 4,
  "page": 393,
  "width": 107,
  "verse_pos": 3
 },
 {
  "line": 7,
  "left": 16,
  "end": 264,
  "height": 44,
  "top": 264,
  "ayah": 5,
  "page": 393,
  "width": 248,
  "verse_pos": 4
 },
 {
  "line": 8,
  "left": 101,
  "end": 372,
  "height": 42,
  "top": 308,
  "ayah": 5,
  "page": 393,
  "width": 271,
  "verse_pos": 4
 },
 {
  "line": 8,
  "left": 16,
  "end": 100,
  "height": 42,
  "top": 308,
  "ayah": 6,
  "page": 393,
  "width": 84,
  "verse_pos": 5
 },
 {
  "line": 9,
  "left": 157,
  "end": 372,
  "height": 43,
  "top": 350,
  "ayah": 6,
  "page": 393,
  "width": 215,
  "verse_pos": 5
 },
 {
  "line": 9,
  "left": 16,
  "end": 156,
  "height": 43,
  "top": 350,
  "ayah": 7,
  "page": 393,
  "width": 140,
  "verse_pos": 6
 },
 {
  "line": 10,
  "left": 161,
  "end": 372,
  "height": 44,
  "top": 393,
  "ayah": 7,
  "page": 393,
  "width": 211,
  "verse_pos": 6
 },
 {
  "line": 10,
  "left": 16,
  "end": 160,
  "height": 44,
  "top": 393,
  "ayah": 8,
  "page": 393,
  "width": 144,
  "verse_pos": 7
 },
 {
  "line": 11,
  "left": 67,
  "end": 372,
  "height": 39,
  "top": 437,
  "ayah": 8,
  "page": 393,
  "width": 305,
  "verse_pos": 7
 },
 {
  "line": 11,
  "left": 16,
  "end": 67,
  "height": 39,
  "top": 437,
  "ayah": 9,
  "page": 393,
  "width": 51,
  "verse_pos": 8
 },
 {
  "line": 12,
  "left": 16,
  "end": 372,
  "height": 47,
  "top": 476,
  "ayah": 9,
  "page": 393,
  "width": 356,
  "verse_pos": 8
 },
 {
  "line": 13,
  "left": 155,
  "end": 372,
  "height": 39,
  "top": 523,
  "ayah": 9,
  "page": 393,
  "width": 217,
  "verse_pos": 8
 },
 {
  "line": 13,
  "left": 16,
  "end": 154,
  "height": 39,
  "top": 523,
  "ayah": 10,
  "page": 393,
  "width": 138,
  "verse_pos": 9
 },
 {
  "line": 14,
  "left": 174,
  "end": 372,
  "height": 46,
  "top": 562,
  "ayah": 10,
  "page": 393,
  "width": 198,
  "verse_pos": 9
 },
 {
  "line": 14,
  "left": 16,
  "end": 173,
  "height": 46,
  "top": 562,
  "ayah": 11,
  "page": 393,
  "width": 157,
  "verse_pos": 10
 },
 {
  "line": 15,
  "left": 16,
  "end": 372,
  "height": 42,
  "top": 608,
  "ayah": 11,
  "page": 393,
  "width": 356,
  "verse_pos": 10
 }
]