[
 {
  "line": 1,
  "left": 15,
  "end": 373,
  "height": 46,
  "top": 8,
  "ayah": 1,
  "page": 304,
  "width": 358,
  "verse_pos": 0
 },
 {
  "line": 2,
  "left": 312,
  "end": 373,
  "height": 47,
  "top": 54,
  "ayah": 1,
  "page": 304,
  "width": 61,
  "verse_pos": 0
 },
 {
  "line": 2,
  "left": 15,
  "end": 311,
  "height": 47,
  "top": 54,
  "ayah": 2,
  "page": 304,
  "width": 296,
  "verse_pos": 1
 },
 {
  "line": 3,
  "left": 262,
  "end": 373,
  "height": 40,
  "top": 101,
  "ayah": 2,
  "page": 304,
  "width": 111,
  "verse_pos": 1
 },
 {
  "line": 3,
  "left": 15,
  "end": 261,
  "height": 40,
  "top": 101,
  "ayah": 3,
  "page": 304,
  "width": 246,
  "verse_pos": 2
 },
 {
  "line": 4,
  "left": 15,
  "end": 373,
  "height": 42,
  "top": 141,
  "ayah": 4,
  "page": 304,
  "width": 358,
  "verse_pos": 3
 },
 {
  "line": 5,
  "left": 311,
  "end": 373,
  "height": 39,
  "top": 183,
  "ayah": 4,
  "page": 304,
  "width": 62,
  "verse_pos": 3
 },
 {
  "line": 5,
  "left": 15,
  "end": 310,
  "height": 39,
  "top": 183,
  "ayah": 5,
  "page": 304,
  "width": 295,
  "verse_pos": 4
 },
 {
  "line": 6,
  "left": 147,
  "end": 373,
  "height": 48,
  "top": 222,
  "ayah": 5,
  "page": 304,
  "width": 226,
  "verse_pos": 4
 },
 {
  "line": 6,
  "left": 15,
  "end": 146,
  "height": 48,
  "top": 222,
  "ayah": 6,
  "page": 304,
  "width": 131,
  "verse_pos": 5
 },
 {
  "line": 7,
  "left": 300,
  "end": 373,
  "height": 41,
  "top": 270,
  "ayah": 6,
  "page": 304,
  "width": 73,
  "verse_pos": 5
 },
 {
  "line": 7,
  "left": 15,
  "end": 299,
  "height": 41,
  "top": 270,
  "ayah": 7,
  "page": 304,
  "width": 284,
  "verse_pos": 6
 },
 {
  "line": 8,
  "left": 252,
  "end": 373,
  "height": 44,
  "top": 311,
  "ayah": 7,
  "page": 304,
  "width": 121,
  "verse_pos": 6
 },
 {
  "line": 8,
  "left": 15,
  "end": 251,
  "height": 44,
  "top": 311,
  "ayah": 8,
  "page": 304,
  "width": 236,
  "verse_pos": 7
 },
 {
  "line": 9,
  "left": 89,
  "end": 373,
  "height": 42,
  "top": 355,
  "ayah": 8,
  "page": 304,
  "width": 284,
  "verse_pos": 7
 },
 {
  "line": 9,
  "left": 15,
  "end": 88,
  "height": 42,
  "top": 355,
  "ayah": 9,
  "page": 304,
  "width": 73,
  "verse_pos": 8
 },
 {
  "line": 10,
  "left": 96,
  "end": 373,
  "height": 45,
  "top": 397,
  "ayah": 9,
  "page": 304,
  "width": 277,
  "verse_pos": 8
 },
 {
  "line": 10,
  "left": 15,
  "end": 95,
  "height": 45,
  "top": 397,
  "ayah": 10,
  "page": 304,
  "width": 80,
  "verse_pos": 9
 },
 {
  "line": 11,
  "left": 63,
  "end": 373,
  "height": 42,
  "top": 442,
  "ayah": 10,
  "page": 304,
  "width": 310,
  "verse_pos": 9
 },
 {
  "line": 11,
  "left": 15,
  "end": 62,
  "height": 42,
  "top": 442,
  "ayah": 11,
  "page": 304,
  "width": 47,
  "verse_pos": 10
 },
 {
  "line": 12,
  "left": 211,
  "end": 373,
  "height": 43,
  "top": 484,
  "ayah": 11,
  "page": 304,
  "width": 162,
  "verse_pos": 10
 },
 {
  "line": 12,
  "left": 15,
  "end": 210,
  "height": 43,
  "top": 484,
  "ayah": 12,
  "page": 304,
  "width": 195,
  "verse_pos": 11
 },
 {
  "line": 13,
  "left": 40,
  "end": 373,
  "height": 40,
  "top": 527,
  "ayah": 12,
  "page": 304,
  "width": 333,
  "verse_pos": 11
 },
 {
  "line": 13,
  "left": 15,
  "end": 39,
  "height": 40,
  "top": 527,
  "ayah": 13,
  "page": 304,
  "width": 24,
  "verse_pos": 12
 },
 {
  "line": 14,
  "left": 15,
  "end": 373,
  "height": 47,
  "top": 567,
  "ayah": 13,
  "page": 304,
  "width": 358,
  "verse_pos": 12
 },
 {
  "line": 15,
  "left": 15,
  "end": 373,
  "height": 42,
  "top": 614,
  "ayah": 13,
  "page": 304,
  "width": 358,
  "verse_pos": 12
 }
]
