[
 {
  "line": 1,
  "left": 16,
  "end": 371,
  "height": 42,
  "top": 7,
  "ayah": 1,
  "page": 545,
  "width": 355,
  "verse_pos": 0
 },
 {
  "line": 2,
  "left": 16,
  "end": 371,
  "height": 39,
  "top": 49,
  "ayah": 1,
  "page": 545,
  "width": 355,
  "verse_pos": 0
 },
 {
  "line": 3,
  "left": 16,
  "end": 371,
  "height": 44,
  "top": 88,
  "ayah": 1,
  "page": 545,
  "width": 355,
  "verse_pos": 0
 },
 {
  "line": 4,
  "left": 16,
  "end": 371,
  "height": 46,
  "top": 132,
  "ayah": 1,
  "page": 545,
  "width": 355,
  "verse_pos": 0
 },
 {
  "line": 5,
  "left": 16,
  "end": 371,
  "height": 38,
  "top": 178,
  "ayah": 1,
  "page": 545,
  "width": 355,
  "verse_pos": 0
 },
 {
  "line": 6,
  "left": 16,
  "end": 371,
  "height": 42,
  "top": 216,
  "ayah": 1,
  "page": 545,
  "width": 355,
  "verse_pos": 0
 },
 {
  "line": 7,
  "left": 16,
  "end": 371,
  "height": 41,
  "top": 351,
  "ayah": 3,
  "page": 545,
  "width": 355,
  "verse_pos": 2
 },
 {
  "line": 8,
  "left": 334,
  "end": 371,
  "height": 39,
  "top": 392,
  "ayah": 3,
  "page": 545,
  "width": 37,
  "verse_pos": 2
 },
 {
  "line": 8,
  "left": 16,
  "end": 333,
  "height": 39,
  "top": 392,
  "ayah": 4,
  "page": 545,
  "width": 317,
  "verse_pos": 3
 },
 {
  "line": 9,
  "left": 16,
  "end": 371,
  "height": 45,
  "top": 431,
  "ayah": 4,
  "page": 545,
  "width": 355,
  "verse_pos": 3
 },
 {
  "line": 10,
  "left": 16,
  "end": 371,
  "height": 45,
  "top": 476,
  "ayah": 4,
  "page": 545,
  "width": 355,
  "verse_pos": 3
 },
 {
  "line": 11,
  "left": 16,
  "end": 371,
  "height": 42,
  "top": 521,
  "ayah": 4,
  "page": 545,
  "width": 355,
  "verse_pos": 3
 },
 {
  "line": 12,
  "left": 180,
  "end": 371,
  "height": 44,
  "top": 563,
  "ayah": 4,
  "page": 545,
  "width": 191,
  "verse_pos": 3
 },
 {
  "line": 12,
  "left": 16,
  "end": 179,
  "height": 44,
  "top": 563,
  "ayah": 5,
  "page": 545,
  "width": 163,
  "verse_pos": 4
 },
 {
  "line": 13,
  "left": 16,
  "end": 371,
  "height": 42,
  "top": 607,
  "ayah": 5,
  "page": 545,
  "width": 355,
  "verse_pos": 4
 }
]