[
    {
        "line": 1,
        "left": 16,
        "end": 372,
        "height": 42,
        "top": 7,
        "ayah": 1,
        "page": 445,
        "width": 356,
        "verse_pos": 0
    },
    {
        "line": 2,
        "left": 285,
        "end": 372,
        "height": 41,
        "top": 49,
        "ayah": 1,
        "page": 445,
        "width": 87,
        "verse_pos": 0
    },
    {
        "line": 2,
        "left": 16,
        "end": 284,
        "height": 41,
        "top": 49,
        "ayah": 2,
        "page": 445,
        "width": 268,
        "verse_pos": 1
    },
    {
        "line": 3,
        "left": 77,
        "end": 372,
        "height": 44,
        "top": 90,
        "ayah": 3,
        "page": 445,
        "width": 295,
        "verse_pos": 2
    },
    {
        "line": 3,
        "left": 16,
        "end": 76,
        "height": 44,
        "top": 90,
        "ayah": 4,
        "page": 445,
        "width": 60,
        "verse_pos": 3
    },
    {
        "line": 4,
        "left": 100,
        "end": 372,
        "height": 43,
        "top": 134,
        "ayah": 4,
        "page": 445,
        "width": 272,
        "verse_pos": 3
    },
    {
        "line": 4,
        "left": 16,
        "end": 99,
        "height": 43,
        "top": 134,
        "ayah": 5,
        "page": 445,
        "width": 83,
        "verse_pos": 4
    },
    {
        "line": 5,
        "left": 147,
        "end": 372,
        "height": 45,
        "top": 177,
        "ayah": 5,
        "page": 445,
        "width": 225,
        "verse_pos": 4
    },
    {
        "line": 5,
        "left": 16,
        "end": 146,
        "height": 45,
        "top": 177,
        "ayah": 6,
        "page": 445,
        "width": 130,
        "verse_pos": 5
    },
    {
        "line": 6,
        "left": 146,
        "end": 372,
        "height": 41,
        "top": 222,
        "ayah": 6,
        "page": 445,
        "width": 226,
        "verse_pos": 5
    },
    {
        "line": 6,
        "left": 16,
        "end": 145,
        "height": 41,
        "top": 222,
        "ayah": 7,
        "page": 445,
        "width": 129,
        "verse_pos": 6
    },
    {
        "line": 7,
        "left": 88,
        "end": 372,
        "height": 39,
        "top": 263,
        "ayah": 7,
        "page": 445,
        "width": 284,
        "verse_pos": 6
    },
    {
        "line": 7,
        "left": 16,
        "end": 87,
        "height": 39,
        "top": 263,
        "ayah": 8,
        "page": 445,
        "width": 71,
        "verse_pos": 7
    },
    {
        "line": 8,
        "left": 16,
        "end": 372,
        "height": 47,
        "top": 302,
        "ayah": 8,
        "page": 445,
        "width": 356,
        "verse_pos": 7
    },
    {
        "line": 9,
        "left": 16,
        "end": 372,
        "height": 44,
        "top": 349,
        "ayah": 9,
        "page": 445,
        "width": 356,
        "verse_pos": 8
    },
    {
        "line": 10,
        "left": 335,
        "end": 372,
        "height": 41,
        "top": 393,
        "ayah": 9,
        "page": 445,
        "width": 37,
        "verse_pos": 8
    },
    {
        "line": 10,
        "left": 16,
        "end": 334,
        "height": 41,
        "top": 393,
        "ayah": 10,
        "page": 445,
        "width": 318,
        "verse_pos": 9
    },
    {
        "line": 11,
        "left": 253,
        "end": 372,
        "height": 43,
        "top": 434,
        "ayah": 10,
        "page": 445,
        "width": 119,
        "verse_pos": 9
    },
    {
        "line": 11,
        "left": 16,
        "end": 252,
        "height": 43,
        "top": 434,
        "ayah": 11,
        "page": 445,
        "width": 236,
        "verse_pos": 10
    },
    {
        "line": 12,
        "left": 16,
        "end": 372,
        "height": 44,
        "top": 477,
        "ayah": 11,
        "page": 445,
        "width": 356,
        "verse_pos": 10
    },
    {
        "line": 13,
        "left": 16,
        "end": 372,
        "height": 42,
        "top": 521,
        "ayah": 12,
        "page": 445,
        "width": 356,
        "verse_pos": 11
    },
    {
        "line": 14,
        "left": 16,
        "end": 372,
        "height": 42,
        "top": 563,
        "ayah": 13,
        "page": 445,
        "width": 356,
        "verse_pos": 12
    }
]