[
 {
  "line": 1,
  "left": 8,
  "end": 379,
  "height": 45,
  "top": 5,
  "ayah": 1,
  "page": 230,
  "width": 371,
  "verse_pos": 0
 },
 {
  "line": 2,
  "left": 251,
  "end": 379,
  "height": 43,
  "top": 50,
  "ayah": 1,
  "page": 230,
  "width": 128,
  "verse_pos": 0
 },
 {
  "line": 2,
  "left": 8,
  "end": 250,
  "height": 43,
  "top": 50,
  "ayah": 2,
  "page": 230,
  "width": 242,
  "verse_pos": 1
 },
 {
  "line": 3,
  "left": 82,
  "end": 379,
  "height": 44,
  "top": 93,
  "ayah": 2,
  "page": 230,
  "width": 297,
  "verse_pos": 1
 },
 {
  "line": 3,
  "left": 8,
  "end": 81,
  "height": 44,
  "top": 93,
  "ayah": 3,
  "page": 230,
  "width": 73,
  "verse_pos": 2
 },
 {
  "line": 4,
  "left": 8,
  "end": 379,
  "height": 43,
  "top": 137,
  "ayah": 3,
  "page": 230,
  "width": 371,
  "verse_pos": 2
 },
 {
  "line": 5,
  "left": 179,
  "end": 379,
  "height": 45,
  "top": 180,
  "ayah": 4,
  "page": 230,
  "width": 200,
  "verse_pos": 3
 },
 {
  "line": 5,
  "left": 8,
  "end": 178,
  "height": 45,
  "top": 180,
  "ayah": 5,
  "page": 230,
  "width": 170,
  "verse_pos": 4
 },
 {
  "line": 6,
  "left": 46,
  "end": 379,
  "height": 40,
  "top": 225,
  "ayah": 5,
  "page": 230,
  "width": 333,
  "verse_pos": 4
 },
 {
  "line": 6,
  "left": 8,
  "end": 45,
  "height": 40,
  "top": 225,
  "ayah": 6,
  "page": 230,
  "width": 37,
  "verse_pos": 5
 },
 {
  "line": 7,
  "left": 8,
  "end": 379,
  "height": 45,
  "top": 265,
  "ayah": 6,
  "page": 230,
  "width": 371,
  "verse_pos": 5
 },
 {
  "line": 8,
  "left": 262,
  "end": 379,
  "height": 39,
  "top": 310,
  "ayah": 6,
  "page": 230,
  "width": 117,
  "verse_pos": 5
 },
 {
  "line": 8,
  "left": 8,
  "end": 262,
  "height": 39,
  "top": 310,
  "ayah": 7,
  "page": 230,
  "width": 254,
  "verse_pos": 6
 },
 {
  "line": 9,
  "left": 8,
  "end": 379,
  "height": 44,
  "top": 349,
  "ayah": 7,
  "page": 230,
  "width": 371,
  "verse_pos": 6
 },
 {
  "line": 10,
  "left": 8,
  "end": 379,
  "height": 45,
  "top": 393,
  "ayah": 7,
  "page": 230,
  "width": 371,
  "verse_pos": 6
 },
 {
  "line": 11,
  "left": 343,
  "end": 379,
  "height": 42,
  "top": 438,
  "ayah": 7,
  "page": 230,
  "width": 36,
  "verse_pos": 6
 },
 {
  "line": 11,
  "left": 8,
  "end": 342,
  "height": 42,
  "top": 438,
  "ayah": 8,
  "page": 230,
  "width": 334,
  "verse_pos": 7
 },
 {
  "line": 12,
  "left": 345,
  "end": 379,
  "height": 42,
  "top": 480,
  "ayah": 8,
  "page": 230,
  "width": 34,
  "verse_pos": 7
 },
 {
  "line": 12,
  "left": 47,
  "end": 345,
  "height": 42,
  "top": 480,
  "ayah": 9,
  "page": 230,
  "width": 298,
  "verse_pos": 8
 },
 {
  "line": 12,
  "left": 8,
  "end": 46,
  "height": 42,
  "top": 480,
  "ayah": 10,
  "page": 230,
  "width": 38,
  "verse_pos": 9
 },
 {
  "line": 13,
  "left": 8,
  "end": 379,
  "height": 42,
  "top": 522,
  "ayah": 10,
  "page": 230,
  "width": 371,
  "verse_pos": 9
 },
 {
  "line": 14,
  "left": 8,
  "end": 379,
  "height": 42,
  "top": 564,
  "ayah": 10,
  "page": 230,
  "width": 371,
  "verse_pos": 9
 },
 {
  "line": 15,
  "left": 8,
  "end": 379,
  "height": 46,
  "top": 606,
  "ayah": 10,
  "page": 230,
  "width": 371,
  "verse_pos": 9
 }
]