[
 {
  "line": 1,
  "left": 203,
  "end": 377,
  "height": 38,
  "top": 7,
  "ayah": 1,
  "page": 373,
  "width": 174,
  "verse_pos": 0
 },
 {
  "line": 1,
  "left": 72,
  "end": 201,
  "height": 38,
  "top": 7,
  "ayah": 2,
  "page": 373,
  "width": 129,
  "verse_pos": 1
 },
 {
  "line": 1,
  "left": 11,
  "end": 71,
  "height": 38,
  "top": 7,
  "ayah": 3,
  "page": 373,
  "width": 60,
  "verse_pos": 2
 },
 {
  "line": 2,
  "left": 39,
  "end": 377,
  "height": 46,
  "top": 45,
  "ayah": 3,
  "page": 373,
  "width": 338,
  "verse_pos": 2
 },
 {
  "line": 2,
  "left": 11,
  "end": 38,
  "height": 46,
  "top": 45,
  "ayah": 4,
  "page": 373,
  "width": 27,
  "verse_pos": 3
 },
 {
  "line": 3,
  "left": 213,
  "end": 377,
  "height": 44,
  "top": 91,
  "ayah": 4,
  "page": 373,
  "width": 164,
  "verse_pos": 3
 },
 {
  "line": 3,
  "left": 51,
  "end": 212,
  "height": 44,
  "top": 91,
  "ayah": 5,
  "page": 373,
  "width": 161,
  "verse_pos": 4
 },
 {
  "line": 3,
  "left": 11,
  "end": 50,
  "height": 44,
  "top": 91,
  "ayah": 6,
  "page": 373,
  "width": 39,
  "verse_pos": 5
 },
 {
  "line": 4,
  "left": 172,
  "end": 377,
  "height": 44,
  "top": 135,
  "ayah": 6,
  "page": 373,
  "width": 205,
  "verse_pos": 5
 },
 {
  "line": 4,
  "left": 11,
  "end": 171,
  "height": 44,
  "top": 135,
  "ayah": 7,
  "page": 373,
  "width": 160,
  "verse_pos": 6
 },
 {
  "line": 5,
  "left": 219,
  "end": 377,
  "height": 42,
  "top": 179,
  "ayah": 8,
  "page": 373,
  "width": 158,
  "verse_pos": 7
 },
 {
  "line": 5,
  "left": 11,
  "end": 218,
  "height": 42,
  "top": 179,
  "ayah": 9,
  "page": 373,
  "width": 207,
  "verse_pos": 8
 },
 {
  "line": 6,
  "left": 222,
  "end": 377,
  "height": 45,
  "top": 221,
  "ayah": 9,
  "page": 373,
  "width": 155,
  "verse_pos": 8
 },
 {
  "line": 6,
  "left": 11,
  "end": 221,
  "height": 45,
  "top": 221,
  "ayah": 10,
  "page": 373,
  "width": 210,
  "verse_pos": 9
 },
 {
  "line": 7,
  "left": 235,
  "end": 377,
  "height": 42,
  "top": 266,
  "ayah": 11,
  "page": 373,
  "width": 142,
  "verse_pos": 10
 },
 {
  "line": 7,
  "left": 11,
  "end": 234,
  "height": 42,
  "top": 266,
  "ayah": 12,
  "page": 373,
  "width": 223,
  "verse_pos": 11
 },
 {
  "line": 8,
  "left": 131,
  "end": 377,
  "height": 42,
  "top": 308,
  "ayah": 13,
  "page": 373,
  "width": 246,
  "verse_pos": 12
 },
 {
  "line": 8,
  "left": 11,
  "end": 130,
  "height": 42,
  "top": 308,
  "ayah": 14,
  "page": 373,
  "width": 119,
  "verse_pos": 13
 },
 {
  "line": 9,
  "left": 339,
  "end": 377,
  "height": 42,
  "top": 350,
  "ayah": 14,
  "page": 373,
  "width": 38,
  "verse_pos": 13
 },
 {
  "line": 9,
  "left": 158,
  "end": 338,
  "height": 42,
  "top": 350,
  "ayah": 15,
  "page": 373,
  "width": 180,
  "verse_pos": 14
 },
 {
  "line": 9,
  "left": 11,
  "end": 157,
  "height": 42,
  "top": 350,
  "ayah": 16,
  "page": 373,
  "width": 146,
  "verse_pos": 15
 },
 {
  "line": 10,
  "left": 263,
  "end": 377,
  "height": 43,
  "top": 392,
  "ayah": 16,
  "page": 373,
  "width": 114,
  "verse_pos": 15
 },
 {
  "line": 10,
  "left": 64,
  "end": 262,
  "height": 43,
  "top": 392,
  "ayah": 17,
  "page": 373,
  "width": 198,
  "verse_pos": 16
 },
 {
  "line": 10,
  "left": 11,
  "end": 63,
  "height": 43,
  "top": 392,
  "ayah": 18,
  "page": 373,
  "width": 52,
  "verse_pos": 17
 },
 {
  "line": 11,
  "left": 42,
  "end": 377,
  "height": 43,
  "top": 435,
  "ayah": 18,
  "page": 373,
  "width": 335,
  "verse_pos": 17
 },
 {
  "line": 11,
  "left": 11,
  "end": 41,
  "height": 43,
  "top": 435,
  "ayah": 19,
  "page": 373,
  "width": 30,
  "verse_pos": 18
 },
 {
  "line": 12,
  "left": 80,
  "end": 377,
  "height": 42,
  "top": 478,
  "ayah": 19,
  "page": 373,
  "width": 297,
  "verse_pos": 18
 },
 {
  "line": 12,
  "left": 11,
  "end": 79,
  "height": 42,
  "top": 478,
  "ayah": 20,
  "page": 373,
  "width": 68,
  "verse_pos": 19
 },
 {
  "line": 13,
  "left": 132,
  "end": 377,
  "height": 41,
  "top": 520,
  "ayah": 20,
  "page": 373,
  "width": 245,
  "verse_pos": 19
 },
 {
  "line": 13,
  "left": 11,
  "end": 131,
  "height": 41,
  "top": 520,
  "ayah": 21,
  "page": 373,
  "width": 120,
  "verse_pos": 20
 },
 {
  "line": 14,
  "left": 291,
  "end": 377,
  "height": 47,
  "top": 561,
  "ayah": 21,
  "page": 373,
  "width": 86,
  "verse_pos": 20
 },
 {
  "line": 14,
  "left": 11,
  "end": 290,
  "height": 47,
  "top": 561,
  "ayah": 22,
  "page": 373,
  "width": 279,
  "verse_pos": 21
 },
 {
  "line": 15,
  "left": 218,
  "end": 377,
  "height": 42,
  "top": 608,
  "ayah": 22,
  "page": 373,
  "width": 159,
  "verse_pos": 21
 },
 {
  "line": 15,
  "left": 11,
  "end": 217,
  "height": 42,
  "top": 608,
  "ayah": 23,
  "page": 373,
  "width": 206,
  "verse_pos": 22
 }
]
