[
 {
  "line": 1,
  "left": 18,
  "end": 368,
  "height": 42,
  "top": 7,
  "ayah": 1,
  "page": 53,
  "width": 350,
  "verse_pos": 0
 },
 {
  "line": 2,
  "left": 18,
  "end": 368,
  "height": 43,
  "top": 49,
  "ayah": 1,
  "page": 53,
  "width": 350,
  "verse_pos": 0
 },
 {
  "line": 3,
  "left": 18,
  "end": 368,
  "height": 43,
  "top": 92,
  "ayah": 2,
  "page": 53,
  "width": 350,
  "verse_pos": 1
 },
 {
  "line": 4,
  "left": 143,
  "end": 368,
  "height": 43,
  "top": 135,
  "ayah": 2,
  "page": 53,
  "width": 225,
  "verse_pos": 1
 },
 {
  "line": 4,
  "left": 18,
  "end": 142,
  "height": 43,
  "top": 135,
  "ayah": 3,
  "page": 53,
  "width": 124,
  "verse_pos": 2
 },
 {
  "line": 5,
  "left": 18,
  "end": 368,
  "height": 43,
  "top": 178,
  "ayah": 3,
  "page": 53,
  "width": 350,
  "verse_pos": 2
 },
 {
  "line": 6,
  "left": 238,
  "end": 368,
  "height": 45,
  "top": 221,
  "ayah": 3,
  "page": 53,
  "width": 130,
  "verse_pos": 2
 },
 {
  "line": 6,
  "left": 18,
  "end": 237,
  "height": 45,
  "top": 221,
  "ayah": 4,
  "page": 53,
  "width": 219,
  "verse_pos": 3
 },
 {
  "line": 7,
  "left": 18,
  "end": 368,
  "height": 36,
  "top": 266,
  "ayah": 4,
  "page": 53,
  "width": 350,
  "verse_pos": 3
 },
 {
  "line": 8,
  "left": 81,
  "end": 368,
  "height": 48,
  "top": 302,
  "ayah": 4,
  "page": 53,
  "width": 287,
  "verse_pos": 3
 },
 {
  "line": 8,
  "left": 18,
  "end": 80,
  "height": 48,
  "top": 302,
  "ayah": 5,
  "page": 53,
  "width": 62,
  "verse_pos": 4
 },
 {
  "line": 9,
  "left": 18,
  "end": 368,
  "height": 43,
  "top": 350,
  "ayah": 5,
  "page": 53,
  "width": 350,
  "verse_pos": 4
 },
 {
  "line": 10,
  "left": 18,
  "end": 368,
  "height": 42,
  "top": 393,
  "ayah": 5,
  "page": 53,
  "width": 350,
  "verse_pos": 4
 },
 {
  "line": 11,
  "left": 18,
  "end": 368,
  "height": 45,
  "top": 435,
  "ayah": 6,
  "page": 53,
  "width": 350,
  "verse_pos": 5
 },
 {
  "line": 12,
  "left": 18,
  "end": 368,
  "height": 38,
  "top": 480,
  "ayah": 6,
  "page": 53,
  "width": 350,
  "verse_pos": 5
 },
 {
  "line": 13,
  "left": 42,
  "end": 368,
  "height": 44,
  "top": 518,
  "ayah": 6,
  "page": 53,
  "width": 326,
  "verse_pos": 5
 },
 {
  "line": 13,
  "left": 18,
  "end": 41,
  "height": 44,
  "top": 518,
  "ayah": 7,
  "page": 53,
  "width": 23,
  "verse_pos": 6
 },
 {
  "line": 14,
  "left": 18,
  "end": 368,
  "height": 42,
  "top": 562,
  "ayah": 7,
  "page": 53,
  "width": 350,
  "verse_pos": 6
 },
 {
  "line": 15,
  "left": 18,
  "end": 368,
  "height": 47,
  "top": 604,
  "ayah": 7,
  "page": 53,
  "width": 350,
  "verse_pos": 6
 }
]