[
 {
  "line": 1,
  "left": 14,
  "end": 374,
  "height": 40,
  "top": 9,
  "ayah": 1,
  "page": 188,
  "width": 360,
  "verse_pos": 0
 },
 {
  "line": 2,
  "left": 14,
  "end": 374,
  "height": 44,
  "top": 49,
  "ayah": 1,
  "page": 188,
  "width": 360,
  "verse_pos": 0
 },
 {
  "line": 3,
  "left": 14,
  "end": 374,
  "height": 42,
  "top": 93,
  "ayah": 1,
  "page": 188,
  "width": 360,
  "verse_pos": 0
 },
 {
  "line": 4,
  "left": 337,
  "end": 374,
  "height": 41,
  "top": 135,
  "ayah": 1,
  "page": 188,
  "width": 37,
  "verse_pos": 0
 },
 {
  "line": 4,
  "left": 14,
  "end": 336,
  "height": 41,
  "top": 135,
  "ayah": 2,
  "page": 188,
  "width": 322,
  "verse_pos": 1
 },
 {
  "line": 5,
  "left": 14,
  "end": 374,
  "height": 49,
  "top": 176,
  "ayah": 2,
  "page": 188,
  "width": 360,
  "verse_pos": 1
 },
 {
  "line": 6,
  "left": 268,
  "end": 374,
  "height": 41,
  "top": 225,
  "ayah": 2,
  "page": 188,
  "width": 106,
  "verse_pos": 1
 },
 {
  "line": 6,
  "left": 14,
  "end": 267,
  "height": 41,
  "top": 225,
  "ayah": 3,
  "page": 188,
  "width": 253,
  "verse_pos": 2
 },
 {
  "line": 7,
  "left": 78,
  "end": 374,
  "height": 39,
  "top": 266,
  "ayah": 3,
  "page": 188,
  "width": 296,
  "verse_pos": 2
 },
 {
  "line": 7,
  "left": 14,
  "end": 77,
  "height": 39,
  "top": 266,
  "ayah": 4,
  "page": 188,
  "width": 63,
  "verse_pos": 3
 },
 {
  "line": 8,
  "left": 14,
  "end": 374,
  "height": 46,
  "top": 305,
  "ayah": 4,
  "page": 188,
  "width": 360,
  "verse_pos": 3
 },
 {
  "line": 9,
  "left": 14,
  "end": 374,
  "height": 46,
  "top": 349,
  "ayah": 5,
  "page": 188,
  "width": 360,
  "verse_pos": 4
 },
 {
  "line": 10,
  "left": 84,
  "end": 374,
  "height": 44,
  "top": 395,
  "ayah": 5,
  "page": 188,
  "width": 290,
  "verse_pos": 4
 },
 {
  "line": 10,
  "left": 14,
  "end": 83,
  "height": 44,
  "top": 395,
  "ayah": 6,
  "page": 188,
  "width": 69,
  "verse_pos": 5
 },
 {
  "line": 11,
  "left": 14,
  "end": 374,
  "height": 41,
  "top": 439,
  "ayah": 6,
  "page": 188,
  "width": 360,
  "verse_pos": 5
 },
 {
  "line": 12,
  "left": 14,
  "end": 374,
  "height": 43,
  "top": 480,
  "ayah": 6,
  "page": 188,
  "width": 360,
  "verse_pos": 5
 },
 {
  "line": 13,
  "left": 334,
  "end": 374,
  "height": 43,
  "top": 523,
  "ayah": 6,
  "page": 188,
  "width": 40,
  "verse_pos": 5
 },
 {
  "line": 13,
  "left": 14,
  "end": 333,
  "height": 43,
  "top": 523,
  "ayah": 7,
  "page": 188,
  "width": 319,
  "verse_pos": 6
 },
 {
  "line": 14,
  "left": 14,
  "end": 374,
  "height": 41,
  "top": 566,
  "ayah": 7,
  "page": 188,
  "width": 360,
  "verse_pos": 6
 },
 {
  "line": 15,
  "left": 14,
  "end": 374,
  "height": 46,
  "top": 607,
  "ayah": 7,
  "page": 188,
  "width": 360,
  "verse_pos": 6
 }
]