[
 {
  "line": 1,
  "left": 247,
  "end": 370,
  "height": 43,
  "top": 93,
  "ayah": 2,
  "page": 305,
  "width": 123,
  "verse_pos": 1
 },
 {
  "line": 1,
  "left": 20,
  "end": 246,
  "height": 43,
  "top": 93,
  "ayah": 3,
  "page": 305,
  "width": 226,
  "verse_pos": 2
 },
 {
  "line": 2,
  "left": 169,
  "end": 370,
  "height": 41,
  "top": 136,
  "ayah": 4,
  "page": 305,
  "width": 201,
  "verse_pos": 3
 },
 {
  "line": 2,
  "left": 20,
  "end": 168,
  "height": 41,
  "top": 136,
  "ayah": 5,
  "page": 305,
  "width": 148,
  "verse_pos": 4
 },
 {
  "line": 3,
  "left": 20,
  "end": 370,
  "height": 44,
  "top": 177,
  "ayah": 5,
  "page": 305,
  "width": 350,
  "verse_pos": 4
 },
 {
  "line": 4,
  "left": 293,
  "end": 370,
  "height": 41,
  "top": 221,
  "ayah": 5,
  "page": 305,
  "width": 77,
  "verse_pos": 4
 },
 {
  "line": 4,
  "left": 20,
  "end": 292,
  "height": 41,
  "top": 221,
  "ayah": 6,
  "page": 305,
  "width": 272,
  "verse_pos": 5
 },
 {
  "line": 5,
  "left": 94,
  "end": 370,
  "height": 43,
  "top": 262,
  "ayah": 6,
  "page": 305,
  "width": 276,
  "verse_pos": 5
 },
 {
  "line": 5,
  "left": 20,
  "end": 93,
  "height": 43,
  "top": 262,
  "ayah": 7,
  "page": 305,
  "width": 73,
  "verse_pos": 6
 },
 {
  "line": 6,
  "left": 101,
  "end": 370,
  "height": 42,
  "top": 305,
  "ayah": 7,
  "page": 305,
  "width": 269,
  "verse_pos": 6
 },
 {
  "line": 6,
  "left": 20,
  "end": 100,
  "height": 42,
  "top": 305,
  "ayah": 8,
  "page": 305,
  "width": 80,
  "verse_pos": 7
 },
 {
  "line": 7,
  "left": 20,
  "end": 370,
  "height": 44,
  "top": 347,
  "ayah": 8,
  "page": 305,
  "width": 350,
  "verse_pos": 7
 },
 {
  "line": 8,
  "left": 331,
  "end": 370,
  "height": 43,
  "top": 391,
  "ayah": 8,
  "page": 305,
  "width": 39,
  "verse_pos": 7
 },
 {
  "line": 8,
  "left": 20,
  "end": 330,
  "height": 43,
  "top": 391,
  "ayah": 9,
  "page": 305,
  "width": 310,
  "verse_pos": 8
 },
 {
  "line": 9,
  "left": 103,
  "end": 370,
  "height": 44,
  "top": 434,
  "ayah": 9,
  "page": 305,
  "width": 267,
  "verse_pos": 8
 },
 {
  "line": 9,
  "left": 20,
  "end": 102,
  "height": 44,
  "top": 434,
  "ayah": 10,
  "page": 305,
  "width": 82,
  "verse_pos": 9
 },
 {
  "line": 10,
  "left": 20,
  "end": 370,
  "height": 38,
  "top": 478,
  "ayah": 10,
  "page": 305,
  "width": 350,
  "verse_pos": 9
 },
 {
  "line": 11,
  "left": 292,
  "end": 370,
  "height": 49,
  "top": 516,
  "ayah": 10,
  "page": 305,
  "width": 78,
  "verse_pos": 9
 },
 {
  "line": 11,
  "left": 20,
  "end": 291,
  "height": 49,
  "top": 516,
  "ayah": 11,
  "page": 305,
  "width": 271,
  "verse_pos": 10
 },
 {
  "line": 12,
  "left": 118,
  "end": 370,
  "height": 39,
  "top": 565,
  "ayah": 11,
  "page": 305,
  "width": 252,
  "verse_pos": 10
 },
 {
  "line": 12,
  "left": 20,
  "end": 117,
  "height": 39,
  "top": 565,
  "ayah": 12,
  "page": 305,
  "width": 97,
  "verse_pos": 11
 },
 {
  "line": 13,
  "left": 20,
  "end": 370,
  "height": 42,
  "top": 604,
  "ayah": 12,
  "page": 305,
  "width": 350,
  "verse_pos": 11
 }
]