[
    {
        "line": 1,
        "left": 135,
        "end": 376,
        "height": 41,
        "top": 7,
        "ayah": 1,
        "page": 487,
        "width": 241,
        "verse_pos": 0
    },
    {
        "line": 1,
        "left": 11,
        "end": 134,
        "height": 41,
        "top": 7,
        "ayah": 2,
        "page": 487,
        "width": 123,
        "verse_pos": 1
    },
    {
        "line": 2,
        "left": 11,
        "end": 376,
        "height": 44,
        "top": 48,
        "ayah": 2,
        "page": 487,
        "width": 365,
        "verse_pos": 1
    },
    {
        "line": 3,
        "left": 340,
        "end": 376,
        "height": 43,
        "top": 92,
        "ayah": 2,
        "page": 487,
        "width": 36,
        "verse_pos": 1
    },
    {
        "line": 3,
        "left": 92,
        "end": 339,
        "height": 43,
        "top": 92,
        "ayah": 3,
        "page": 487,
        "width": 247,
        "verse_pos": 2
    },
    {
        "line": 3,
        "left": 11,
        "end": 91,
        "height": 43,
        "top": 92,
        "ayah": 4,
        "page": 487,
        "width": 80,
        "verse_pos": 3
    },
    {
        "line": 4,
        "left": 147,
        "end": 376,
        "height": 40,
        "top": 135,
        "ayah": 4,
        "page": 487,
        "width": 229,
        "verse_pos": 3
    },
    {
        "line": 4,
        "left": 11,
        "end": 146,
        "height": 40,
        "top": 135,
        "ayah": 5,
        "page": 487,
        "width": 135,
        "verse_pos": 4
    },
    {
        "line": 5,
        "left": 11,
        "end": 376,
        "height": 46,
        "top": 175,
        "ayah": 5,
        "page": 487,
        "width": 365,
        "verse_pos": 4
    },
    {
        "line": 6,
        "left": 291,
        "end": 376,
        "height": 42,
        "top": 221,
        "ayah": 5,
        "page": 487,
        "width": 85,
        "verse_pos": 4
    },
    {
        "line": 6,
        "left": 11,
        "end": 290,
        "height": 42,
        "top": 221,
        "ayah": 6,
        "page": 487,
        "width": 279,
        "verse_pos": 5
    },
    {
        "line": 7,
        "left": 228,
        "end": 376,
        "height": 45,
        "top": 263,
        "ayah": 6,
        "page": 487,
        "width": 148,
        "verse_pos": 5
    },
    {
        "line": 7,
        "left": 11,
        "end": 227,
        "height": 45,
        "top": 263,
        "ayah": 7,
        "page": 487,
        "width": 216,
        "verse_pos": 6
    },
    {
        "line": 8,
        "left": 109,
        "end": 376,
        "height": 39,
        "top": 308,
        "ayah": 7,
        "page": 487,
        "width": 267,
        "verse_pos": 6
    },
    {
        "line": 8,
        "left": 11,
        "end": 108,
        "height": 39,
        "top": 308,
        "ayah": 8,
        "page": 487,
        "width": 97,
        "verse_pos": 7
    },
    {
        "line": 9,
        "left": 241,
        "end": 376,
        "height": 45,
        "top": 347,
        "ayah": 8,
        "page": 487,
        "width": 135,
        "verse_pos": 7
    },
    {
        "line": 9,
        "left": 11,
        "end": 240,
        "height": 45,
        "top": 347,
        "ayah": 9,
        "page": 487,
        "width": 229,
        "verse_pos": 8
    },
    {
        "line": 10,
        "left": 100,
        "end": 376,
        "height": 43,
        "top": 392,
        "ayah": 9,
        "page": 487,
        "width": 276,
        "verse_pos": 8
    },
    {
        "line": 10,
        "left": 11,
        "end": 99,
        "height": 43,
        "top": 392,
        "ayah": 10,
        "page": 487,
        "width": 88,
        "verse_pos": 9
    },
    {
        "line": 11,
        "left": 129,
        "end": 376,
        "height": 42,
        "top": 435,
        "ayah": 10,
        "page": 487,
        "width": 247,
        "verse_pos": 9
    },
    {
        "line": 11,
        "left": 11,
        "end": 128,
        "height": 42,
        "top": 435,
        "ayah": 11,
        "page": 487,
        "width": 117,
        "verse_pos": 10
    },
    {
        "line": 12,
        "left": 11,
        "end": 376,
        "height": 43,
        "top": 477,
        "ayah": 11,
        "page": 487,
        "width": 365,
        "verse_pos": 10
    },
    {
        "line": 13,
        "left": 271,
        "end": 376,
        "height": 45,
        "top": 520,
        "ayah": 11,
        "page": 487,
        "width": 105,
        "verse_pos": 10
    },
    {
        "line": 13,
        "left": 11,
        "end": 271,
        "height": 45,
        "top": 520,
        "ayah": 12,
        "page": 487,
        "width": 260,
        "verse_pos": 11
    },
    {
        "line": 14,
        "left": 341,
        "end": 376,
        "height": 41,
        "top": 565,
        "ayah": 12,
        "page": 487,
        "width": 35,
        "verse_pos": 11
    },
    {
        "line": 14,
        "left": 11,
        "end": 341,
        "height": 41,
        "top": 565,
        "ayah": 13,
        "page": 487,
        "width": 330,
        "verse_pos": 12
    },
    {
        "line": 15,
        "left": 11,
        "end": 376,
        "height": 42,
        "top": 606,
        "ayah": 13,
        "page": 487,
        "width": 365,
        "verse_pos": 12
    }
]