[
    {
        "line": 1,
        "left": 16,
        "end": 374,
        "height": 44,
        "top": 7,
        "ayah": 1,
        "page": 488,
        "width": 358,
        "verse_pos": 0
    },
    {
        "line": 2,
        "left": 16,
        "end": 374,
        "height": 43,
        "top": 51,
        "ayah": 1,
        "page": 488,
        "width": 358,
        "verse_pos": 0
    },
    {
        "line": 3,
        "left": 16,
        "end": 374,
        "height": 45,
        "top": 94,
        "ayah": 1,
        "page": 488,
        "width": 358,
        "verse_pos": 0
    },
    {
        "line": 4,
        "left": 233,
        "end": 374,
        "height": 41,
        "top": 139,
        "ayah": 1,
        "page": 488,
        "width": 141,
        "verse_pos": 0
    },
    {
        "line": 4,
        "left": 16,
        "end": 232,
        "height": 41,
        "top": 139,
        "ayah": 2,
        "page": 488,
        "width": 216,
        "verse_pos": 1
    },
    {
        "line": 5,
        "left": 83,
        "end": 374,
        "height": 42,
        "top": 180,
        "ayah": 2,
        "page": 488,
        "width": 291,
        "verse_pos": 1
    },
    {
        "line": 5,
        "left": 16,
        "end": 82,
        "height": 42,
        "top": 180,
        "ayah": 3,
        "page": 488,
        "width": 66,
        "verse_pos": 2
    },
    {
        "line": 6,
        "left": 16,
        "end": 374,
        "height": 44,
        "top": 222,
        "ayah": 3,
        "page": 488,
        "width": 358,
        "verse_pos": 2
    },
    {
        "line": 7,
        "left": 97,
        "end": 374,
        "height": 42,
        "top": 266,
        "ayah": 3,
        "page": 488,
        "width": 277,
        "verse_pos": 2
    },
    {
        "line": 7,
        "left": 16,
        "end": 96,
        "height": 42,
        "top": 266,
        "ayah": 4,
        "page": 488,
        "width": 80,
        "verse_pos": 3
    },
    {
        "line": 8,
        "left": 16,
        "end": 374,
        "height": 44,
        "top": 308,
        "ayah": 4,
        "page": 488,
        "width": 358,
        "verse_pos": 3
    },
    {
        "line": 9,
        "left": 16,
        "end": 374,
        "height": 44,
        "top": 352,
        "ayah": 4,
        "page": 488,
        "width": 358,
        "verse_pos": 3
    },
    {
        "line": 10,
        "left": 90,
        "end": 374,
        "height": 40,
        "top": 396,
        "ayah": 4,
        "page": 488,
        "width": 284,
        "verse_pos": 3
    },
    {
        "line": 10,
        "left": 16,
        "end": 89,
        "height": 40,
        "top": 396,
        "ayah": 5,
        "page": 488,
        "width": 73,
        "verse_pos": 4
    },
    {
        "line": 11,
        "left": 16,
        "end": 374,
        "height": 44,
        "top": 436,
        "ayah": 5,
        "page": 488,
        "width": 358,
        "verse_pos": 4
    },
    {
        "line": 12,
        "left": 181,
        "end": 374,
        "height": 43,
        "top": 480,
        "ayah": 5,
        "page": 488,
        "width": 193,
        "verse_pos": 4
    },
    {
        "line": 12,
        "left": 16,
        "end": 180,
        "height": 43,
        "top": 480,
        "ayah": 6,
        "page": 488,
        "width": 164,
        "verse_pos": 5
    },
    {
        "line": 13,
        "left": 93,
        "end": 374,
        "height": 43,
        "top": 523,
        "ayah": 6,
        "page": 488,
        "width": 281,
        "verse_pos": 5
    },
    {
        "line": 13,
        "left": 16,
        "end": 92,
        "height": 43,
        "top": 523,
        "ayah": 7,
        "page": 488,
        "width": 76,
        "verse_pos": 6
    },
    {
        "line": 14,
        "left": 16,
        "end": 374,
        "height": 41,
        "top": 566,
        "ayah": 7,
        "page": 488,
        "width": 358,
        "verse_pos": 6
    },
    {
        "line": 15,
        "left": 16,
        "end": 374,
        "height": 42,
        "top": 607,
        "ayah": 7,
        "page": 488,
        "width": 358,
        "verse_pos": 6
    }
]