[
 {
  "line": 1,
  "left": 13,
  "end": 376,
  "height": 40,
  "top": 8,
  "ayah": 1,
  "page": 150,
  "width": 363,
  "verse_pos": 0
 },
 {
  "line": 2,
  "left": 13,
  "end": 376,
  "height": 42,
  "top": 48,
  "ayah": 1,
  "page": 150,
  "width": 363,
  "verse_pos": 0
 },
 {
  "line": 3,
  "left": 13,
  "end": 376,
  "height": 46,
  "top": 90,
  "ayah": 1,
  "page": 150,
  "width": 363,
  "verse_pos": 0
 },
 {
  "line": 4,
  "left": 260,
  "end": 376,
  "height": 44,
  "top": 136,
  "ayah": 1,
  "page": 150,
  "width": 116,
  "verse_pos": 0
 },
 {
  "line": 4,
  "left": 13,
  "end": 260,
  "height": 44,
  "top": 136,
  "ayah": 2,
  "page": 150,
  "width": 247,
  "verse_pos": 1
 },
 {
  "line": 5,
  "left": 13,
  "end": 376,
  "height": 41,
  "top": 180,
  "ayah": 2,
  "page": 150,
  "width": 363,
  "verse_pos": 1
 },
 {
  "line": 6,
  "left": 339,
  "end": 376,
  "height": 44,
  "top": 221,
  "ayah": 2,
  "page": 150,
  "width": 37,
  "verse_pos": 1
 },
 {
  "line": 6,
  "left": 13,
  "end": 338,
  "height": 44,
  "top": 221,
  "ayah": 3,
  "page": 150,
  "width": 325,
  "verse_pos": 2
 },
 {
  "line": 7,
  "left": 127,
  "end": 376,
  "height": 42,
  "top": 265,
  "ayah": 3,
  "page": 150,
  "width": 249,
  "verse_pos": 2
 },
 {
  "line": 7,
  "left": 13,
  "end": 126,
  "height": 42,
  "top": 265,
  "ayah": 4,
  "page": 150,
  "width": 113,
  "verse_pos": 3
 },
 {
  "line": 8,
  "left": 13,
  "end": 376,
  "height": 44,
  "top": 307,
  "ayah": 4,
  "page": 150,
  "width": 363,
  "verse_pos": 3
 },
 {
  "line": 9,
  "left": 275,
  "end": 376,
  "height": 41,
  "top": 351,
  "ayah": 4,
  "page": 150,
  "width": 101,
  "verse_pos": 3
 },
 {
  "line": 9,
  "left": 13,
  "end": 274,
  "height": 41,
  "top": 351,
  "ayah": 5,
  "page": 150,
  "width": 261,
  "verse_pos": 4
 },
 {
  "line": 10,
  "left": 263,
  "end": 376,
  "height": 44,
  "top": 392,
  "ayah": 5,
  "page": 150,
  "width": 113,
  "verse_pos": 4
 },
 {
  "line": 10,
  "left": 13,
  "end": 262,
  "height": 44,
  "top": 392,
  "ayah": 6,
  "page": 150,
  "width": 249,
  "verse_pos": 5
 },
 {
  "line": 11,
  "left": 342,
  "end": 376,
  "height": 42,
  "top": 436,
  "ayah": 6,
  "page": 150,
  "width": 34,
  "verse_pos": 5
 },
 {
  "line": 11,
  "left": 13,
  "end": 341,
  "height": 42,
  "top": 436,
  "ayah": 7,
  "page": 150,
  "width": 328,
  "verse_pos": 6
 },
 {
  "line": 12,
  "left": 13,
  "end": 376,
  "height": 46,
  "top": 478,
  "ayah": 7,
  "page": 150,
  "width": 363,
  "verse_pos": 6
 },
 {
  "line": 13,
  "left": 148,
  "end": 376,
  "height": 42,
  "top": 524,
  "ayah": 7,
  "page": 150,
  "width": 228,
  "verse_pos": 6
 },
 {
  "line": 13,
  "left": 13,
  "end": 147,
  "height": 42,
  "top": 524,
  "ayah": 8,
  "page": 150,
  "width": 134,
  "verse_pos": 7
 },
 {
  "line": 14,
  "left": 13,
  "end": 376,
  "height": 41,
  "top": 566,
  "ayah": 8,
  "page": 150,
  "width": 363,
  "verse_pos": 7
 },
 {
  "line": 15,
  "left": 13,
  "end": 376,
  "height": 46,
  "top": 607,
  "ayah": 8,
  "page": 150,
  "width": 363,
  "verse_pos": 7
 }
]