[
 {
  "line": 1,
  "left": 107,
  "end": 377,
  "height": 42,
  "top": 7,
  "ayah": 1,
  "page": 375,
  "width": 270,
  "verse_pos": 0
 },
 {
  "line": 1,
  "left": 11,
  "end": 106,
  "height": 42,
  "top": 7,
  "ayah": 2,
  "page": 375,
  "width": 95,
  "verse_pos": 1
 },
 {
  "line": 2,
  "left": 255,
  "end": 377,
  "height": 43,
  "top": 49,
  "ayah": 2,
  "page": 375,
  "width": 122,
  "verse_pos": 1
 },
 {
  "line": 2,
  "left": 11,
  "end": 254,
  "height": 43,
  "top": 49,
  "ayah": 3,
  "page": 375,
  "width": 243,
  "verse_pos": 2
 },
 {
  "line": 3,
  "left": 271,
  "end": 377,
  "height": 43,
  "top": 92,
  "ayah": 3,
  "page": 375,
  "width": 106,
  "verse_pos": 2
 },
 {
  "line": 3,
  "left": 11,
  "end": 270,
  "height": 43,
  "top": 92,
  "ayah": 4,
  "page": 375,
  "width": 259,
  "verse_pos": 3
 },
 {
  "line": 4,
  "left": 252,
  "end": 377,
  "height": 42,
  "top": 135,
  "ayah": 4,
  "page": 375,
  "width": 125,
  "verse_pos": 3
 },
 {
  "line": 4,
  "left": 64,
  "end": 251,
  "height": 42,
  "top": 135,
  "ayah": 5,
  "page": 375,
  "width": 187,
  "verse_pos": 4
 },
 {
  "line": 4,
  "left": 11,
  "end": 63,
  "height": 42,
  "top": 135,
  "ayah": 6,
  "page": 375,
  "width": 52,
  "verse_pos": 5
 },
 {
  "line": 5,
  "left": 11,
  "end": 377,
  "height": 40,
  "top": 177,
  "ayah": 6,
  "page": 375,
  "width": 366,
  "verse_pos": 5
 },
 {
  "line": 6,
  "left": 110,
  "end": 377,
  "height": 49,
  "top": 217,
  "ayah": 7,
  "page": 375,
  "width": 267,
  "verse_pos": 6
 },
 {
  "line": 6,
  "left": 11,
  "end": 109,
  "height": 49,
  "top": 217,
  "ayah": 8,
  "page": 375,
  "width": 98,
  "verse_pos": 7
 },
 {
  "line": 7,
  "left": 262,
  "end": 377,
  "height": 42,
  "top": 266,
  "ayah": 8,
  "page": 375,
  "width": 115,
  "verse_pos": 7
 },
 {
  "line": 7,
  "left": 88,
  "end": 261,
  "height": 42,
  "top": 266,
  "ayah": 9,
  "page": 375,
  "width": 173,
  "verse_pos": 8
 },
 {
  "line": 7,
  "left": 11,
  "end": 87,
  "height": 42,
  "top": 266,
  "ayah": 10,
  "page": 375,
  "width": 76,
  "verse_pos": 9
 },
 {
  "line": 8,
  "left": 293,
  "end": 377,
  "height": 42,
  "top": 308,
  "ayah": 10,
  "page": 375,
  "width": 84,
  "verse_pos": 9
 },
 {
  "line": 8,
  "left": 86,
  "end": 292,
  "height": 42,
  "top": 308,
  "ayah": 11,
  "page": 375,
  "width": 206,
  "verse_pos": 10
 },
 {
  "line": 8,
  "left": 11,
  "end": 85,
  "height": 42,
  "top": 308,
  "ayah": 12,
  "page": 375,
  "width": 74,
  "verse_pos": 11
 },
 {
  "line": 9,
  "left": 310,
  "end": 377,
  "height": 46,
  "top": 350,
  "ayah": 12,
  "page": 375,
  "width": 67,
  "verse_pos": 11
 },
 {
  "line": 9,
  "left": 153,
  "end": 309,
  "height": 46,
  "top": 350,
  "ayah": 13,
  "page": 375,
  "width": 156,
  "verse_pos": 12
 },
 {
  "line": 9,
  "left": 11,
  "end": 152,
  "height": 46,
  "top": 350,
  "ayah": 14,
  "page": 375,
  "width": 141,
  "verse_pos": 13
 },
 {
  "line": 10,
  "left": 229,
  "end": 377,
  "height": 42,
  "top": 396,
  "ayah": 14,
  "page": 375,
  "width": 148,
  "verse_pos": 13
 },
 {
  "line": 10,
  "left": 11,
  "end": 228,
  "height": 42,
  "top": 396,
  "ayah": 15,
  "page": 375,
  "width": 217,
  "verse_pos": 14
 },
 {
  "line": 11,
  "left": 117,
  "end": 377,
  "height": 42,
  "top": 438,
  "ayah": 16,
  "page": 375,
  "width": 260,
  "verse_pos": 15
 },
 {
  "line": 11,
  "left": 11,
  "end": 116,
  "height": 42,
  "top": 438,
  "ayah": 17,
  "page": 375,
  "width": 105,
  "verse_pos": 16
 },
 {
  "line": 12,
  "left": 205,
  "end": 377,
  "height": 44,
  "top": 480,
  "ayah": 17,
  "page": 375,
  "width": 172,
  "verse_pos": 16
 },
 {
  "line": 12,
  "left": 11,
  "end": 204,
  "height": 44,
  "top": 480,
  "ayah": 18,
  "page": 375,
  "width": 193,
  "verse_pos": 17
 },
 {
  "line": 13,
  "left": 288,
  "end": 377,
  "height": 42,
  "top": 524,
  "ayah": 18,
  "page": 375,
  "width": 89,
  "verse_pos": 17
 },
 {
  "line": 13,
  "left": 57,
  "end": 287,
  "height": 42,
  "top": 524,
  "ayah": 19,
  "page": 375,
  "width": 230,
  "verse_pos": 18
 },
 {
  "line": 13,
  "left": 11,
  "end": 56,
  "height": 42,
  "top": 524,
  "ayah": 20,
  "page": 375,
  "width": 45,
  "verse_pos": 19
 },
 {
  "line": 14,
  "left": 236,
  "end": 377,
  "height": 43,
  "top": 566,
  "ayah": 20,
  "page": 375,
  "width": 141,
  "verse_pos": 19
 },
 {
  "line": 14,
  "left": 71,
  "end": 235,
  "height": 43,
  "top": 566,
  "ayah": 21,
  "page": 375,
  "width": 164,
  "verse_pos": 20
 },
 {
  "line": 14,
  "left": 11,
  "end": 70,
  "height": 43,
  "top": 566,
  "ayah": 22,
  "page": 375,
  "width": 59,
  "verse_pos": 21
 },
 {
  "line": 15,
  "left": 223,
  "end": 377,
  "height": 42,
  "top": 609,
  "ayah": 22,
  "page": 375,
  "width": 154,
  "verse_pos": 21
 },
 {
  "line": 15,
  "left": 11,
  "end": 222,
  "height": 42,
  "top": 609,
  "ayah": 23,
  "page": 375,
  "width": 211,
  "verse_pos": 22
 }
]