[
 {
  "line": 1,
  "left": 12,
  "end": 375,
  "height": 46,
  "top": 7,
  "ayah": 1,
  "page": 354,
  "width": 363,
  "verse_pos": 0
 },
 {
  "line": 2,
  "left": 12,
  "end": 375,
  "height": 40,
  "top": 53,
  "ayah": 1,
  "page": 354,
  "width": 363,
  "verse_pos": 0
 },
 {
  "line": 3,
  "left": 12,
  "end": 375,
  "height": 45,
  "top": 93,
  "ayah": 2,
  "page": 354,
  "width": 363,
  "verse_pos": 1
 },
 {
  "line": 4,
  "left": 12,
  "end": 375,
  "height": 38,
  "top": 138,
  "ayah": 2,
  "page": 354,
  "width": 363,
  "verse_pos": 1
 },
 {
  "line": 5,
  "left": 12,
  "end": 375,
  "height": 48,
  "top": 176,
  "ayah": 2,
  "page": 354,
  "width": 363,
  "verse_pos": 1
 },
 {
  "line": 6,
  "left": 12,
  "end": 375,
  "height": 40,
  "top": 224,
  "ayah": 2,
  "page": 354,
  "width": 363,
  "verse_pos": 1
 },
 {
  "line": 7,
  "left": 12,
  "end": 375,
  "height": 45,
  "top": 264,
  "ayah": 2,
  "page": 354,
  "width": 363,
  "verse_pos": 1
 },
 {
  "line": 8,
  "left": 340,
  "end": 375,
  "height": 44,
  "top": 309,
  "ayah": 2,
  "page": 354,
  "width": 35,
  "verse_pos": 1
 },
 {
  "line": 8,
  "left": 12,
  "end": 339,
  "height": 44,
  "top": 309,
  "ayah": 3,
  "page": 354,
  "width": 327,
  "verse_pos": 2
 },
 {
  "line": 9,
  "left": 163,
  "end": 375,
  "height": 38,
  "top": 353,
  "ayah": 3,
  "page": 354,
  "width": 212,
  "verse_pos": 2
 },
 {
  "line": 9,
  "left": 12,
  "end": 162,
  "height": 38,
  "top": 353,
  "ayah": 4,
  "page": 354,
  "width": 150,
  "verse_pos": 3
 },
 {
  "line": 10,
  "left": 12,
  "end": 375,
  "height": 47,
  "top": 391,
  "ayah": 4,
  "page": 354,
  "width": 363,
  "verse_pos": 3
 },
 {
  "line": 11,
  "left": 12,
  "end": 375,
  "height": 40,
  "top": 438,
  "ayah": 4,
  "page": 354,
  "width": 363,
  "verse_pos": 3
 },
 {
  "line": 12,
  "left": 12,
  "end": 375,
  "height": 45,
  "top": 478,
  "ayah": 4,
  "page": 354,
  "width": 363,
  "verse_pos": 3
 },
 {
  "line": 13,
  "left": 12,
  "end": 375,
  "height": 46,
  "top": 523,
  "ayah": 4,
  "page": 354,
  "width": 363,
  "verse_pos": 3
 },
 {
  "line": 14,
  "left": 164,
  "end": 375,
  "height": 41,
  "top": 569,
  "ayah": 4,
  "page": 354,
  "width": 211,
  "verse_pos": 3
 },
 {
  "line": 14,
  "left": 12,
  "end": 163,
  "height": 41,
  "top": 569,
  "ayah": 5,
  "page": 354,
  "width": 151,
  "verse_pos": 4
 },
 {
  "line": 15,
  "left": 12,
  "end": 375,
  "height": 42,
  "top": 610,
  "ayah": 5,
  "page": 354,
  "width": 363,
  "verse_pos": 4
 }
]
