[
 {
  "line": 1,
  "left": 18,
  "end": 368,
  "height": 36,
  "top": 7,
  "ayah": 1,
  "page": 57,
  "width": 350,
  "verse_pos": 0
 },
 {
  "line": 2,
  "left": 243,
  "end": 368,
  "height": 48,
  "top": 43,
  "ayah": 1,
  "page": 57,
  "width": 125,
  "verse_pos": 0
 },
 {
  "line": 2,
  "left": 18,
  "end": 242,
  "height": 48,
  "top": 43,
  "ayah": 2,
  "page": 57,
  "width": 224,
  "verse_pos": 1
 },
 {
  "line": 3,
  "left": 274,
  "end": 368,
  "height": 43,
  "top": 91,
  "ayah": 2,
  "page": 57,
  "width": 94,
  "verse_pos": 1
 },
 {
  "line": 3,
  "left": 18,
  "end": 273,
  "height": 43,
  "top": 91,
  "ayah": 3,
  "page": 57,
  "width": 255,
  "verse_pos": 2
 },
 {
  "line": 4,
  "left": 18,
  "end": 368,
  "height": 39,
  "top": 134,
  "ayah": 3,
  "page": 57,
  "width": 350,
  "verse_pos": 2
 },
 {
  "line": 5,
  "left": 18,
  "end": 368,
  "height": 47,
  "top": 173,
  "ayah": 3,
  "page": 57,
  "width": 350,
  "verse_pos": 2
 },
 {
  "line": 6,
  "left": 76,
  "end": 368,
  "height": 41,
  "top": 220,
  "ayah": 3,
  "page": 57,
  "width": 292,
  "verse_pos": 2
 },
 {
  "line": 6,
  "left": 18,
  "end": 75,
  "height": 41,
  "top": 220,
  "ayah": 4,
  "page": 57,
  "width": 57,
  "verse_pos": 3
 },
 {
  "line": 7,
  "left": 18,
  "end": 368,
  "height": 44,
  "top": 261,
  "ayah": 4,
  "page": 57,
  "width": 350,
  "verse_pos": 3
 },
 {
  "line": 8,
  "left": 222,
  "end": 368,
  "height": 42,
  "top": 305,
  "ayah": 4,
  "page": 57,
  "width": 146,
  "verse_pos": 3
 },
 {
  "line": 8,
  "left": 18,
  "end": 221,
  "height": 42,
  "top": 305,
  "ayah": 5,
  "page": 57,
  "width": 203,
  "verse_pos": 4
 },
 {
  "line": 9,
  "left": 18,
  "end": 368,
  "height": 46,
  "top": 347,
  "ayah": 5,
  "page": 57,
  "width": 350,
  "verse_pos": 4
 },
 {
  "line": 10,
  "left": 49,
  "end": 368,
  "height": 40,
  "top": 393,
  "ayah": 6,
  "page": 57,
  "width": 319,
  "verse_pos": 5
 },
 {
  "line": 10,
  "left": 18,
  "end": 48,
  "height": 40,
  "top": 393,
  "ayah": 7,
  "page": 57,
  "width": 30,
  "verse_pos": 6
 },
 {
  "line": 11,
  "left": 18,
  "end": 368,
  "height": 43,
  "top": 433,
  "ayah": 7,
  "page": 57,
  "width": 350,
  "verse_pos": 6
 },
 {
  "line": 12,
  "left": 251,
  "end": 368,
  "height": 46,
  "top": 476,
  "ayah": 7,
  "page": 57,
  "width": 117,
  "verse_pos": 6
 },
 {
  "line": 12,
  "left": 18,
  "end": 250,
  "height": 42,
  "top": 476,
  "ayah": 8,
  "page": 57,
  "width": 232,
  "verse_pos": 7
 },
 {
  "line": 13,
  "left": 18,
  "end": 368,
  "height": 43,
  "top": 522,
  "ayah": 9,
  "page": 57,
  "width": 350,
  "verse_pos": 8
 },
 {
  "line": 14,
  "left": 18,
  "end": 368,
  "height": 42,
  "top": 565,
  "ayah": 9,
  "page": 57,
  "width": 350,
  "verse_pos": 8
 },
 {
  "line": 15,
  "left": 18,
  "end": 368,
  "height": 42,
  "top": 607,
  "ayah": 9,
  "page": 57,
  "width": 350,
  "verse_pos": 8
 }
]