[
 {
  "line": 1,
  "left": 15,
  "end": 373,
  "height": 45,
  "top": 7,
  "ayah": 1,
  "page": 327,
  "width": 358,
  "verse_pos": 0
 },
 {
  "line": 2,
  "left": 338,
  "end": 373,
  "height": 40,
  "top": 52,
  "ayah": 1,
  "page": 327,
  "width": 35,
  "verse_pos": 0
 },
 {
  "line": 2,
  "left": 15,
  "end": 337,
  "height": 40,
  "top": 52,
  "ayah": 2,
  "page": 327,
  "width": 322,
  "verse_pos": 1
 },
 {
  "line": 3,
  "left": 100,
  "end": 373,
  "height": 46,
  "top": 92,
  "ayah": 3,
  "page": 327,
  "width": 273,
  "verse_pos": 2
 },
 {
  "line": 3,
  "left": 15,
  "end": 99,
  "height": 46,
  "top": 92,
  "ayah": 4,
  "page": 327,
  "width": 84,
  "verse_pos": 3
 },
 {
  "line": 4,
  "left": 125,
  "end": 373,
  "height": 44,
  "top": 138,
  "ayah": 4,
  "page": 327,
  "width": 248,
  "verse_pos": 3
 },
 {
  "line": 4,
  "left": 15,
  "end": 124,
  "height": 44,
  "top": 138,
  "ayah": 5,
  "page": 327,
  "width": 109,
  "verse_pos": 4
 },
 {
  "line": 5,
  "left": 185,
  "end": 373,
  "height": 43,
  "top": 182,
  "ayah": 5,
  "page": 327,
  "width": 188,
  "verse_pos": 4
 },
 {
  "line": 5,
  "left": 15,
  "end": 184,
  "height": 43,
  "top": 182,
  "ayah": 6,
  "page": 327,
  "width": 169,
  "verse_pos": 5
 },
 {
  "line": 6,
  "left": 97,
  "end": 373,
  "height": 41,
  "top": 225,
  "ayah": 6,
  "page": 327,
  "width": 276,
  "verse_pos": 5
 },
 {
  "line": 6,
  "left": 15,
  "end": 96,
  "height": 41,
  "top": 225,
  "ayah": 7,
  "page": 327,
  "width": 81,
  "verse_pos": 6
 },
 {
  "line": 7,
  "left": 104,
  "end": 373,
  "height": 45,
  "top": 266,
  "ayah": 7,
  "page": 327,
  "width": 269,
  "verse_pos": 6
 },
 {
  "line": 7,
  "left": 15,
  "end": 103,
  "height": 45,
  "top": 266,
  "ayah": 8,
  "page": 327,
  "width": 88,
  "verse_pos": 7
 },
 {
  "line": 8,
  "left": 55,
  "end": 373,
  "height": 43,
  "top": 311,
  "ayah": 8,
  "page": 327,
  "width": 318,
  "verse_pos": 7
 },
 {
  "line": 8,
  "left": 15,
  "end": 54,
  "height": 43,
  "top": 311,
  "ayah": 9,
  "page": 327,
  "width": 39,
  "verse_pos": 8
 },
 {
  "line": 9,
  "left": 15,
  "end": 373,
  "height": 37,
  "top": 354,
  "ayah": 9,
  "page": 327,
  "width": 358,
  "verse_pos": 8
 },
 {
  "line": 10,
  "left": 290,
  "end": 373,
  "height": 47,
  "top": 391,
  "ayah": 9,
  "page": 327,
  "width": 83,
  "verse_pos": 8
 },
 {
  "line": 10,
  "left": 15,
  "end": 289,
  "height": 47,
  "top": 391,
  "ayah": 10,
  "page": 327,
  "width": 274,
  "verse_pos": 9
 },
 {
  "line": 11,
  "left": 273,
  "end": 373,
  "height": 45,
  "top": 438,
  "ayah": 10,
  "page": 327,
  "width": 100,
  "verse_pos": 9
 },
 {
  "line": 11,
  "left": 15,
  "end": 272,
  "height": 45,
  "top": 438,
  "ayah": 11,
  "page": 327,
  "width": 257,
  "verse_pos": 10
 },
 {
  "line": 12,
  "left": 282,
  "end": 373,
  "height": 42,
  "top": 483,
  "ayah": 11,
  "page": 327,
  "width": 91,
  "verse_pos": 10
 },
 {
  "line": 12,
  "left": 15,
  "end": 281,
  "height": 42,
  "top": 483,
  "ayah": 12,
  "page": 327,
  "width": 266,
  "verse_pos": 11
 },
 {
  "line": 13,
  "left": 86,
  "end": 373,
  "height": 42,
  "top": 525,
  "ayah": 13,
  "page": 327,
  "width": 287,
  "verse_pos": 12
 },
 {
  "line": 13,
  "left": 15,
  "end": 85,
  "height": 42,
  "top": 525,
  "ayah": 14,
  "page": 327,
  "width": 70,
  "verse_pos": 13
 },
 {
  "line": 14,
  "left": 67,
  "end": 373,
  "height": 39,
  "top": 567,
  "ayah": 14,
  "page": 327,
  "width": 306,
  "verse_pos": 13
 },
 {
  "line": 14,
  "left": 15,
  "end": 66,
  "height": 39,
  "top": 567,
  "ayah": 15,
  "page": 327,
  "width": 51,
  "verse_pos": 14
 },
 {
  "line": 15,
  "left": 15,
  "end": 373,
  "height": 42,
  "top": 606,
  "ayah": 15,
  "page": 327,
  "width": 358,
  "verse_pos": 14
 }
]