[
    {
     "line": 1,
     "left": 18,
     "end": 373,
     "height": 47,
     "top": 9,
     "ayah": 1,
     "page": 152,
     "width": 355,
     "verse_pos": 0
    },
    {
     "line": 2,
     "left": 245,
     "end": 373,
     "height": 43,
     "top": 56,
     "ayah": 1,
     "page": 152,
     "width": 128,
     "verse_pos": 0
    },
    {
     "line": 2,
     "left": 18,
     "end": 244,
     "height": 43,
     "top": 56,
     "ayah": 2,
     "page": 152,
     "width": 226,
     "verse_pos": 1
    },
    {
     "line": 3,
     "left": 171,
     "end": 373,
     "height": 41,
     "top": 99,
     "ayah": 2,
     "page": 152,
     "width": 202,
     "verse_pos": 1
    },
    {
     "line": 3,
     "left": 18,
     "end": 170,
     "height": 41,
     "top": 99,
     "ayah": 3,
     "page": 152,
     "width": 152,
     "verse_pos": 2
    },
    {
     "line": 4,
     "left": 337,
     "end": 373,
     "height": 43,
     "top": 140,
     "ayah": 3,
     "page": 152,
     "width": 36,
     "verse_pos": 2
    },
    {
     "line": 4,
     "left": 181,
     "end": 337,
     "height": 43,
     "top": 140,
     "ayah": 4,
     "page": 152,
     "width": 156,
     "verse_pos": 3
    },
    {
     "line": 4,
     "left": 18,
     "end": 180,
     "height": 43,
     "top": 140,
     "ayah": 5,
     "page": 152,
     "width": 162,
     "verse_pos": 4
    },
    {
     "line": 5,
     "left": 233,
     "end": 373,
     "height": 43,
     "top": 183,
     "ayah": 5,
     "page": 152,
     "width": 140,
     "verse_pos": 4
    },
    {
     "line": 5,
     "left": 18,
     "end": 231,
     "height": 43,
     "top": 183,
     "ayah": 6,
     "page": 152,
     "width": 213,
     "verse_pos": 5
    },
    {
     "line": 6,
     "left": 45,
     "end": 373,
     "height": 39,
     "top": 226,
     "ayah": 6,
     "page": 152,
     "width": 328,
     "verse_pos": 5
    },
    {
     "line": 6,
     "left": 18,
     "end": 44,
     "height": 39,
     "top": 226,
     "ayah": 7,
     "page": 152,
     "width": 26,
     "verse_pos": 6
    },
    {
     "line": 7,
     "left": 18,
     "end": 373,
     "height": 48,
     "top": 265,
     "ayah": 7,
     "page": 152,
     "width": 355,
     "verse_pos": 6
    },
    {
     "line": 8,
     "left": 293,
     "end": 373,
     "height": 43,
     "top": 313,
     "ayah": 7,
     "page": 152,
     "width": 80,
     "verse_pos": 6
    },
    {
     "line": 8,
     "left": 18,
     "end": 292,
     "height": 43,
     "top": 313,
     "ayah": 8,
     "page": 152,
     "width": 274,
     "verse_pos": 7
    },
    {
     "line": 9,
     "left": 72,
     "end": 373,
     "height": 44,
     "top": 356,
     "ayah": 8,
     "page": 152,
     "width": 301,
     "verse_pos": 7
    },
    {
     "line": 9,
     "left": 18,
     "end": 71,
     "height": 44,
     "top": 356,
     "ayah": 9,
     "page": 152,
     "width": 53,
     "verse_pos": 8
    },
    {
     "line": 10,
     "left": 18,
     "end": 373,
     "height": 42,
     "top": 400,
     "ayah": 9,
     "page": 152,
     "width": 355,
     "verse_pos": 8
    },
    {
     "line": 11,
     "left": 18,
     "end": 373,
     "height": 44,
     "top": 442,
     "ayah": 9,
     "page": 152,
     "width": 355,
     "verse_pos": 8
    },
    {
     "line": 12,
     "left": 268,
     "end": 373,
     "height": 42,
     "top": 486,
     "ayah": 9,
     "page": 152,
     "width": 105,
     "verse_pos": 8
    },
    {
     "line": 12,
     "left": 18,
     "end": 267,
     "height": 42,
     "top": 486,
     "ayah": 10,
     "page": 152,
     "width": 249,
     "verse_pos": 9
    },
    {
     "line": 13,
     "left": 18,
     "end": 373,
     "height": 37,
     "top": 528,
     "ayah": 11,
     "page": 152,
     "width": 355,
     "verse_pos": 10
    },
    {
     "line": 14,
     "left": 18,
     "end": 373,
     "height": 47,
     "top": 565,
     "ayah": 11,
     "page": 152,
     "width": 355,
     "verse_pos": 10
    },
    {
     "line": 15,
     "left": 18,
     "end": 373,
     "height": 44,
     "top": 612,
     "ayah": 11,
     "page": 152,
     "width": 355,
     "verse_pos": 10
    }
   ]