[
 {
  "line": 1,
  "left": 15,
  "end": 375,
  "height": 42,
  "top": 7,
  "ayah": 1,
  "page": 311,
  "width": 360,
  "verse_pos": 0
 },
 {
  "line": 2,
  "left": 338,
  "end": 375,
  "height": 45,
  "top": 49,
  "ayah": 1,
  "page": 311,
  "width": 37,
  "verse_pos": 0
 },
 {
  "line": 2,
  "left": 70,
  "end": 337,
  "height": 45,
  "top": 49,
  "ayah": 2,
  "page": 311,
  "width": 267,
  "verse_pos": 1
 },
 {
  "line": 2,
  "left": 15,
  "end": 69,
  "height": 45,
  "top": 49,
  "ayah": 3,
  "page": 311,
  "width": 54,
  "verse_pos": 2
 },
 {
  "line": 3,
  "left": 66,
  "end": 375,
  "height": 41,
  "top": 94,
  "ayah": 3,
  "page": 311,
  "width": 309,
  "verse_pos": 2
 },
 {
  "line": 3,
  "left": 15,
  "end": 65,
  "height": 41,
  "top": 94,
  "ayah": 4,
  "page": 311,
  "width": 50,
  "verse_pos": 3
 },
 {
  "line": 4,
  "left": 214,
  "end": 375,
  "height": 43,
  "top": 135,
  "ayah": 4,
  "page": 311,
  "width": 161,
  "verse_pos": 3
 },
 {
  "line": 4,
  "left": 15,
  "end": 213,
  "height": 43,
  "top": 135,
  "ayah": 5,
  "page": 311,
  "width": 198,
  "verse_pos": 4
 },
 {
  "line": 5,
  "left": 235,
  "end": 375,
  "height": 46,
  "top": 178,
  "ayah": 5,
  "page": 311,
  "width": 140,
  "verse_pos": 4
 },
 {
  "line": 5,
  "left": 15,
  "end": 234,
  "height": 46,
  "top": 178,
  "ayah": 6,
  "page": 311,
  "width": 219,
  "verse_pos": 5
 },
 {
  "line": 6,
  "left": 264,
  "end": 375,
  "height": 41,
  "top": 224,
  "ayah": 6,
  "page": 311,
  "width": 111,
  "verse_pos": 5
 },
 {
  "line": 6,
  "left": 15,
  "end": 263,
  "height": 41,
  "top": 224,
  "ayah": 7,
  "page": 311,
  "width": 248,
  "verse_pos": 6
 },
 {
  "line": 7,
  "left": 279,
  "end": 375,
  "height": 44,
  "top": 265,
  "ayah": 7,
  "page": 311,
  "width": 96,
  "verse_pos": 6
 },
 {
  "line": 7,
  "left": 15,
  "end": 278,
  "height": 44,
  "top": 265,
  "ayah": 8,
  "page": 311,
  "width": 263,
  "verse_pos": 7
 },
 {
  "line": 8,
  "left": 122,
  "end": 375,
  "height": 42,
  "top": 309,
  "ayah": 9,
  "page": 311,
  "width": 253,
  "verse_pos": 8
 },
 {
  "line": 8,
  "left": 15,
  "end": 121,
  "height": 42,
  "top": 309,
  "ayah": 10,
  "page": 311,
  "width": 106,
  "verse_pos": 9
 },
 {
  "line": 9,
  "left": 251,
  "end": 375,
  "height": 43,
  "top": 351,
  "ayah": 10,
  "page": 311,
  "width": 124,
  "verse_pos": 9
 },
 {
  "line": 9,
  "left": 15,
  "end": 250,
  "height": 43,
  "top": 351,
  "ayah": 11,
  "page": 311,
  "width": 235,
  "verse_pos": 10
 },
 {
  "line": 10,
  "left": 247,
  "end": 375,
  "height": 43,
  "top": 394,
  "ayah": 11,
  "page": 311,
  "width": 128,
  "verse_pos": 10
 },
 {
  "line": 10,
  "left": 53,
  "end": 246,
  "height": 43,
  "top": 394,
  "ayah": 12,
  "page": 311,
  "width": 193,
  "verse_pos": 11
 },
 {
  "line": 10,
  "left": 15,
  "end": 52,
  "height": 43,
  "top": 394,
  "ayah": 13,
  "page": 311,
  "width": 37,
  "verse_pos": 12
 },
 {
  "line": 11,
  "left": 239,
  "end": 375,
  "height": 45,
  "top": 437,
  "ayah": 13,
  "page": 311,
  "width": 136,
  "verse_pos": 12
 },
 {
  "line": 11,
  "left": 15,
  "end": 238,
  "height": 45,
  "top": 437,
  "ayah": 14,
  "page": 311,
  "width": 223,
  "verse_pos": 13
 },
 {
  "line": 12,
  "left": 139,
  "end": 375,
  "height": 43,
  "top": 482,
  "ayah": 14,
  "page": 311,
  "width": 236,
  "verse_pos": 13
 },
 {
  "line": 12,
  "left": 15,
  "end": 138,
  "height": 43,
  "top": 482,
  "ayah": 15,
  "page": 311,
  "width": 123,
  "verse_pos": 14
 },
 {
  "line": 13,
  "left": 340,
  "end": 375,
  "height": 41,
  "top": 525,
  "ayah": 15,
  "page": 311,
  "width": 35,
  "verse_pos": 14
 },
 {
  "line": 13,
  "left": 116,
  "end": 339,
  "height": 41,
  "top": 525,
  "ayah": 16,
  "page": 311,
  "width": 223,
  "verse_pos": 15
 },
 {
  "line": 13,
  "left": 15,
  "end": 115,
  "height": 41,
  "top": 525,
  "ayah": 17,
  "page": 311,
  "width": 100,
  "verse_pos": 16
 },
 {
  "line": 14,
  "left": 97,
  "end": 375,
  "height": 42,
  "top": 566,
  "ayah": 17,
  "page": 311,
  "width": 278,
  "verse_pos": 16
 },
 {
  "line": 14,
  "left": 15,
  "end": 96,
  "height": 42,
  "top": 566,
  "ayah": 18,
  "page": 311,
  "width": 81,
  "verse_pos": 17
 },
 {
  "line": 15,
  "left": 252,
  "end": 375,
  "height": 44,
  "top": 608,
  "ayah": 18,
  "page": 311,
  "width": 123,
  "verse_pos": 17
 },
 {
  "line": 15,
  "left": 15,
  "end": 251,
  "height": 44,
  "top": 608,
  "ayah": 19,
  "page": 311,
  "width": 236,
  "verse_pos": 18
 }
]