[
 {
  "line": 1,
  "left": 13,
  "end": 374,
  "height": 47,
  "top": 6,
  "ayah": 1,
  "page": 261,
  "width": 361,
  "verse_pos": 0
 },
 {
  "line": 2,
  "left": 301,
  "end": 374,
  "height": 41,
  "top": 53,
  "ayah": 1,
  "page": 261,
  "width": 73,
  "verse_pos": 0
 },
 {
  "line": 2,
  "left": 13,
  "end": 300,
  "height": 41,
  "top": 53,
  "ayah": 2,
  "page": 261,
  "width": 287,
  "verse_pos": 1
 },
 {
  "line": 3,
  "left": 13,
  "end": 374,
  "height": 43,
  "top": 94,
  "ayah": 2,
  "page": 261,
  "width": 361,
  "verse_pos": 1
 },
 {
  "line": 4,
  "left": 13,
  "end": 374,
  "height": 44,
  "top": 137,
  "ayah": 2,
  "page": 261,
  "width": 361,
  "verse_pos": 1
 },
 {
  "line": 5,
  "left": 271,
  "end": 374,
  "height": 44,
  "top": 181,
  "ayah": 2,
  "page": 261,
  "width": 103,
  "verse_pos": 1
 },
 {
  "line": 5,
  "left": 13,
  "end": 271,
  "height": 44,
  "top": 181,
  "ayah": 3,
  "page": 261,
  "width": 258,
  "verse_pos": 2
 },
 {
  "line": 6,
  "left": 13,
  "end": 374,
  "height": 41,
  "top": 225,
  "ayah": 3,
  "page": 261,
  "width": 361,
  "verse_pos": 2
 },
 {
  "line": 7,
  "left": 235,
  "end": 374,
  "height": 44,
  "top": 266,
  "ayah": 3,
  "page": 261,
  "width": 139,
  "verse_pos": 2
 },
 {
  "line": 7,
  "left": 13,
  "end": 234,
  "height": 44,
  "top": 266,
  "ayah": 4,
  "page": 261,
  "width": 221,
  "verse_pos": 3
 },
 {
  "line": 8,
  "left": 13,
  "end": 374,
  "height": 41,
  "top": 310,
  "ayah": 4,
  "page": 261,
  "width": 361,
  "verse_pos": 3
 },
 {
  "line": 9,
  "left": 339,
  "end": 374,
  "height": 43,
  "top": 351,
  "ayah": 4,
  "page": 261,
  "width": 35,
  "verse_pos": 3
 },
 {
  "line": 9,
  "left": 13,
  "end": 338,
  "height": 43,
  "top": 351,
  "ayah": 5,
  "page": 261,
  "width": 325,
  "verse_pos": 4
 },
 {
  "line": 10,
  "left": 268,
  "end": 374,
  "height": 47,
  "top": 394,
  "ayah": 5,
  "page": 261,
  "width": 106,
  "verse_pos": 4
 },
 {
  "line": 10,
  "left": 13,
  "end": 269,
  "height": 47,
  "top": 394,
  "ayah": 6,
  "page": 261,
  "width": 256,
  "verse_pos": 5
 },
 {
  "line": 11,
  "left": 176,
  "end": 374,
  "height": 42,
  "top": 441,
  "ayah": 6,
  "page": 261,
  "width": 198,
  "verse_pos": 5
 },
 {
  "line": 11,
  "left": 13,
  "end": 175,
  "height": 42,
  "top": 441,
  "ayah": 7,
  "page": 261,
  "width": 162,
  "verse_pos": 6
 },
 {
  "line": 12,
  "left": 198,
  "end": 374,
  "height": 43,
  "top": 483,
  "ayah": 7,
  "page": 261,
  "width": 176,
  "verse_pos": 6
 },
 {
  "line": 12,
  "left": 13,
  "end": 197,
  "height": 43,
  "top": 483,
  "ayah": 8,
  "page": 261,
  "width": 184,
  "verse_pos": 7
 },
 {
  "line": 13,
  "left": 223,
  "end": 374,
  "height": 45,
  "top": 526,
  "ayah": 8,
  "page": 261,
  "width": 151,
  "verse_pos": 7
 },
 {
  "line": 13,
  "left": 13,
  "end": 222,
  "height": 45,
  "top": 526,
  "ayah": 9,
  "page": 261,
  "width": 209,
  "verse_pos": 8
 },
 {
  "line": 14,
  "left": 173,
  "end": 374,
  "height": 39,
  "top": 571,
  "ayah": 9,
  "page": 261,
  "width": 201,
  "verse_pos": 8
 },
 {
  "line": 14,
  "left": 13,
  "end": 172,
  "height": 39,
  "top": 571,
  "ayah": 10,
  "page": 261,
  "width": 159,
  "verse_pos": 9
 },
 {
  "line": 15,
  "left": 13,
  "end": 374,
  "height": 42,
  "top": 610,
  "ayah": 10,
  "page": 261,
  "width": 361,
  "verse_pos": 9
 }
]