[
 {
  "line": 1,
  "left": 6,
  "end": 380,
  "height": 41,
  "top": 6,
  "ayah": 1,
  "page": 216,
  "width": 374,
  "verse_pos": 0
 },
 {
  "line": 2,
  "left": 343,
  "end": 380,
  "height": 41,
  "top": 47,
  "ayah": 1,
  "page": 216,
  "width": 37,
  "verse_pos": 0
 },
 {
  "line": 2,
  "left": 84,
  "end": 342,
  "height": 41,
  "top": 47,
  "ayah": 2,
  "page": 216,
  "width": 258,
  "verse_pos": 1
 },
 {
  "line": 2,
  "left": 6,
  "end": 84,
  "height": 41,
  "top": 47,
  "ayah": 3,
  "page": 216,
  "width": 78,
  "verse_pos": 2
 },
 {
  "line": 3,
  "left": 6,
  "end": 380,
  "height": 44,
  "top": 88,
  "ayah": 3,
  "page": 216,
  "width": 374,
  "verse_pos": 2
 },
 {
  "line": 4,
  "left": 175,
  "end": 380,
  "height": 43,
  "top": 132,
  "ayah": 3,
  "page": 216,
  "width": 205,
  "verse_pos": 2
 },
 {
  "line": 4,
  "left": 6,
  "end": 175,
  "height": 43,
  "top": 132,
  "ayah": 4,
  "page": 216,
  "width": 169,
  "verse_pos": 3
 },
 {
  "line": 5,
  "left": 93,
  "end": 380,
  "height": 43,
  "top": 175,
  "ayah": 4,
  "page": 216,
  "width": 287,
  "verse_pos": 3
 },
 {
  "line": 5,
  "left": 6,
  "end": 92,
  "height": 43,
  "top": 175,
  "ayah": 5,
  "page": 216,
  "width": 86,
  "verse_pos": 4
 },
 {
  "line": 6,
  "left": 6,
  "end": 380,
  "height": 43,
  "top": 218,
  "ayah": 5,
  "page": 216,
  "width": 374,
  "verse_pos": 4
 },
 {
  "line": 7,
  "left": 6,
  "end": 380,
  "height": 43,
  "top": 261,
  "ayah": 5,
  "page": 216,
  "width": 374,
  "verse_pos": 4
 },
 {
  "line": 8,
  "left": 140,
  "end": 380,
  "height": 43,
  "top": 304,
  "ayah": 5,
  "page": 216,
  "width": 240,
  "verse_pos": 4
 },
 {
  "line": 8,
  "left": 6,
  "end": 139,
  "height": 43,
  "top": 304,
  "ayah": 6,
  "page": 216,
  "width": 133,
  "verse_pos": 5
 },
 {
  "line": 9,
  "left": 6,
  "end": 380,
  "height": 40,
  "top": 347,
  "ayah": 6,
  "page": 216,
  "width": 374,
  "verse_pos": 5
 },
 {
  "line": 10,
  "left": 176,
  "end": 380,
  "height": 44,
  "top": 387,
  "ayah": 6,
  "page": 216,
  "width": 204,
  "verse_pos": 5
 },
 {
  "line": 10,
  "left": 6,
  "end": 175,
  "height": 44,
  "top": 387,
  "ayah": 7,
  "page": 216,
  "width": 169,
  "verse_pos": 6
 },
 {
  "line": 11,
  "left": 6,
  "end": 380,
  "height": 42,
  "top": 431,
  "ayah": 7,
  "page": 216,
  "width": 374,
  "verse_pos": 6
 },
 {
  "line": 12,
  "left": 6,
  "end": 380,
  "height": 49,
  "top": 473,
  "ayah": 7,
  "page": 216,
  "width": 374,
  "verse_pos": 6
 },
 {
  "line": 13,
  "left": 273,
  "end": 380,
  "height": 42,
  "top": 522,
  "ayah": 7,
  "page": 216,
  "width": 107,
  "verse_pos": 6
 },
 {
  "line": 13,
  "left": 6,
  "end": 272,
  "height": 42,
  "top": 522,
  "ayah": 8,
  "page": 216,
  "width": 266,
  "verse_pos": 7
 },
 {
  "line": 14,
  "left": 261,
  "end": 380,
  "height": 40,
  "top": 564,
  "ayah": 8,
  "page": 216,
  "width": 119,
  "verse_pos": 7
 },
 {
  "line": 14,
  "left": 6,
  "end": 260,
  "height": 40,
  "top": 564,
  "ayah": 9,
  "page": 216,
  "width": 254,
  "verse_pos": 8
 },
 {
  "line": 15,
  "left": 6,
  "end": 380,
  "height": 46,
  "top": 604,
  "ayah": 9,
  "page": 216,
  "width": 374,
  "verse_pos": 8
 }
]