[
 {
  "line": 1,
  "left": 15,
  "end": 375,
  "height": 38,
  "top": 7,
  "ayah": 1,
  "page": 134,
  "width": 360,
  "verse_pos": 0
 },
 {
  "line": 2,
  "left": 43,
  "end": 375,
  "height": 46,
  "top": 45,
  "ayah": 1,
  "page": 134,
  "width": 332,
  "verse_pos": 0
 },
 {
  "line": 2,
  "left": 15,
  "end": 42,
  "height": 46,
  "top": 45,
  "ayah": 2,
  "page": 134,
  "width": 27,
  "verse_pos": 1
 },
 {
  "line": 3,
  "left": 15,
  "end": 375,
  "height": 39,
  "top": 91,
  "ayah": 2,
  "page": 134,
  "width": 360,
  "verse_pos": 1
 },
 {
  "line": 4,
  "left": 15,
  "end": 375,
  "height": 48,
  "top": 130,
  "ayah": 2,
  "page": 134,
  "width": 360,
  "verse_pos": 1
 },
 {
  "line": 5,
  "left": 15,
  "end": 375,
  "height": 44,
  "top": 178,
  "ayah": 2,
  "page": 134,
  "width": 360,
  "verse_pos": 1
 },
 {
  "line": 6,
  "left": 15,
  "end": 375,
  "height": 41,
  "top": 222,
  "ayah": 3,
  "page": 134,
  "width": 360,
  "verse_pos": 2
 },
 {
  "line": 7,
  "left": 15,
  "end": 375,
  "height": 43,
  "top": 263,
  "ayah": 4,
  "page": 134,
  "width": 360,
  "verse_pos": 3
 },
 {
  "line": 8,
  "left": 15,
  "end": 375,
  "height": 44,
  "top": 306,
  "ayah": 4,
  "page": 134,
  "width": 360,
  "verse_pos": 3
 },
 {
  "line": 9,
  "left": 15,
  "end": 375,
  "height": 42,
  "top": 350,
  "ayah": 5,
  "page": 134,
  "width": 360,
  "verse_pos": 4
 },
 {
  "line": 10,
  "left": 15,
  "end": 375,
  "height": 46,
  "top": 392,
  "ayah": 5,
  "page": 134,
  "width": 360,
  "verse_pos": 4
 },
 {
  "line": 11,
  "left": 277,
  "end": 375,
  "height": 39,
  "top": 438,
  "ayah": 5,
  "page": 134,
  "width": 98,
  "verse_pos": 4
 },
 {
  "line": 11,
  "left": 15,
  "end": 276,
  "height": 39,
  "top": 438,
  "ayah": 6,
  "page": 134,
  "width": 261,
  "verse_pos": 5
 },
 {
  "line": 12,
  "left": 15,
  "end": 375,
  "height": 44,
  "top": 477,
  "ayah": 6,
  "page": 134,
  "width": 360,
  "verse_pos": 5
 },
 {
  "line": 13,
  "left": 15,
  "end": 375,
  "height": 45,
  "top": 521,
  "ayah": 7,
  "page": 134,
  "width": 360,
  "verse_pos": 6
 },
 {
  "line": 14,
  "left": 15,
  "end": 375,
  "height": 41,
  "top": 566,
  "ayah": 7,
  "page": 134,
  "width": 360,
  "verse_pos": 6
 },
 {
  "line": 15,
  "left": 15,
  "end": 375,
  "height": 46,
  "top": 607,
  "ayah": 7,
  "page": 134,
  "width": 360,
  "verse_pos": 6
 }
]