[
 {
  "line": 1,
  "left": 15,
  "end": 372,
  "height": 40,
  "top": 7,
  "ayah": 1,
  "page": 513,
  "width": 357,
  "verse_pos": 0
 },
 {
  "line": 2,
  "left": 15,
  "end": 372,
  "height": 47,
  "top": 47,
  "ayah": 1,
  "page": 513,
  "width": 357,
  "verse_pos": 0
 },
 {
  "line": 3,
  "left": 49,
  "end": 372,
  "height": 40,
  "top": 94,
  "ayah": 1,
  "page": 513,
  "width": 323,
  "verse_pos": 0
 },
 {
  "line": 3,
  "left": 15,
  "end": 48,
  "height": 40,
  "top": 94,
  "ayah": 2,
  "page": 513,
  "width": 33,
  "verse_pos": 1
 },
 {
  "line": 4,
  "left": 15,
  "end": 372,
  "height": 42,
  "top": 134,
  "ayah": 2,
  "page": 513,
  "width": 357,
  "verse_pos": 1
 },
 {
  "line": 5,
  "left": 15,
  "end": 372,
  "height": 48,
  "top": 176,
  "ayah": 2,
  "page": 513,
  "width": 357,
  "verse_pos": 1
 },
 {
  "line": 6,
  "left": 169,
  "end": 372,
  "height": 41,
  "top": 224,
  "ayah": 2,
  "page": 513,
  "width": 203,
  "verse_pos": 1
 },
 {
  "line": 6,
  "left": 15,
  "end": 168,
  "height": 41,
  "top": 224,
  "ayah": 3,
  "page": 513,
  "width": 153,
  "verse_pos": 2
 },
 {
  "line": 7,
  "left": 15,
  "end": 372,
  "height": 43,
  "top": 265,
  "ayah": 3,
  "page": 513,
  "width": 357,
  "verse_pos": 2
 },
 {
  "line": 8,
  "left": 77,
  "end": 372,
  "height": 41,
  "top": 308,
  "ayah": 3,
  "page": 513,
  "width": 295,
  "verse_pos": 2
 },
 {
  "line": 8,
  "left": 15,
  "end": 76,
  "height": 41,
  "top": 308,
  "ayah": 4,
  "page": 513,
  "width": 61,
  "verse_pos": 3
 },
 {
  "line": 9,
  "left": 94,
  "end": 372,
  "height": 44,
  "top": 349,
  "ayah": 4,
  "page": 513,
  "width": 278,
  "verse_pos": 3
 },
 {
  "line": 9,
  "left": 15,
  "end": 93,
  "height": 44,
  "top": 349,
  "ayah": 5,
  "page": 513,
  "width": 78,
  "verse_pos": 4
 },
 {
  "line": 10,
  "left": 15,
  "end": 372,
  "height": 43,
  "top": 393,
  "ayah": 5,
  "page": 513,
  "width": 357,
  "verse_pos": 4
 },
 {
  "line": 11,
  "left": 15,
  "end": 372,
  "height": 43,
  "top": 436,
  "ayah": 5,
  "page": 513,
  "width": 357,
  "verse_pos": 4
 },
 {
  "line": 12,
  "left": 275,
  "end": 372,
  "height": 43,
  "top": 479,
  "ayah": 5,
  "page": 513,
  "width": 97,
  "verse_pos": 4
 },
 {
  "line": 12,
  "left": 15,
  "end": 274,
  "height": 43,
  "top": 479,
  "ayah": 6,
  "page": 513,
  "width": 259,
  "verse_pos": 5
 },
 {
  "line": 13,
  "left": 151,
  "end": 372,
  "height": 43,
  "top": 522,
  "ayah": 6,
  "page": 513,
  "width": 221,
  "verse_pos": 5
 },
 {
  "line": 13,
  "left": 15,
  "end": 150,
  "height": 43,
  "top": 522,
  "ayah": 7,
  "page": 513,
  "width": 135,
  "verse_pos": 6
 },
 {
  "line": 14,
  "left": 67,
  "end": 372,
  "height": 40,
  "top": 565,
  "ayah": 7,
  "page": 513,
  "width": 305,
  "verse_pos": 6
 },
 {
  "line": 14,
  "left": 15,
  "end": 66,
  "height": 40,
  "top": 565,
  "ayah": 8,
  "page": 513,
  "width": 51,
  "verse_pos": 7
 },
 {
  "line": 15,
  "left": 15,
  "end": 372,
  "height": 42,
  "top": 605,
  "ayah": 8,
  "page": 513,
  "width": 357,
  "verse_pos": 7
 }
]