[
 {
  "line": 1,
  "left": 15,
  "end": 373,
  "height": 44,
  "top": 7,
  "ayah": 1,
  "page": 204,
  "width": 358,
  "verse_pos": 0
 },
 {
  "line": 2,
  "left": 15,
  "end": 373,
  "height": 42,
  "top": 51,
  "ayah": 1,
  "page": 204,
  "width": 358,
  "verse_pos": 0
 },
 {
  "line": 3,
  "left": 15,
  "end": 373,
  "height": 40,
  "top": 93,
  "ayah": 1,
  "page": 204,
  "width": 358,
  "verse_pos": 0
 },
 {
  "line": 4,
  "left": 336,
  "end": 373,
  "height": 43,
  "top": 133,
  "ayah": 1,
  "page": 204,
  "width": 37,
  "verse_pos": 0
 },
 {
  "line": 4,
  "left": 15,
  "end": 335,
  "height": 43,
  "top": 133,
  "ayah": 2,
  "page": 204,
  "width": 320,
  "verse_pos": 1
 },
 {
  "line": 5,
  "left": 15,
  "end": 373,
  "height": 47,
  "top": 176,
  "ayah": 2,
  "page": 204,
  "width": 358,
  "verse_pos": 1
 },
 {
  "line": 6,
  "left": 181,
  "end": 373,
  "height": 44,
  "top": 223,
  "ayah": 2,
  "page": 204,
  "width": 192,
  "verse_pos": 1
 },
 {
  "line": 6,
  "left": 15,
  "end": 180,
  "height": 44,
  "top": 223,
  "ayah": 3,
  "page": 204,
  "width": 165,
  "verse_pos": 2
 },
 {
  "line": 7,
  "left": 15,
  "end": 373,
  "height": 37,
  "top": 267,
  "ayah": 3,
  "page": 204,
  "width": 358,
  "verse_pos": 2
 },
 {
  "line": 8,
  "left": 15,
  "end": 373,
  "height": 47,
  "top": 304,
  "ayah": 3,
  "page": 204,
  "width": 358,
  "verse_pos": 2
 },
 {
  "line": 9,
  "left": 217,
  "end": 373,
  "height": 42,
  "top": 351,
  "ayah": 3,
  "page": 204,
  "width": 156,
  "verse_pos": 2
 },
 {
  "line": 9,
  "left": 15,
  "end": 216,
  "height": 42,
  "top": 351,
  "ayah": 4,
  "page": 204,
  "width": 201,
  "verse_pos": 3
 },
 {
  "line": 10,
  "left": 15,
  "end": 373,
  "height": 43,
  "top": 393,
  "ayah": 4,
  "page": 204,
  "width": 358,
  "verse_pos": 3
 },
 {
  "line": 11,
  "left": 15,
  "end": 373,
  "height": 40,
  "top": 436,
  "ayah": 5,
  "page": 204,
  "width": 358,
  "verse_pos": 4
 },
 {
  "line": 12,
  "left": 15,
  "end": 373,
  "height": 47,
  "top": 476,
  "ayah": 5,
  "page": 204,
  "width": 358,
  "verse_pos": 4
 },
 {
  "line": 13,
  "left": 15,
  "end": 373,
  "height": 43,
  "top": 523,
  "ayah": 5,
  "page": 204,
  "width": 358,
  "verse_pos": 4
 },
 {
  "line": 14,
  "left": 15,
  "end": 373,
  "height": 44,
  "top": 566,
  "ayah": 5,
  "page": 204,
  "width": 358,
  "verse_pos": 4
 },
 {
  "line": 15,
  "left": 15,
  "end": 373,
  "height": 44,
  "top": 610,
  "ayah": 5,
  "page": 204,
  "width": 358,
  "verse_pos": 4
 }
]