[
 {
  "line": 1,
  "left": 14,
  "end": 373,
  "height": 41,
  "top": 8,
  "ayah": 1,
  "page": 362,
  "width": 359,
  "verse_pos": 0
 },
 {
  "line": 2,
  "left": 14,
  "end": 373,
  "height": 47,
  "top": 49,
  "ayah": 1,
  "page": 362,
  "width": 359,
  "verse_pos": 0
 },
 {
  "line": 3,
  "left": 335,
  "end": 373,
  "height": 43,
  "top": 96,
  "ayah": 1,
  "page": 362,
  "width": 38,
  "verse_pos": 0
 },
 {
  "line": 3,
  "left": 14,
  "end": 334,
  "height": 43,
  "top": 96,
  "ayah": 2,
  "page": 362,
  "width": 320,
  "verse_pos": 1
 },
 {
  "line": 4,
  "left": 254,
  "end": 373,
  "height": 41,
  "top": 139,
  "ayah": 2,
  "page": 362,
  "width": 119,
  "verse_pos": 1
 },
 {
  "line": 4,
  "left": 14,
  "end": 253,
  "height": 41,
  "top": 139,
  "ayah": 3,
  "page": 362,
  "width": 239,
  "verse_pos": 2
 },
 {
  "line": 5,
  "left": 256,
  "end": 373,
  "height": 41,
  "top": 180,
  "ayah": 3,
  "page": 362,
  "width": 117,
  "verse_pos": 2
 },
 {
  "line": 5,
  "left": 14,
  "end": 255,
  "height": 41,
  "top": 180,
  "ayah": 4,
  "page": 362,
  "width": 241,
  "verse_pos": 3
 },
 {
  "line": 6,
  "left": 246,
  "end": 373,
  "height": 44,
  "top": 221,
  "ayah": 4,
  "page": 362,
  "width": 127,
  "verse_pos": 3
 },
 {
  "line": 6,
  "left": 14,
  "end": 245,
  "height": 44,
  "top": 221,
  "ayah": 5,
  "page": 362,
  "width": 231,
  "verse_pos": 4
 },
 {
  "line": 7,
  "left": 291,
  "end": 373,
  "height": 44,
  "top": 265,
  "ayah": 5,
  "page": 362,
  "width": 82,
  "verse_pos": 4
 },
 {
  "line": 7,
  "left": 14,
  "end": 290,
  "height": 44,
  "top": 265,
  "ayah": 6,
  "page": 362,
  "width": 276,
  "verse_pos": 5
 },
 {
  "line": 8,
  "left": 236,
  "end": 373,
  "height": 42,
  "top": 309,
  "ayah": 6,
  "page": 362,
  "width": 137,
  "verse_pos": 5
 },
 {
  "line": 8,
  "left": 14,
  "end": 235,
  "height": 42,
  "top": 309,
  "ayah": 7,
  "page": 362,
  "width": 221,
  "verse_pos": 6
 },
 {
  "line": 9,
  "left": 134,
  "end": 373,
  "height": 44,
  "top": 351,
  "ayah": 7,
  "page": 362,
  "width": 239,
  "verse_pos": 6
 },
 {
  "line": 9,
  "left": 14,
  "end": 133,
  "height": 44,
  "top": 351,
  "ayah": 8,
  "page": 362,
  "width": 119,
  "verse_pos": 7
 },
 {
  "line": 10,
  "left": 260,
  "end": 373,
  "height": 42,
  "top": 395,
  "ayah": 8,
  "page": 362,
  "width": 113,
  "verse_pos": 7
 },
 {
  "line": 10,
  "left": 14,
  "end": 259,
  "height": 42,
  "top": 395,
  "ayah": 9,
  "page": 362,
  "width": 245,
  "verse_pos": 8
 },
 {
  "line": 11,
  "left": 97,
  "end": 373,
  "height": 43,
  "top": 437,
  "ayah": 9,
  "page": 362,
  "width": 276,
  "verse_pos": 8
 },
 {
  "line": 11,
  "left": 14,
  "end": 96,
  "height": 43,
  "top": 437,
  "ayah": 10,
  "page": 362,
  "width": 82,
  "verse_pos": 9
 },
 {
  "line": 12,
  "left": 63,
  "end": 373,
  "height": 41,
  "top": 480,
  "ayah": 10,
  "page": 362,
  "width": 310,
  "verse_pos": 9
 },
 {
  "line": 12,
  "left": 14,
  "end": 62,
  "height": 41,
  "top": 480,
  "ayah": 11,
  "page": 362,
  "width": 48,
  "verse_pos": 10
 },
 {
  "line": 13,
  "left": 14,
  "end": 373,
  "height": 43,
  "top": 521,
  "ayah": 11,
  "page": 362,
  "width": 359,
  "verse_pos": 10
 },
 {
  "line": 14,
  "left": 289,
  "end": 373,
  "height": 42,
  "top": 564,
  "ayah": 11,
  "page": 362,
  "width": 84,
  "verse_pos": 10
 },
 {
  "line": 14,
  "left": 14,
  "end": 288,
  "height": 42,
  "top": 564,
  "ayah": 12,
  "page": 362,
  "width": 274,
  "verse_pos": 11
 },
 {
  "line": 15,
  "left": 14,
  "end": 373,
  "height": 42,
  "top": 606,
  "ayah": 12,
  "page": 362,
  "width": 359,
  "verse_pos": 11
 }
]