[
 {
  "line": 1,
  "left": 126,
  "end": 377,
  "height": 38,
  "top": 7,
  "ayah": 1,
  "page": 524,
  "width": 251,
  "verse_pos": 0
 },
 {
  "line": 1,
  "left": 14,
  "end": 125,
  "height": 38,
  "top": 7,
  "ayah": 2,
  "page": 524,
  "width": 111,
  "verse_pos": 1
 },
 {
  "line": 2,
  "left": 14,
  "end": 377,
  "height": 47,
  "top": 45,
  "ayah": 2,
  "page": 524,
  "width": 363,
  "verse_pos": 1
 },
 {
  "line": 3,
  "left": 169,
  "end": 377,
  "height": 43,
  "top": 92,
  "ayah": 3,
  "page": 524,
  "width": 208,
  "verse_pos": 2
 },
 {
  "line": 3,
  "left": 14,
  "end": 168,
  "height": 43,
  "top": 92,
  "ayah": 4,
  "page": 524,
  "width": 154,
  "verse_pos": 3
 },
 {
  "line": 4,
  "left": 157,
  "end": 377,
  "height": 39,
  "top": 135,
  "ayah": 4,
  "page": 524,
  "width": 220,
  "verse_pos": 3
 },
 {
  "line": 4,
  "left": 14,
  "end": 157,
  "height": 39,
  "top": 135,
  "ayah": 5,
  "page": 524,
  "width": 143,
  "verse_pos": 4
 },
 {
  "line": 5,
  "left": 259,
  "end": 377,
  "height": 48,
  "top": 174,
  "ayah": 5,
  "page": 524,
  "width": 118,
  "verse_pos": 4
 },
 {
  "line": 5,
  "left": 14,
  "end": 258,
  "height": 48,
  "top": 174,
  "ayah": 6,
  "page": 524,
  "width": 244,
  "verse_pos": 5
 },
 {
  "line": 6,
  "left": 278,
  "end": 377,
  "height": 42,
  "top": 222,
  "ayah": 6,
  "page": 524,
  "width": 99,
  "verse_pos": 5
 },
 {
  "line": 6,
  "left": 14,
  "end": 277,
  "height": 42,
  "top": 222,
  "ayah": 7,
  "page": 524,
  "width": 263,
  "verse_pos": 6
 },
 {
  "line": 7,
  "left": 14,
  "end": 377,
  "height": 46,
  "top": 264,
  "ayah": 7,
  "page": 524,
  "width": 363,
  "verse_pos": 6
 },
 {
  "line": 8,
  "left": 307,
  "end": 377,
  "height": 39,
  "top": 310,
  "ayah": 7,
  "page": 524,
  "width": 70,
  "verse_pos": 6
 },
 {
  "line": 8,
  "left": 64,
  "end": 306,
  "height": 39,
  "top": 310,
  "ayah": 8,
  "page": 524,
  "width": 242,
  "verse_pos": 7
 },
 {
  "line": 8,
  "left": 14,
  "end": 63,
  "height": 39,
  "top": 310,
  "ayah": 9,
  "page": 524,
  "width": 49,
  "verse_pos": 8
 },
 {
  "line": 9,
  "left": 161,
  "end": 377,
  "height": 44,
  "top": 349,
  "ayah": 9,
  "page": 524,
  "width": 216,
  "verse_pos": 8
 },
 {
  "line": 9,
  "left": 14,
  "end": 160,
  "height": 44,
  "top": 349,
  "ayah": 10,
  "page": 524,
  "width": 146,
  "verse_pos": 9
 },
 {
  "line": 10,
  "left": 198,
  "end": 377,
  "height": 44,
  "top": 393,
  "ayah": 10,
  "page": 524,
  "width": 179,
  "verse_pos": 9
 },
 {
  "line": 10,
  "left": 14,
  "end": 197,
  "height": 44,
  "top": 393,
  "ayah": 11,
  "page": 524,
  "width": 183,
  "verse_pos": 10
 },
 {
  "line": 11,
  "left": 337,
  "end": 377,
  "height": 44,
  "top": 437,
  "ayah": 11,
  "page": 524,
  "width": 40,
  "verse_pos": 10
 },
 {
  "line": 11,
  "left": 89,
  "end": 336,
  "height": 44,
  "top": 437,
  "ayah": 12,
  "page": 524,
  "width": 247,
  "verse_pos": 11
 },
 {
  "line": 11,
  "left": 14,
  "end": 88,
  "height": 44,
  "top": 437,
  "ayah": 13,
  "page": 524,
  "width": 74,
  "verse_pos": 12
 },
 {
  "line": 12,
  "left": 154,
  "end": 377,
  "height": 37,
  "top": 481,
  "ayah": 13,
  "page": 524,
  "width": 223,
  "verse_pos": 12
 },
 {
  "line": 12,
  "left": 14,
  "end": 153,
  "height": 37,
  "top": 481,
  "ayah": 14,
  "page": 524,
  "width": 139,
  "verse_pos": 13
 },
 {
  "line": 13,
  "left": 174,
  "end": 377,
  "height": 48,
  "top": 518,
  "ayah": 14,
  "page": 524,
  "width": 203,
  "verse_pos": 13
 },
 {
  "line": 13,
  "left": 14,
  "end": 173,
  "height": 48,
  "top": 518,
  "ayah": 15,
  "page": 524,
  "width": 159,
  "verse_pos": 14
 },
 {
  "line": 14,
  "left": 202,
  "end": 377,
  "height": 44,
  "top": 566,
  "ayah": 15,
  "page": 524,
  "width": 175,
  "verse_pos": 14
 },
 {
  "line": 14,
  "left": 14,
  "end": 201,
  "height": 44,
  "top": 566,
  "ayah": 16,
  "page": 524,
  "width": 187,
  "verse_pos": 15
 },
 {
  "line": 15,
  "left": 293,
  "end": 377,
  "height": 42,
  "top": 610,
  "ayah": 16,
  "page": 524,
  "width": 84,
  "verse_pos": 15
 },
 {
  "line": 15,
  "left": 14,
  "end": 292,
  "height": 42,
  "top": 610,
  "ayah": 17,
  "page": 524,
  "width": 278,
  "verse_pos": 16
 }
]