[
 {
  "line": 1,
  "left": 11,
  "end": 379,
  "height": 43,
  "top": 7,
  "ayah": 1,
  "page": 520,
  "width": 368,
  "verse_pos": 0
 },
 {
  "line": 2,
  "left": 202,
  "end": 379,
  "height": 40,
  "top": 50,
  "ayah": 1,
  "page": 520,
  "width": 177,
  "verse_pos": 0
 },
 {
  "line": 2,
  "left": 11,
  "end": 201,
  "height": 40,
  "top": 50,
  "ayah": 2,
  "page": 520,
  "width": 190,
  "verse_pos": 1
 },
 {
  "line": 3,
  "left": 113,
  "end": 379,
  "height": 45,
  "top": 90,
  "ayah": 2,
  "page": 520,
  "width": 266,
  "verse_pos": 1
 },
 {
  "line": 3,
  "left": 11,
  "end": 112,
  "height": 45,
  "top": 90,
  "ayah": 3,
  "page": 520,
  "width": 101,
  "verse_pos": 2
 },
 {
  "line": 4,
  "left": 11,
  "end": 379,
  "height": 41,
  "top": 135,
  "ayah": 3,
  "page": 520,
  "width": 368,
  "verse_pos": 2
 },
 {
  "line": 5,
  "left": 280,
  "end": 379,
  "height": 45,
  "top": 176,
  "ayah": 3,
  "page": 520,
  "width": 99,
  "verse_pos": 2
 },
 {
  "line": 5,
  "left": 11,
  "end": 279,
  "height": 45,
  "top": 176,
  "ayah": 4,
  "page": 520,
  "width": 268,
  "verse_pos": 3
 },
 {
  "line": 6,
  "left": 127,
  "end": 379,
  "height": 44,
  "top": 221,
  "ayah": 4,
  "page": 520,
  "width": 252,
  "verse_pos": 3
 },
 {
  "line": 6,
  "left": 11,
  "end": 126,
  "height": 44,
  "top": 221,
  "ayah": 5,
  "page": 520,
  "width": 115,
  "verse_pos": 4
 },
 {
  "line": 7,
  "left": 249,
  "end": 379,
  "height": 40,
  "top": 265,
  "ayah": 5,
  "page": 520,
  "width": 130,
  "verse_pos": 4
 },
 {
  "line": 7,
  "left": 11,
  "end": 248,
  "height": 40,
  "top": 265,
  "ayah": 6,
  "page": 520,
  "width": 237,
  "verse_pos": 5
 },
 {
  "line": 8,
  "left": 344,
  "end": 379,
  "height": 46,
  "top": 305,
  "ayah": 6,
  "page": 520,
  "width": 35,
  "verse_pos": 5
 },
 {
  "line": 8,
  "left": 41,
  "end": 343,
  "height": 46,
  "top": 305,
  "ayah": 7,
  "page": 520,
  "width": 302,
  "verse_pos": 6
 },
 {
  "line": 8,
  "left": 11,
  "end": 40,
  "height": 46,
  "top": 305,
  "ayah": 8,
  "page": 520,
  "width": 29,
  "verse_pos": 7
 },
 {
  "line": 9,
  "left": 142,
  "end": 379,
  "height": 38,
  "top": 351,
  "ayah": 8,
  "page": 520,
  "width": 237,
  "verse_pos": 7
 },
 {
  "line": 9,
  "left": 11,
  "end": 141,
  "height": 38,
  "top": 351,
  "ayah": 9,
  "page": 520,
  "width": 130,
  "verse_pos": 8
 },
 {
  "line": 10,
  "left": 126,
  "end": 379,
  "height": 46,
  "top": 389,
  "ayah": 9,
  "page": 520,
  "width": 253,
  "verse_pos": 8
 },
 {
  "line": 10,
  "left": 11,
  "end": 125,
  "height": 46,
  "top": 389,
  "ayah": 10,
  "page": 520,
  "width": 114,
  "verse_pos": 9
 },
 {
  "line": 11,
  "left": 11,
  "end": 379,
  "height": 40,
  "top": 435,
  "ayah": 10,
  "page": 520,
  "width": 368,
  "verse_pos": 9
 },
 {
  "line": 12,
  "left": 252,
  "end": 379,
  "height": 42,
  "top": 566,
  "ayah": 12,
  "page": 520,
  "width": 127,
  "verse_pos": 11
 },
 {
  "line": 12,
  "left": 130,
  "end": 251,
  "height": 42,
  "top": 566,
  "ayah": 13,
  "page": 520,
  "width": 121,
  "verse_pos": 12
 },
 {
  "line": 12,
  "left": 11,
  "end": 129,
  "height": 42,
  "top": 566,
  "ayah": 14,
  "page": 520,
  "width": 118,
  "verse_pos": 13
 },
 {
  "line": 13,
  "left": 255,
  "end": 379,
  "height": 42,
  "top": 608,
  "ayah": 15,
  "page": 520,
  "width": 124,
  "verse_pos": 14
 },
 {
  "line": 13,
  "left": 119,
  "end": 255,
  "height": 42,
  "top": 608,
  "ayah": 16,
  "page": 520,
  "width": 136,
  "verse_pos": 15
 },
 {
  "line": 13,
  "left": 11,
  "end": 118,
  "height": 42,
  "top": 608,
  "ayah": 17,
  "page": 520,
  "width": 107,
  "verse_pos": 16
 }
]