[
 {
  "line": 1,
  "left": 14,
  "end": 374,
  "height": 43,
  "top": 7,
  "ayah": 1,
  "page": 333,
  "width": 360,
  "verse_pos": 0
 },
 {
  "line": 2,
  "left": 338,
  "end": 374,
  "height": 43,
  "top": 50,
  "ayah": 1,
  "page": 333,
  "width": 36,
  "verse_pos": 0
 },
 {
  "line": 2,
  "left": 14,
  "end": 337,
  "height": 43,
  "top": 50,
  "ayah": 2,
  "page": 333,
  "width": 323,
  "verse_pos": 1
 },
 {
  "line": 3,
  "left": 298,
  "end": 374,
  "height": 39,
  "top": 93,
  "ayah": 2,
  "page": 333,
  "width": 76,
  "verse_pos": 1
 },
 {
  "line": 3,
  "left": 14,
  "end": 297,
  "height": 39,
  "top": 93,
  "ayah": 3,
  "page": 333,
  "width": 283,
  "verse_pos": 2
 },
 {
  "line": 4,
  "left": 247,
  "end": 374,
  "height": 46,
  "top": 132,
  "ayah": 3,
  "page": 333,
  "width": 127,
  "verse_pos": 2
 },
 {
  "line": 4,
  "left": 14,
  "end": 246,
  "height": 46,
  "top": 132,
  "ayah": 4,
  "page": 333,
  "width": 232,
  "verse_pos": 3
 },
 {
  "line": 5,
  "left": 58,
  "end": 374,
  "height": 43,
  "top": 178,
  "ayah": 4,
  "page": 333,
  "width": 316,
  "verse_pos": 3
 },
 {
  "line": 5,
  "left": 14,
  "end": 57,
  "height": 43,
  "top": 178,
  "ayah": 5,
  "page": 333,
  "width": 43,
  "verse_pos": 4
 },
 {
  "line": 6,
  "left": 79,
  "end": 374,
  "height": 44,
  "top": 221,
  "ayah": 5,
  "page": 333,
  "width": 295,
  "verse_pos": 4
 },
 {
  "line": 6,
  "left": 14,
  "end": 78,
  "height": 44,
  "top": 221,
  "ayah": 6,
  "page": 333,
  "width": 64,
  "verse_pos": 5
 },
 {
  "line": 7,
  "left": 14,
  "end": 374,
  "height": 40,
  "top": 265,
  "ayah": 6,
  "page": 333,
  "width": 360,
  "verse_pos": 5
 },
 {
  "line": 8,
  "left": 14,
  "end": 374,
  "height": 48,
  "top": 305,
  "ayah": 6,
  "page": 333,
  "width": 360,
  "verse_pos": 5
 },
 {
  "line": 9,
  "left": 235,
  "end": 374,
  "height": 39,
  "top": 353,
  "ayah": 6,
  "page": 333,
  "width": 139,
  "verse_pos": 5
 },
 {
  "line": 9,
  "left": 14,
  "end": 234,
  "height": 39,
  "top": 353,
  "ayah": 7,
  "page": 333,
  "width": 220,
  "verse_pos": 6
 },
 {
  "line": 10,
  "left": 84,
  "end": 374,
  "height": 45,
  "top": 392,
  "ayah": 7,
  "page": 333,
  "width": 290,
  "verse_pos": 6
 },
 {
  "line": 10,
  "left": 14,
  "end": 83,
  "height": 45,
  "top": 392,
  "ayah": 8,
  "page": 333,
  "width": 69,
  "verse_pos": 7
 },
 {
  "line": 11,
  "left": 14,
  "end": 374,
  "height": 42,
  "top": 437,
  "ayah": 8,
  "page": 333,
  "width": 360,
  "verse_pos": 7
 },
 {
  "line": 12,
  "left": 14,
  "end": 374,
  "height": 42,
  "top": 479,
  "ayah": 9,
  "page": 333,
  "width": 360,
  "verse_pos": 8
 },
 {
  "line": 13,
  "left": 72,
  "end": 374,
  "height": 46,
  "top": 521,
  "ayah": 9,
  "page": 333,
  "width": 302,
  "verse_pos": 8
 },
 {
  "line": 13,
  "left": 14,
  "end": 71,
  "height": 46,
  "top": 521,
  "ayah": 10,
  "page": 333,
  "width": 57,
  "verse_pos": 9
 },
 {
  "line": 14,
  "left": 14,
  "end": 374,
  "height": 40,
  "top": 567,
  "ayah": 10,
  "page": 333,
  "width": 360,
  "verse_pos": 9
 },
 {
  "line": 15,
  "left": 14,
  "end": 374,
  "height": 45,
  "top": 607,
  "ayah": 10,
  "page": 333,
  "width": 360,
  "verse_pos": 9
 }
]