[
 {
  "line": 1,
  "left": 15,
  "end": 372,
  "height": 46,
  "top": 7,
  "ayah": 1,
  "page": 573,
  "width": 357,
  "verse_pos": 0
 },
 {
  "line": 2,
  "left": 266,
  "end": 372,
  "height": 42,
  "top": 53,
  "ayah": 1,
  "page": 573,
  "width": 106,
  "verse_pos": 0
 },
 {
  "line": 2,
  "left": 15,
  "end": 265,
  "height": 42,
  "top": 53,
  "ayah": 2,
  "page": 573,
  "width": 250,
  "verse_pos": 1
 },
 {
  "line": 3,
  "left": 66,
  "end": 372,
  "height": 46,
  "top": 95,
  "ayah": 3,
  "page": 573,
  "width": 306,
  "verse_pos": 2
 },
 {
  "line": 3,
  "left": 15,
  "end": 66,
  "height": 46,
  "top": 95,
  "ayah": 4,
  "page": 573,
  "width": 51,
  "verse_pos": 3
 },
 {
  "line": 4,
  "left": 48,
  "end": 372,
  "height": 40,
  "top": 141,
  "ayah": 4,
  "page": 573,
  "width": 324,
  "verse_pos": 3
 },
 {
  "line": 4,
  "left": 15,
  "end": 47,
  "height": 40,
  "top": 141,
  "ayah": 5,
  "page": 573,
  "width": 32,
  "verse_pos": 4
 },
 {
  "line": 5,
  "left": 134,
  "end": 372,
  "height": 43,
  "top": 181,
  "ayah": 5,
  "page": 573,
  "width": 238,
  "verse_pos": 4
 },
 {
  "line": 5,
  "left": 15,
  "end": 133,
  "height": 43,
  "top": 181,
  "ayah": 6,
  "page": 573,
  "width": 118,
  "verse_pos": 5
 },
 {
  "line": 6,
  "left": 171,
  "end": 372,
  "height": 43,
  "top": 224,
  "ayah": 6,
  "page": 573,
  "width": 201,
  "verse_pos": 5
 },
 {
  "line": 6,
  "left": 15,
  "end": 170,
  "height": 43,
  "top": 224,
  "ayah": 7,
  "page": 573,
  "width": 155,
  "verse_pos": 6
 },
 {
  "line": 7,
  "left": 290,
  "end": 372,
  "height": 44,
  "top": 267,
  "ayah": 7,
  "page": 573,
  "width": 82,
  "verse_pos": 6
 },
 {
  "line": 7,
  "left": 61,
  "end": 289,
  "height": 44,
  "top": 267,
  "ayah": 8,
  "page": 573,
  "width": 228,
  "verse_pos": 7
 },
 {
  "line": 7,
  "left": 15,
  "end": 60,
  "height": 44,
  "top": 267,
  "ayah": 9,
  "page": 573,
  "width": 45,
  "verse_pos": 8
 },
 {
  "line": 8,
  "left": 64,
  "end": 372,
  "height": 44,
  "top": 311,
  "ayah": 9,
  "page": 573,
  "width": 308,
  "verse_pos": 8
 },
 {
  "line": 8,
  "left": 15,
  "end": 64,
  "height": 44,
  "top": 311,
  "ayah": 10,
  "page": 573,
  "width": 49,
  "verse_pos": 9
 },
 {
  "line": 9,
  "left": 15,
  "end": 372,
  "height": 42,
  "top": 355,
  "ayah": 10,
  "page": 573,
  "width": 357,
  "verse_pos": 9
 },
 {
  "line": 10,
  "left": 231,
  "end": 372,
  "height": 42,
  "top": 397,
  "ayah": 10,
  "page": 573,
  "width": 141,
  "verse_pos": 9
 },
 {
  "line": 10,
  "left": 15,
  "end": 231,
  "height": 42,
  "top": 397,
  "ayah": 11,
  "page": 573,
  "width": 216,
  "verse_pos": 10
 },
 {
  "line": 11,
  "left": 155,
  "end": 372,
  "height": 43,
  "top": 439,
  "ayah": 11,
  "page": 573,
  "width": 217,
  "verse_pos": 10
 },
 {
  "line": 11,
  "left": 15,
  "end": 154,
  "height": 43,
  "top": 439,
  "ayah": 12,
  "page": 573,
  "width": 139,
  "verse_pos": 11
 },
 {
  "line": 12,
  "left": 137,
  "end": 372,
  "height": 43,
  "top": 482,
  "ayah": 12,
  "page": 573,
  "width": 235,
  "verse_pos": 11
 },
 {
  "line": 12,
  "left": 15,
  "end": 136,
  "height": 43,
  "top": 482,
  "ayah": 13,
  "page": 573,
  "width": 121,
  "verse_pos": 12
 },
 {
  "line": 13,
  "left": 206,
  "end": 372,
  "height": 44,
  "top": 525,
  "ayah": 13,
  "page": 573,
  "width": 166,
  "verse_pos": 12
 },
 {
  "line": 13,
  "left": 15,
  "end": 206,
  "height": 44,
  "top": 525,
  "ayah": 14,
  "page": 573,
  "width": 191,
  "verse_pos": 13
 },
 {
  "line": 14,
  "left": 129,
  "end": 372,
  "height": 42,
  "top": 569,
  "ayah": 14,
  "page": 573,
  "width": 243,
  "verse_pos": 13
 },
 {
  "line": 14,
  "left": 15,
  "end": 129,
  "height": 42,
  "top": 569,
  "ayah": 15,
  "page": 573,
  "width": 114,
  "verse_pos": 14
 },
 {
  "line": 15,
  "left": 15,
  "end": 372,
  "height": 42,
  "top": 611,
  "ayah": 15,
  "page": 573,
  "width": 357,
  "verse_pos": 14
 }
]