[
 {
  "line": 1,
  "left": 13,
  "end": 374,
  "height": 43,
  "top": 6,
  "ayah": 1,
  "page": 219,
  "width": 361,
  "verse_pos": 0
 },
 {
  "line": 2,
  "left": 220,
  "end": 374,
  "height": 40,
  "top": 49,
  "ayah": 1,
  "page": 219,
  "width": 154,
  "verse_pos": 0
 },
 {
  "line": 2,
  "left": 13,
  "end": 219,
  "height": 40,
  "top": 49,
  "ayah": 2,
  "page": 219,
  "width": 206,
  "verse_pos": 1
 },
 {
  "line": 3,
  "left": 13,
  "end": 374,
  "height": 47,
  "top": 89,
  "ayah": 2,
  "page": 219,
  "width": 361,
  "verse_pos": 1
 },
 {
  "line": 4,
  "left": 13,
  "end": 374,
  "height": 42,
  "top": 136,
  "ayah": 2,
  "page": 219,
  "width": 361,
  "verse_pos": 1
 },
 {
  "line": 5,
  "left": 230,
  "end": 374,
  "height": 45,
  "top": 178,
  "ayah": 2,
  "page": 219,
  "width": 144,
  "verse_pos": 1
 },
 {
  "line": 5,
  "left": 13,
  "end": 229,
  "height": 45,
  "top": 178,
  "ayah": 3,
  "page": 219,
  "width": 216,
  "verse_pos": 2
 },
 {
  "line": 6,
  "left": 245,
  "end": 374,
  "height": 36,
  "top": 223,
  "ayah": 3,
  "page": 219,
  "width": 129,
  "verse_pos": 2
 },
 {
  "line": 6,
  "left": 13,
  "end": 244,
  "height": 36,
  "top": 223,
  "ayah": 4,
  "page": 219,
  "width": 231,
  "verse_pos": 3
 },
 {
  "line": 7,
  "left": 13,
  "end": 374,
  "height": 48,
  "top": 259,
  "ayah": 4,
  "page": 219,
  "width": 361,
  "verse_pos": 3
 },
 {
  "line": 8,
  "left": 13,
  "end": 374,
  "height": 41,
  "top": 307,
  "ayah": 5,
  "page": 219,
  "width": 361,
  "verse_pos": 4
 },
 {
  "line": 9,
  "left": 13,
  "end": 374,
  "height": 45,
  "top": 348,
  "ayah": 5,
  "page": 219,
  "width": 361,
  "verse_pos": 4
 },
 {
  "line": 10,
  "left": 201,
  "end": 374,
  "height": 40,
  "top": 393,
  "ayah": 5,
  "page": 219,
  "width": 173,
  "verse_pos": 4
 },
 {
  "line": 10,
  "left": 13,
  "end": 200,
  "height": 40,
  "top": 393,
  "ayah": 6,
  "page": 219,
  "width": 187,
  "verse_pos": 5
 },
 {
  "line": 11,
  "left": 13,
  "end": 374,
  "height": 46,
  "top": 433,
  "ayah": 6,
  "page": 219,
  "width": 361,
  "verse_pos": 5
 },
 {
  "line": 12,
  "left": 84,
  "end": 374,
  "height": 41,
  "top": 479,
  "ayah": 6,
  "page": 219,
  "width": 290,
  "verse_pos": 5
 },
 {
  "line": 12,
  "left": 13,
  "end": 83,
  "height": 41,
  "top": 479,
  "ayah": 7,
  "page": 219,
  "width": 70,
  "verse_pos": 6
 },
 {
  "line": 13,
  "left": 13,
  "end": 374,
  "height": 44,
  "top": 520,
  "ayah": 7,
  "page": 219,
  "width": 361,
  "verse_pos": 6
 },
 {
  "line": 14,
  "left": 340,
  "end": 374,
  "height": 40,
  "top": 564,
  "ayah": 7,
  "page": 219,
  "width": 34,
  "verse_pos": 6
 },
 {
  "line": 14,
  "left": 13,
  "end": 340,
  "height": 40,
  "top": 564,
  "ayah": 8,
  "page": 219,
  "width": 327,
  "verse_pos": 7
 },
 {
  "line": 15,
  "left": 340,
  "end": 373,
  "height": 42,
  "top": 604,
  "ayah": 8,
  "page": 219,
  "width": 33,
  "verse_pos": 7
 },
 {
  "line": 15,
  "left": 13,
  "end": 340,
  "height": 46,
  "top": 604,
  "ayah": 9,
  "page": 219,
  "width": 327,
  "verse_pos": 8
 }
]