[
 {
  "line": 1,
  "left": 12,
  "end": 374,
  "height": 47,
  "top": 7,
  "ayah": 1,
  "page": 164,
  "width": 362,
  "verse_pos": 0
 },
 {
  "line": 2,
  "left": 90,
  "end": 374,
  "height": 42,
  "top": 54,
  "ayah": 1,
  "page": 164,
  "width": 284,
  "verse_pos": 0
 },
 {
  "line": 2,
  "left": 12,
  "end": 89,
  "height": 42,
  "top": 54,
  "ayah": 2,
  "page": 164,
  "width": 77,
  "verse_pos": 1
 },
 {
  "line": 3,
  "left": 69,
  "end": 374,
  "height": 46,
  "top": 96,
  "ayah": 2,
  "page": 164,
  "width": 305,
  "verse_pos": 1
 },
 {
  "line": 3,
  "left": 12,
  "end": 68,
  "height": 46,
  "top": 96,
  "ayah": 3,
  "page": 164,
  "width": 56,
  "verse_pos": 2
 },
 {
  "line": 4,
  "left": 171,
  "end": 374,
  "height": 39,
  "top": 142,
  "ayah": 3,
  "page": 164,
  "width": 203,
  "verse_pos": 2
 },
 {
  "line": 4,
  "left": 12,
  "end": 170,
  "height": 39,
  "top": 142,
  "ayah": 4,
  "page": 164,
  "width": 158,
  "verse_pos": 3
 },
 {
  "line": 5,
  "left": 287,
  "end": 374,
  "height": 40,
  "top": 181,
  "ayah": 4,
  "page": 164,
  "width": 87,
  "verse_pos": 3
 },
 {
  "line": 5,
  "left": 12,
  "end": 286,
  "height": 40,
  "top": 181,
  "ayah": 5,
  "page": 164,
  "width": 274,
  "verse_pos": 4
 },
 {
  "line": 6,
  "left": 313,
  "end": 374,
  "height": 48,
  "top": 221,
  "ayah": 5,
  "page": 164,
  "width": 61,
  "verse_pos": 4
 },
 {
  "line": 6,
  "left": 12,
  "end": 312,
  "height": 48,
  "top": 221,
  "ayah": 6,
  "page": 164,
  "width": 300,
  "verse_pos": 5
 },
 {
  "line": 7,
  "left": 59,
  "end": 374,
  "height": 44,
  "top": 269,
  "ayah": 7,
  "page": 164,
  "width": 315,
  "verse_pos": 6
 },
 {
  "line": 7,
  "left": 12,
  "end": 58,
  "height": 44,
  "top": 269,
  "ayah": 8,
  "page": 164,
  "width": 46,
  "verse_pos": 7
 },
 {
  "line": 8,
  "left": 227,
  "end": 374,
  "height": 43,
  "top": 313,
  "ayah": 8,
  "page": 164,
  "width": 147,
  "verse_pos": 7
 },
 {
  "line": 8,
  "left": 12,
  "end": 226,
  "height": 43,
  "top": 313,
  "ayah": 9,
  "page": 164,
  "width": 214,
  "verse_pos": 8
 },
 {
  "line": 9,
  "left": 125,
  "end": 374,
  "height": 42,
  "top": 356,
  "ayah": 9,
  "page": 164,
  "width": 249,
  "verse_pos": 8
 },
 {
  "line": 9,
  "left": 12,
  "end": 124,
  "height": 42,
  "top": 356,
  "ayah": 10,
  "page": 164,
  "width": 112,
  "verse_pos": 9
 },
 {
  "line": 10,
  "left": 248,
  "end": 374,
  "height": 39,
  "top": 398,
  "ayah": 10,
  "page": 164,
  "width": 126,
  "verse_pos": 9
 },
 {
  "line": 10,
  "left": 12,
  "end": 247,
  "height": 39,
  "top": 398,
  "ayah": 11,
  "page": 164,
  "width": 235,
  "verse_pos": 10
 },
 {
  "line": 11,
  "left": 218,
  "end": 374,
  "height": 48,
  "top": 437,
  "ayah": 11,
  "page": 164,
  "width": 156,
  "verse_pos": 10
 },
 {
  "line": 11,
  "left": 12,
  "end": 217,
  "height": 48,
  "top": 437,
  "ayah": 12,
  "page": 164,
  "width": 205,
  "verse_pos": 11
 },
 {
  "line": 12,
  "left": 12,
  "end": 374,
  "height": 39,
  "top": 485,
  "ayah": 12,
  "page": 164,
  "width": 362,
  "verse_pos": 11
 },
 {
  "line": 13,
  "left": 12,
  "end": 374,
  "height": 44,
  "top": 524,
  "ayah": 13,
  "page": 164,
  "width": 362,
  "verse_pos": 12
 },
 {
  "line": 14,
  "left": 295,
  "end": 374,
  "height": 44,
  "top": 568,
  "ayah": 13,
  "page": 164,
  "width": 79,
  "verse_pos": 12
 },
 {
  "line": 14,
  "left": 63,
  "end": 294,
  "height": 44,
  "top": 568,
  "ayah": 14,
  "page": 164,
  "width": 231,
  "verse_pos": 13
 },
 {
  "line": 14,
  "left": 12,
  "end": 62,
  "height": 44,
  "top": 568,
  "ayah": 15,
  "page": 164,
  "width": 50,
  "verse_pos": 14
 },
 {
  "line": 15,
  "left": 196,
  "end": 374,
  "height": 44,
  "top": 612,
  "ayah": 15,
  "page": 164,
  "width": 178,
  "verse_pos": 14
 },
 {
  "line": 15,
  "left": 12,
  "end": 195,
  "height": 44,
  "top": 612,
  "ayah": 16,
  "page": 164,
  "width": 183,
  "verse_pos": 15
 }
]