[
 {
  "line": 1,
  "left": 151,
  "end": 376,
  "height": 41,
  "top": 7,
  "ayah": 1,
  "page": 266,
  "width": 225,
  "verse_pos": 0
 },
 {
  "line": 1,
  "left": 13,
  "end": 150,
  "height": 41,
  "top": 7,
  "ayah": 2,
  "page": 266,
  "width": 137,
  "verse_pos": 1
 },
 {
  "line": 2,
  "left": 291,
  "end": 376,
  "height": 43,
  "top": 48,
  "ayah": 2,
  "page": 266,
  "width": 85,
  "verse_pos": 1
 },
 {
  "line": 2,
  "left": 99,
  "end": 290,
  "height": 43,
  "top": 48,
  "ayah": 3,
  "page": 266,
  "width": 191,
  "verse_pos": 2
 },
 {
  "line": 2,
  "left": 13,
  "end": 98,
  "height": 43,
  "top": 48,
  "ayah": 4,
  "page": 266,
  "width": 85,
  "verse_pos": 3
 },
 {
  "line": 3,
  "left": 88,
  "end": 376,
  "height": 44,
  "top": 91,
  "ayah": 4,
  "page": 266,
  "width": 288,
  "verse_pos": 3
 },
 {
  "line": 3,
  "left": 13,
  "end": 87,
  "height": 44,
  "top": 91,
  "ayah": 5,
  "page": 266,
  "width": 74,
  "verse_pos": 4
 },
 {
  "line": 4,
  "left": 236,
  "end": 376,
  "height": 41,
  "top": 135,
  "ayah": 5,
  "page": 266,
  "width": 140,
  "verse_pos": 4
 },
 {
  "line": 4,
  "left": 86,
  "end": 235,
  "height": 41,
  "top": 135,
  "ayah": 6,
  "page": 266,
  "width": 149,
  "verse_pos": 5
 },
 {
  "line": 4,
  "left": 13,
  "end": 85,
  "height": 41,
  "top": 135,
  "ayah": 7,
  "page": 266,
  "width": 72,
  "verse_pos": 6
 },
 {
  "line": 5,
  "left": 250,
  "end": 376,
  "height": 43,
  "top": 176,
  "ayah": 7,
  "page": 266,
  "width": 126,
  "verse_pos": 6
 },
 {
  "line": 5,
  "left": 13,
  "end": 248,
  "height": 43,
  "top": 176,
  "ayah": 8,
  "page": 266,
  "width": 235,
  "verse_pos": 7
 },
 {
  "line": 6,
  "left": 133,
  "end": 376,
  "height": 44,
  "top": 219,
  "ayah": 9,
  "page": 266,
  "width": 243,
  "verse_pos": 8
 },
 {
  "line": 6,
  "left": 13,
  "end": 132,
  "height": 44,
  "top": 219,
  "ayah": 10,
  "page": 266,
  "width": 119,
  "verse_pos": 9
 },
 {
  "line": 7,
  "left": 238,
  "end": 376,
  "height": 44,
  "top": 263,
  "ayah": 10,
  "page": 266,
  "width": 138,
  "verse_pos": 9
 },
 {
  "line": 7,
  "left": 13,
  "end": 237,
  "height": 44,
  "top": 263,
  "ayah": 11,
  "page": 266,
  "width": 224,
  "verse_pos": 10
 },
 {
  "line": 8,
  "left": 337,
  "end": 376,
  "height": 43,
  "top": 307,
  "ayah": 11,
  "page": 266,
  "width": 39,
  "verse_pos": 10
 },
 {
  "line": 8,
  "left": 74,
  "end": 336,
  "height": 43,
  "top": 307,
  "ayah": 12,
  "page": 266,
  "width": 262,
  "verse_pos": 11
 },
 {
  "line": 8,
  "left": 13,
  "end": 73,
  "height": 43,
  "top": 307,
  "ayah": 13,
  "page": 266,
  "width": 60,
  "verse_pos": 12
 },
 {
  "line": 9,
  "left": 230,
  "end": 376,
  "height": 41,
  "top": 350,
  "ayah": 13,
  "page": 266,
  "width": 146,
  "verse_pos": 12
 },
 {
  "line": 9,
  "left": 13,
  "end": 229,
  "height": 41,
  "top": 350,
  "ayah": 14,
  "page": 266,
  "width": 216,
  "verse_pos": 13
 },
 {
  "line": 10,
  "left": 13,
  "end": 376,
  "height": 40,
  "top": 391,
  "ayah": 15,
  "page": 266,
  "width": 363,
  "verse_pos": 14
 },
 {
  "line": 11,
  "left": 107,
  "end": 376,
  "height": 47,
  "top": 431,
  "ayah": 15,
  "page": 266,
  "width": 269,
  "verse_pos": 14
 },
 {
  "line": 11,
  "left": 13,
  "end": 106,
  "height": 47,
  "top": 431,
  "ayah": 16,
  "page": 266,
  "width": 93,
  "verse_pos": 15
 },
 {
  "line": 12,
  "left": 265,
  "end": 376,
  "height": 43,
  "top": 478,
  "ayah": 16,
  "page": 266,
  "width": 111,
  "verse_pos": 15
 },
 {
  "line": 12,
  "left": 13,
  "end": 264,
  "height": 43,
  "top": 478,
  "ayah": 17,
  "page": 266,
  "width": 251,
  "verse_pos": 16
 },
 {
  "line": 13,
  "left": 302,
  "end": 376,
  "height": 45,
  "top": 521,
  "ayah": 17,
  "page": 266,
  "width": 74,
  "verse_pos": 16
 },
 {
  "line": 13,
  "left": 13,
  "end": 301,
  "height": 45,
  "top": 521,
  "ayah": 18,
  "page": 266,
  "width": 288,
  "verse_pos": 17
 },
 {
  "line": 14,
  "left": 82,
  "end": 376,
  "height": 40,
  "top": 566,
  "ayah": 18,
  "page": 266,
  "width": 294,
  "verse_pos": 17
 },
 {
  "line": 14,
  "left": 13,
  "end": 81,
  "height": 40,
  "top": 566,
  "ayah": 19,
  "page": 266,
  "width": 68,
  "verse_pos": 18
 },
 {
  "line": 15,
  "left": 221,
  "end": 376,
  "height": 46,
  "top": 606,
  "ayah": 19,
  "page": 266,
  "width": 155,
  "verse_pos": 18
 },
 {
  "line": 15,
  "left": 13,
  "end": 220,
  "height": 46,
  "top": 606,
  "ayah": 20,
  "page": 266,
  "width": 207,
  "verse_pos": 19
 }
]