[
 {
  "line": 1,
  "left": 147,
  "end": 377,
  "height": 44,
  "top": 7,
  "ayah": 1,
  "page": 372,
  "width": 230,
  "verse_pos": 0
 },
 {
  "line": 1,
  "left": 10,
  "end": 146,
  "height": 44,
  "top": 7,
  "ayah": 2,
  "page": 372,
  "width": 136,
  "verse_pos": 1
 },
 {
  "line": 2,
  "left": 276,
  "end": 377,
  "height": 43,
  "top": 51,
  "ayah": 2,
  "page": 372,
  "width": 101,
  "verse_pos": 1
 },
 {
  "line": 2,
  "left": 116,
  "end": 275,
  "height": 43,
  "top": 51,
  "ayah": 3,
  "page": 372,
  "width": 159,
  "verse_pos": 2
 },
 {
  "line": 2,
  "left": 10,
  "end": 115,
  "height": 43,
  "top": 51,
  "ayah": 4,
  "page": 372,
  "width": 105,
  "verse_pos": 3
 },
 {
  "line": 3,
  "left": 342,
  "end": 377,
  "height": 45,
  "top": 94,
  "ayah": 4,
  "page": 372,
  "width": 35,
  "verse_pos": 3
 },
 {
  "line": 3,
  "left": 35,
  "end": 341,
  "height": 45,
  "top": 94,
  "ayah": 5,
  "page": 372,
  "width": 306,
  "verse_pos": 4
 },
 {
  "line": 3,
  "left": 10,
  "end": 34,
  "height": 45,
  "top": 94,
  "ayah": 6,
  "page": 372,
  "width": 24,
  "verse_pos": 5
 },
 {
  "line": 4,
  "left": 231,
  "end": 377,
  "height": 42,
  "top": 139,
  "ayah": 6,
  "page": 372,
  "width": 146,
  "verse_pos": 5
 },
 {
  "line": 4,
  "left": 10,
  "end": 230,
  "height": 42,
  "top": 139,
  "ayah": 7,
  "page": 372,
  "width": 220,
  "verse_pos": 6
 },
 {
  "line": 5,
  "left": 240,
  "end": 377,
  "height": 38,
  "top": 181,
  "ayah": 7,
  "page": 372,
  "width": 137,
  "verse_pos": 6
 },
 {
  "line": 5,
  "left": 10,
  "end": 239,
  "height": 38,
  "top": 181,
  "ayah": 8,
  "page": 372,
  "width": 229,
  "verse_pos": 7
 },
 {
  "line": 6,
  "left": 342,
  "end": 377,
  "height": 48,
  "top": 219,
  "ayah": 8,
  "page": 372,
  "width": 35,
  "verse_pos": 7
 },
 {
  "line": 6,
  "left": 185,
  "end": 341,
  "height": 48,
  "top": 219,
  "ayah": 9,
  "page": 372,
  "width": 156,
  "verse_pos": 8
 },
 {
  "line": 6,
  "left": 10,
  "end": 184,
  "height": 48,
  "top": 219,
  "ayah": 10,
  "page": 372,
  "width": 174,
  "verse_pos": 9
 },
 {
  "line": 7,
  "left": 250,
  "end": 377,
  "height": 44,
  "top": 267,
  "ayah": 10,
  "page": 372,
  "width": 127,
  "verse_pos": 9
 },
 {
  "line": 7,
  "left": 53,
  "end": 249,
  "height": 44,
  "top": 267,
  "ayah": 11,
  "page": 372,
  "width": 196,
  "verse_pos": 10
 },
 {
  "line": 7,
  "left": 10,
  "end": 52,
  "height": 44,
  "top": 267,
  "ayah": 12,
  "page": 372,
  "width": 42,
  "verse_pos": 11
 },
 {
  "line": 8,
  "left": 266,
  "end": 377,
  "height": 40,
  "top": 311,
  "ayah": 12,
  "page": 372,
  "width": 111,
  "verse_pos": 11
 },
 {
  "line": 8,
  "left": 57,
  "end": 265,
  "height": 40,
  "top": 311,
  "ayah": 13,
  "page": 372,
  "width": 208,
  "verse_pos": 12
 },
 {
  "line": 8,
  "left": 10,
  "end": 56,
  "height": 40,
  "top": 311,
  "ayah": 14,
  "page": 372,
  "width": 46,
  "verse_pos": 13
 },
 {
  "line": 9,
  "left": 275,
  "end": 377,
  "height": 47,
  "top": 351,
  "ayah": 14,
  "page": 372,
  "width": 102,
  "verse_pos": 13
 },
 {
  "line": 9,
  "left": 123,
  "end": 274,
  "height": 47,
  "top": 351,
  "ayah": 15,
  "page": 372,
  "width": 151,
  "verse_pos": 14
 },
 {
  "line": 9,
  "left": 10,
  "end": 122,
  "height": 47,
  "top": 351,
  "ayah": 16,
  "page": 372,
  "width": 112,
  "verse_pos": 15
 },
 {
  "line": 10,
  "left": 117,
  "end": 377,
  "height": 41,
  "top": 398,
  "ayah": 16,
  "page": 372,
  "width": 260,
  "verse_pos": 15
 },
 {
  "line": 10,
  "left": 10,
  "end": 116,
  "height": 41,
  "top": 398,
  "ayah": 17,
  "page": 372,
  "width": 106,
  "verse_pos": 16
 },
 {
  "line": 11,
  "left": 264,
  "end": 377,
  "height": 43,
  "top": 439,
  "ayah": 17,
  "page": 372,
  "width": 113,
  "verse_pos": 16
 },
 {
  "line": 11,
  "left": 10,
  "end": 263,
  "height": 43,
  "top": 439,
  "ayah": 18,
  "page": 372,
  "width": 253,
  "verse_pos": 17
 },
 {
  "line": 12,
  "left": 163,
  "end": 377,
  "height": 42,
  "top": 482,
  "ayah": 19,
  "page": 372,
  "width": 214,
  "verse_pos": 18
 },
 {
  "line": 12,
  "left": 10,
  "end": 162,
  "height": 42,
  "top": 482,
  "ayah": 20,
  "page": 372,
  "width": 152,
  "verse_pos": 19
 },
 {
  "line": 13,
  "left": 161,
  "end": 377,
  "height": 46,
  "top": 524,
  "ayah": 21,
  "page": 372,
  "width": 216,
  "verse_pos": 20
 },
 {
  "line": 13,
  "left": 10,
  "end": 160,
  "height": 46,
  "top": 524,
  "ayah": 22,
  "page": 372,
  "width": 150,
  "verse_pos": 21
 },
 {
  "line": 14,
  "left": 242,
  "end": 377,
  "height": 42,
  "top": 570,
  "ayah": 23,
  "page": 372,
  "width": 135,
  "verse_pos": 22
 },
 {
  "line": 14,
  "left": 10,
  "end": 241,
  "height": 42,
  "top": 570,
  "ayah": 24,
  "page": 372,
  "width": 231,
  "verse_pos": 23
 },
 {
  "line": 15,
  "left": 344,
  "end": 377,
  "height": 42,
  "top": 612,
  "ayah": 24,
  "page": 372,
  "width": 33,
  "verse_pos": 23
 },
 {
  "line": 15,
  "left": 10,
  "end": 343,
  "height": 42,
  "top": 612,
  "ayah": 25,
  "page": 372,
  "width": 333,
  "verse_pos": 24
 }
]