[
 {
  "line": 1,
  "left": 16,
  "end": 371,
  "height": 36,
  "top": 7,
  "ayah": 1,
  "page": 125,
  "width": 355,
  "verse_pos": 0
 },
 {
  "line": 2,
  "left": 16,
  "end": 371,
  "height": 44,
  "top": 43,
  "ayah": 1,
  "page": 125,
  "width": 355,
  "verse_pos": 0
 },
 {
  "line": 3,
  "left": 227,
  "end": 371,
  "height": 43,
  "top": 87,
  "ayah": 1,
  "page": 125,
  "width": 144,
  "verse_pos": 0
 },
 {
  "line": 3,
  "left": 16,
  "end": 226,
  "height": 43,
  "top": 87,
  "ayah": 2,
  "page": 125,
  "width": 210,
  "verse_pos": 1
 },
 {
  "line": 4,
  "left": 16,
  "end": 371,
  "height": 47,
  "top": 130,
  "ayah": 2,
  "page": 125,
  "width": 355,
  "verse_pos": 1
 },
 {
  "line": 5,
  "left": 162,
  "end": 371,
  "height": 42,
  "top": 177,
  "ayah": 2,
  "page": 125,
  "width": 209,
  "verse_pos": 1
 },
 {
  "line": 5,
  "left": 16,
  "end": 161,
  "height": 42,
  "top": 177,
  "ayah": 3,
  "page": 125,
  "width": 145,
  "verse_pos": 2
 },
 {
  "line": 6,
  "left": 16,
  "end": 371,
  "height": 44,
  "top": 219,
  "ayah": 3,
  "page": 125,
  "width": 355,
  "verse_pos": 2
 },
 {
  "line": 7,
  "left": 16,
  "end": 371,
  "height": 43,
  "top": 263,
  "ayah": 3,
  "page": 125,
  "width": 355,
  "verse_pos": 2
 },
 {
  "line": 8,
  "left": 16,
  "end": 371,
  "height": 39,
  "top": 306,
  "ayah": 3,
  "page": 125,
  "width": 355,
  "verse_pos": 2
 },
 {
  "line": 9,
  "left": 16,
  "end": 371,
  "height": 47,
  "top": 345,
  "ayah": 3,
  "page": 125,
  "width": 355,
  "verse_pos": 2
 },
 {
  "line": 10,
  "left": 84,
  "end": 371,
  "height": 44,
  "top": 392,
  "ayah": 3,
  "page": 125,
  "width": 287,
  "verse_pos": 2
 },
 {
  "line": 10,
  "left": 16,
  "end": 83,
  "height": 44,
  "top": 392,
  "ayah": 4,
  "page": 125,
  "width": 67,
  "verse_pos": 3
 },
 {
  "line": 11,
  "left": 16,
  "end": 371,
  "height": 41,
  "top": 436,
  "ayah": 4,
  "page": 125,
  "width": 355,
  "verse_pos": 3
 },
 {
  "line": 12,
  "left": 16,
  "end": 371,
  "height": 44,
  "top": 477,
  "ayah": 4,
  "page": 125,
  "width": 355,
  "verse_pos": 3
 },
 {
  "line": 13,
  "left": 46,
  "end": 371,
  "height": 44,
  "top": 521,
  "ayah": 4,
  "page": 125,
  "width": 325,
  "verse_pos": 3
 },
 {
  "line": 13,
  "left": 16,
  "end": 45,
  "height": 44,
  "top": 521,
  "ayah": 5,
  "page": 125,
  "width": 29,
  "verse_pos": 4
 },
 {
  "line": 14,
  "left": 16,
  "end": 371,
  "height": 38,
  "top": 565,
  "ayah": 5,
  "page": 125,
  "width": 355,
  "verse_pos": 4
 },
 {
  "line": 15,
  "left": 16,
  "end": 371,
  "height": 47,
  "top": 603,
  "ayah": 5,
  "page": 125,
  "width": 355,
  "verse_pos": 4
 }
]