[
 {
  "line": 1,
  "left": 12,
  "end": 377,
  "height": 39,
  "top": 7,
  "ayah": 1,
  "page": 476,
  "width": 365,
  "verse_pos": 0
 },
 {
  "line": 2,
  "left": 12,
  "end": 377,
  "height": 43,
  "top": 46,
  "ayah": 1,
  "page": 476,
  "width": 365,
  "verse_pos": 0
 },
 {
  "line": 3,
  "left": 12,
  "end": 377,
  "height": 43,
  "top": 89,
  "ayah": 1,
  "page": 476,
  "width": 365,
  "verse_pos": 0
 },
 {
  "line": 4,
  "left": 200,
  "end": 377,
  "height": 44,
  "top": 132,
  "ayah": 1,
  "page": 476,
  "width": 177,
  "verse_pos": 0
 },
 {
  "line": 4,
  "left": 12,
  "end": 199,
  "height": 44,
  "top": 132,
  "ayah": 2,
  "page": 476,
  "width": 187,
  "verse_pos": 1
 },
 {
  "line": 5,
  "left": 113,
  "end": 377,
  "height": 43,
  "top": 176,
  "ayah": 2,
  "page": 476,
  "width": 264,
  "verse_pos": 1
 },
 {
  "line": 5,
  "left": 12,
  "end": 112,
  "height": 43,
  "top": 176,
  "ayah": 3,
  "page": 476,
  "width": 100,
  "verse_pos": 2
 },
 {
  "line": 6,
  "left": 12,
  "end": 377,
  "height": 44,
  "top": 219,
  "ayah": 3,
  "page": 476,
  "width": 365,
  "verse_pos": 2
 },
 {
  "line": 7,
  "left": 209,
  "end": 377,
  "height": 42,
  "top": 263,
  "ayah": 3,
  "page": 476,
  "width": 168,
  "verse_pos": 2
 },
 {
  "line": 7,
  "left": 12,
  "end": 208,
  "height": 42,
  "top": 263,
  "ayah": 4,
  "page": 476,
  "width": 196,
  "verse_pos": 3
 },
 {
  "line": 8,
  "left": 251,
  "end": 377,
  "height": 42,
  "top": 305,
  "ayah": 4,
  "page": 476,
  "width": 126,
  "verse_pos": 3
 },
 {
  "line": 8,
  "left": 12,
  "end": 250,
  "height": 42,
  "top": 305,
  "ayah": 5,
  "page": 476,
  "width": 238,
  "verse_pos": 4
 },
 {
  "line": 9,
  "left": 12,
  "end": 377,
  "height": 45,
  "top": 347,
  "ayah": 5,
  "page": 476,
  "width": 365,
  "verse_pos": 4
 },
 {
  "line": 10,
  "left": 12,
  "end": 377,
  "height": 44,
  "top": 392,
  "ayah": 5,
  "page": 476,
  "width": 365,
  "verse_pos": 4
 },
 {
  "line": 11,
  "left": 337,
  "end": 377,
  "height": 42,
  "top": 436,
  "ayah": 5,
  "page": 476,
  "width": 40,
  "verse_pos": 4
 },
 {
  "line": 11,
  "left": 12,
  "end": 336,
  "height": 42,
  "top": 436,
  "ayah": 6,
  "page": 476,
  "width": 324,
  "verse_pos": 5
 },
 {
  "line": 12,
  "left": 50,
  "end": 377,
  "height": 41,
  "top": 478,
  "ayah": 6,
  "page": 476,
  "width": 327,
  "verse_pos": 5
 },
 {
  "line": 12,
  "left": 12,
  "end": 49,
  "height": 41,
  "top": 478,
  "ayah": 7,
  "page": 476,
  "width": 37,
  "verse_pos": 6
 },
 {
  "line": 13,
  "left": 12,
  "end": 377,
  "height": 41,
  "top": 519,
  "ayah": 7,
  "page": 476,
  "width": 365,
  "verse_pos": 6
 },
 {
  "line": 14,
  "left": 279,
  "end": 377,
  "height": 46,
  "top": 560,
  "ayah": 7,
  "page": 476,
  "width": 98,
  "verse_pos": 6
 },
 {
  "line": 14,
  "left": 12,
  "end": 278,
  "height": 46,
  "top": 560,
  "ayah": 8,
  "page": 476,
  "width": 266,
  "verse_pos": 7
 },
 {
  "line": 15,
  "left": 12,
  "end": 377,
  "height": 42,
  "top": 606,
  "ayah": 8,
  "page": 476,
  "width": 365,
  "verse_pos": 7
 }
]