[
 {
  "line": 1,
  "left": 185,
  "end": 375,
  "height": 40,
  "top": 7,
  "ayah": 1,
  "page": 592,
  "width": 190,
  "verse_pos": 0
 },
 {
  "line": 1,
  "left": 39,
  "end": 184,
  "height": 40,
  "top": 7,
  "ayah": 2,
  "page": 592,
  "width": 145,
  "verse_pos": 1
 },
 {
  "line": 1,
  "left": 14,
  "end": 38,
  "height": 40,
  "top": 7,
  "ayah": 3,
  "page": 592,
  "width": 24,
  "verse_pos": 2
 },
 {
  "line": 2,
  "left": 175,
  "end": 375,
  "height": 42,
  "top": 47,
  "ayah": 3,
  "page": 592,
  "width": 200,
  "verse_pos": 2
 },
 {
  "line": 2,
  "left": 14,
  "end": 174,
  "height": 42,
  "top": 47,
  "ayah": 4,
  "page": 592,
  "width": 160,
  "verse_pos": 3
 },
 {
  "line": 3,
  "left": 181,
  "end": 375,
  "height": 43,
  "top": 176,
  "ayah": 6,
  "page": 592,
  "width": 194,
  "verse_pos": 5
 },
 {
  "line": 3,
  "left": 14,
  "end": 180,
  "height": 43,
  "top": 176,
  "ayah": 7,
  "page": 592,
  "width": 166,
  "verse_pos": 6
 },
 {
  "line": 4,
  "left": 269,
  "end": 375,
  "height": 43,
  "top": 219,
  "ayah": 8,
  "page": 592,
  "width": 106,
  "verse_pos": 7
 },
 {
  "line": 4,
  "left": 154,
  "end": 268,
  "height": 43,
  "top": 219,
  "ayah": 9,
  "page": 592,
  "width": 114,
  "verse_pos": 8
 },
 {
  "line": 4,
  "left": 14,
  "end": 153,
  "height": 43,
  "top": 219,
  "ayah": 10,
  "page": 592,
  "width": 139,
  "verse_pos": 9
 },
 {
  "line": 5,
  "left": 186,
  "end": 375,
  "height": 45,
  "top": 262,
  "ayah": 11,
  "page": 592,
  "width": 189,
  "verse_pos": 10
 },
 {
  "line": 5,
  "left": 14,
  "end": 185,
  "height": 45,
  "top": 262,
  "ayah": 12,
  "page": 592,
  "width": 171,
  "verse_pos": 11
 },
 {
  "line": 6,
  "left": 235,
  "end": 375,
  "height": 42,
  "top": 307,
  "ayah": 13,
  "page": 592,
  "width": 140,
  "verse_pos": 12
 },
 {
  "line": 6,
  "left": 121,
  "end": 235,
  "height": 42,
  "top": 307,
  "ayah": 14,
  "page": 592,
  "width": 114,
  "verse_pos": 13
 },
 {
  "line": 6,
  "left": 14,
  "end": 121,
  "height": 42,
  "top": 307,
  "ayah": 15,
  "page": 592,
  "width": 107,
  "verse_pos": 14
 },
 {
  "line": 7,
  "left": 242,
  "end": 375,
  "height": 42,
  "top": 349,
  "ayah": 16,
  "page": 592,
  "width": 133,
  "verse_pos": 15
 },
 {
  "line": 7,
  "left": 132,
  "end": 242,
  "height": 42,
  "top": 349,
  "ayah": 17,
  "page": 592,
  "width": 110,
  "verse_pos": 16
 },
 {
  "line": 7,
  "left": 14,
  "end": 132,
  "height": 42,
  "top": 349,
  "ayah": 18,
  "page": 592,
  "width": 118,
  "verse_pos": 17
 },
 {
  "line": 8,
  "left": 247,
  "end": 375,
  "height": 46,
  "top": 391,
  "ayah": 19,
  "page": 592,
  "width": 128,
  "verse_pos": 18
 },
 {
  "line": 8,
  "left": 127,
  "end": 247,
  "height": 46,
  "top": 391,
  "ayah": 20,
  "page": 592,
  "width": 120,
  "verse_pos": 19
 },
 {
  "line": 8,
  "left": 14,
  "end": 127,
  "height": 46,
  "top": 391,
  "ayah": 21,
  "page": 592,
  "width": 113,
  "verse_pos": 20
 },
 {
  "line": 9,
  "left": 116,
  "end": 375,
  "height": 42,
  "top": 437,
  "ayah": 22,
  "page": 592,
  "width": 259,
  "verse_pos": 21
 },
 {
  "line": 9,
  "left": 14,
  "end": 115,
  "height": 42,
  "top": 437,
  "ayah": 23,
  "page": 592,
  "width": 101,
  "verse_pos": 22
 },
 {
  "line": 10,
  "left": 303,
  "end": 375,
  "height": 43,
  "top": 479,
  "ayah": 23,
  "page": 592,
  "width": 72,
  "verse_pos": 22
 },
 {
  "line": 10,
  "left": 122,
  "end": 302,
  "height": 43,
  "top": 479,
  "ayah": 24,
  "page": 592,
  "width": 180,
  "verse_pos": 23
 },
 {
  "line": 10,
  "left": 14,
  "end": 122,
  "height": 43,
  "top": 479,
  "ayah": 25,
  "page": 592,
  "width": 108,
  "verse_pos": 24
 },
 {
  "line": 11,
  "left": 285,
  "end": 375,
  "height": 43,
  "top": 522,
  "ayah": 25,
  "page": 592,
  "width": 90,
  "verse_pos": 24
 },
 {
  "line": 11,
  "left": 103,
  "end": 284,
  "height": 43,
  "top": 522,
  "ayah": 26,
  "page": 592,
  "width": 181,
  "verse_pos": 25
 },
 {
  "line": 11,
  "left": 14,
  "end": 102,
  "height": 43,
  "top": 522,
  "ayah": 27,
  "page": 592,
  "width": 88,
  "verse_pos": 26
 },
 {
  "line": 12,
  "left": 280,
  "end": 375,
  "height": 43,
  "top": 565,
  "ayah": 27,
  "page": 592,
  "width": 95,
  "verse_pos": 26
 },
 {
  "line": 12,
  "left": 139,
  "end": 279,
  "height": 43,
  "top": 565,
  "ayah": 28,
  "page": 592,
  "width": 140,
  "verse_pos": 27
 },
 {
  "line": 12,
  "left": 14,
  "end": 138,
  "height": 43,
  "top": 565,
  "ayah": 29,
  "page": 592,
  "width": 124,
  "verse_pos": 28
 },
 {
  "line": 13,
  "left": 293,
  "end": 375,
  "height": 42,
  "top": 608,
  "ayah": 29,
  "page": 592,
  "width": 82,
  "verse_pos": 28
 },
 {
  "line": 13,
  "left": 172,
  "end": 293,
  "height": 42,
  "top": 608,
  "ayah": 30,
  "page": 592,
  "width": 121,
  "verse_pos": 29
 },
 {
  "line": 13,
  "left": 14,
  "end": 172,
  "height": 42,
  "top": 608,
  "ayah": 31,
  "page": 592,
  "width": 158,
  "verse_pos": 30
 }
]