[
 {
  "line": 1,
  "left": 16,
  "end": 372,
  "height": 41,
  "top": 7,
  "ayah": 1,
  "page": 494,
  "width": 356,
  "verse_pos": 0
 },
 {
  "line": 2,
  "left": 283,
  "end": 372,
  "height": 45,
  "top": 48,
  "ayah": 1,
  "page": 494,
  "width": 89,
  "verse_pos": 0
 },
 {
  "line": 2,
  "left": 16,
  "end": 283,
  "height": 45,
  "top": 48,
  "ayah": 2,
  "page": 494,
  "width": 267,
  "verse_pos": 1
 },
 {
  "line": 3,
  "left": 336,
  "end": 372,
  "height": 41,
  "top": 93,
  "ayah": 2,
  "page": 494,
  "width": 36,
  "verse_pos": 1
 },
 {
  "line": 3,
  "left": 16,
  "end": 335,
  "height": 41,
  "top": 93,
  "ayah": 3,
  "page": 494,
  "width": 319,
  "verse_pos": 2
 },
 {
  "line": 4,
  "left": 16,
  "end": 372,
  "height": 43,
  "top": 134,
  "ayah": 3,
  "page": 494,
  "width": 356,
  "verse_pos": 2
 },
 {
  "line": 5,
  "left": 337,
  "end": 372,
  "height": 44,
  "top": 177,
  "ayah": 3,
  "page": 494,
  "width": 35,
  "verse_pos": 2
 },
 {
  "line": 5,
  "left": 16,
  "end": 337,
  "height": 44,
  "top": 177,
  "ayah": 4,
  "page": 494,
  "width": 321,
  "verse_pos": 3
 },
 {
  "line": 6,
  "left": 336,
  "end": 372,
  "height": 46,
  "top": 221,
  "ayah": 4,
  "page": 494,
  "width": 36,
  "verse_pos": 3
 },
 {
  "line": 6,
  "left": 16,
  "end": 335,
  "height": 46,
  "top": 221,
  "ayah": 5,
  "page": 494,
  "width": 319,
  "verse_pos": 4
 },
 {
  "line": 7,
  "left": 212,
  "end": 372,
  "height": 42,
  "top": 267,
  "ayah": 5,
  "page": 494,
  "width": 160,
  "verse_pos": 4
 },
 {
  "line": 7,
  "left": 16,
  "end": 211,
  "height": 42,
  "top": 267,
  "ayah": 6,
  "page": 494,
  "width": 195,
  "verse_pos": 5
 },
 {
  "line": 8,
  "left": 127,
  "end": 372,
  "height": 42,
  "top": 309,
  "ayah": 6,
  "page": 494,
  "width": 245,
  "verse_pos": 5
 },
 {
  "line": 8,
  "left": 16,
  "end": 126,
  "height": 42,
  "top": 309,
  "ayah": 7,
  "page": 494,
  "width": 110,
  "verse_pos": 6
 },
 {
  "line": 9,
  "left": 112,
  "end": 372,
  "height": 44,
  "top": 351,
  "ayah": 7,
  "page": 494,
  "width": 260,
  "verse_pos": 6
 },
 {
  "line": 9,
  "left": 16,
  "end": 111,
  "height": 44,
  "top": 351,
  "ayah": 8,
  "page": 494,
  "width": 95,
  "verse_pos": 7
 },
 {
  "line": 10,
  "left": 137,
  "end": 372,
  "height": 42,
  "top": 395,
  "ayah": 8,
  "page": 494,
  "width": 235,
  "verse_pos": 7
 },
 {
  "line": 10,
  "left": 16,
  "end": 136,
  "height": 42,
  "top": 395,
  "ayah": 9,
  "page": 494,
  "width": 120,
  "verse_pos": 8
 },
 {
  "line": 11,
  "left": 209,
  "end": 372,
  "height": 45,
  "top": 437,
  "ayah": 9,
  "page": 494,
  "width": 163,
  "verse_pos": 8
 },
 {
  "line": 11,
  "left": 16,
  "end": 208,
  "height": 45,
  "top": 437,
  "ayah": 10,
  "page": 494,
  "width": 192,
  "verse_pos": 9
 },
 {
  "line": 12,
  "left": 270,
  "end": 372,
  "height": 40,
  "top": 482,
  "ayah": 10,
  "page": 494,
  "width": 102,
  "verse_pos": 9
 },
 {
  "line": 12,
  "left": 16,
  "end": 269,
  "height": 40,
  "top": 482,
  "ayah": 11,
  "page": 494,
  "width": 253,
  "verse_pos": 10
 },
 {
  "line": 13,
  "left": 16,
  "end": 372,
  "height": 43,
  "top": 522,
  "ayah": 11,
  "page": 494,
  "width": 356,
  "verse_pos": 10
 },
 {
  "line": 14,
  "left": 261,
  "end": 372,
  "height": 44,
  "top": 565,
  "ayah": 11,
  "page": 494,
  "width": 111,
  "verse_pos": 10
 },
 {
  "line": 14,
  "left": 16,
  "end": 260,
  "height": 44,
  "top": 565,
  "ayah": 12,
  "page": 494,
  "width": 244,
  "verse_pos": 11
 },
 {
  "line": 15,
  "left": 266,
  "end": 372,
  "height": 42,
  "top": 609,
  "ayah": 12,
  "page": 494,
  "width": 106,
  "verse_pos": 11
 },
 {
  "line": 15,
  "left": 16,
  "end": 265,
  "height": 42,
  "top": 609,
  "ayah": 13,
  "page": 494,
  "width": 249,
  "verse_pos": 12
 }
]