[
 {
  "line": 1,
  "left": 15,
  "end": 373,
  "height": 45,
  "top": 7,
  "ayah": 1,
  "page": 203,
  "width": 358,
  "verse_pos": 0
 },
 {
  "line": 2,
  "left": 15,
  "end": 373,
  "height": 34,
  "top": 52,
  "ayah": 1,
  "page": 203,
  "width": 358,
  "verse_pos": 0
 },
 {
  "line": 3,
  "left": 15,
  "end": 373,
  "height": 49,
  "top": 86,
  "ayah": 1,
  "page": 203,
  "width": 358,
  "verse_pos": 0
 },
 {
  "line": 4,
  "left": 219,
  "end": 373,
  "height": 39,
  "top": 135,
  "ayah": 1,
  "page": 203,
  "width": 154,
  "verse_pos": 0
 },
 {
  "line": 4,
  "left": 15,
  "end": 218,
  "height": 39,
  "top": 135,
  "ayah": 2,
  "page": 203,
  "width": 203,
  "verse_pos": 1
 },
 {
  "line": 5,
  "left": 15,
  "end": 373,
  "height": 42,
  "top": 174,
  "ayah": 2,
  "page": 203,
  "width": 358,
  "verse_pos": 1
 },
 {
  "line": 6,
  "left": 15,
  "end": 373,
  "height": 46,
  "top": 216,
  "ayah": 2,
  "page": 203,
  "width": 358,
  "verse_pos": 1
 },
 {
  "line": 7,
  "left": 296,
  "end": 373,
  "height": 45,
  "top": 262,
  "ayah": 2,
  "page": 203,
  "width": 77,
  "verse_pos": 1
 },
 {
  "line": 7,
  "left": 15,
  "end": 295,
  "height": 45,
  "top": 262,
  "ayah": 3,
  "page": 203,
  "width": 280,
  "verse_pos": 2
 },
 {
  "line": 8,
  "left": 15,
  "end": 373,
  "height": 42,
  "top": 307,
  "ayah": 3,
  "page": 203,
  "width": 358,
  "verse_pos": 2
 },
 {
  "line": 9,
  "left": 15,
  "end": 373,
  "height": 41,
  "top": 349,
  "ayah": 4,
  "page": 203,
  "width": 358,
  "verse_pos": 3
 },
 {
  "line": 10,
  "left": 88,
  "end": 373,
  "height": 45,
  "top": 390,
  "ayah": 4,
  "page": 203,
  "width": 285,
  "verse_pos": 3
 },
 {
  "line": 10,
  "left": 15,
  "end": 87,
  "height": 45,
  "top": 390,
  "ayah": 5,
  "page": 203,
  "width": 72,
  "verse_pos": 4
 },
 {
  "line": 11,
  "left": 15,
  "end": 373,
  "height": 44,
  "top": 435,
  "ayah": 5,
  "page": 203,
  "width": 358,
  "verse_pos": 4
 },
 {
  "line": 12,
  "left": 195,
  "end": 373,
  "height": 40,
  "top": 479,
  "ayah": 5,
  "page": 203,
  "width": 178,
  "verse_pos": 4
 },
 {
  "line": 12,
  "left": 15,
  "end": 194,
  "height": 40,
  "top": 479,
  "ayah": 6,
  "page": 203,
  "width": 179,
  "verse_pos": 5
 },
 {
  "line": 13,
  "left": 15,
  "end": 373,
  "height": 45,
  "top": 519,
  "ayah": 6,
  "page": 203,
  "width": 358,
  "verse_pos": 5
 },
 {
  "line": 14,
  "left": 173,
  "end": 373,
  "height": 43,
  "top": 564,
  "ayah": 6,
  "page": 203,
  "width": 200,
  "verse_pos": 5
 },
 {
  "line": 14,
  "left": 15,
  "end": 172,
  "height": 43,
  "top": 564,
  "ayah": 7,
  "page": 203,
  "width": 157,
  "verse_pos": 6
 },
 {
  "line": 15,
  "left": 15,
  "end": 373,
  "height": 46,
  "top": 607,
  "ayah": 7,
  "page": 203,
  "width": 358,
  "verse_pos": 6
 }
]