[
 {
  "line": 1,
  "left": 16,
  "end": 375,
  "height": 38,
  "top": 7,
  "ayah": 1,
  "page": 253,
  "width": 359,
  "verse_pos": 0
 },
 {
  "line": 2,
  "left": 302,
  "end": 375,
  "height": 47,
  "top": 45,
  "ayah": 1,
  "page": 253,
  "width": 73,
  "verse_pos": 0
 },
 {
  "line": 2,
  "left": 16,
  "end": 302,
  "height": 47,
  "top": 45,
  "ayah": 2,
  "page": 253,
  "width": 286,
  "verse_pos": 1
 },
 {
  "line": 3,
  "left": 16,
  "end": 375,
  "height": 42,
  "top": 92,
  "ayah": 2,
  "page": 253,
  "width": 359,
  "verse_pos": 1
 },
 {
  "line": 4,
  "left": 16,
  "end": 375,
  "height": 43,
  "top": 134,
  "ayah": 2,
  "page": 253,
  "width": 359,
  "verse_pos": 1
 },
 {
  "line": 5,
  "left": 16,
  "end": 375,
  "height": 41,
  "top": 177,
  "ayah": 3,
  "page": 253,
  "width": 359,
  "verse_pos": 2
 },
 {
  "line": 6,
  "left": 16,
  "end": 375,
  "height": 45,
  "top": 218,
  "ayah": 3,
  "page": 253,
  "width": 359,
  "verse_pos": 2
 },
 {
  "line": 7,
  "left": 16,
  "end": 375,
  "height": 41,
  "top": 263,
  "ayah": 3,
  "page": 253,
  "width": 359,
  "verse_pos": 2
 },
 {
  "line": 8,
  "left": 16,
  "end": 375,
  "height": 47,
  "top": 304,
  "ayah": 3,
  "page": 253,
  "width": 359,
  "verse_pos": 2
 },
 {
  "line": 9,
  "left": 144,
  "end": 375,
  "height": 39,
  "top": 351,
  "ayah": 3,
  "page": 253,
  "width": 231,
  "verse_pos": 2
 },
 {
  "line": 9,
  "left": 16,
  "end": 143,
  "height": 39,
  "top": 351,
  "ayah": 4,
  "page": 253,
  "width": 127,
  "verse_pos": 3
 },
 {
  "line": 10,
  "left": 16,
  "end": 375,
  "height": 44,
  "top": 390,
  "ayah": 4,
  "page": 253,
  "width": 359,
  "verse_pos": 3
 },
 {
  "line": 11,
  "left": 294,
  "end": 375,
  "height": 42,
  "top": 434,
  "ayah": 4,
  "page": 253,
  "width": 81,
  "verse_pos": 3
 },
 {
  "line": 11,
  "left": 16,
  "end": 293,
  "height": 42,
  "top": 434,
  "ayah": 5,
  "page": 253,
  "width": 277,
  "verse_pos": 4
 },
 {
  "line": 12,
  "left": 16,
  "end": 375,
  "height": 44,
  "top": 476,
  "ayah": 5,
  "page": 253,
  "width": 359,
  "verse_pos": 4
 },
 {
  "line": 13,
  "left": 16,
  "end": 375,
  "height": 44,
  "top": 520,
  "ayah": 5,
  "page": 253,
  "width": 359,
  "verse_pos": 4
 },
 {
  "line": 14,
  "left": 137,
  "end": 375,
  "height": 42,
  "top": 564,
  "ayah": 5,
  "page": 253,
  "width": 238,
  "verse_pos": 4
 },
 {
  "line": 14,
  "left": 16,
  "end": 136,
  "height": 42,
  "top": 564,
  "ayah": 6,
  "page": 253,
  "width": 120,
  "verse_pos": 5
 },
 {
  "line": 15,
  "left": 16,
  "end": 375,
  "height": 46,
  "top": 606,
  "ayah": 6,
  "page": 253,
  "width": 359,
  "verse_pos": 5
 }
]