[
 {
  "line": 1,
  "left": 17,
  "end": 373,
  "height": 40,
  "top": 6,
  "ayah": 1,
  "page": 238,
  "width": 356,
  "verse_pos": 0
 },
 {
  "line": 2,
  "left": 17,
  "end": 373,
  "height": 45,
  "top": 46,
  "ayah": 1,
  "page": 238,
  "width": 356,
  "verse_pos": 0
 },
 {
  "line": 3,
  "left": 181,
  "end": 373,
  "height": 45,
  "top": 91,
  "ayah": 1,
  "page": 238,
  "width": 192,
  "verse_pos": 0
 },
 {
  "line": 3,
  "left": 17,
  "end": 180,
  "height": 45,
  "top": 91,
  "ayah": 2,
  "page": 238,
  "width": 163,
  "verse_pos": 1
 },
 {
  "line": 4,
  "left": 17,
  "end": 373,
  "height": 41,
  "top": 136,
  "ayah": 2,
  "page": 238,
  "width": 356,
  "verse_pos": 1
 },
 {
  "line": 5,
  "left": 82,
  "end": 373,
  "height": 45,
  "top": 177,
  "ayah": 2,
  "page": 238,
  "width": 291,
  "verse_pos": 1
 },
 {
  "line": 5,
  "left": 17,
  "end": 84,
  "height": 45,
  "top": 177,
  "ayah": 3,
  "page": 238,
  "width": 67,
  "verse_pos": 2
 },
 {
  "line": 6,
  "left": 17,
  "end": 373,
  "height": 42,
  "top": 222,
  "ayah": 3,
  "page": 238,
  "width": 356,
  "verse_pos": 2
 },
 {
  "line": 7,
  "left": 17,
  "end": 373,
  "height": 44,
  "top": 264,
  "ayah": 3,
  "page": 238,
  "width": 356,
  "verse_pos": 2
 },
 {
  "line": 8,
  "left": 303,
  "end": 373,
  "height": 42,
  "top": 308,
  "ayah": 3,
  "page": 238,
  "width": 70,
  "verse_pos": 2
 },
 {
  "line": 8,
  "left": 17,
  "end": 302,
  "height": 42,
  "top": 308,
  "ayah": 4,
  "page": 238,
  "width": 285,
  "verse_pos": 3
 },
 {
  "line": 9,
  "left": 17,
  "end": 373,
  "height": 44,
  "top": 350,
  "ayah": 4,
  "page": 238,
  "width": 356,
  "verse_pos": 3
 },
 {
  "line": 10,
  "left": 274,
  "end": 373,
  "height": 43,
  "top": 394,
  "ayah": 4,
  "page": 238,
  "width": 99,
  "verse_pos": 3
 },
 {
  "line": 10,
  "left": 17,
  "end": 273,
  "height": 43,
  "top": 394,
  "ayah": 5,
  "page": 238,
  "width": 256,
  "verse_pos": 4
 },
 {
  "line": 11,
  "left": 251,
  "end": 373,
  "height": 39,
  "top": 437,
  "ayah": 5,
  "page": 238,
  "width": 122,
  "verse_pos": 4
 },
 {
  "line": 11,
  "left": 17,
  "end": 250,
  "height": 39,
  "top": 437,
  "ayah": 6,
  "page": 238,
  "width": 233,
  "verse_pos": 5
 },
 {
  "line": 12,
  "left": 136,
  "end": 373,
  "height": 44,
  "top": 476,
  "ayah": 6,
  "page": 238,
  "width": 237,
  "verse_pos": 5
 },
 {
  "line": 12,
  "left": 17,
  "end": 135,
  "height": 44,
  "top": 476,
  "ayah": 7,
  "page": 238,
  "width": 118,
  "verse_pos": 6
 },
 {
  "line": 13,
  "left": 17,
  "end": 373,
  "height": 46,
  "top": 520,
  "ayah": 7,
  "page": 238,
  "width": 356,
  "verse_pos": 6
 },
 {
  "line": 14,
  "left": 332,
  "end": 373,
  "height": 38,
  "top": 566,
  "ayah": 7,
  "page": 238,
  "width": 41,
  "verse_pos": 6
 },
 {
  "line": 14,
  "left": 17,
  "end": 331,
  "height": 38,
  "top": 566,
  "ayah": 8,
  "page": 238,
  "width": 314,
  "verse_pos": 7
 },
 {
  "line": 15,
  "left": 17,
  "end": 373,
  "height": 46,
  "top": 604,
  "ayah": 8,
  "page": 238,
  "width": 356,
  "verse_pos": 7
 }
]