[
 {
  "line": 1,
  "left": 16,
  "end": 374,
  "height": 47,
  "top": 5,
  "ayah": 1,
  "page": 236,
  "width": 358,
  "verse_pos": 0
 },
 {
  "line": 2,
  "left": 125,
  "end": 374,
  "height": 43,
  "top": 52,
  "ayah": 1,
  "page": 236,
  "width": 249,
  "verse_pos": 0
 },
 {
  "line": 2,
  "left": 16,
  "end": 124,
  "height": 43,
  "top": 52,
  "ayah": 2,
  "page": 236,
  "width": 108,
  "verse_pos": 1
 },
 {
  "line": 3,
  "left": 16,
  "end": 374,
  "height": 44,
  "top": 95,
  "ayah": 2,
  "page": 236,
  "width": 358,
  "verse_pos": 1
 },
 {
  "line": 4,
  "left": 16,
  "end": 374,
  "height": 43,
  "top": 139,
  "ayah": 2,
  "page": 236,
  "width": 358,
  "verse_pos": 1
 },
 {
  "line": 5,
  "left": 208,
  "end": 374,
  "height": 42,
  "top": 182,
  "ayah": 2,
  "page": 236,
  "width": 166,
  "verse_pos": 1
 },
 {
  "line": 5,
  "left": 16,
  "end": 207,
  "height": 42,
  "top": 182,
  "ayah": 3,
  "page": 236,
  "width": 191,
  "verse_pos": 2
 },
 {
  "line": 6,
  "left": 233,
  "end": 374,
  "height": 41,
  "top": 224,
  "ayah": 3,
  "page": 236,
  "width": 141,
  "verse_pos": 2
 },
 {
  "line": 6,
  "left": 16,
  "end": 232,
  "height": 41,
  "top": 224,
  "ayah": 4,
  "page": 236,
  "width": 216,
  "verse_pos": 3
 },
 {
  "line": 7,
  "left": 61,
  "end": 374,
  "height": 45,
  "top": 265,
  "ayah": 4,
  "page": 236,
  "width": 313,
  "verse_pos": 3
 },
 {
  "line": 7,
  "left": 16,
  "end": 60,
  "height": 45,
  "top": 265,
  "ayah": 5,
  "page": 236,
  "width": 44,
  "verse_pos": 4
 },
 {
  "line": 8,
  "left": 16,
  "end": 374,
  "height": 44,
  "top": 310,
  "ayah": 5,
  "page": 236,
  "width": 358,
  "verse_pos": 4
 },
 {
  "line": 9,
  "left": 212,
  "end": 374,
  "height": 41,
  "top": 354,
  "ayah": 5,
  "page": 236,
  "width": 162,
  "verse_pos": 4
 },
 {
  "line": 9,
  "left": 16,
  "end": 211,
  "height": 43,
  "top": 354,
  "ayah": 6,
  "page": 236,
  "width": 195,
  "verse_pos": 5
 },
 {
  "line": 10,
  "left": 16,
  "end": 374,
  "height": 40,
  "top": 397,
  "ayah": 6,
  "page": 236,
  "width": 358,
  "verse_pos": 5
 },
 {
  "line": 11,
  "left": 293,
  "end": 374,
  "height": 46,
  "top": 437,
  "ayah": 6,
  "page": 236,
  "width": 81,
  "verse_pos": 5
 },
 {
  "line": 11,
  "left": 16,
  "end": 293,
  "height": 46,
  "top": 437,
  "ayah": 7,
  "page": 236,
  "width": 277,
  "verse_pos": 6
 },
 {
  "line": 12,
  "left": 267,
  "end": 374,
  "height": 41,
  "top": 483,
  "ayah": 7,
  "page": 236,
  "width": 107,
  "verse_pos": 6
 },
 {
  "line": 12,
  "left": 16,
  "end": 267,
  "height": 41,
  "top": 483,
  "ayah": 8,
  "page": 236,
  "width": 251,
  "verse_pos": 7
 },
 {
  "line": 13,
  "left": 267,
  "end": 374,
  "height": 43,
  "top": 524,
  "ayah": 8,
  "page": 236,
  "width": 107,
  "verse_pos": 7
 },
 {
  "line": 13,
  "left": 14,
  "end": 266,
  "height": 43,
  "top": 524,
  "ayah": 9,
  "page": 236,
  "width": 252,
  "verse_pos": 8
 },
 {
  "line": 14,
  "left": 82,
  "end": 374,
  "height": 40,
  "top": 567,
  "ayah": 9,
  "page": 236,
  "width": 292,
  "verse_pos": 8
 },
 {
  "line": 14,
  "left": 16,
  "end": 81,
  "height": 40,
  "top": 567,
  "ayah": 10,
  "page": 236,
  "width": 65,
  "verse_pos": 9
 },
 {
  "line": 15,
  "left": 16,
  "end": 374,
  "height": 46,
  "top": 607,
  "ayah": 10,
  "page": 236,
  "width": 358,
  "verse_pos": 9
 }
]