[
 {
  "line": 1,
  "left": 16,
  "end": 370,
  "height": 40,
  "top": 7,
  "ayah": 1,
  "page": 89,
  "width": 354,
  "verse_pos": 0
 },
 {
  "line": 2,
  "left": 16,
  "end": 370,
  "height": 43,
  "top": 47,
  "ayah": 1,
  "page": 89,
  "width": 354,
  "verse_pos": 0
 },
 {
  "line": 3,
  "left": 129,
  "end": 370,
  "height": 45,
  "top": 90,
  "ayah": 1,
  "page": 89,
  "width": 241,
  "verse_pos": 0
 },
 {
  "line": 3,
  "left": 16,
  "end": 128,
  "height": 45,
  "top": 90,
  "ayah": 2,
  "page": 89,
  "width": 112,
  "verse_pos": 1
 },
 {
  "line": 4,
  "left": 228,
  "end": 370,
  "height": 40,
  "top": 135,
  "ayah": 2,
  "page": 89,
  "width": 142,
  "verse_pos": 1
 },
 {
  "line": 4,
  "left": 16,
  "end": 227,
  "height": 40,
  "top": 135,
  "ayah": 3,
  "page": 89,
  "width": 211,
  "verse_pos": 2
 },
 {
  "line": 5,
  "left": 16,
  "end": 370,
  "height": 43,
  "top": 175,
  "ayah": 4,
  "page": 89,
  "width": 354,
  "verse_pos": 3
 },
 {
  "line": 6,
  "left": 16,
  "end": 370,
  "height": 44,
  "top": 218,
  "ayah": 4,
  "page": 89,
  "width": 354,
  "verse_pos": 3
 },
 {
  "line": 7,
  "left": 227,
  "end": 370,
  "height": 44,
  "top": 262,
  "ayah": 4,
  "page": 89,
  "width": 143,
  "verse_pos": 3
 },
 {
  "line": 7,
  "left": 16,
  "end": 226,
  "height": 44,
  "top": 262,
  "ayah": 5,
  "page": 89,
  "width": 210,
  "verse_pos": 4
 },
 {
  "line": 8,
  "left": 258,
  "end": 370,
  "height": 42,
  "top": 306,
  "ayah": 5,
  "page": 89,
  "width": 112,
  "verse_pos": 4
 },
 {
  "line": 8,
  "left": 16,
  "end": 257,
  "height": 42,
  "top": 306,
  "ayah": 6,
  "page": 89,
  "width": 241,
  "verse_pos": 5
 },
 {
  "line": 9,
  "left": 151,
  "end": 370,
  "height": 42,
  "top": 348,
  "ayah": 6,
  "page": 89,
  "width": 219,
  "verse_pos": 5
 },
 {
  "line": 9,
  "left": 16,
  "end": 150,
  "height": 42,
  "top": 348,
  "ayah": 7,
  "page": 89,
  "width": 134,
  "verse_pos": 6
 },
 {
  "line": 10,
  "left": 16,
  "end": 370,
  "height": 45,
  "top": 390,
  "ayah": 7,
  "page": 89,
  "width": 354,
  "verse_pos": 6
 },
 {
  "line": 11,
  "left": 283,
  "end": 370,
  "height": 43,
  "top": 435,
  "ayah": 7,
  "page": 89,
  "width": 87,
  "verse_pos": 6
 },
 {
  "line": 11,
  "left": 16,
  "end": 282,
  "height": 43,
  "top": 435,
  "ayah": 8,
  "page": 89,
  "width": 266,
  "verse_pos": 7
 },
 {
  "line": 12,
  "left": 16,
  "end": 370,
  "height": 43,
  "top": 478,
  "ayah": 8,
  "page": 89,
  "width": 354,
  "verse_pos": 7
 },
 {
  "line": 13,
  "left": 243,
  "end": 370,
  "height": 41,
  "top": 521,
  "ayah": 8,
  "page": 89,
  "width": 127,
  "verse_pos": 7
 },
 {
  "line": 13,
  "left": 16,
  "end": 242,
  "height": 41,
  "top": 521,
  "ayah": 9,
  "page": 89,
  "width": 226,
  "verse_pos": 8
 },
 {
  "line": 14,
  "left": 16,
  "end": 370,
  "height": 44,
  "top": 562,
  "ayah": 9,
  "page": 89,
  "width": 354,
  "verse_pos": 8
 },
 {
  "line": 15,
  "left": 16,
  "end": 370,
  "height": 45,
  "top": 606,
  "ayah": 9,
  "page": 89,
  "width": 354,
  "verse_pos": 8
 }
]