[
 {
  "line": 1,
  "left": 19,
  "end": 369,
  "height": 43,
  "top": 9,
  "ayah": 1,
  "page": 142,
  "width": 350,
  "verse_pos": 0
 },
 {
  "line": 2,
  "left": 19,
  "end": 369,
  "height": 43,
  "top": 52,
  "ayah": 1,
  "page": 142,
  "width": 350,
  "verse_pos": 0
 },
 {
  "line": 3,
  "left": 210,
  "end": 369,
  "height": 46,
  "top": 95,
  "ayah": 1,
  "page": 142,
  "width": 159,
  "verse_pos": 0
 },
 {
  "line": 3,
  "left": 19,
  "end": 209,
  "height": 46,
  "top": 95,
  "ayah": 2,
  "page": 142,
  "width": 190,
  "verse_pos": 1
 },
 {
  "line": 4,
  "left": 19,
  "end": 369,
  "height": 37,
  "top": 141,
  "ayah": 2,
  "page": 142,
  "width": 350,
  "verse_pos": 1
 },
 {
  "line": 5,
  "left": 19,
  "end": 369,
  "height": 45,
  "top": 178,
  "ayah": 2,
  "page": 142,
  "width": 350,
  "verse_pos": 1
 },
 {
  "line": 6,
  "left": 333,
  "end": 369,
  "height": 46,
  "top": 223,
  "ayah": 2,
  "page": 142,
  "width": 36,
  "verse_pos": 1
 },
 {
  "line": 6,
  "left": 19,
  "end": 332,
  "height": 46,
  "top": 223,
  "ayah": 3,
  "page": 142,
  "width": 313,
  "verse_pos": 2
 },
 {
  "line": 7,
  "left": 93,
  "end": 369,
  "height": 40,
  "top": 269,
  "ayah": 3,
  "page": 142,
  "width": 276,
  "verse_pos": 2
 },
 {
  "line": 7,
  "left": 19,
  "end": 92,
  "height": 40,
  "top": 269,
  "ayah": 4,
  "page": 142,
  "width": 73,
  "verse_pos": 3
 },
 {
  "line": 8,
  "left": 19,
  "end": 369,
  "height": 42,
  "top": 309,
  "ayah": 4,
  "page": 142,
  "width": 350,
  "verse_pos": 3
 },
 {
  "line": 9,
  "left": 19,
  "end": 369,
  "height": 45,
  "top": 351,
  "ayah": 4,
  "page": 142,
  "width": 350,
  "verse_pos": 3
 },
 {
  "line": 10,
  "left": 169,
  "end": 369,
  "height": 41,
  "top": 396,
  "ayah": 4,
  "page": 142,
  "width": 200,
  "verse_pos": 3
 },
 {
  "line": 10,
  "left": 19,
  "end": 168,
  "height": 41,
  "top": 396,
  "ayah": 5,
  "page": 142,
  "width": 149,
  "verse_pos": 4
 },
 {
  "line": 11,
  "left": 46,
  "end": 369,
  "height": 43,
  "top": 437,
  "ayah": 5,
  "page": 142,
  "width": 323,
  "verse_pos": 4
 },
 {
  "line": 11,
  "left": 19,
  "end": 45,
  "height": 43,
  "top": 437,
  "ayah": 6,
  "page": 142,
  "width": 26,
  "verse_pos": 5
 },
 {
  "line": 12,
  "left": 19,
  "end": 369,
  "height": 44,
  "top": 480,
  "ayah": 6,
  "page": 142,
  "width": 350,
  "verse_pos": 5
 },
 {
  "line": 13,
  "left": 95,
  "end": 369,
  "height": 41,
  "top": 524,
  "ayah": 6,
  "page": 142,
  "width": 274,
  "verse_pos": 5
 },
 {
  "line": 13,
  "left": 19,
  "end": 94,
  "height": 41,
  "top": 524,
  "ayah": 7,
  "page": 142,
  "width": 75,
  "verse_pos": 6
 },
 {
  "line": 14,
  "left": 19,
  "end": 369,
  "height": 45,
  "top": 565,
  "ayah": 7,
  "page": 142,
  "width": 350,
  "verse_pos": 6
 },
 {
  "line": 15,
  "left": 19,
  "end": 369,
  "height": 44,
  "top": 610,
  "ayah": 8,
  "page": 142,
  "width": 350,
  "verse_pos": 7
 }
]