[
 {
  "line": 1,
  "left": 20,
  "end": 366,
  "height": 40,
  "top": 7,
  "ayah": 1,
  "page": 82,
  "width": 346,
  "verse_pos": 0
 },
 {
  "line": 2,
  "left": 20,
  "end": 366,
  "height": 48,
  "top": 47,
  "ayah": 1,
  "page": 82,
  "width": 346,
  "verse_pos": 0
 },
 {
  "line": 3,
  "left": 20,
  "end": 366,
  "height": 39,
  "top": 95,
  "ayah": 1,
  "page": 82,
  "width": 346,
  "verse_pos": 0
 },
 {
  "line": 4,
  "left": 20,
  "end": 366,
  "height": 46,
  "top": 134,
  "ayah": 1,
  "page": 82,
  "width": 346,
  "verse_pos": 0
 },
 {
  "line": 5,
  "left": 20,
  "end": 366,
  "height": 42,
  "top": 180,
  "ayah": 1,
  "page": 82,
  "width": 346,
  "verse_pos": 0
 },
 {
  "line": 6,
  "left": 281,
  "end": 366,
  "height": 46,
  "top": 222,
  "ayah": 1,
  "page": 82,
  "width": 85,
  "verse_pos": 0
 },
 {
  "line": 6,
  "left": 20,
  "end": 280,
  "height": 46,
  "top": 222,
  "ayah": 2,
  "page": 82,
  "width": 260,
  "verse_pos": 1
 },
 {
  "line": 7,
  "left": 20,
  "end": 366,
  "height": 42,
  "top": 268,
  "ayah": 2,
  "page": 82,
  "width": 346,
  "verse_pos": 1
 },
 {
  "line": 8,
  "left": 20,
  "end": 366,
  "height": 44,
  "top": 310,
  "ayah": 2,
  "page": 82,
  "width": 346,
  "verse_pos": 1
 },
 {
  "line": 9,
  "left": 20,
  "end": 366,
  "height": 43,
  "top": 354,
  "ayah": 2,
  "page": 82,
  "width": 346,
  "verse_pos": 1
 },
 {
  "line": 10,
  "left": 20,
  "end": 366,
  "height": 40,
  "top": 397,
  "ayah": 2,
  "page": 82,
  "width": 346,
  "verse_pos": 1
 },
 {
  "line": 11,
  "left": 20,
  "end": 366,
  "height": 47,
  "top": 437,
  "ayah": 2,
  "page": 82,
  "width": 346,
  "verse_pos": 1
 },
 {
  "line": 12,
  "left": 20,
  "end": 366,
  "height": 39,
  "top": 484,
  "ayah": 2,
  "page": 82,
  "width": 346,
  "verse_pos": 1
 },
 {
  "line": 13,
  "left": 20,
  "end": 366,
  "height": 45,
  "top": 523,
  "ayah": 2,
  "page": 82,
  "width": 346,
  "verse_pos": 1
 },
 {
  "line": 14,
  "left": 331,
  "end": 366,
  "height": 42,
  "top": 568,
  "ayah": 2,
  "page": 82,
  "width": 35,
  "verse_pos": 1
 },
 {
  "line": 14,
  "left": 20,
  "end": 330,
  "height": 42,
  "top": 568,
  "ayah": 3,
  "page": 82,
  "width": 310,
  "verse_pos": 2
 },
 {
  "line": 15,
  "left": 20,
  "end": 366,
  "height": 45,
  "top": 610,
  "ayah": 3,
  "page": 82,
  "width": 346,
  "verse_pos": 2
 }
]