[
 {
  "line": 1,
  "left": 246,
  "end": 376,
  "height": 44,
  "top": 7,
  "ayah": 1,
  "page": 537,
  "width": 130,
  "verse_pos": 0
 },
 {
  "line": 1,
  "left": 103,
  "end": 245,
  "height": 44,
  "top": 7,
  "ayah": 2,
  "page": 537,
  "width": 142,
  "verse_pos": 1
 },
 {
  "line": 1,
  "left": 12,
  "end": 102,
  "height": 44,
  "top": 7,
  "ayah": 3,
  "page": 537,
  "width": 90,
  "verse_pos": 2
 },
 {
  "line": 2,
  "left": 271,
  "end": 376,
  "height": 39,
  "top": 51,
  "ayah": 3,
  "page": 537,
  "width": 105,
  "verse_pos": 2
 },
 {
  "line": 2,
  "left": 103,
  "end": 270,
  "height": 39,
  "top": 51,
  "ayah": 4,
  "page": 537,
  "width": 167,
  "verse_pos": 3
 },
 {
  "line": 2,
  "left": 12,
  "end": 102,
  "height": 39,
  "top": 51,
  "ayah": 5,
  "page": 537,
  "width": 90,
  "verse_pos": 4
 },
 {
  "line": 3,
  "left": 264,
  "end": 376,
  "height": 47,
  "top": 90,
  "ayah": 5,
  "page": 537,
  "width": 112,
  "verse_pos": 4
 },
 {
  "line": 3,
  "left": 51,
  "end": 263,
  "height": 47,
  "top": 90,
  "ayah": 6,
  "page": 537,
  "width": 212,
  "verse_pos": 5
 },
 {
  "line": 3,
  "left": 12,
  "end": 50,
  "height": 47,
  "top": 90,
  "ayah": 7,
  "page": 537,
  "width": 38,
  "verse_pos": 6
 },
 {
  "line": 4,
  "left": 242,
  "end": 376,
  "height": 41,
  "top": 137,
  "ayah": 7,
  "page": 537,
  "width": 134,
  "verse_pos": 6
 },
 {
  "line": 4,
  "left": 81,
  "end": 241,
  "height": 41,
  "top": 137,
  "ayah": 8,
  "page": 537,
  "width": 160,
  "verse_pos": 7
 },
 {
  "line": 4,
  "left": 12,
  "end": 80,
  "height": 41,
  "top": 137,
  "ayah": 9,
  "page": 537,
  "width": 68,
  "verse_pos": 8
 },
 {
  "line": 5,
  "left": 167,
  "end": 376,
  "height": 44,
  "top": 178,
  "ayah": 9,
  "page": 537,
  "width": 209,
  "verse_pos": 8
 },
 {
  "line": 5,
  "left": 12,
  "end": 166,
  "height": 44,
  "top": 178,
  "ayah": 10,
  "page": 537,
  "width": 154,
  "verse_pos": 9
 },
 {
  "line": 6,
  "left": 340,
  "end": 376,
  "height": 44,
  "top": 222,
  "ayah": 10,
  "page": 537,
  "width": 36,
  "verse_pos": 9
 },
 {
  "line": 6,
  "left": 158,
  "end": 339,
  "height": 44,
  "top": 222,
  "ayah": 11,
  "page": 537,
  "width": 181,
  "verse_pos": 10
 },
 {
  "line": 6,
  "left": 12,
  "end": 157,
  "height": 44,
  "top": 222,
  "ayah": 12,
  "page": 537,
  "width": 145,
  "verse_pos": 11
 },
 {
  "line": 7,
  "left": 340,
  "end": 376,
  "height": 40,
  "top": 266,
  "ayah": 12,
  "page": 537,
  "width": 36,
  "verse_pos": 11
 },
 {
  "line": 7,
  "left": 148,
  "end": 339,
  "height": 40,
  "top": 266,
  "ayah": 13,
  "page": 537,
  "width": 191,
  "verse_pos": 12
 },
 {
  "line": 7,
  "left": 12,
  "end": 147,
  "height": 40,
  "top": 266,
  "ayah": 14,
  "page": 537,
  "width": 135,
  "verse_pos": 13
 },
 {
  "line": 8,
  "left": 301,
  "end": 376,
  "height": 43,
  "top": 306,
  "ayah": 14,
  "page": 537,
  "width": 75,
  "verse_pos": 13
 },
 {
  "line": 8,
  "left": 104,
  "end": 300,
  "height": 43,
  "top": 306,
  "ayah": 15,
  "page": 537,
  "width": 196,
  "verse_pos": 14
 },
 {
  "line": 8,
  "left": 12,
  "end": 103,
  "height": 43,
  "top": 306,
  "ayah": 16,
  "page": 537,
  "width": 91,
  "verse_pos": 15
 },
 {
  "line": 9,
  "left": 222,
  "end": 376,
  "height": 44,
  "top": 349,
  "ayah": 16,
  "page": 537,
  "width": 154,
  "verse_pos": 15
 },
 {
  "line": 9,
  "left": 101,
  "end": 221,
  "height": 44,
  "top": 349,
  "ayah": 17,
  "page": 537,
  "width": 120,
  "verse_pos": 16
 },
 {
  "line": 9,
  "left": 12,
  "end": 100,
  "height": 44,
  "top": 349,
  "ayah": 18,
  "page": 537,
  "width": 88,
  "verse_pos": 17
 },
 {
  "line": 10,
  "left": 341,
  "end": 376,
  "height": 40,
  "top": 393,
  "ayah": 18,
  "page": 537,
  "width": 35,
  "verse_pos": 17
 },
 {
  "line": 10,
  "left": 173,
  "end": 341,
  "height": 40,
  "top": 393,
  "ayah": 19,
  "page": 537,
  "width": 168,
  "verse_pos": 18
 },
 {
  "line": 10,
  "left": 12,
  "end": 172,
  "height": 40,
  "top": 393,
  "ayah": 20,
  "page": 537,
  "width": 160,
  "verse_pos": 19
 },
 {
  "line": 11,
  "left": 59,
  "end": 376,
  "height": 38,
  "top": 525,
  "ayah": 22,
  "page": 537,
  "width": 317,
  "verse_pos": 21
 },
 {
  "line": 11,
  "left": 12,
  "end": 59,
  "height": 38,
  "top": 525,
  "ayah": 23,
  "page": 537,
  "width": 47,
  "verse_pos": 22
 },
 {
  "line": 12,
  "left": 12,
  "end": 376,
  "height": 43,
  "top": 563,
  "ayah": 23,
  "page": 537,
  "width": 364,
  "verse_pos": 22
 },
 {
  "line": 13,
  "left": 12,
  "end": 376,
  "height": 44,
  "top": 606,
  "ayah": 24,
  "page": 537,
  "width": 364,
  "verse_pos": 23
 }
]