[
 {
  "line": 1,
  "left": 18,
  "end": 368,
  "height": 42,
  "top": 7,
  "ayah": 1,
  "page": 76,
  "width": 350,
  "verse_pos": 0
 },
 {
  "line": 2,
  "left": 18,
  "end": 368,
  "height": 44,
  "top": 49,
  "ayah": 1,
  "page": 76,
  "width": 350,
  "verse_pos": 0
 },
 {
  "line": 3,
  "left": 18,
  "end": 368,
  "height": 42,
  "top": 93,
  "ayah": 1,
  "page": 76,
  "width": 350,
  "verse_pos": 0
 },
 {
  "line": 4,
  "left": 18,
  "end": 368,
  "height": 42,
  "top": 135,
  "ayah": 1,
  "page": 76,
  "width": 350,
  "verse_pos": 0
 },
 {
  "line": 5,
  "left": 18,
  "end": 368,
  "height": 44,
  "top": 177,
  "ayah": 1,
  "page": 76,
  "width": 350,
  "verse_pos": 0
 },
 {
  "line": 6,
  "left": 86,
  "end": 368,
  "height": 43,
  "top": 221,
  "ayah": 2,
  "page": 76,
  "width": 282,
  "verse_pos": 1
 },
 {
  "line": 6,
  "left": 18,
  "end": 85,
  "height": 43,
  "top": 221,
  "ayah": 3,
  "page": 76,
  "width": 67,
  "verse_pos": 2
 },
 {
  "line": 7,
  "left": 124,
  "end": 368,
  "height": 46,
  "top": 264,
  "ayah": 3,
  "page": 76,
  "width": 244,
  "verse_pos": 2
 },
 {
  "line": 7,
  "left": 18,
  "end": 123,
  "height": 46,
  "top": 264,
  "ayah": 4,
  "page": 76,
  "width": 105,
  "verse_pos": 3
 },
 {
  "line": 8,
  "left": 18,
  "end": 368,
  "height": 41,
  "top": 310,
  "ayah": 4,
  "page": 76,
  "width": 350,
  "verse_pos": 3
 },
 {
  "line": 9,
  "left": 70,
  "end": 368,
  "height": 42,
  "top": 351,
  "ayah": 4,
  "page": 76,
  "width": 298,
  "verse_pos": 3
 },
 {
  "line": 9,
  "left": 18,
  "end": 69,
  "height": 42,
  "top": 351,
  "ayah": 5,
  "page": 76,
  "width": 51,
  "verse_pos": 4
 },
 {
  "line": 10,
  "left": 18,
  "end": 368,
  "height": 42,
  "top": 393,
  "ayah": 5,
  "page": 76,
  "width": 350,
  "verse_pos": 4
 },
 {
  "line": 11,
  "left": 18,
  "end": 368,
  "height": 43,
  "top": 435,
  "ayah": 5,
  "page": 76,
  "width": 350,
  "verse_pos": 4
 },
 {
  "line": 12,
  "left": 18,
  "end": 368,
  "height": 45,
  "top": 478,
  "ayah": 5,
  "page": 76,
  "width": 350,
  "verse_pos": 4
 },
 {
  "line": 13,
  "left": 213,
  "end": 368,
  "height": 44,
  "top": 523,
  "ayah": 5,
  "page": 76,
  "width": 155,
  "verse_pos": 4
 },
 {
  "line": 13,
  "left": 18,
  "end": 212,
  "height": 44,
  "top": 523,
  "ayah": 6,
  "page": 76,
  "width": 194,
  "verse_pos": 5
 },
 {
  "line": 14,
  "left": 18,
  "end": 368,
  "height": 40,
  "top": 567,
  "ayah": 6,
  "page": 76,
  "width": 350,
  "verse_pos": 5
 }
]