[
 {
  "line": 1,
  "left": 16,
  "end": 373,
  "height": 43,
  "top": 7,
  "ayah": 1,
  "page": 196,
  "width": 357,
  "verse_pos": 0
 },
 {
  "line": 2,
  "left": 16,
  "end": 373,
  "height": 45,
  "top": 50,
  "ayah": 1,
  "page": 196,
  "width": 357,
  "verse_pos": 0
 },
 {
  "line": 3,
  "left": 16,
  "end": 373,
  "height": 44,
  "top": 95,
  "ayah": 2,
  "page": 196,
  "width": 357,
  "verse_pos": 1
 },
 {
  "line": 4,
  "left": 238,
  "end": 373,
  "height": 41,
  "top": 139,
  "ayah": 2,
  "page": 196,
  "width": 135,
  "verse_pos": 1
 },
 {
  "line": 4,
  "left": 16,
  "end": 237,
  "height": 41,
  "top": 139,
  "ayah": 3,
  "page": 196,
  "width": 221,
  "verse_pos": 2
 },
 {
  "line": 5,
  "left": 123,
  "end": 373,
  "height": 41,
  "top": 180,
  "ayah": 3,
  "page": 196,
  "width": 250,
  "verse_pos": 2
 },
 {
  "line": 5,
  "left": 16,
  "end": 122,
  "height": 41,
  "top": 180,
  "ayah": 4,
  "page": 196,
  "width": 106,
  "verse_pos": 3
 },
 {
  "line": 6,
  "left": 16,
  "end": 373,
  "height": 46,
  "top": 221,
  "ayah": 4,
  "page": 196,
  "width": 357,
  "verse_pos": 3
 },
 {
  "line": 7,
  "left": 224,
  "end": 373,
  "height": 42,
  "top": 267,
  "ayah": 4,
  "page": 196,
  "width": 149,
  "verse_pos": 3
 },
 {
  "line": 7,
  "left": 16,
  "end": 223,
  "height": 42,
  "top": 267,
  "ayah": 5,
  "page": 196,
  "width": 207,
  "verse_pos": 4
 },
 {
  "line": 8,
  "left": 16,
  "end": 373,
  "height": 44,
  "top": 309,
  "ayah": 5,
  "page": 196,
  "width": 357,
  "verse_pos": 4
 },
 {
  "line": 9,
  "left": 139,
  "end": 373,
  "height": 41,
  "top": 353,
  "ayah": 5,
  "page": 196,
  "width": 234,
  "verse_pos": 4
 },
 {
  "line": 9,
  "left": 16,
  "end": 138,
  "height": 41,
  "top": 353,
  "ayah": 6,
  "page": 196,
  "width": 122,
  "verse_pos": 5
 },
 {
  "line": 10,
  "left": 16,
  "end": 373,
  "height": 43,
  "top": 394,
  "ayah": 6,
  "page": 196,
  "width": 357,
  "verse_pos": 5
 },
 {
  "line": 11,
  "left": 16,
  "end": 373,
  "height": 44,
  "top": 437,
  "ayah": 6,
  "page": 196,
  "width": 357,
  "verse_pos": 5
 },
 {
  "line": 12,
  "left": 62,
  "end": 373,
  "height": 39,
  "top": 481,
  "ayah": 6,
  "page": 196,
  "width": 311,
  "verse_pos": 5
 },
 {
  "line": 12,
  "left": 16,
  "end": 61,
  "height": 39,
  "top": 481,
  "ayah": 7,
  "page": 196,
  "width": 45,
  "verse_pos": 6
 },
 {
  "line": 13,
  "left": 16,
  "end": 373,
  "height": 46,
  "top": 520,
  "ayah": 7,
  "page": 196,
  "width": 357,
  "verse_pos": 6
 },
 {
  "line": 14,
  "left": 16,
  "end": 373,
  "height": 40,
  "top": 566,
  "ayah": 7,
  "page": 196,
  "width": 357,
  "verse_pos": 6
 },
 {
  "line": 15,
  "left": 16,
  "end": 373,
  "height": 46,
  "top": 606,
  "ayah": 7,
  "page": 196,
  "width": 357,
  "verse_pos": 6
 }
]