[
 {
  "line": 1,
  "left": 17,
  "end": 370,
  "height": 41,
  "top": 7,
  "ayah": 1,
  "page": 331,
  "width": 353,
  "verse_pos": 0
 },
 {
  "line": 2,
  "left": 276,
  "end": 370,
  "height": 44,
  "top": 48,
  "ayah": 1,
  "page": 331,
  "width": 94,
  "verse_pos": 0
 },
 {
  "line": 2,
  "left": 17,
  "end": 275,
  "height": 44,
  "top": 48,
  "ayah": 2,
  "page": 331,
  "width": 258,
  "verse_pos": 1
 },
 {
  "line": 3,
  "left": 17,
  "end": 370,
  "height": 43,
  "top": 92,
  "ayah": 2,
  "page": 331,
  "width": 353,
  "verse_pos": 1
 },
 {
  "line": 4,
  "left": 334,
  "end": 370,
  "height": 39,
  "top": 135,
  "ayah": 2,
  "page": 331,
  "width": 36,
  "verse_pos": 1
 },
 {
  "line": 4,
  "left": 17,
  "end": 333,
  "height": 39,
  "top": 135,
  "ayah": 3,
  "page": 331,
  "width": 316,
  "verse_pos": 2
 },
 {
  "line": 5,
  "left": 17,
  "end": 370,
  "height": 48,
  "top": 174,
  "ayah": 3,
  "page": 331,
  "width": 353,
  "verse_pos": 2
 },
 {
  "line": 6,
  "left": 335,
  "end": 370,
  "height": 42,
  "top": 222,
  "ayah": 3,
  "page": 331,
  "width": 35,
  "verse_pos": 2
 },
 {
  "line": 6,
  "left": 17,
  "end": 334,
  "height": 42,
  "top": 222,
  "ayah": 4,
  "page": 331,
  "width": 317,
  "verse_pos": 3
 },
 {
  "line": 7,
  "left": 145,
  "end": 370,
  "height": 42,
  "top": 264,
  "ayah": 4,
  "page": 331,
  "width": 225,
  "verse_pos": 3
 },
 {
  "line": 7,
  "left": 17,
  "end": 144,
  "height": 42,
  "top": 264,
  "ayah": 5,
  "page": 331,
  "width": 127,
  "verse_pos": 4
 },
 {
  "line": 8,
  "left": 233,
  "end": 370,
  "height": 38,
  "top": 306,
  "ayah": 5,
  "page": 331,
  "width": 137,
  "verse_pos": 4
 },
 {
  "line": 8,
  "left": 17,
  "end": 232,
  "height": 38,
  "top": 306,
  "ayah": 6,
  "page": 331,
  "width": 215,
  "verse_pos": 5
 },
 {
  "line": 9,
  "left": 334,
  "end": 370,
  "height": 47,
  "top": 344,
  "ayah": 6,
  "page": 331,
  "width": 36,
  "verse_pos": 5
 },
 {
  "line": 9,
  "left": 17,
  "end": 333,
  "height": 47,
  "top": 344,
  "ayah": 7,
  "page": 331,
  "width": 316,
  "verse_pos": 6
 },
 {
  "line": 10,
  "left": 192,
  "end": 370,
  "height": 43,
  "top": 391,
  "ayah": 7,
  "page": 331,
  "width": 178,
  "verse_pos": 6
 },
 {
  "line": 10,
  "left": 17,
  "end": 191,
  "height": 43,
  "top": 391,
  "ayah": 8,
  "page": 331,
  "width": 174,
  "verse_pos": 7
 },
 {
  "line": 11,
  "left": 17,
  "end": 370,
  "height": 46,
  "top": 434,
  "ayah": 8,
  "page": 331,
  "width": 353,
  "verse_pos": 7
 },
 {
  "line": 12,
  "left": 17,
  "end": 370,
  "height": 41,
  "top": 480,
  "ayah": 9,
  "page": 331,
  "width": 353,
  "verse_pos": 8
 },
 {
  "line": 13,
  "left": 335,
  "end": 370,
  "height": 41,
  "top": 521,
  "ayah": 9,
  "page": 331,
  "width": 35,
  "verse_pos": 8
 },
 {
  "line": 13,
  "left": 44,
  "end": 334,
  "height": 41,
  "top": 521,
  "ayah": 10,
  "page": 331,
  "width": 290,
  "verse_pos": 9
 },
 {
  "line": 13,
  "left": 17,
  "end": 43,
  "height": 41,
  "top": 521,
  "ayah": 11,
  "page": 331,
  "width": 26,
  "verse_pos": 10
 },
 {
  "line": 14,
  "left": 17,
  "end": 370,
  "height": 42,
  "top": 562,
  "ayah": 11,
  "page": 331,
  "width": 353,
  "verse_pos": 10
 }
]