[
 {
  "line": 1,
  "left": 16,
  "end": 370,
  "height": 43,
  "top": 7,
  "ayah": 1,
  "page": 551,
  "width": 354,
  "verse_pos": 0
 },
 {
  "line": 2,
  "left": 16,
  "end": 370,
  "height": 44,
  "top": 50,
  "ayah": 1,
  "page": 551,
  "width": 354,
  "verse_pos": 0
 },
 {
  "line": 3,
  "left": 16,
  "end": 370,
  "height": 41,
  "top": 94,
  "ayah": 1,
  "page": 551,
  "width": 354,
  "verse_pos": 0
 },
 {
  "line": 4,
  "left": 16,
  "end": 370,
  "height": 43,
  "top": 135,
  "ayah": 1,
  "page": 551,
  "width": 354,
  "verse_pos": 0
 },
 {
  "line": 5,
  "left": 335,
  "end": 370,
  "height": 44,
  "top": 178,
  "ayah": 1,
  "page": 551,
  "width": 35,
  "verse_pos": 0
 },
 {
  "line": 5,
  "left": 16,
  "end": 334,
  "height": 44,
  "top": 178,
  "ayah": 2,
  "page": 551,
  "width": 318,
  "verse_pos": 1
 },
 {
  "line": 6,
  "left": 16,
  "end": 370,
  "height": 39,
  "top": 222,
  "ayah": 2,
  "page": 551,
  "width": 354,
  "verse_pos": 1
 },
 {
  "line": 7,
  "left": 16,
  "end": 370,
  "height": 41,
  "top": 351,
  "ayah": 4,
  "page": 551,
  "width": 354,
  "verse_pos": 3
 },
 {
  "line": 8,
  "left": 335,
  "end": 370,
  "height": 47,
  "top": 392,
  "ayah": 4,
  "page": 551,
  "width": 35,
  "verse_pos": 3
 },
 {
  "line": 8,
  "left": 16,
  "end": 334,
  "height": 47,
  "top": 392,
  "ayah": 5,
  "page": 551,
  "width": 318,
  "verse_pos": 4
 },
 {
  "line": 9,
  "left": 40,
  "end": 370,
  "height": 39,
  "top": 439,
  "ayah": 6,
  "page": 551,
  "width": 330,
  "verse_pos": 5
 },
 {
  "line": 9,
  "left": 16,
  "end": 39,
  "height": 39,
  "top": 439,
  "ayah": 7,
  "page": 551,
  "width": 23,
  "verse_pos": 6
 },
 {
  "line": 10,
  "left": 16,
  "end": 370,
  "height": 48,
  "top": 478,
  "ayah": 7,
  "page": 551,
  "width": 354,
  "verse_pos": 6
 },
 {
  "line": 11,
  "left": 238,
  "end": 370,
  "height": 37,
  "top": 526,
  "ayah": 7,
  "page": 551,
  "width": 132,
  "verse_pos": 6
 },
 {
  "line": 11,
  "left": 16,
  "end": 237,
  "height": 37,
  "top": 526,
  "ayah": 8,
  "page": 551,
  "width": 221,
  "verse_pos": 7
 },
 {
  "line": 12,
  "left": 16,
  "end": 370,
  "height": 45,
  "top": 563,
  "ayah": 8,
  "page": 551,
  "width": 354,
  "verse_pos": 7
 },
 {
  "line": 13,
  "left": 16,
  "end": 370,
  "height": 42,
  "top": 608,
  "ayah": 8,
  "page": 551,
  "width": 354,
  "verse_pos": 7
 }
]