[
 {
  "line": 1,
  "left": 15,
  "end": 374,
  "height": 46,
  "top": 9,
  "ayah": 1,
  "page": 185,
  "width": 359,
  "verse_pos": 0
 },
 {
  "line": 2,
  "left": 195,
  "end": 374,
  "height": 43,
  "top": 55,
  "ayah": 1,
  "page": 185,
  "width": 179,
  "verse_pos": 0
 },
 {
  "line": 2,
  "left": 15,
  "end": 194,
  "height": 43,
  "top": 55,
  "ayah": 2,
  "page": 185,
  "width": 179,
  "verse_pos": 1
 },
 {
  "line": 3,
  "left": 15,
  "end": 374,
  "height": 43,
  "top": 98,
  "ayah": 2,
  "page": 185,
  "width": 359,
  "verse_pos": 1
 },
 {
  "line": 4,
  "left": 137,
  "end": 374,
  "height": 45,
  "top": 141,
  "ayah": 2,
  "page": 185,
  "width": 237,
  "verse_pos": 1
 },
 {
  "line": 4,
  "left": 15,
  "end": 136,
  "height": 45,
  "top": 141,
  "ayah": 3,
  "page": 185,
  "width": 121,
  "verse_pos": 2
 },
 {
  "line": 5,
  "left": 142,
  "end": 374,
  "height": 42,
  "top": 186,
  "ayah": 3,
  "page": 185,
  "width": 232,
  "verse_pos": 2
 },
 {
  "line": 5,
  "left": 15,
  "end": 141,
  "height": 42,
  "top": 186,
  "ayah": 4,
  "page": 185,
  "width": 126,
  "verse_pos": 3
 },
 {
  "line": 6,
  "left": 15,
  "end": 374,
  "height": 42,
  "top": 228,
  "ayah": 4,
  "page": 185,
  "width": 359,
  "verse_pos": 3
 },
 {
  "line": 7,
  "left": 15,
  "end": 374,
  "height": 42,
  "top": 270,
  "ayah": 4,
  "page": 185,
  "width": 359,
  "verse_pos": 3
 },
 {
  "line": 8,
  "left": 93,
  "end": 374,
  "height": 43,
  "top": 312,
  "ayah": 4,
  "page": 185,
  "width": 281,
  "verse_pos": 3
 },
 {
  "line": 8,
  "left": 15,
  "end": 92,
  "height": 43,
  "top": 312,
  "ayah": 5,
  "page": 185,
  "width": 77,
  "verse_pos": 4
 },
 {
  "line": 9,
  "left": 15,
  "end": 374,
  "height": 45,
  "top": 355,
  "ayah": 5,
  "page": 185,
  "width": 359,
  "verse_pos": 4
 },
 {
  "line": 10,
  "left": 15,
  "end": 374,
  "height": 42,
  "top": 400,
  "ayah": 5,
  "page": 185,
  "width": 359,
  "verse_pos": 4
 },
 {
  "line": 11,
  "left": 157,
  "end": 374,
  "height": 42,
  "top": 442,
  "ayah": 5,
  "page": 185,
  "width": 217,
  "verse_pos": 4
 },
 {
  "line": 11,
  "left": 15,
  "end": 156,
  "height": 42,
  "top": 442,
  "ayah": 6,
  "page": 185,
  "width": 141,
  "verse_pos": 5
 },
 {
  "line": 12,
  "left": 15,
  "end": 374,
  "height": 39,
  "top": 484,
  "ayah": 6,
  "page": 185,
  "width": 359,
  "verse_pos": 5
 },
 {
  "line": 13,
  "left": 103,
  "end": 374,
  "height": 46,
  "top": 523,
  "ayah": 6,
  "page": 185,
  "width": 271,
  "verse_pos": 5
 },
 {
  "line": 13,
  "left": 15,
  "end": 101,
  "height": 46,
  "top": 523,
  "ayah": 7,
  "page": 185,
  "width": 86,
  "verse_pos": 6
 },
 {
  "line": 14,
  "left": 79,
  "end": 374,
  "height": 44,
  "top": 569,
  "ayah": 7,
  "page": 185,
  "width": 295,
  "verse_pos": 6
 },
 {
  "line": 14,
  "left": 15,
  "end": 78,
  "height": 44,
  "top": 569,
  "ayah": 8,
  "page": 185,
  "width": 63,
  "verse_pos": 7
 },
 {
  "line": 15,
  "left": 15,
  "end": 374,
  "height": 43,
  "top": 613,
  "ayah": 8,
  "page": 185,
  "width": 359,
  "verse_pos": 7
 }
]