[
 {
  "line": 1,
  "left": 13,
  "end": 375,
  "height": 42,
  "top": 7,
  "ayah": 1,
  "page": 438,
  "width": 362,
  "verse_pos": 0
 },
 {
  "line": 2,
  "left": 131,
  "end": 375,
  "height": 41,
  "top": 49,
  "ayah": 1,
  "page": 438,
  "width": 244,
  "verse_pos": 0
 },
 {
  "line": 2,
  "left": 13,
  "end": 130,
  "height": 41,
  "top": 49,
  "ayah": 2,
  "page": 438,
  "width": 117,
  "verse_pos": 1
 },
 {
  "line": 3,
  "left": 13,
  "end": 375,
  "height": 44,
  "top": 90,
  "ayah": 2,
  "page": 438,
  "width": 362,
  "verse_pos": 1
 },
 {
  "line": 4,
  "left": 13,
  "end": 375,
  "height": 45,
  "top": 134,
  "ayah": 2,
  "page": 438,
  "width": 362,
  "verse_pos": 1
 },
 {
  "line": 5,
  "left": 205,
  "end": 375,
  "height": 39,
  "top": 179,
  "ayah": 2,
  "page": 438,
  "width": 170,
  "verse_pos": 1
 },
 {
  "line": 5,
  "left": 13,
  "end": 204,
  "height": 39,
  "top": 179,
  "ayah": 3,
  "page": 438,
  "width": 191,
  "verse_pos": 2
 },
 {
  "line": 6,
  "left": 13,
  "end": 375,
  "height": 45,
  "top": 218,
  "ayah": 3,
  "page": 438,
  "width": 362,
  "verse_pos": 2
 },
 {
  "line": 7,
  "left": 13,
  "end": 375,
  "height": 43,
  "top": 263,
  "ayah": 4,
  "page": 438,
  "width": 362,
  "verse_pos": 3
 },
 {
  "line": 8,
  "left": 285,
  "end": 375,
  "height": 44,
  "top": 306,
  "ayah": 4,
  "page": 438,
  "width": 90,
  "verse_pos": 3
 },
 {
  "line": 8,
  "left": 13,
  "end": 284,
  "height": 44,
  "top": 306,
  "ayah": 5,
  "page": 438,
  "width": 271,
  "verse_pos": 4
 },
 {
  "line": 9,
  "left": 138,
  "end": 375,
  "height": 43,
  "top": 350,
  "ayah": 5,
  "page": 438,
  "width": 237,
  "verse_pos": 4
 },
 {
  "line": 9,
  "left": 13,
  "end": 137,
  "height": 43,
  "top": 350,
  "ayah": 6,
  "page": 438,
  "width": 124,
  "verse_pos": 5
 },
 {
  "line": 10,
  "left": 13,
  "end": 375,
  "height": 42,
  "top": 393,
  "ayah": 6,
  "page": 438,
  "width": 362,
  "verse_pos": 5
 },
 {
  "line": 11,
  "left": 117,
  "end": 375,
  "height": 42,
  "top": 435,
  "ayah": 6,
  "page": 438,
  "width": 258,
  "verse_pos": 5
 },
 {
  "line": 11,
  "left": 13,
  "end": 116,
  "height": 42,
  "top": 435,
  "ayah": 7,
  "page": 438,
  "width": 103,
  "verse_pos": 6
 },
 {
  "line": 12,
  "left": 13,
  "end": 375,
  "height": 43,
  "top": 477,
  "ayah": 7,
  "page": 438,
  "width": 362,
  "verse_pos": 6
 },
 {
  "line": 13,
  "left": 13,
  "end": 375,
  "height": 46,
  "top": 520,
  "ayah": 7,
  "page": 438,
  "width": 362,
  "verse_pos": 6
 },
 {
  "line": 14,
  "left": 134,
  "end": 375,
  "height": 43,
  "top": 566,
  "ayah": 7,
  "page": 438,
  "width": 241,
  "verse_pos": 6
 },
 {
  "line": 14,
  "left": 13,
  "end": 133,
  "height": 43,
  "top": 566,
  "ayah": 8,
  "page": 438,
  "width": 120,
  "verse_pos": 7
 },
 {
  "line": 15,
  "left": 13,
  "end": 375,
  "height": 42,
  "top": 609,
  "ayah": 8,
  "page": 438,
  "width": 362,
  "verse_pos": 7
 }
]