[
 {
  "line": 1,
  "left": 12,
  "end": 378,
  "height": 45,
  "top": 6,
  "ayah": 1,
  "page": 285,
  "width": 366,
  "verse_pos": 0
 },
 {
  "line": 2,
  "left": 295,
  "end": 378,
  "height": 41,
  "top": 51,
  "ayah": 1,
  "page": 285,
  "width": 83,
  "verse_pos": 0
 },
 {
  "line": 2,
  "left": 12,
  "end": 294,
  "height": 41,
  "top": 51,
  "ayah": 2,
  "page": 285,
  "width": 282,
  "verse_pos": 1
 },
 {
  "line": 3,
  "left": 150,
  "end": 378,
  "height": 40,
  "top": 92,
  "ayah": 2,
  "page": 285,
  "width": 228,
  "verse_pos": 1
 },
 {
  "line": 3,
  "left": 12,
  "end": 149,
  "height": 40,
  "top": 92,
  "ayah": 3,
  "page": 285,
  "width": 137,
  "verse_pos": 2
 },
 {
  "line": 4,
  "left": 77,
  "end": 378,
  "height": 45,
  "top": 132,
  "ayah": 3,
  "page": 285,
  "width": 301,
  "verse_pos": 2
 },
 {
  "line": 4,
  "left": 12,
  "end": 76,
  "height": 45,
  "top": 132,
  "ayah": 4,
  "page": 285,
  "width": 64,
  "verse_pos": 3
 },
 {
  "line": 5,
  "left": 12,
  "end": 378,
  "height": 43,
  "top": 177,
  "ayah": 4,
  "page": 285,
  "width": 366,
  "verse_pos": 3
 },
 {
  "line": 6,
  "left": 262,
  "end": 378,
  "height": 41,
  "top": 220,
  "ayah": 4,
  "page": 285,
  "width": 116,
  "verse_pos": 3
 },
 {
  "line": 6,
  "left": 12,
  "end": 261,
  "height": 41,
  "top": 220,
  "ayah": 5,
  "page": 285,
  "width": 249,
  "verse_pos": 4
 },
 {
  "line": 7,
  "left": 296,
  "end": 378,
  "height": 46,
  "top": 261,
  "ayah": 5,
  "page": 285,
  "width": 82,
  "verse_pos": 4
 },
 {
  "line": 7,
  "left": 12,
  "end": 295,
  "height": 46,
  "top": 261,
  "ayah": 6,
  "page": 285,
  "width": 283,
  "verse_pos": 5
 },
 {
  "line": 8,
  "left": 12,
  "end": 378,
  "height": 44,
  "top": 307,
  "ayah": 6,
  "page": 285,
  "width": 366,
  "verse_pos": 5
 },
 {
  "line": 9,
  "left": 198,
  "end": 378,
  "height": 39,
  "top": 351,
  "ayah": 6,
  "page": 285,
  "width": 180,
  "verse_pos": 5
 },
 {
  "line": 9,
  "left": 12,
  "end": 197,
  "height": 39,
  "top": 351,
  "ayah": 7,
  "page": 285,
  "width": 185,
  "verse_pos": 6
 },
 {
  "line": 10,
  "left": 12,
  "end": 378,
  "height": 48,
  "top": 390,
  "ayah": 7,
  "page": 285,
  "width": 366,
  "verse_pos": 6
 },
 {
  "line": 11,
  "left": 297,
  "end": 378,
  "height": 42,
  "top": 438,
  "ayah": 7,
  "page": 285,
  "width": 81,
  "verse_pos": 6
 },
 {
  "line": 11,
  "left": 12,
  "end": 296,
  "height": 42,
  "top": 438,
  "ayah": 8,
  "page": 285,
  "width": 284,
  "verse_pos": 7
 },
 {
  "line": 12,
  "left": 194,
  "end": 378,
  "height": 39,
  "top": 480,
  "ayah": 8,
  "page": 285,
  "width": 184,
  "verse_pos": 7
 },
 {
  "line": 12,
  "left": 12,
  "end": 193,
  "height": 39,
  "top": 480,
  "ayah": 9,
  "page": 285,
  "width": 181,
  "verse_pos": 8
 },
 {
  "line": 13,
  "left": 12,
  "end": 378,
  "height": 44,
  "top": 519,
  "ayah": 9,
  "page": 285,
  "width": 366,
  "verse_pos": 8
 },
 {
  "line": 14,
  "left": 12,
  "end": 378,
  "height": 43,
  "top": 563,
  "ayah": 10,
  "page": 285,
  "width": 366,
  "verse_pos": 9
 },
 {
  "line": 15,
  "left": 269,
  "end": 378,
  "height": 46,
  "top": 606,
  "ayah": 10,
  "page": 285,
  "width": 109,
  "verse_pos": 9
 },
 {
  "line": 15,
  "left": 12,
  "end": 268,
  "height": 426,
  "top": 606,
  "ayah": 11,
  "page": 285,
  "width": 256,
  "verse_pos": 10
 }
]