[
    {
     "line": 1,
     "left": 187,
     "end": 379,
     "height": 44,
     "top": 7,
     "ayah": 1,
     "page": 535,
     "width": 192,
     "verse_pos": 0
    },
    {
     "line": 1,
     "left": 7,
     "end": 187,
     "height": 44,
     "top": 7,
     "ayah": 2,
     "page": 535,
     "width": 180,
     "verse_pos": 1
    },
    {
     "line": 2,
     "left": 344,
     "end": 379,
     "height": 39,
     "top": 51,
     "ayah": 2,
     "page": 535,
     "width": 35,
     "verse_pos": 1
    },
    {
     "line": 2,
     "left": 152,
     "end": 344,
     "height": 39,
     "top": 51,
     "ayah": 3,
     "page": 535,
     "width": 192,
     "verse_pos": 2
    },
    {
     "line": 2,
     "left": 7,
     "end": 151,
     "height": 39,
     "top": 51,
     "ayah": 4,
     "page": 535,
     "width": 144,
     "verse_pos": 3
    },
    {
     "line": 3,
     "left": 344,
     "end": 379,
     "height": 49,
     "top": 90,
     "ayah": 4,
     "page": 535,
     "width": 35,
     "verse_pos": 3
    },
    {
     "line": 3,
     "left": 188,
     "end": 343,
     "height": 49,
     "top": 90,
     "ayah": 5,
     "page": 535,
     "width": 155,
     "verse_pos": 4
    },
    {
     "line": 3,
     "left": 93,
     "end": 187,
     "height": 49,
     "top": 90,
     "ayah": 6,
     "page": 535,
     "width": 94,
     "verse_pos": 5
    },
    {
     "line": 3,
     "left": 7,
     "end": 93,
     "height": 49,
     "top": 90,
     "ayah": 7,
     "page": 535,
     "width": 86,
     "verse_pos": 6
    },
    {
     "line": 4,
     "left": 294,
     "end": 379,
     "height": 40,
     "top": 139,
     "ayah": 7,
     "page": 535,
     "width": 85,
     "verse_pos": 6
    },
    {
     "line": 4,
     "left": 136,
     "end": 293,
     "height": 40,
     "top": 139,
     "ayah": 8,
     "page": 535,
     "width": 157,
     "verse_pos": 7
    },
    {
     "line": 4,
     "left": 7,
     "end": 135,
     "height": 40,
     "top": 139,
     "ayah": 9,
     "page": 535,
     "width": 128,
     "verse_pos": 8
    },
    {
     "line": 5,
     "left": 311,
     "end": 379,
     "height": 45,
     "top": 179,
     "ayah": 9,
     "page": 535,
     "width": 68,
     "verse_pos": 8
    },
    {
     "line": 5,
     "left": 164,
     "end": 311,
     "height": 45,
     "top": 179,
     "ayah": 10,
     "page": 535,
     "width": 147,
     "verse_pos": 9
    },
    {
     "line": 5,
     "left": 7,
     "end": 163,
     "height": 45,
     "top": 179,
     "ayah": 11,
     "page": 535,
     "width": 156,
     "verse_pos": 10
    },
    {
     "line": 6,
     "left": 304,
     "end": 379,
     "height": 42,
     "top": 224,
     "ayah": 11,
     "page": 535,
     "width": 75,
     "verse_pos": 10
    },
    {
     "line": 6,
     "left": 185,
     "end": 303,
     "height": 42,
     "top": 224,
     "ayah": 12,
     "page": 535,
     "width": 118,
     "verse_pos": 11
    },
    {
     "line": 6,
     "left": 76,
     "end": 184,
     "height": 42,
     "top": 224,
     "ayah": 13,
     "page": 535,
     "width": 108,
     "verse_pos": 12
    },
    {
     "line": 6,
     "left": 7,
     "end": 75,
     "height": 42,
     "top": 224,
     "ayah": 14,
     "page": 535,
     "width": 68,
     "verse_pos": 13
    },
    {
     "line": 7,
     "left": 343,
     "end": 379,
     "height": 43,
     "top": 266,
     "ayah": 14,
     "page": 535,
     "width": 36,
     "verse_pos": 13
    },
    {
     "line": 7,
     "left": 221,
     "end": 342,
     "height": 43,
     "top": 266,
     "ayah": 15,
     "page": 535,
     "width": 121,
     "verse_pos": 14
    },
    {
     "line": 7,
     "left": 104,
     "end": 220,
     "height": 43,
     "top": 266,
     "ayah": 16,
     "page": 535,
     "width": 116,
     "verse_pos": 15
    },
    {
     "line": 7,
     "left": 7,
     "end": 103,
     "height": 43,
     "top": 266,
     "ayah": 17,
     "page": 535,
     "width": 96,
     "verse_pos": 16
    },
    {
     "line": 8,
     "left": 302,
     "end": 379,
     "height": 41,
     "top": 309,
     "ayah": 17,
     "page": 535,
     "width": 77,
     "verse_pos": 16
    },
    {
     "line": 8,
     "left": 192,
     "end": 301,
     "height": 41,
     "top": 309,
     "ayah": 18,
     "page": 535,
     "width": 109,
     "verse_pos": 17
    },
    {
     "line": 8,
     "left": 66,
     "end": 192,
     "height": 41,
     "top": 309,
     "ayah": 19,
     "page": 535,
     "width": 126,
     "verse_pos": 18
    },
    {
     "line": 8,
     "left": 7,
     "end": 65,
     "height": 41,
     "top": 309,
     "ayah": 20,
     "page": 535,
     "width": 58,
     "verse_pos": 19
    },
    {
     "line": 9,
     "left": 307,
     "end": 379,
     "height": 44,
     "top": 350,
     "ayah": 20,
     "page": 535,
     "width": 72,
     "verse_pos": 19
    },
    {
     "line": 9,
     "left": 216,
     "end": 306,
     "height": 44,
     "top": 350,
     "ayah": 21,
     "page": 535,
     "width": 90,
     "verse_pos": 20
    },
    {
     "line": 9,
     "left": 73,
     "end": 215,
     "height": 44,
     "top": 350,
     "ayah": 22,
     "page": 535,
     "width": 142,
     "verse_pos": 21
    },
    {
     "line": 9,
     "left": 7,
     "end": 72,
     "height": 44,
     "top": 350,
     "ayah": 23,
     "page": 535,
     "width": 65,
     "verse_pos": 22
    },
    {
     "line": 10,
     "left": 296,
     "end": 379,
     "height": 44,
     "top": 394,
     "ayah": 23,
     "page": 535,
     "width": 83,
     "verse_pos": 22
    },
    {
     "line": 10,
     "left": 160,
     "end": 295,
     "height": 44,
     "top": 394,
     "ayah": 24,
     "page": 535,
     "width": 135,
     "verse_pos": 23
    },
    {
     "line": 10,
     "left": 7,
     "end": 159,
     "height": 44,
     "top": 394,
     "ayah": 25,
     "page": 535,
     "width": 152,
     "verse_pos": 24
    },
    {
     "line": 11,
     "left": 305,
     "end": 379,
     "height": 44,
     "top": 438,
     "ayah": 25,
     "page": 535,
     "width": 74,
     "verse_pos": 24
    },
    {
     "line": 11,
     "left": 174,
     "end": 304,
     "height": 44,
     "top": 438,
     "ayah": 26,
     "page": 535,
     "width": 130,
     "verse_pos": 25
    },
    {
     "line": 11,
     "left": 54,
     "end": 173,
     "height": 44,
     "top": 438,
     "ayah": 27,
     "page": 535,
     "width": 119,
     "verse_pos": 26
    },
    {
     "line": 11,
     "left": 7,
     "end": 53,
     "height": 44,
     "top": 438,
     "ayah": 28,
     "page": 535,
     "width": 46,
     "verse_pos": 27
    },
    {
     "line": 12,
     "left": 292,
     "end": 379,
     "height": 42,
     "top": 482,
     "ayah": 28,
     "page": 535,
     "width": 87,
     "verse_pos": 27
    },
    {
     "line": 12,
     "left": 83,
     "end": 291,
     "height": 42,
     "top": 482,
     "ayah": 29,
     "page": 535,
     "width": 208,
     "verse_pos": 28
    },
    {
     "line": 12,
     "left": 7,
     "end": 82,
     "height": 42,
     "top": 482,
     "ayah": 30,
     "page": 535,
     "width": 75,
     "verse_pos": 29
    },
    {
     "line": 13,
     "left": 235,
     "end": 379,
     "height": 42,
     "top": 524,
     "ayah": 30,
     "page": 535,
     "width": 144,
     "verse_pos": 29
    },
    {
     "line": 13,
     "left": 7,
     "end": 234,
     "height": 42,
     "top": 524,
     "ayah": 31,
     "page": 535,
     "width": 227,
     "verse_pos": 30
    },
    {
     "line": 14,
     "left": 203,
     "end": 379,
     "height": 44,
     "top": 566,
     "ayah": 31,
     "page": 535,
     "width": 176,
     "verse_pos": 30
    },
    {
     "line": 14,
     "left": 54,
     "end": 202,
     "height": 44,
     "top": 566,
     "ayah": 32,
     "page": 535,
     "width": 148,
     "verse_pos": 31
    },
    {
     "line": 14,
     "left": 7,
     "end": 53,
     "height": 44,
     "top": 566,
     "ayah": 33,
     "page": 535,
     "width": 46,
     "verse_pos": 32
    },
    {
     "line": 15,
     "left": 229,
     "end": 379,
     "height": 42,
     "top": 610,
     "ayah": 33,
     "page": 535,
     "width": 150,
     "verse_pos": 32
    },
    {
     "line": 15,
     "left": 7,
     "end": 228,
     "height": 42,
     "top": 610,
     "ayah": 34,
     "page": 535,
     "width": 221,
     "verse_pos": 33
    }
   ]