[
    {
     "line": 1,
     "left": 17,
     "end": 370,
     "height": 46,
     "top": 7,
     "ayah": 1,
     "page": 58,
     "width": 353,
     "verse_pos": 0
    },
    {
     "line": 2,
     "left": 246,
     "end": 370,
     "height": 43,
     "top": 53,
     "ayah": 1,
     "page": 58,
     "width": 124,
     "verse_pos": 0
    },
    {
     "line": 2,
     "left": 17,
     "end": 245,
     "height": 43,
     "top": 53,
     "ayah": 2,
     "page": 58,
     "width": 228,
     "verse_pos": 1
    },
    {
     "line": 3,
     "left": 17,
     "end": 370,
     "height": 41,
     "top": 96,
     "ayah": 3,
     "page": 58,
     "width": 353,
     "verse_pos": 2
    },
    {
     "line": 4,
     "left": 17,
     "end": 370,
     "height": 43,
     "top": 137,
     "ayah": 3,
     "page": 58,
     "width": 353,
     "verse_pos": 2
    },
    {
     "line": 5,
     "left": 17,
     "end": 370,
     "height": 45,
     "top": 180,
     "ayah": 3,
     "page": 58,
     "width": 353,
     "verse_pos": 2
    },
    {
     "line": 6,
     "left": 247,
     "end": 370,
     "height": 42,
     "top": 225,
     "ayah": 3,
     "page": 58,
     "width": 123,
     "verse_pos": 2
    },
    {
     "line": 6,
     "left": 17,
     "end": 246,
     "height": 42,
     "top": 225,
     "ayah": 4,
     "page": 58,
     "width": 229,
     "verse_pos": 3
    },
    {
     "line": 7,
     "left": 17,
     "end": 370,
     "height": 43,
     "top": 267,
     "ayah": 4,
     "page": 58,
     "width": 353,
     "verse_pos": 3
    },
    {
     "line": 8,
     "left": 262,
     "end": 370,
     "height": 44,
     "top": 310,
     "ayah": 4,
     "page": 58,
     "width": 108,
     "verse_pos": 3
    },
    {
     "line": 8,
     "left": 17,
     "end": 261,
     "height": 44,
     "top": 310,
     "ayah": 5,
     "page": 58,
     "width": 244,
     "verse_pos": 4
    },
    {
     "line": 9,
     "left": 17,
     "end": 370,
     "height": 42,
     "top": 354,
     "ayah": 5,
     "page": 58,
     "width": 353,
     "verse_pos": 4
    },
    {
     "line": 10,
     "left": 276,
     "end": 370,
     "height": 45,
     "top": 396,
     "ayah": 5,
     "page": 58,
     "width": 94,
     "verse_pos": 4
    },
    {
     "line": 10,
     "left": 17,
     "end": 275,
     "height": 45,
     "top": 396,
     "ayah": 6,
     "page": 58,
     "width": 258,
     "verse_pos": 5
    },
    {
     "line": 11,
     "left": 118,
     "end": 370,
     "height": 37,
     "top": 441,
     "ayah": 6,
     "page": 58,
     "width": 252,
     "verse_pos": 5
    },
    {
     "line": 11,
     "left": 17,
     "end": 117,
     "height": 37,
     "top": 441,
     "ayah": 7,
     "page": 58,
     "width": 100,
     "verse_pos": 6
    },
    {
     "line": 12,
     "left": 17,
     "end": 370,
     "height": 47,
     "top": 478,
     "ayah": 7,
     "page": 58,
     "width": 353,
     "verse_pos": 6
    },
    {
     "line": 13,
     "left": 277,
     "end": 370,
     "height": 42,
     "top": 525,
     "ayah": 7,
     "page": 58,
     "width": 93,
     "verse_pos": 6
    },
    {
     "line": 13,
     "left": 17,
     "end": 276,
     "height": 43,
     "top": 525,
     "ayah": 8,
     "page": 58,
     "width": 259,
     "verse_pos": 7
    },
    {
     "line": 14,
     "left": 68,
     "end": 370,
     "height": 42,
     "top": 568,
     "ayah": 8,
     "page": 58,
     "width": 302,
     "verse_pos": 7
    },
    {
     "line": 14,
     "left": 17,
     "end": 67,
     "height": 42,
     "top": 568,
     "ayah": 9,
     "page": 58,
     "width": 50,
     "verse_pos": 8
    },
    {
     "line": 15,
     "left": 17,
     "end": 370,
     "height": 48,
     "top": 610,
     "ayah": 9,
     "page": 58,
     "width": 353,
     "verse_pos": 8
    }
   ]