[
 {
  "line": 1,
  "left": 19,
  "end": 369,
  "height": 39,
  "top": 9,
  "ayah": 1,
  "page": 147,
  "width": 350,
  "verse_pos": 0
 },
 {
  "line": 2,
  "left": 19,
  "end": 369,
  "height": 42,
  "top": 48,
  "ayah": 1,
  "page": 147,
  "width": 350,
  "verse_pos": 0
 },
 {
  "line": 3,
  "left": 19,
  "end": 369,
  "height": 45,
  "top": 90,
  "ayah": 1,
  "page": 147,
  "width": 350,
  "verse_pos": 0
 },
 {
  "line": 4,
  "left": 19,
  "end": 369,
  "height": 42,
  "top": 135,
  "ayah": 2,
  "page": 147,
  "width": 350,
  "verse_pos": 1
 },
 {
  "line": 5,
  "left": 19,
  "end": 369,
  "height": 44,
  "top": 177,
  "ayah": 2,
  "page": 147,
  "width": 350,
  "verse_pos": 1
 },
 {
  "line": 6,
  "left": 19,
  "end": 369,
  "height": 44,
  "top": 221,
  "ayah": 2,
  "page": 147,
  "width": 350,
  "verse_pos": 1
 },
 {
  "line": 7,
  "left": 19,
  "end": 369,
  "height": 42,
  "top": 265,
  "ayah": 2,
  "page": 147,
  "width": 350,
  "verse_pos": 1
 },
 {
  "line": 8,
  "left": 87,
  "end": 369,
  "height": 44,
  "top": 307,
  "ayah": 2,
  "page": 147,
  "width": 282,
  "verse_pos": 1
 },
 {
  "line": 8,
  "left": 19,
  "end": 86,
  "height": 44,
  "top": 307,
  "ayah": 3,
  "page": 147,
  "width": 67,
  "verse_pos": 2
 },
 {
  "line": 9,
  "left": 19,
  "end": 369,
  "height": 44,
  "top": 351,
  "ayah": 3,
  "page": 147,
  "width": 350,
  "verse_pos": 2
 },
 {
  "line": 10,
  "left": 19,
  "end": 369,
  "height": 45,
  "top": 395,
  "ayah": 3,
  "page": 147,
  "width": 350,
  "verse_pos": 2
 },
 {
  "line": 11,
  "left": 19,
  "end": 369,
  "height": 40,
  "top": 440,
  "ayah": 3,
  "page": 147,
  "width": 350,
  "verse_pos": 2
 },
 {
  "line": 12,
  "left": 213,
  "end": 369,
  "height": 42,
  "top": 480,
  "ayah": 3,
  "page": 147,
  "width": 156,
  "verse_pos": 2
 },
 {
  "line": 12,
  "left": 19,
  "end": 212,
  "height": 42,
  "top": 480,
  "ayah": 4,
  "page": 147,
  "width": 193,
  "verse_pos": 3
 },
 {
  "line": 13,
  "left": 19,
  "end": 369,
  "height": 44,
  "top": 522,
  "ayah": 4,
  "page": 147,
  "width": 350,
  "verse_pos": 3
 },
 {
  "line": 14,
  "left": 19,
  "end": 369,
  "height": 43,
  "top": 566,
  "ayah": 4,
  "page": 147,
  "width": 350,
  "verse_pos": 3
 },
 {
  "line": 15,
  "left": 19,
  "end": 369,
  "height": 44,
  "top": 609,
  "ayah": 4,
  "page": 147,
  "width": 350,
  "verse_pos": 3
 }
]