[
 {
  "line": 1,
  "left": 18,
  "end": 373,
  "height": 41,
  "top": 7,
  "ayah": 1,
  "page": 168,
  "width": 355,
  "verse_pos": 0
 },
 {
  "line": 2,
  "left": 95,
  "end": 373,
  "height": 42,
  "top": 48,
  "ayah": 1,
  "page": 168,
  "width": 278,
  "verse_pos": 0
 },
 {
  "line": 2,
  "left": 18,
  "end": 94,
  "height": 42,
  "top": 48,
  "ayah": 2,
  "page": 168,
  "width": 76,
  "verse_pos": 1
 },
 {
  "line": 3,
  "left": 18,
  "end": 373,
  "height": 41,
  "top": 90,
  "ayah": 2,
  "page": 168,
  "width": 355,
  "verse_pos": 1
 },
 {
  "line": 4,
  "left": 18,
  "end": 373,
  "height": 45,
  "top": 131,
  "ayah": 2,
  "page": 168,
  "width": 355,
  "verse_pos": 1
 },
 {
  "line": 5,
  "left": 246,
  "end": 373,
  "height": 44,
  "top": 176,
  "ayah": 2,
  "page": 168,
  "width": 127,
  "verse_pos": 1
 },
 {
  "line": 5,
  "left": 18,
  "end": 245,
  "height": 44,
  "top": 176,
  "ayah": 3,
  "page": 168,
  "width": 227,
  "verse_pos": 2
 },
 {
  "line": 6,
  "left": 18,
  "end": 373,
  "height": 43,
  "top": 220,
  "ayah": 3,
  "page": 168,
  "width": 355,
  "verse_pos": 2
 },
 {
  "line": 7,
  "left": 18,
  "end": 373,
  "height": 40,
  "top": 263,
  "ayah": 3,
  "page": 168,
  "width": 355,
  "verse_pos": 2
 },
 {
  "line": 8,
  "left": 18,
  "end": 373,
  "height": 45,
  "top": 303,
  "ayah": 3,
  "page": 168,
  "width": 355,
  "verse_pos": 2
 },
 {
  "line": 9,
  "left": 216,
  "end": 373,
  "height": 42,
  "top": 348,
  "ayah": 3,
  "page": 168,
  "width": 157,
  "verse_pos": 2
 },
 {
  "line": 9,
  "left": 18,
  "end": 215,
  "height": 42,
  "top": 348,
  "ayah": 4,
  "page": 168,
  "width": 197,
  "verse_pos": 3
 },
 {
  "line": 10,
  "left": 18,
  "end": 373,
  "height": 44,
  "top": 390,
  "ayah": 4,
  "page": 168,
  "width": 355,
  "verse_pos": 3
 },
 {
  "line": 11,
  "left": 262,
  "end": 373,
  "height": 38,
  "top": 434,
  "ayah": 4,
  "page": 168,
  "width": 111,
  "verse_pos": 3
 },
 {
  "line": 11,
  "left": 18,
  "end": 261,
  "height": 38,
  "top": 434,
  "ayah": 5,
  "page": 168,
  "width": 243,
  "verse_pos": 4
 },
 {
  "line": 12,
  "left": 18,
  "end": 373,
  "height": 47,
  "top": 472,
  "ayah": 5,
  "page": 168,
  "width": 355,
  "verse_pos": 4
 },
 {
  "line": 13,
  "left": 84,
  "end": 373,
  "height": 43,
  "top": 519,
  "ayah": 5,
  "page": 168,
  "width": 289,
  "verse_pos": 4
 },
 {
  "line": 13,
  "left": 18,
  "end": 83,
  "height": 43,
  "top": 519,
  "ayah": 6,
  "page": 168,
  "width": 65,
  "verse_pos": 5
 },
 {
  "line": 14,
  "left": 18,
  "end": 373,
  "height": 47,
  "top": 562,
  "ayah": 6,
  "page": 168,
  "width": 355,
  "verse_pos": 5
 },
 {
  "line": 15,
  "left": 18,
  "end": 373,
  "height": 44,
  "top": 609,
  "ayah": 6,
  "page": 168,
  "width": 355,
  "verse_pos": 5
 }
]