[
    {
     "line": 1,
     "left": 18,
     "end": 367,
     "height": 38,
     "top": 8,
     "ayah": 1,
     "page": 67,
     "width": 349,
     "verse_pos": 0
    },
    {
     "line": 2,
     "left": 107,
     "end": 367,
     "height": 44,
     "top": 46,
     "ayah": 1,
     "page": 67,
     "width": 260,
     "verse_pos": 0
    },
    {
     "line": 2,
     "left": 18,
     "end": 106,
     "height": 44,
     "top": 46,
     "ayah": 2,
     "page": 67,
     "width": 88,
     "verse_pos": 1
    },
    {
     "line": 3,
     "left": 18,
     "end": 367,
     "height": 42,
     "top": 90,
     "ayah": 2,
     "page": 67,
     "width": 349,
     "verse_pos": 1
    },
    {
     "line": 4,
     "left": 101,
     "end": 367,
     "height": 43,
     "top": 132,
     "ayah": 2,
     "page": 67,
     "width": 266,
     "verse_pos": 1
    },
    {
     "line": 4,
     "left": 18,
     "end": 100,
     "height": 43,
     "top": 132,
     "ayah": 3,
     "page": 67,
     "width": 82,
     "verse_pos": 2
    },
    {
     "line": 5,
     "left": 18,
     "end": 367,
     "height": 41,
     "top": 175,
     "ayah": 3,
     "page": 67,
     "width": 349,
     "verse_pos": 2
    },
    {
     "line": 6,
     "left": 18,
     "end": 367,
     "height": 45,
     "top": 216,
     "ayah": 3,
     "page": 67,
     "width": 349,
     "verse_pos": 2
    },
    {
     "line": 7,
     "left": 164,
     "end": 367,
     "height": 42,
     "top": 261,
     "ayah": 3,
     "page": 67,
     "width": 203,
     "verse_pos": 2
    },
    {
     "line": 7,
     "left": 18,
     "end": 163,
     "height": 42,
     "top": 261,
     "ayah": 4,
     "page": 67,
     "width": 145,
     "verse_pos": 3
    },
    {
     "line": 8,
     "left": 18,
     "end": 367,
     "height": 43,
     "top": 303,
     "ayah": 4,
     "page": 67,
     "width": 349,
     "verse_pos": 3
    },
    {
     "line": 9,
     "left": 176,
     "end": 367,
     "height": 46,
     "top": 346,
     "ayah": 4,
     "page": 67,
     "width": 191,
     "verse_pos": 3
    },
    {
     "line": 9,
     "left": 18,
     "end": 175,
     "height": 46,
     "top": 346,
     "ayah": 5,
     "page": 67,
     "width": 157,
     "verse_pos": 4
    },
    {
     "line": 10,
     "left": 18,
     "end": 367,
     "height": 41,
     "top": 392,
     "ayah": 5,
     "page": 67,
     "width": 349,
     "verse_pos": 4
    },
    {
     "line": 11,
     "left": 333,
     "end": 367,
     "height": 41,
     "top": 433,
     "ayah": 5,
     "page": 67,
     "width": 34,
     "verse_pos": 4
    },
    {
     "line": 11,
     "left": 18,
     "end": 332,
     "height": 41,
     "top": 433,
     "ayah": 6,
     "page": 67,
     "width": 314,
     "verse_pos": 5
    },
    {
     "line": 12,
     "left": 18,
     "end": 367,
     "height": 43,
     "top": 474,
     "ayah": 7,
     "page": 67,
     "width": 349,
     "verse_pos": 6
    },
    {
     "line": 13,
     "left": 334,
     "end": 367,
     "height": 42,
     "top": 517,
     "ayah": 7,
     "page": 67,
     "width": 33,
     "verse_pos": 6
    },
    {
     "line": 13,
     "left": 18,
     "end": 333,
     "height": 48,
     "top": 517,
     "ayah": 8,
     "page": 67,
     "width": 315,
     "verse_pos": 7
    },
    {
     "line": 14,
     "left": 18,
     "end": 367,
     "height": 35,
     "top": 565,
     "ayah": 8,
     "page": 67,
     "width": 349,
     "verse_pos": 7
    },
    {
     "line": 15,
     "left": 18,
     "end": 367,
     "height": 50,
     "top": 600,
     "ayah": 8,
     "page": 67,
     "width": 349,
     "verse_pos": 7
    }
   ]