[
 {
  "line": 1,
  "left": 15,
  "end": 374,
  "height": 42,
  "top": 6,
  "ayah": 1,
  "page": 245,
  "width": 359,
  "verse_pos": 0
 },
 {
  "line": 2,
  "left": 240,
  "end": 374,
  "height": 42,
  "top": 48,
  "ayah": 1,
  "page": 245,
  "width": 134,
  "verse_pos": 0
 },
 {
  "line": 2,
  "left": 15,
  "end": 239,
  "height": 42,
  "top": 48,
  "ayah": 2,
  "page": 245,
  "width": 224,
  "verse_pos": 1
 },
 {
  "line": 3,
  "left": 15,
  "end": 374,
  "height": 45,
  "top": 90,
  "ayah": 2,
  "page": 245,
  "width": 359,
  "verse_pos": 1
 },
 {
  "line": 4,
  "left": 15,
  "end": 374,
  "height": 41,
  "top": 135,
  "ayah": 2,
  "page": 245,
  "width": 359,
  "verse_pos": 1
 },
 {
  "line": 5,
  "left": 15,
  "end": 374,
  "height": 43,
  "top": 176,
  "ayah": 2,
  "page": 245,
  "width": 359,
  "verse_pos": 1
 },
 {
  "line": 6,
  "left": 335,
  "end": 374,
  "height": 44,
  "top": 219,
  "ayah": 2,
  "page": 245,
  "width": 39,
  "verse_pos": 1
 },
 {
  "line": 6,
  "left": 15,
  "end": 334,
  "height": 44,
  "top": 219,
  "ayah": 3,
  "page": 245,
  "width": 319,
  "verse_pos": 2
 },
 {
  "line": 7,
  "left": 15,
  "end": 374,
  "height": 43,
  "top": 263,
  "ayah": 3,
  "page": 245,
  "width": 359,
  "verse_pos": 2
 },
 {
  "line": 8,
  "left": 336,
  "end": 374,
  "height": 40,
  "top": 306,
  "ayah": 3,
  "page": 245,
  "width": 38,
  "verse_pos": 2
 },
 {
  "line": 8,
  "left": 15,
  "end": 335,
  "height": 40,
  "top": 306,
  "ayah": 4,
  "page": 245,
  "width": 320,
  "verse_pos": 3
 },
 {
  "line": 9,
  "left": 218,
  "end": 374,
  "height": 43,
  "top": 346,
  "ayah": 4,
  "page": 245,
  "width": 156,
  "verse_pos": 3
 },
 {
  "line": 9,
  "left": 15,
  "end": 217,
  "height": 43,
  "top": 346,
  "ayah": 5,
  "page": 245,
  "width": 202,
  "verse_pos": 4
 },
 {
  "line": 10,
  "left": 15,
  "end": 374,
  "height": 46,
  "top": 389,
  "ayah": 5,
  "page": 245,
  "width": 359,
  "verse_pos": 4
 },
 {
  "line": 11,
  "left": 198,
  "end": 374,
  "height": 43,
  "top": 435,
  "ayah": 5,
  "page": 245,
  "width": 176,
  "verse_pos": 4
 },
 {
  "line": 11,
  "left": 15,
  "end": 197,
  "height": 43,
  "top": 435,
  "ayah": 6,
  "page": 245,
  "width": 182,
  "verse_pos": 5
 },
 {
  "line": 12,
  "left": 15,
  "end": 374,
  "height": 43,
  "top": 478,
  "ayah": 6,
  "page": 245,
  "width": 359,
  "verse_pos": 5
 },
 {
  "line": 13,
  "left": 15,
  "end": 374,
  "height": 44,
  "top": 521,
  "ayah": 7,
  "page": 245,
  "width": 359,
  "verse_pos": 6
 },
 {
  "line": 14,
  "left": 148,
  "end": 374,
  "height": 43,
  "top": 565,
  "ayah": 7,
  "page": 245,
  "width": 226,
  "verse_pos": 6
 },
 {
  "line": 14,
  "left": 15,
  "end": 147,
  "height": 43,
  "top": 565,
  "ayah": 8,
  "page": 245,
  "width": 132,
  "verse_pos": 7
 },
 {
  "line": 15,
  "left": 15,
  "end": 374,
  "height": 46,
  "top": 608,
  "ayah": 8,
  "page": 245,
  "width": 359,
  "verse_pos": 7
 }
]